LocationId,DateCreated,PointID,SiteNames,SiteID,AlternateSiteID,AlternateSiteID2,SiteDate,DataReliability,Confidential,SiteType,WL_Continuous,WL_Intermittent,WaterQuality,WaterFlow,Hydraulic,Subsurface,WellorSpgNoData,SubsurfaceType,Easting,Northing,UTMDatum,CoordinateNotes,Altitude,AltitudeAccuracy,AltitudeMethod,AltDatum,Latitude,Longitude,LatLonDatum,CoordinateAccuracy,CoordinateMethod,Township,TownshipDirection,Range,RangeDirection,SectionQuarters,SPX,SPY,QuadName,County,State,LocationNotes,WLReportDeliver,ChemistryReportDeliver,WLReportNote,ChemistryReportNote,X_NAD83_Zone12,Y_NAD83_Zone12,projectname,USGSProjectID,ObjectID,LatitudeDD,LongitudeDD,SSMA_TimeStamp,PublicRelease,Geometry,UTMZone
CF572B03-E934-42CD-ABE2-00031536DC10,2014-10-17 00:00:00.000,NM-01998,SiteNames_e388f2d1,SiteID_01beb5aa,AlternateSiteID_5ce57898,AlternateSiteID2_2788856f,,U,0,GW,0,1,0,0.0,0.0,0.0,0.0,,688969.0,3545798.0,NAD83,CoordinateNotes_a4162d41,3035.0,,U,NGVD29,320449.9535855856,1030615.1405418592,NAD27,T,M,25.0,S,38.0,E,31.31242,,,Jal SE,LEA,NM,LocationNotes_63453ba9,,,WLReportNote_8f130157,ChemistryReportNote_0187137c,10030.0,-5152.0,,463527100,5639,32.03426432558559,-102.96352074094968,0x000000002C39FCFD,0,,13
C1AFC662-7F17-42AD-9A9D-0003F9FD14DA,2019-10-08 00:00:00.000,SB-0561,SiteNames_14e2ee6c,SiteID_38a98847,AlternateSiteID_63d32a54,AlternateSiteID2_2788856f,,U,0,GW,0,0,1,0.0,0.0,0.0,0.0,,472305.0,3432465.0,NAD83,CoordinateNotes_4add0549,4445.0,,R,,,,NAD27,,R,,,,,,,,,Hudspeth,TX,LocationNotes_63453ba9,,,WLReportNote_8f130157,ChemistryReportNote_0187137c,3410.0,-15746.0,,,38915,31.02564414414414,-105.29566827927928,0x000000002C39FCFE,0,,13
BD5A7895-C575-456E-8C35-000461397ACA,2015-01-27 00:00:00.000,NM-26509,,SiteID_f23bac3d,AlternateSiteID_5ce57898,AlternateSiteID2_2788856f,,U,0,GW,0,1,0,0.0,0.0,0.0,0.0,,440622.0,4057784.0,NAD83,CoordinateNotes_4bb83175,8735.38,0.01,L,NGVD29,,,NAD83,H,G,,,,,,,,Red River,Taos,NM,LocationNotes_63453ba9,,,WLReportNote_8f130157,ChemistryReportNote_0187137c,-19732.0,-5306.0,,,17506,36.6648426381982,-105.62167965576576,0x000000002C39FCFF,0,,13
721C68E0-22E0-4301-92F7-00063A314AAF,2015-01-27 00:00:00.000,NM-12166,SiteNames_df5e2843,SiteID_49e32dce,AlternateSiteID_5ce57898,AlternateSiteID2_2788856f,,U,0,GW,0,1,0,0.0,0.0,0.0,0.0,,636327.0,3677190.0,NAD83,CoordinateNotes_39bb400f,4148.4,2.5,M,NGVD29,,,NAD83,S,M,,,,,,,,Frier Ranch,Lea,NM,LocationNotes_63453ba9,,,WLReportNote_8f130157,ChemistryReportNote_0187137c,-2062.0,6090.0,,463527100,19382,33.22470271486487,-103.53436146657658,0x000000002C39FD01,0,,13
5A355530-1353-4700-A6B2-000905087D1C,2015-01-27 00:00:00.000,NM-23019,SiteNames_93d6f770,SiteID_04654343,AlternateSiteID_5ce57898,AlternateSiteID2_2788856f,,U,0,GW,0,1,0,0.0,0.0,0.0,0.0,,350537.0,3913810.0,NAD83,CoordinateNotes_164957d7,5061.98,0.1,L,NGVD29,,,NAD83,F,M,,,,,,,,Alameda,Bernalillo,NM,LocationNotes_63453ba9,,,WLReportNote_8f130157,ChemistryReportNote_0187137c,-3400.0,19160.0,,463526500,27352,35.35682284261261,-106.63482274063064,0x000000002C39FD02,0,,13
0EE6DEE7-0667-45A2-BAB1-000AA3C3A2BC,2014-10-17 00:00:00.000,NM-02102,SiteNames_0fee035c,SiteID_5e2d9119,AlternateSiteID_5ce57898,AlternateSiteID2_2788856f,,U,0,GW,0,1,0,0.0,0.0,0.0,0.0,,295839.0,3573004.0,NAD83,CoordinateNotes_329c0b1e,4432.0,5.0,M,NGVD29,320950.1126486487,1070429.077965926,NAD27,S,G,25.0,S,2.0,W,5.133,,,Aden Hills,DONA ANA,NM,LocationNotes_63453ba9,,,WLReportNote_8f130157,ChemistryReportNote_0187137c,-8522.0,12504.0,,463526701,454,32.27663212864864,-106.99676793394502,0x000000002C39FD03,0,,13
B37C8613-6981-471D-A75F-000B3054EABB,2015-01-27 00:00:00.000,NM-11375,,SiteID_f752798a,AlternateSiteID_5ce57898,AlternateSiteID2_2788856f,,U,0,GW,0,1,0,0.0,0.0,0.0,0.0,,277643.0,3667004.0,NAD83,CoordinateNotes_e7844f4d,4380.0,10.0,M,NGVD29,,,NAD83,S,M,,,,,,,,Williamsburg,Sierra,NM,LocationNotes_63453ba9,,,WLReportNote_8f130157,ChemistryReportNote_0187137c,-6570.0,7264.0,,,29098,33.12023470144143,-107.3703273391892,0x000000002C39FD04,0,,13
E97AB239-FBB4-4AE3-9954-000C230B08C2,2015-01-27 00:00:00.000,NM-19002,,SiteID_0fe0a875,AlternateSiteID_5ce57898,AlternateSiteID2_2788856f,,U,0,GW,0,1,0,0.0,0.0,0.0,0.0,,472973.0,3807562.0,NAD83,CoordinateNotes_1e7e5b61,5765.0,,U,NGVD29,,,NAD83,U,M,,,,,,,,Gacho Hill NW,Guadalupe,NM,LocationNotes_63453ba9,,,WLReportNote_8f130157,ChemistryReportNote_0187137c,-5830.0,-7508.0,,,21079,34.40937629036036,-105.2833565125225,0x000000002C39FD05,0,,13
C3752059-3F21-4A2A-8902-000D1AD9FD8D,2015-01-27 00:00:00.000,NM-21420,,SiteID_adcbcd0c,AlternateSiteID_5ce57898,AlternateSiteID2_2788856f,,U,0,GW,0,1,0,0.0,0.0,0.0,0.0,,332438.0,3888374.0,NAD83,CoordinateNotes_98307b0f,4914.0,10.0,M,NGVD29,,,NAD83,S,M,,,,,,,,Isleta,Bernalillo,NM,LocationNotes_63453ba9,,,WLReportNote_8f130157,ChemistryReportNote_0187137c,-13994.0,15664.0,,,13952,35.12644432711712,-106.80859744207208,0x000000002C39FD06,0,,13
C48F7F62-1236-4D2C-95F2-000E3A496C9A,2015-01-27 00:00:00.000,NM-20093,SiteNames_edfa3083,SiteID_3ba9f1a2,AlternateSiteID_5ce57898,AlternateSiteID2_2788856f,,U,0,GW,0,1,0,0.0,0.0,0.0,0.0,,682263.0,3825354.0,NAD83,CoordinateNotes_6ec32b50,4403.0,2.5,M,NGVD29,,,NAD83,S,M,,,,,,,,Pleasant Hill NE,Curry,NM,LocationNotes_63453ba9,,,WLReportNote_8f130157,ChemistryReportNote_0187137c,5760.0,-14266.0,,407,25239,34.554879387477484,-103.0213880081081,0x000000002C39FD07,0,,13
748BF4E1-CF2F-4670-ACEB-000F6D61979A,2015-01-27 00:00:00.000,NM-26703,SiteNames_3dad3cc9,SiteID_52d91afc,AlternateSiteID_5ce57898,AlternateSiteID2_2788856f,,U,0,GW,0,1,0,0.0,0.0,0.0,0.0,,438033.0,4062070.0,NAD83,CoordinateNotes_751e283e,7496.0,20.0,M,NGVD29,,,NAD83,S,M,,,,,,,,Cerro,Taos,NM,LocationNotes_63453ba9,,,WLReportNote_8f130157,ChemistryReportNote_0187137c,-6526.0,-17300.0,,,27273,36.70277797414414,-105.6807457327928,0x000000002C39FD08,0,,13
BE40F14A-4F77-4D19-940C-000FF6A7370B,2015-01-27 00:00:00.000,NM-21370,,SiteID_d1408654,AlternateSiteID_5ce57898,AlternateSiteID2_2788856f,,U,0,GW,0,1,0,0.0,0.0,0.0,0.0,,374190.0,3860184.0,NAD83,CoordinateNotes_6abeaeca,5826.03,1.0,U,NGVD29,,,NAD83,S,U,,,,,,,,Mount Washington,Bernalillo,NM,LocationNotes_63453ba9,,,WLReportNote_8f130157,ChemistryReportNote_0187137c,10702.0,-11666.0,,463524000,27995,34.87495130090091,-106.39916282558558,0x000000002C39FD09,0,,13
6631D7EB-C04E-44C2-8170-001140943350,2015-01-27 00:00:00.000,NM-21925,SiteNames_4e0c84c3,SiteID_84fb3b18,AlternateSiteID_5ce57898,AlternateSiteID2_2788856f,,U,0,GW,0,1,0,0.0,0.0,0.0,0.0,,371657.0,3894194.0,NAD83,CoordinateNotes_777f2b72,6060.0,20.0,M,NGVD29,,,NAD83,S,M,,,,,,,,Tijeras,Bernalillo,NM,LocationNotes_63453ba9,,,WLReportNote_8f130157,ChemistryReportNote_0187137c,4778.0,12404.0,,,7862,35.18179519774774,-106.41697786495496,0x000000002C39FD0A,0,,13
A652D082-841B-4BEC-B172-00161628FA9A,2015-01-27 00:00:00.000,NM-21398,SiteNames_80a5eb2b,SiteID_eccaef80,AlternateSiteID_5ce57898,AlternateSiteID2_2788856f,,U,0,GW,0,1,0,0.0,0.0,0.0,0.0,,387437.0,3866050.0,NAD83,CoordinateNotes_5c46c0d2,7415.0,10.0,M,NGVD29,,,NAD83,S,M,,,,,,,,Escabosa,Bernalillo,NM,LocationNotes_63453ba9,,,WLReportNote_8f130157,ChemistryReportNote_0187137c,5636.0,-6010.0,,463524800,16181,34.93007143585585,-106.24425085522525,0x000000002C39FD0B,0,,13
9603C4ED-A73E-4764-B9A0-0016B9356830,2015-01-27 00:00:00.000,NM-25955,SiteNames_715c360a,SiteID_5b728cb4,AlternateSiteID_5ce57898,AlternateSiteID2_2788856f,,U,0,GW,0,1,0,0.0,0.0,0.0,0.0,,402986.0,4017666.0,NAD83,CoordinateNotes_1d6fef4b,6105.0,10.0,M,NGVD29,,,NAD83,S,M,,,,,,,,Trampas,Rio Arriba,NM,LocationNotes_63453ba9,,,WLReportNote_8f130157,ChemistryReportNote_0187137c,-19944.0,11596.0,,,22708,36.30088085846847,-106.03691615567568,0x000000002C39FD0C,0,,13
7B4E5458-438E-E847-97EB-001727670A43,2017-08-11 10:31:01.000,WL-0053,SiteNames_856ff6c7,SiteID_38a98847,AlternateSiteID_12754f42,AlternateSiteID2_2788856f,2017-08-01 00:00:00.000,C,0,GW,0,1,0,0.0,0.0,0.0,0.0,,457606.0,3957875.0,NAD83,CoordinateNotes_5a57b500,7438.61,3.3,N,NAVD88,,,NAD27,,G,,,,,,,,Rociada,San Miguel,NM,LocationNotes_c4f67c1b,,,WLReportNote_8f130157,ChemistryReportNote_0187137c,-6096.0,-6908.0,,,37624,,,0x000000002C39FD0D,1,,13
43ED5BB0-082D-4CEB-9CF8-00180297CDCC,2014-10-17 00:00:00.000,NM-02823,SiteNames_6baa54ee,SiteID_32daee52,AlternateSiteID_5ce57898,AlternateSiteID2_2788856f,,U,0,GW,0,1,0,0.0,0.0,0.0,0.0,,444300.0,3694576.0,NAD83,CoordinateNotes_82409343,7389.0,4.3,N,NAVD88,332412.985009009,1054007.9143157296,NAD27,5,G,10.0,S,13.0,E,34.122,,,Angus,LINCOLN,NM,LocationNotes_63453ba9,,,WLReportNote_8f130157,ChemistryReportNote_0187137c,6486.0,-1664.0,,,1909,33.388675679009005,-105.75443427048604,0x000000002C39FD0E,0,,13
8DE66F7C-C9A4-43B3-A4C5-00181FADEA66,2008-02-26 00:00:00.000,SM-4048,SiteNames_c8a5e854,SiteID_38a98847,AlternateSiteID_5ce57898,AlternateSiteID2_2788856f,2007-11-14 00:00:00.000,C,0,PS,0,0,0,1.0,0.0,0.0,0.0,,422642.0,3637983.0,NAD83,CoordinateNotes_5a57b500,8430.36,3.3,N,NAVD88,324819.7432162162,1054344.7310826213,NAD27,,G,17.0,S,12.0,E,21.333,,,Bluff Springs,OTERO,NM,LocationNotes_bf1eaa71,,,WLReportNote_8f130157,ChemistryReportNote_0187137c,-9062.0,8016.0,Sacramento Mtns,,3892,,,0x000000002C39FD0F,1,,13
56781B6E-4467-B94A-B9A0-00194341F086,2018-01-30 00:00:00.000,PC-141,SiteNames_8119281f,SiteID_38a98847,AlternateSiteID_d8db2fa9,AlternateSiteID2_2788856f,,C,0,SP,0,0,0,0.0,0.0,0.0,0.0,,368948.0,3897134.0,NAD83,CoordinateNotes_ce92fe4b,5808.0,10.0,R,NAVD88,,,NAD27,,R,,,,,,,,Placitas,Sandoval,NM,LocationNotes_63453ba9,,,WLReportNote_8f130157,ChemistryReportNote_0187137c,-4744.0,-15668.0,,,37963,,,0x000000002C39FD10,1,,13
EAF443B2-A3B2-4122-B318-001D0ECD3CA7,2015-01-27 00:00:00.000,NM-15003,SiteNames_2738c6d8,SiteID_cbd7ca52,AlternateSiteID_5ce57898,AlternateSiteID2_2788856f,,U,0,GW,0,1,0,0.0,0.0,0.0,0.0,,674154.0,3744896.0,NAD83,CoordinateNotes_7610cace,4082.0,2.5,M,NGVD29,,,NAD83,R,M,,,,,,,,Bluit,Roosevelt,NM,LocationNotes_63453ba9,,,WLReportNote_8f130157,ChemistryReportNote_0187137c,5784.0,16056.0,,463527100,26675,33.83085685864865,-103.13145062189189,0x000000002C39FD11,0,,13
1FE7F638-1F61-4987-8EF9-001E81A4581F,2015-01-27 00:00:00.000,NM-18028,SiteNames_21ba4871,SiteID_441b739b,AlternateSiteID_5ce57898,AlternateSiteID2_2788856f,,U,0,GW,0,1,0,0.0,0.0,0.0,0.0,,629816.0,3789828.0,NAD83,CoordinateNotes_5c22bc52,4193.0,5.0,M,NGVD29,,,NAD83,S,M,,,,,,,,Tule Lake,Curry,NM,LocationNotes_63453ba9,,,WLReportNote_8f130157,ChemistryReportNote_0187137c,10558.0,-9932.0,,407,28397,34.242820642522524,-103.60845559288288,0x000000002C39FD12,0,,13
224AD575-C404-43AF-93B6-002282E5DCA9,2014-10-17 00:00:00.000,NM-03128,SiteNames_4ccf32fa,SiteID_85079363,AlternateSiteID_5ce57898,AlternateSiteID2_2788856f,,U,0,GW,0,1,0,0.0,0.0,0.0,0.0,,645028.0,3816266.0,NAD83,CoordinateNotes_f1457722,4447.0,5.0,M,NGVD29,342644.03302702704,1032944.2536767338,NAD27,S,M,3.0,N,33.0,E,33.13111,,,Saint Vrain,CURRY,NM,LocationNotes_63453ba9,,,WLReportNote_8f130157,ChemistryReportNote_0187137c,6816.0,3666.0,,14,148,34.478658837027034,-103.24183595617242,0x000000002C39FD13,0,,13
4C9EBDEC-FE0A-43A2-8529-0022A5A096D8,2015-01-27 00:00:00.000,NM-24098,SiteNames_40a160c7,SiteID_12b9be01,AlternateSiteID_5ce57898,AlternateSiteID2_2788856f,,U,0,GW,0,1,0,0.0,0.0,0.0,0.0,,448282.0,3919064.0,NAD83,CoordinateNotes_161bfa83,6890.0,10.0,M,NGVD29,,,NAD83,F,M,,,,,,,,Rowe,San Miguel,NM,LocationNotes_63453ba9,,,WLReportNote_8f130157,ChemistryReportNote_0187137c,9838.0,-8416.0,,463510500,17792,35.413107710180185,-105.58999623936936,0x000000002C39FD14,0,,13
EBBD7F12-F9AD-43F0-9A5A-00232E70C0BB,2023-01-04 00:00:00.000,OG-0033,SiteNames_a05748a6,SiteID_38a98847,AlternateSiteID_5ce57898,AlternateSiteID2_2788856f,2022-12-19 00:00:00.000,C,0,GW,0,0,0,0.0,0.0,0.0,0.0,,649336.0,3816341.0,NAD83,CoordinateNotes_2498baf0,4500.0,3.0,N,NAVD88,,,NAD27,5m,G,,,,,,,,,,NM,LocationNotes_63453ba9,,,WLReportNote_8f130157,ChemistryReportNote_0187137c,6346.0,-736.0,,,39986,,,0x000000002C39FD15,1,,13
8641BCBE-464B-4132-BDCC-00233EFA4011,2015-01-27 00:00:00.000,NM-23348,SiteNames_76d0b700,SiteID_3a3a1a67,AlternateSiteID_5ce57898,AlternateSiteID2_2788856f,,U,0,GW,0,1,0,0.0,0.0,0.0,0.0,,389643.0,3897560.0,NAD83,CoordinateNotes_49821a54,6486.0,10.0,N,NGVD29,,,NAD83,1,G,,,,,,,,Sandia Peak,Sandoval,NM,LocationNotes_63453ba9,,,WLReportNote_8f130157,ChemistryReportNote_0187137c,11112.0,-3190.0,,,17050,35.21377559126126,-106.23494380189187,0x000000002C39FD16,0,,13
90A4CEA3-FD57-4BC2-BFB7-00236FC3E34F,2015-01-27 00:00:00.000,NM-05221,SiteNames_31d36295,SiteID_b067b7dd,AlternateSiteID_5ce57898,AlternateSiteID2_2788856f,,U,0,GW,0,1,0,0.0,0.0,0.0,0.0,,246990.0,3547164.0,NAD83,CoordinateNotes_098e4b0c,4287.0,5.0,M,NGVD29,,,NAD83,T,M,,,,,,,,Bowlin Ranch,Luna,NM,LocationNotes_63453ba9,,,WLReportNote_8f130157,ChemistryReportNote_0187137c,7880.0,-17516.0,,463527100,25913,32.030620518198205,-107.696260339009,0x000000002C39FD17,0,,13
1BBD03AE-6E0E-47F1-9221-0024BCA7524A,2015-01-27 00:00:00.000,NM-08372,SiteNames_b1205bf1,SiteID_3ad54a24,AlternateSiteID_5ce57898,AlternateSiteID2_2788856f,,U,0,GW,0,1,0,0.0,0.0,0.0,0.0,,649562.0,3630016.0,NAD83,CoordinateNotes_41cfe688,3806.0,,U,NGVD29,,,NAD83,T,M,,,,,,,,Ironhouse Draw,Lea,NM,LocationNotes_63453ba9,,,WLReportNote_8f130157,ChemistryReportNote_0187137c,1378.0,12436.0,,463527100,20238,32.79799191603603,-103.40696429558558,0x000000002C39FD18,0,,13
037B5684-02B8-4713-B1F8-002675388528,2015-01-27 00:00:00.000,NM-06974,SiteNames_87908d97,SiteID_5b85058d,AlternateSiteID_5ce57898,AlternateSiteID2_2788856f,,U,0,GW,0,1,0,0.0,0.0,0.0,0.0,,581721.0,3592874.0,NAD83,CoordinateNotes_fdf2592c,3149.5,,U,NGVD29,,,NAD83,T,M,,,,,,,,Carlsbad East,Eddy,NM,LocationNotes_63453ba9,,,WLReportNote_8f130157,ChemistryReportNote_0187137c,10292.0,904.0,,463527100,10141,32.47076174414414,-104.14722944927928,0x000000002C39FD19,0,,13
D94B13AE-A0B4-4391-88D2-00287921EA06,2015-01-27 00:00:00.000,NM-08731,SiteNames_3b5a576b,SiteID_666d442b,AlternateSiteID_5ce57898,AlternateSiteID2_2788856f,,U,0,GW,0,1,0,0.0,0.0,0.0,0.0,,278887.0,3606132.0,NAD83,CoordinateNotes_ef3e136c,4093.0,10.0,M,NGVD29,,,NAD83,S,M,,,,,,,,Arroyo Cuervo,Dona Ana,NM,LocationNotes_63453ba9,,,WLReportNote_8f130157,ChemistryReportNote_0187137c,-9002.0,-18118.0,,,18540,32.57240590477478,-107.34473224909912,0x000000002C39FD1A,0,,13
1F48BE4B-47A7-4887-91ED-002A5E6E1B7C,2015-07-15 00:00:00.000,MI-0076,SiteNames_f4b4f8fd,SiteID_38a98847,AlternateSiteID_5ce57898,AlternateSiteID2_2788856f,,U,0,GW,0,0,0,0.0,0.0,0.0,0.0,,470655.0,3919614.0,NAD83,CoordinateNotes_97b32636,6695.23,3.3,N,NAVD88,,,NAD27,,R,14.0,N,14.0,E,23.2,,,San Jose,San Miguel,NM,LocationNotes_7caabac5,,,WLReportNote_8f130157,ChemistryReportNote_0187137c,8704.0,-1418.0,,,31182,,,0x000000002C39FD1B,1,,13
A3AC94F6-B7F1-4A8B-BAA2-002BF32A9E7D,2015-01-27 00:00:00.000,NM-09696,SiteNames_4a2ff618,SiteID_ab0768a6,AlternateSiteID_5ce57898,AlternateSiteID2_2788856f,,U,0,GW,0,1,0,0.0,0.0,0.0,0.0,,550791.0,3629452.0,NAD83,CoordinateNotes_d49dbefe,3377.0,,U,NGVD29,,,NAD83,T,M,,,,,,,,Artesia,Eddy,NM,LocationNotes_63453ba9,,,WLReportNote_8f130157,ChemistryReportNote_0187137c,-5890.0,-3008.0,,463527100,12703,32.80162459090089,-104.44747016306306,0x000000002C39FD1C,0,,13
0DD793DC-FB8E-476F-B891-002E4FE4B07D,2015-01-27 00:00:00.000,NM-07825,,SiteID_d0870940,AlternateSiteID_5ce57898,AlternateSiteID2_2788856f,,U,0,GW,0,1,0,0.0,0.0,0.0,0.0,,284040.0,3622648.0,NAD83,CoordinateNotes_8f6786ec,4785.0,10.0,M,NGVD29,,,NAD83,F,M,,,,,,,,Nutt,Sierra,NM,LocationNotes_63453ba9,,,WLReportNote_8f130157,ChemistryReportNote_0187137c,10340.0,11838.0,,,18897,32.71839730864865,-107.31853754684684,0x000000002C39FD1D,0,,13
A20D0547-062A-DE44-9B5F-002E53A4B116,2021-05-26 13:23:25.000,DE-0018,SiteNames_2db9d188,SiteID_38a98847,AlternateSiteID_5ce57898,AlternateSiteID2_2788856f,2021-05-19 00:00:00.000,C,0,GW,0,1,0,0.0,0.0,0.0,0.0,,642720.0,3543904.0,NAD83,CoordinateNotes_14d9142e,3524.61,3.3,N,NAVD88,,,NAD27,5m,G,,,,,,,,,,NM,LocationNotes_4cab6c2b,2021-09-01 00:00:00.000,,WLReportNote_e1f8ffed,ChemistryReportNote_0187137c,10076.0,-18136.0,,,39472,,,0x000000002C39FD1E,0,,13
06A0164E-FC35-49CE-975A-002E752E0ABB,2015-01-27 00:00:00.000,NM-08480,SiteNames_68445731,SiteID_62c82ede,AlternateSiteID_5ce57898,AlternateSiteID2_2788856f,,U,0,GW,0,1,0,0.0,0.0,0.0,0.0,,227970.0,3628860.0,NAD83,CoordinateNotes_03a650ac,5565.0,12.0,M,NGVD29,,,NAD83,T,M,,,,,,,,Hurley East,Grant,NM,LocationNotes_63453ba9,,,WLReportNote_8f130157,ChemistryReportNote_0187137c,12682.0,6650.0,,463527100,28836,32.760821269909904,-107.92273135774776,0x000000002C39FD1F,0,,13
30D42996-86BC-4C42-B3B7-002F4825969C,2015-01-27 00:00:00.000,NM-10600,SiteNames_98a60f86,SiteID_8ce10465,AlternateSiteID_5ce57898,AlternateSiteID2_2788856f,,U,0,GW,0,1,0,0.0,0.0,0.0,0.0,,538855.0,3651166.0,NAD83,CoordinateNotes_33718b80,3415.0,,U,NGVD29,,,NAD83,T,M,,,,,,,,Espuela,Eddy,NM,LocationNotes_63453ba9,,,WLReportNote_8f130157,ChemistryReportNote_0187137c,-13416.0,5736.0,,463527100,20504,32.99761951567568,-104.56166217486486,0x000000002C39FD20,0,,13
F5875C0D-0876-4EA1-9577-0032A295454A,2014-10-17 00:00:00.000,NM-02501,SiteNames_5bc06dbf,SiteID_5b22c3e2,AlternateSiteID_5ce57898,AlternateSiteID2_2788856f,,U,0,GW,0,1,0,0.0,0.0,0.0,0.0,,564386.0,3605524.0,NAD83,CoordinateNotes_e4fbc114,3296.1,,U,NGVD29,323809.94949549553,1042217.9501781216,NAD27,T,M,19.0,S,26.0,E,27.14142,,,Lake McMillan North,EDDY,NM,LocationNotes_63453ba9,,,WLReportNote_8f130157,ChemistryReportNote_0187137c,5446.0,-5606.0,,463527100,6663,32.585721125495496,-104.421448378305,0x000000002C39FD21,0,,13
7E310359-1F5E-4D45-987E-00330A1286F5,2021-05-25 10:34:35.000,DE-0002,SiteNames_d70bd698,SiteID_38a98847,AlternateSiteID_5ce57898,AlternateSiteID2_2788856f,2021-05-17 00:00:00.000,C,0,GW,0,0,1,0.0,0.0,0.0,0.0,,530111.0,3579566.0,NAD83,CoordinateNotes_14d9142e,3847.44,3.3,N,NAVD88,,,NAD27,5m,G,,,,,,,,,,NM,LocationNotes_63453ba9,,2021-09-01 00:00:00.000,WLReportNote_8f130157,ChemistryReportNote_fdeef3ba,-8996.0,-12598.0,,,39457,,,0x000000002C39FD22,0,,13
2B6D21EB-3818-4991-B539-00337499C189,2015-01-27 00:00:00.000,NM-16880,,SiteID_6d84ad73,AlternateSiteID_5ce57898,AlternateSiteID2_2788856f,,U,0,GW,0,1,0,0.0,0.0,0.0,0.0,,532655.0,3791396.0,NAD83,CoordinateNotes_1b696a15,4110.97,8.0,N,NAVD88,,,NAD83,S,M,,,,,,,,Conejo Creek West,De Baca,NM,LocationNotes_63453ba9,,,WLReportNote_8f130157,ChemistryReportNote_0187137c,-14952.0,12696.0,,463500200,26828,34.26251181837838,-104.61828887270268,0x000000002C39FD23,0,,13
8C615E97-CDF9-4161-9324-003380AC2D61,2015-01-27 00:00:00.000,NM-14229,SiteNames_89c1ed17,SiteID_6cb13a34,AlternateSiteID_5ce57898,AlternateSiteID2_2788856f,,U,0,GW,0,1,0,0.0,0.0,0.0,0.0,,527700.0,3708118.0,NAD83,CoordinateNotes_a3a8e47b,3614.0,,U,NGVD29,,,NAD83,T,M,,,,,,,,Roswell North,Chaves,NM,LocationNotes_63453ba9,,,WLReportNote_8f130157,ChemistryReportNote_0187137c,-16046.0,9018.0,,463527100,20298,33.51161854324325,-104.67397197855855,0x000000002C39FD24,0,,13
EC357DA6-A7CA-4391-9663-00347B55F091,2016-03-07 00:00:00.000,TO-0257,SiteNames_14e2ee6c,SiteID_38a98847,AlternateSiteID_f6527cc6,AlternateSiteID2_2788856f,,U,0,GW,0,1,0,0.0,0.0,0.0,0.0,,363035.0,3853948.0,NAD83,CoordinateNotes_79920d25,7203.82,3.3,N,NAVD88,,,NAD27,,R,7.0,N,6.0,E,27.341,,,Tajique,Torrance,NM,LocationNotes_63453ba9,,,WLReportNote_8f130157,ChemistryReportNote_0187137c,-17844.0,2128.0,,,35330,,,0x000000002C39FD25,1,,13
723C920E-1C9F-480E-8BD0-003585564316,2015-01-27 00:00:00.000,NM-20084,SiteNames_4151c19c,SiteID_3ba8e0b9,AlternateSiteID_5ce57898,AlternateSiteID2_2788856f,,U,0,GW,0,1,0,0.0,0.0,0.0,0.0,,608248.0,3848602.0,NAD83,CoordinateNotes_c3698671,4694.0,,U,NGVD29,,,NAD83,S,M,,,,,,,,Weber City,Quay,NM,LocationNotes_63453ba9,,,WLReportNote_8f130157,ChemistryReportNote_0187137c,-10164.0,10642.0,,13,27084,34.77260794387387,-103.79902950756758,0x000000002C39FD26,0,,13
1748AE74-E9EB-48BA-8E38-0035966BF632,2015-01-27 00:00:00.000,NM-14266,,SiteID_a6abb13c,AlternateSiteID_5ce57898,AlternateSiteID2_2788856f,,U,0,GW,0,1,0,0.0,0.0,0.0,0.0,,155187.0,3701194.0,NAD83,CoordinateNotes_b9afb5b0,5440.0,50.0,M,NGVD29,,,NAD83,F,M,,,,,,,,Mogollon,Catron,NM,LocationNotes_63453ba9,,,WLReportNote_8f130157,ChemistryReportNote_0187137c,13536.0,-5006.0,,,21814,33.3902389909009,-108.73200703405404,0x000000002C39FD27,0,,13
500FF065-F241-408A-9F27-0035B227F445,2025-02-27 00:00:00.000,WL-0356,SiteNames_ada365a2,SiteID_38a98847,AlternateSiteID_5ce57898,AlternateSiteID2_2788856f,2025-02-26 13:24:00.000,C,0,GW,0,0,0,0.0,0.0,0.0,0.0,,395655.0,3853794.0,NAD83,CoordinateNotes_b4a70045,7188.796,3.3,N,NAVD88,,,NAD27,,,,,,,,,,,,NM,LocationNotes_d8b7a949,,,WLReportNote_8f130157,ChemistryReportNote_0187137c,13144.0,-16006.0,Water Level Network,,40603,,,0x000000002C39FD28,1,,13
3C9EA984-D7F7-4F35-8E6C-0035CA77079C,2015-01-27 00:00:00.000,NM-14917,SiteNames_90f4b1d7,SiteID_51e657a5,AlternateSiteID_5ce57898,AlternateSiteID2_2788856f,,U,0,GW,0,1,0,0.0,0.0,0.0,0.0,,538052.0,3706030.0,NAD83,CoordinateNotes_4cee38a0,3600.0,,U,NGVD29,,,NAD83,T,M,,,,,,,,Coyote Draw,Chaves,NM,LocationNotes_63453ba9,,,WLReportNote_8f130157,ChemistryReportNote_0187137c,-19698.0,-17500.0,,463527100,23465,33.49243261234235,-104.55465019945947,0x000000002C39FD29,0,,13
447DD62F-2EC0-4C00-A730-003AA7AC2C86,2015-01-27 00:00:00.000,NM-08819,SiteNames_c87c1cc6,SiteID_a3492dc9,AlternateSiteID_5ce57898,AlternateSiteID2_2788856f,,U,0,GW,0,1,0,0.0,0.0,0.0,0.0,,656357.0,3615292.0,NAD83,CoordinateNotes_0da24068,3880.0,5.0,M,NGVD29,,,NAD83,S,M,,,,,,,,Ironhouse Draw,Lea,NM,LocationNotes_63453ba9,,,WLReportNote_8f130157,ChemistryReportNote_0187137c,8564.0,-9298.0,,463527100,28904,32.66552300423424,-103.34528413684686,0x000000002C39FD2A,0,,13
DEE0DE44-40CA-4A18-89F5-003B98C1CC10,2015-01-27 00:00:00.000,NM-07296,SiteNames_6cbcc572,SiteID_2b586a4b,AlternateSiteID_5ce57898,AlternateSiteID2_2788856f,,U,0,GW,0,1,0,0.0,0.0,0.0,0.0,,211659.0,3618038.0,NAD83,CoordinateNotes_1b90e924,4935.0,20.0,M,NGVD29,,,NAD83,T,M,,,,,,,,Taylor Mountain,Grant,NM,LocationNotes_63453ba9,,,WLReportNote_8f130157,ChemistryReportNote_0187137c,-8180.0,15788.0,,463527100,25486,32.66453948423424,-108.05622879369368,0x000000002C39FD2B,0,,13
B4E5A518-4105-4C9E-B9C4-003BACCE78C0,2015-01-27 00:00:00.000,NM-09170,,SiteID_2f2265d0,AlternateSiteID_5ce57898,AlternateSiteID2_2788856f,,U,0,GW,0,1,0,0.0,0.0,0.0,0.0,,636042.0,3608962.0,NAD83,CoordinateNotes_4806f3ac,4021.0,5.0,M,NGVD29,,,NAD83,F,M,,,,,,,,Buckeye,Lea,NM,LocationNotes_63453ba9,,,WLReportNote_8f130157,ChemistryReportNote_0187137c,-790.0,-19448.0,,407,20127,32.60991605279279,-103.5459480571171,0x000000002C39FD2C,0,,13
FE815CA1-6523-43A8-9361-003E57B13891,2015-01-27 00:00:00.000,NM-04553,SiteNames_ded999f9,SiteID_cf4d7aff,AlternateSiteID_5ce57898,AlternateSiteID2_2788856f,,U,0,GW,0,1,0,0.0,0.0,0.0,0.0,,222799.0,3569158.0,NAD83,CoordinateNotes_9df64610,4216.0,,U,NGVD29,,,NAD83,T,M,,,,,,,,Midway Butte,Luna,NM,LocationNotes_63453ba9,,,WLReportNote_8f130157,ChemistryReportNote_0187137c,-16780.0,15838.0,,463527100,30471,32.22888781468468,-107.91036608117118,0x000000002C39FD2D,0,,13
E710759D-A339-4ECA-8FB3-003E6B03EBEE,2015-01-27 00:00:00.000,NM-24415,SiteNames_5ffdf000,SiteID_b3856bb3,AlternateSiteID_5ce57898,AlternateSiteID2_2788856f,,U,0,GW,0,1,0,0.0,0.0,0.0,0.0,,445322.0,3938450.0,NAD83,CoordinateNotes_60c232ef,6879.0,20.0,M,NGVD29,,,NAD83,U,M,,,,,,,,San Geronimo,San Miguel,NM,LocationNotes_63453ba9,,,WLReportNote_8f130157,ChemistryReportNote_0187137c,-18080.0,1870.0,,463510500,29559,35.58910977684685,-105.56678381288287,0x000000002C39FD2E,0,,13
F8AE570A-A212-4DBF-B1B4-003FB02C39EA,2015-01-27 00:00:00.000,NM-14443,SiteNames_f6a924e5,SiteID_ef8f0bf9,AlternateSiteID_5ce57898,AlternateSiteID2_2788856f,,U,0,GW,0,1,0,0.0,0.0,0.0,0.0,,393671.0,3687728.0,NAD83,CoordinateNotes_f3fc89d4,5476.6,8.0,N,NAVD88,,,NAD83,T,M,,,,,,,,Godfrey Peak,Lincoln,NM,LocationNotes_63453ba9,,,WLReportNote_8f130157,ChemistryReportNote_0187137c,-14276.0,-17562.0,,463527100,11649,33.32491457378378,-106.1194400226126,0x000000002C39FD2F,0,,13
6D44B0D6-E7B6-4668-B748-00404FECDDF2,2012-01-27 00:00:00.000,SA-0344,SiteNames_1c204cbd,SiteID_38a98847,AlternateSiteID_5ce57898,AlternateSiteID2_2788856f,,U,0,ES,0,0,1,0.0,0.0,0.0,0.0,,269284.0,3707663.0,NAD83,CoordinateNotes_5a57b500,6183.26,3.3,N,NAVD88,,,NAD27,,,11.0,S,8.0,W,15.243,,,Winston,SIERRA,NM,LocationNotes_63453ba9,,,WLReportNote_8f130157,ChemistryReportNote_0187137c,15644.0,14126.0,San Agustin Plains Alamosa Creek,,2993,,,0x000000002C39FD30,1,,13
DC775A41-323C-4C5D-ABA3-00406D64BDDE,2015-01-27 00:00:00.000,NM-15632,SiteNames_9619d0e0,SiteID_5287d933,AlternateSiteID_5ce57898,AlternateSiteID2_2788856f,,U,0,GW,0,1,0,0.0,0.0,0.0,0.0,,675124.0,3738896.0,NAD83,CoordinateNotes_f864413f,3953.0,10.0,M,NGVD29,,,NAD83,F,M,,,,,,,,Lingo,Roosevelt,NM,LocationNotes_63453ba9,,,WLReportNote_8f130157,ChemistryReportNote_0187137c,-4776.0,-8274.0,,463527100,30054,33.77499628945946,-103.09852586702702,0x000000002C39FD31,0,,13
747FE03D-AAFC-4B61-A164-00422889DBFF,2015-01-27 00:00:00.000,NM-25780,SiteNames_9dd7c6ff,SiteID_f5a49859,AlternateSiteID_5ce57898,AlternateSiteID2_2788856f,,U,0,GW,0,1,0,0.0,0.0,0.0,0.0,,257300.0,4012214.0,NAD83,CoordinateNotes_89c21baf,6448.0,4.3,N,NAVD88,,,NAD83,F,M,,,,,,,,Sargent Ranch,San Juan,NM,LocationNotes_63453ba9,,,WLReportNote_8f130157,ChemistryReportNote_0187137c,10640.0,13134.0,,463542300,18743,36.22167263432432,-107.71837002414414,0x000000002C39FD32,0,,13
5CDE8343-71AB-48A4-9A5F-004506977265,2014-10-17 00:00:00.000,NM-02903,SiteNames_ff2e347b,SiteID_0f36b280,AlternateSiteID_5ce57898,AlternateSiteID2_2788856f,,U,0,GW,0,1,0,0.0,0.0,0.0,0.0,,675810.0,3717540.0,NAD83,CoordinateNotes_f00b0a17,4116.0,5.0,M,NGVD29,334525.82801801804,1031441.6886523338,NAD27,S,M,6.0,S,36.0,E,34.21311,,,Garrison,ROOSEVELT,NM,LocationNotes_63453ba9,,,WLReportNote_8f130157,ChemistryReportNote_0187137c,13214.0,-19090.0,,463527100,2561,33.58533445801801,-101.55574205624792,0x000000002C39FD33,0,,13
DA69778B-2DC9-4EA5-BE3E-0047D77D750B,2015-01-27 00:00:00.000,NM-25069,SiteNames_b2d07bd7,SiteID_bd9a8949,AlternateSiteID_5ce57898,AlternateSiteID2_2788856f,,U,0,GW,0,1,0,0.0,0.0,0.0,0.0,,652781.0,3959508.0,NAD83,CoordinateNotes_7b488bc0,4492.0,,U,NGVD29,,,NAD83,S,M,,,,,,,,Kerlin Hill,Quay,NM,LocationNotes_63453ba9,,,WLReportNote_8f130157,ChemistryReportNote_0187137c,-7254.0,5688.0,,32,26574,35.76655997324325,-103.29613371135136,0x000000002C39FD34,0,,13
BE046DAB-C48E-4F81-A062-0048921B6091,2015-01-27 00:00:00.000,NM-09083,SiteNames_187b7e52,SiteID_254b8729,AlternateSiteID_5ce57898,AlternateSiteID2_2788856f,,U,0,GW,0,1,0,0.0,0.0,0.0,0.0,,200524.0,3639840.0,NAD83,CoordinateNotes_f968114f,5990.0,20.0,M,NGVD29,,,NAD83,T,M,,,,,,,,Fort Bayard,Grant,NM,LocationNotes_63453ba9,,,WLReportNote_8f130157,ChemistryReportNote_0187137c,-26.0,9180.0,,463500200,22599,32.855833622702704,-108.19694674423422,0x000000002C39FD35,0,,13
9D8D4887-B378-4EE7-8FF5-004B5EA033B9,2015-01-27 00:00:00.000,NM-19694,SiteNames_10bea9a8,SiteID_c15cc81c,AlternateSiteID_5ce57898,AlternateSiteID2_2788856f,,U,0,GW,0,1,0,0.0,0.0,0.0,0.0,,597742.0,3834440.0,NAD83,CoordinateNotes_fe377551,4728.7,,U,NGVD29,,,NAD83,T,M,,,,,,,,Peach Canyon,Quay,NM,LocationNotes_63453ba9,,,WLReportNote_8f130157,ChemistryReportNote_0187137c,-3284.0,3280.0,,407,13304,34.64683846954954,-103.92760740558558,0x000000002C39FD36,0,,13
F633CCE2-6268-4501-A65D-004D0E592542,2015-01-27 00:00:00.000,NM-15911,,SiteID_b2f1d1e4,AlternateSiteID_5ce57898,AlternateSiteID2_2788856f,,U,0,GW,0,1,0,0.0,0.0,0.0,0.0,,337187.0,3759172.0,NAD83,CoordinateNotes_dc511b32,4550.0,17.0,M,NGVD29,,,NAD83,F,M,,,,,,,,San Antonio,Socorro,NM,LocationNotes_63453ba9,,,WLReportNote_8f130157,ChemistryReportNote_0187137c,7760.0,5392.0,,,16602,33.95919817657658,-106.77511409009009,0x000000002C39FD37,0,,13
6C29D955-90DC-4DF9-ADE2-004DB75E3EC0,2014-10-01 00:00:00.000,NM-01001,SiteNames_228321d2,SiteID_63871f4b,AlternateSiteID_5ce57898,AlternateSiteID2_2788856f,,U,0,GW,0,1,0,0.0,0.0,0.0,0.0,,666090.0,3833480.0,NAD83,CoordinateNotes_c7385d0c,4226.0,5.0,M,NGVD29,343132.1020720721,1030318.8184465125,NAD83,S,G,4.0,N,37.0,E,34.31331,,,Pleasant Hill,CURRY,NM,LocationNotes_63453ba9,,,WLReportNote_8f130157,ChemistryReportNote_0187137c,-12400.0,11330.0,,14,2960,34.62762763207208,-103.23683126769322,0x000000002C39FD38,0,,13
A5BD83FC-BAC7-4FBA-814D-004F06CAB411,2015-01-27 00:00:00.000,NM-15515,SiteNames_29a87102,SiteID_c98ad319,AlternateSiteID_5ce57898,AlternateSiteID2_2788856f,,U,0,GW,0,1,0,0.0,0.0,0.0,0.0,,678955.0,3736406.0,NAD83,CoordinateNotes_b90e861f,4002.0,2.5,M,NGVD29,,,NAD83,S,M,,,,,,,,Garrison,Roosevelt,NM,LocationNotes_63453ba9,,,WLReportNote_8f130157,ChemistryReportNote_0187137c,6324.0,-7524.0,,463527100,11952,33.753698056216216,-103.07769524702702,0x000000002C39FD39,0,,13
C7412FDA-238C-46D8-8F66-004FA6867C83,2015-01-27 00:00:00.000,NM-11144,SiteNames_e8669a2d,SiteID_42692dc9,AlternateSiteID_5ce57898,AlternateSiteID2_2788856f,,U,0,GW,0,1,0,0.0,0.0,0.0,0.0,,682616.0,3657600.0,NAD83,CoordinateNotes_2e63a398,3736.1,2.5,M,NGVD29,,,NAD83,S,M,,,,,,,,Prairieview SE,Lea,NM,LocationNotes_63453ba9,,,WLReportNote_8f130157,ChemistryReportNote_0187137c,2210.0,2700.0,,463527100,25246,33.04193140432432,-103.0486427500901,0x000000002C39FD3A,0,,13
65AC0C39-DDE3-497B-A5D5-0053958A197E,2015-01-27 00:00:00.000,NM-25781,SiteNames_1d33d828,SiteID_856ae2c7,AlternateSiteID_5ce57898,AlternateSiteID2_2788856f,,U,0,GW,0,1,0,0.0,0.0,0.0,0.0,,399723.0,4010996.0,NAD83,CoordinateNotes_9f470e36,5775.0,10.0,M,NGVD29,,,NAD83,S,M,,,,,,,,Chili,Rio Arriba,NM,LocationNotes_63453ba9,,,WLReportNote_8f130157,ChemistryReportNote_0187137c,3812.0,14846.0,,,28869,36.238213767747744,-106.12207112765766,0x000000002C39FD3B,0,,13
64252BC6-3162-4736-992A-00564F1B49CB,2015-01-27 00:00:00.000,NM-07846,SiteNames_a9bfd4da,SiteID_6dc2012c,AlternateSiteID_5ce57898,AlternateSiteID2_2788856f,,U,0,GW,0,1,0,0.0,0.0,0.0,0.0,,665760.0,3612688.0,NAD83,CoordinateNotes_2c7fe663,3577.9,,U,NGVD29,,,NAD83,T,M,,,,,,,,Hobbs SE,Lea,NM,LocationNotes_63453ba9,,,WLReportNote_8f130157,ChemistryReportNote_0187137c,-12646.0,2378.0,,463527100,14768,32.63736961342343,-103.21246192792792,0x000000002C39FD3C,0,,13
19CC5CC8-DC13-4640-9026-00583CA39B58,2015-01-27 00:00:00.000,NM-24385,SiteNames_1da7a4fe,SiteID_c7e914d9,AlternateSiteID_5ce57898,AlternateSiteID2_2788856f,,U,0,GW,0,1,0,0.0,0.0,0.0,0.0,,645590.0,3923844.0,NAD83,CoordinateNotes_725c1eb3,4260.0,,U,NGVD29,,,NAD83,S,M,,,,,,,,Lockney,Quay,NM,LocationNotes_63453ba9,,,WLReportNote_8f130157,ChemistryReportNote_0187137c,-5482.0,-12986.0,,32,28660,35.44666433900902,-103.38239773738738,0x000000002C39FD3D,0,,13
263819C7-D551-4563-A7F9-00633036DA14,2014-06-12 00:00:00.000,AH-049,SiteNames_f4ebb63b,SiteID_38a98847,AlternateSiteID_5ce57898,AlternateSiteID2_2788856f,2006-03-17 00:00:00.000,C,0,GW,0,1,0,0.0,0.0,0.0,0.0,,450503.0,4043667.0,NAD83,CoordinateNotes_67034ec0,6783.13,3.3,N,NAVD88,,,NAD27,,G,,,,,,,,Arroyo Hondo,TAOS,NM,LocationNotes_63453ba9,,,WLReportNote_8f130157,ChemistryReportNote_0187137c,10438.0,180.0,Arroyo Hondo,,1052,,,0x000000002C39FD3E,1,,13
CBD76C35-7D65-440D-BC41-0066A9D5DB41,2015-01-27 00:00:00.000,NM-06453,SiteNames_0f2834fb,SiteID_23b94c7b,AlternateSiteID_5ce57898,AlternateSiteID2_2788856f,,U,0,GW,0,1,0,0.0,0.0,0.0,0.0,,367535.0,3598254.0,NAD83,CoordinateNotes_f0437aec,4334.65,20.0,M,NGVD29,,,NAD83,F,M,,,,,,,,Davies Tank,Dona Ana,NM,LocationNotes_63453ba9,,,WLReportNote_8f130157,ChemistryReportNote_0187137c,8384.0,15344.0,,,18692,32.512492984234235,-106.42168422846846,0x000000002C39FD3F,0,,13
1444670F-84EF-4FB9-BBB0-00675C866ED1,2015-01-27 00:00:00.000,NM-26471,,SiteID_34077072,AlternateSiteID_5ce57898,AlternateSiteID2_2788856f,,U,0,GW,0,1,0,0.0,0.0,0.0,0.0,,223451.0,4066830.0,NAD83,CoordinateNotes_8078d053,5400.0,10.0,M,NGVD29,,,NAD83,U,M,,,,,,,,Horn Canyon,San Juan,NM,LocationNotes_63453ba9,,,WLReportNote_8f130157,ChemistryReportNote_0187137c,-162.0,220.0,,863700200,16786,36.706986401981986,-108.09541888945944,0x000000002C39FD40,0,,13
F18BC642-3DCF-4F9A-9F5C-006A55A4C23D,2016-09-22 00:00:00.000,NM-27585,SiteNames_f448fe9c,SiteID_86b187ed,AlternateSiteID_5ce57898,AlternateSiteID2_2788856f,,U,0,GW,0,1,0,0.0,0.0,0.0,0.0,,652318.0,3806656.0,NAD83,CoordinateNotes_cd5280d1,4094.5,2.5,M,NGVD29,,,NAD83,S,M,1.0,N,36.0,E,32.132,,,Midway,Roosevelt,NM,LocationNotes_63453ba9,,,WLReportNote_8f130157,ChemistryReportNote_0187137c,-13934.0,13166.0,,,36527,34.387858372612605,-103.31964814153152,0x000000002C39FD41,0,,13
E973404E-8857-4F11-B4F7-006AB98DEE8F,2015-01-27 00:00:00.000,NM-09861,SiteNames_04e07465,SiteID_43f51104,AlternateSiteID_5ce57898,AlternateSiteID2_2788856f,,U,0,GW,0,1,0,0.0,0.0,0.0,0.0,,656502.0,3652686.0,NAD83,CoordinateNotes_b50c03bc,3722.6,2.5,M,NGVD29,,,NAD83,S,M,,,,,,,,Humble City,Lea,NM,LocationNotes_63453ba9,,,WLReportNote_8f130157,ChemistryReportNote_0187137c,-11068.0,18346.0,,463527100,23318,32.99956050927928,-103.3093698417117,0x000000002C39FD42,0,,13
544373EE-B8DB-4B2F-9682-006CA16D3B4C,2015-01-27 00:00:00.000,NM-21747,SiteNames_cd76b79d,SiteID_592fe9a0,AlternateSiteID_5ce57898,AlternateSiteID2_2788856f,,U,0,GW,0,1,0,0.0,0.0,0.0,0.0,,292821.0,3879966.0,NAD83,CoordinateNotes_baba2156,5962.0,10.0,M,NGVD29,,,NAD83,S,M,,,,,,,,Laguna,Cibola,NM,LocationNotes_63453ba9,,,WLReportNote_8f130157,ChemistryReportNote_0187137c,18748.0,-2014.0,,,23055,35.03717630585586,-107.3083694490991,0x000000002C39FD43,0,,13
39B51A54-2FA3-4FEB-B906-006D38F3872B,2016-04-05 00:00:00.000,SO-0242,SiteNames_34a8ca03,SiteID_38a98847,AlternateSiteID_4a224b19,AlternateSiteID2_2788856f,,U,0,GW,0,1,0,0.0,0.0,1.0,0.0,LL,297521.0,3732837.0,NAD83,CoordinateNotes_c15bc419,4457.17,,L,NAVD88,,,NAD83,,R,,,,,,,,Paraje Well,Socorro,NM,LocationNotes_63453ba9,,,WLReportNote_8f130157,ChemistryReportNote_0187137c,-15300.0,11832.0,,,35768,33.718984594594595,-107.15544783783784,0x000000002C39FD44,1,,13
51BC6EF0-F654-4BFE-9B1C-006E9E3FBEB8,2015-01-27 00:00:00.000,NM-13759,SiteNames_8022d7b3,SiteID_37c6fa6f,AlternateSiteID_5ce57898,AlternateSiteID2_2788856f,,U,0,GW,0,1,0,0.0,0.0,0.0,0.0,,528638.0,3679304.0,NAD83,CoordinateNotes_fb55edaa,3571.0,,U,NGVD29,,,NAD83,T,M,,,,,,,,Roswell North,Chaves,NM,LocationNotes_63453ba9,,,WLReportNote_8f130157,ChemistryReportNote_0187137c,-16420.0,-15336.0,,463527100,13684,33.25193677783784,-104.66345193792792,0x000000002C39FD45,0,,13
275118AC-4927-4A0A-80EF-006F9B420206,2015-01-27 00:00:00.000,NM-14259,SiteNames_f27ef5c9,SiteID_b805b788,AlternateSiteID_5ce57898,AlternateSiteID2_2788856f,,U,0,GW,0,1,0,0.0,0.0,0.0,0.0,,556012.0,3707982.0,NAD83,CoordinateNotes_ebd133f0,3551.0,,U,NGVD29,,,NAD83,T,M,,,,,,,,Bitter Lake,Chaves,NM,LocationNotes_63453ba9,,,WLReportNote_8f130157,ChemistryReportNote_0187137c,7414.0,8362.0,,463527100,9104,33.51015327333333,-104.4103975172072,0x000000002C39FD46,0,,13
CDA12D70-54BB-43CA-8328-0070AFC41186,2015-01-27 00:00:00.000,NM-19152,SiteNames_4e8d54df,SiteID_f3bf6d7b,AlternateSiteID_5ce57898,AlternateSiteID2_2788856f,,U,0,GW,0,1,0,0.0,0.0,0.0,0.0,,663565.0,3800716.0,NAD83,CoordinateNotes_c5e6517a,4370.0,2.5,M,NGVD29,,,NAD83,S,M,,,,,,,,Ned Houk Park,Curry,NM,LocationNotes_63453ba9,,,WLReportNote_8f130157,ChemistryReportNote_0187137c,-392.0,-19904.0,,407,16202,34.334925674684676,-103.21736941153154,0x000000002C39FD47,0,,13
38C60CAA-11F3-43ED-A3A6-0070F916327C,2016-02-16 00:00:00.000,ED-0098,SiteNames_14e2ee6c,SiteID_38a98847,AlternateSiteID_919a9046,AlternateSiteID2_2788856f,,U,0,GW,0,1,0,0.0,0.0,0.0,0.0,,577677.0,3589174.0,NAD83,CoordinateNotes_6294849d,3200.0,,R,,,,NAD27,,R,21.0,S,26.0,E,15.114,,,Carlsbad West,Eddy,NM,LocationNotes_63453ba9,,,WLReportNote_8f130157,ChemistryReportNote_0187137c,10524.0,-5046.0,,,34765,,,0x000000002C39FD48,1,,13
819C9D25-9579-4ADC-8D43-0073C60D426D,2015-01-27 00:00:00.000,NM-18234,SiteNames_b5e17bbb,SiteID_7d9b2c10,AlternateSiteID_5ce57898,AlternateSiteID2_2788856f,,U,0,GW,0,1,0,0.0,0.0,0.0,0.0,,278525.0,3804832.0,NAD83,CoordinateNotes_dba4d625,6310.0,5.0,M,NGVD29,,,NAD83,S,M,,,,,,,,Indian Spring Canyon,Socorro,NM,LocationNotes_63453ba9,,,WLReportNote_8f130157,ChemistryReportNote_0187137c,-1292.0,32.0,,4635232000,15048,34.361459698288286,-107.40584554963964,0x000000002C39FD49,0,,13
FCA36859-95D3-4537-A562-0073FEA14020,2015-01-27 00:00:00.000,NM-20079,SiteNames_7299cb54,SiteID_e5240e23,AlternateSiteID_5ce57898,AlternateSiteID2_2788856f,,U,0,GW,0,1,0,0.0,0.0,0.0,0.0,,605593.0,3837202.0,NAD83,CoordinateNotes_eb5af52d,4692.6,,U,NGVD29,,,NAD83,T,M,,,,,,,,House,Quay,NM,LocationNotes_63453ba9,,,WLReportNote_8f130157,ChemistryReportNote_0187137c,3774.0,-498.0,,407,29394,34.67169027351351,-103.85457741,0x000000002C39FD4A,0,,13
2A1FF50E-5939-40E9-B3BE-00756054357F,2013-05-06 00:00:00.000,JM-021,SiteNames_c759007e,SiteID_38a98847,AlternateSiteID_5ce57898,AlternateSiteID2_2788856f,2013-04-29 00:00:00.000,C,0,GW,0,1,0,0.0,0.0,0.0,0.0,,310013.0,3649076.0,NAD83,CoordinateNotes_5a57b500,5080.46,3.3,N,NAVD88,,,NAD27,,G,,,,,,,,Apache Gap,SIERRA,NM,LocationNotes_63453ba9,,,WLReportNote_8f130157,ChemistryReportNote_0187137c,9044.0,5778.0,Jornada del Muerto,,1155,,,0x000000002C39FD4B,1,,13
C7B1CE11-1E56-464E-9CB6-0075621ABF48,2015-01-27 00:00:00.000,NM-06361,SiteNames_8e9e5a94,SiteID_d7dca530,AlternateSiteID_5ce57898,AlternateSiteID2_2788856f,,U,0,GW,0,1,0,0.0,0.0,0.0,0.0,,252413.0,3579650.0,NAD83,CoordinateNotes_e8042f23,4340.0,5.0,M,NGVD29,,,NAD83,T,M,,,,,,,,Carne,Luna,NM,LocationNotes_63453ba9,,,WLReportNote_8f130157,ChemistryReportNote_0187137c,-6090.0,-3470.0,,463527100,21402,32.32771470873874,-107.62127905486489,0x000000002C39FD4C,0,,13
EA58FFE5-E624-4AD6-9D12-00764C302915,2015-01-27 00:00:00.000,NM-09030,SiteNames_c00e8656,SiteID_5d022da9,AlternateSiteID_5ce57898,AlternateSiteID2_2788856f,,U,0,GW,0,1,0,0.0,0.0,0.0,0.0,,576461.0,3638178.0,NAD83,CoordinateNotes_f8f825fc,3329.0,,U,NGVD29,,,NAD83,T,M,,,,,,,,Spring Lake,Eddy,NM,LocationNotes_63453ba9,,,WLReportNote_8f130157,ChemistryReportNote_0187137c,16954.0,12878.0,,463527100,26064,32.88002077801802,-104.21194494126124,0x000000002C39FD4D,0,,13
5A6C57F3-9FC5-4DF1-A358-0076CA90F989,2015-12-28 00:00:00.000,DA-0115,SiteNames_d0953d05,SiteID_38a98847,AlternateSiteID_c50c5d31,AlternateSiteID2_2788856f,,U,0,GW,0,1,0,0.0,0.0,0.0,0.0,,301362.0,3538136.0,NAD83,CoordinateNotes_6294849d,4165.0,,R,,,,NAD27,,R,25.0,S,4.0,W,15.33,,,Mount Aden,Dona Ana,NM,LocationNotes_63453ba9,,,WLReportNote_8f130157,ChemistryReportNote_0187137c,13154.0,-18694.0,,,34446,,,0x000000002C39FD4E,1,,13
6545CDAD-6193-43B3-BB7E-007C31819107,2015-01-27 00:00:00.000,NM-03893,SiteNames_e248cbe1,SiteID_622facee,AlternateSiteID_5ce57898,AlternateSiteID2_2788856f,,U,0,GW,0,1,0,0.0,0.0,0.0,0.0,,109258.0,3521582.0,NAD83,CoordinateNotes_405fc228,4137.0,10.0,M,NGVD29,,,NAD83,5,G,,,,,,,,Rodeo,Hidalgo,NM,LocationNotes_63453ba9,,,WLReportNote_8f130157,ChemistryReportNote_0187137c,-7916.0,-6068.0,,,23725,31.76563611333333,-109.1149264253153,0x000000002C39FD4F,0,,13
CCEECC38-A2E5-4AF8-B473-008004C48F68,2014-10-01 00:00:00.000,NM-01163,SiteNames_f1d717a8,SiteID_4100ee3d,AlternateSiteID_5ce57898,AlternateSiteID2_2788856f,,U,0,GW,0,1,0,0.0,0.0,0.0,0.0,,611074.0,3849366.0,NAD83,CoordinateNotes_8d8870ef,4236.0,5.0,M,NGVD29,345733.8214054054,1034832.9694722912,NAD83,U,G,9.0,N,29.0,E,36.42431,,,Quay,QUAY,NM,LocationNotes_63453ba9,,,WLReportNote_8f130157,ChemistryReportNote_0187137c,2352.0,-19824.0,,463500200,5357,34.7808498454054,-103.83969437876073,0x000000002C39FD50,0,,13
11FA6744-A57B-4F03-BDF8-008144DAB933,2015-01-27 00:00:00.000,NM-05057,SiteNames_9282a0ad,SiteID_e4100134,AlternateSiteID_5ce57898,AlternateSiteID2_2788856f,,U,0,GW,0,1,0,0.0,0.0,0.0,0.0,,632105.0,3568256.0,NAD83,CoordinateNotes_7383dd90,3468.0,5.0,M,NGVD29,,,NAD83,R,G,,,,,,,,Paduca Breaks NW,Eddy,NM,LocationNotes_63453ba9,,,WLReportNote_8f130157,ChemistryReportNote_0187137c,13750.0,8966.0,,4635002,18739,32.244663664774784,-103.62090390612614,0x000000002C39FD51,0,,13
DCE0FAB0-9325-4132-BE36-0081CA702E47,2016-03-07 00:00:00.000,TO-0419,SiteNames_14e2ee6c,SiteID_38a98847,AlternateSiteID_94b35b7c,AlternateSiteID2_2788856f,,U,0,GW,0,1,0,0.0,0.0,0.0,0.0,,388924.0,3860772.0,NAD83,CoordinateNotes_79920d25,6173.05,3.3,N,NAVD88,,,NAD27,,R,9.0,N,9.0,E,32.131,,,Moriarty South,Torrance,NM,LocationNotes_63453ba9,,,WLReportNote_8f130157,ChemistryReportNote_0187137c,-18660.0,-8718.0,,,35492,,,0x000000002C39FD52,1,,13
92258C3A-C483-4E44-9381-0082BBC1526E,2015-01-27 00:00:00.000,NM-22365,SiteNames_1abf5f71,SiteID_d157a9e5,AlternateSiteID_5ce57898,AlternateSiteID2_2788856f,,U,0,GW,0,1,0,0.0,0.0,0.0,0.0,,664395.0,3886618.0,NAD83,CoordinateNotes_c3c317c6,3952.0,,U,NGVD29,,,NAD83,U,M,,,,,,,,Riley Camp,Quay,NM,LocationNotes_63453ba9,,,WLReportNote_8f130157,ChemistryReportNote_0187137c,1240.0,-372.0,,463500200,25010,35.109207358648646,-103.1985015588288,0x000000002C39FD53,0,,13
3BB0DAA8-AB59-4BE9-943F-008BA6523F37,2015-01-27 00:00:00.000,NM-20271,SiteNames_c9403777,SiteID_86ec35b1,AlternateSiteID_5ce57898,AlternateSiteID2_2788856f,,U,0,GW,0,1,0,0.0,0.0,0.0,0.0,,685923.0,3837316.0,NAD83,CoordinateNotes_0b8c1ace,4454.0,2.5,M,NGVD29,,,NAD83,S,M,,,,,,,,Pleasant Hill NE,Curry,NM,LocationNotes_63453ba9,,,WLReportNote_8f130157,ChemistryReportNote_0187137c,10764.0,-4684.0,,14,24285,34.662869881801804,-102.99047386702703,0x000000002C39FD54,0,,13
69FDD9C6-B167-4009-94DD-008C7DE924BE,2014-10-01 00:00:00.000,NM-01555,SiteNames_5cced13c,SiteID_69baf9ae,AlternateSiteID_5ce57898,AlternateSiteID2_2788856f,,U,0,GW,0,1,0,0.0,0.0,0.0,0.0,,480192.0,3983140.0,NAD83,CoordinateNotes_d1c17535,7120.0,10.0,M,NGVD29,355926.00189189194,1051058.0739806667,NAD83,S,G,20.0,N,17.0,E,6.131,,,Rainsville,MORA,NM,LocationNotes_63453ba9,,,WLReportNote_8f130157,ChemistryReportNote_0187137c,-3340.0,210.0,,463527100,2881,35.992586331891886,-105.10871377333986,0x000000002C39FD55,0,,13
A797CE7A-F052-48A3-A88C-008F37E0FE79,2014-04-03 00:00:00.000,EB-400,SiteNames_d4e95571,SiteID_38a98847,AlternateSiteID_5ce57898,AlternateSiteID2_2788856f,,U,0,GW,0,1,0,0.0,0.0,0.0,0.0,,409826.0,3919693.0,NAD83,CoordinateNotes_5a57b500,6165.7,3.3,N,NAVD88,352957.23273873876,1060348.0962605844,NAD27,R,M,15.0,N,8.0,E,26.322,,,Turquoise Hill,SANTA FE,NM,LocationNotes_63453ba9,,,WLReportNote_8f130157,ChemistryReportNote_0187137c,6322.0,-9242.0,Espanola Basin,,4551,,,0x000000002C39FD56,1,,13
75419218-7C2A-4367-983F-008F865D14F5,2015-01-27 00:00:00.000,NM-05980,SiteNames_ef21a1bc,SiteID_4fc14e24,AlternateSiteID_5ce57898,AlternateSiteID2_2788856f,,U,0,GW,0,1,0,0.0,0.0,0.0,0.0,,231367.0,3572526.0,NAD83,CoordinateNotes_2cbbff45,4290.0,5.0,M,NGVD29,,,NAD83,T,M,,,,,,,,Deming East,Luna,NM,LocationNotes_63453ba9,,,WLReportNote_8f130157,ChemistryReportNote_0187137c,-16852.0,-3174.0,,863700200,16250,32.2612147354054,-107.82545825981984,0x000000002C39FD57,0,,13
E457C8DC-1F2B-49AD-9E64-009464242B1B,2014-08-27 00:00:00.000,QU-538,SiteNames_8f9414c9,SiteID_38a98847,AlternateSiteID_5ce57898,AlternateSiteID2_2788856f,2014-08-13 00:00:00.000,C,0,SP,0,0,1,1.0,0.0,0.0,0.0,,431350.0,4069019.0,NAD83,CoordinateNotes_5a57b500,7233.0,3.3,N,NAVD88,,,NAD27,,G,,,,,,,,Questa,TAOS,NM,LocationNotes_63453ba9,,,WLReportNote_8f130157,ChemistryReportNote_0187137c,-12982.0,8112.0,,,6200,,,0x000000002C39FD58,1,,13
9F8F89D5-F287-47A0-A2EA-0097F4A6E32E,2014-10-17 00:00:00.000,NM-02978,,SiteID_bdf13104,AlternateSiteID_5ce57898,AlternateSiteID2_2788856f,,U,0,GW,0,1,0,0.0,0.0,0.0,0.0,,222208.0,3773936.0,NAD83,CoordinateNotes_be0153d5,7593.0,10.0,M,NGVD29,340513.9841081081,1075529.897511777,NAD27,S,M,2.0,S,10.0,W,31.313,,,Sugarloaf Mountain,CATRON,NM,LocationNotes_63453ba9,,,WLReportNote_8f130157,ChemistryReportNote_0187137c,-7902.0,-1764.0,,,4340,34.0713882881081,-108.02754202305488,0x000000002C39FD59,0,,13
CECC99F0-A9A0-4169-8925-00983FE64F30,2014-07-30 00:00:00.000,TC-286,SiteNames_ea7a33b6,SiteID_38a98847,AlternateSiteID_d2d6be96,AlternateSiteID2_2788856f,,U,0,GW,0,1,0,0.0,0.0,0.0,0.0,,404354.0,4101928.0,NAD83,CoordinateNotes_5a57b500,7952.29,3.3,N,NAVD88,,,NAD27,,U,,,,,,,,Antonito,CONEJOS,CO,LocationNotes_63453ba9,,,WLReportNote_8f130157,ChemistryReportNote_0187137c,-5742.0,3652.0,,,5620,,,0x000000002C39FD5A,1,,13
4FDC3D70-11C2-44CA-87F5-009922CF9BD5,2015-01-27 00:00:00.000,NM-20840,SiteNames_6d45f1d2,SiteID_e9279653,AlternateSiteID_5ce57898,AlternateSiteID2_2788856f,,U,0,GW,0,1,0,0.0,0.0,0.0,0.0,,664395.0,3863602.0,NAD83,CoordinateNotes_885b1a15,4518.0,5.0,M,NGVD29,,,NAD83,S,M,,,,,,,,Broadview,Curry,NM,LocationNotes_63453ba9,,,WLReportNote_8f130157,ChemistryReportNote_0187137c,2252.0,8062.0,,14,12056,34.901862710630624,-103.2066055917117,0x000000002C39FD5B,0,,13
A0360400-3D38-4BDF-A7F0-009C5E3FA49D,2015-01-27 00:00:00.000,NM-11650,SiteNames_c73e6453,SiteID_127f25cf,AlternateSiteID_5ce57898,AlternateSiteID2_2788856f,,U,0,GW,0,1,0,0.0,0.0,0.0,0.0,,556911.0,3647690.0,NAD83,CoordinateNotes_a0daa027,3481.0,,U,NGVD29,,,NAD83,T,M,,,,,,,,Hagerman,Chaves,NM,LocationNotes_63453ba9,,,WLReportNote_8f130157,ChemistryReportNote_0187137c,-1832.0,-13980.0,,463527100,9624,32.96610657405406,-104.3870235645045,0x000000002C39FD5C,0,,13
8D6CBDC6-9A94-4DFC-A08A-009C7E5BF589,2019-10-08 00:00:00.000,SB-0621,SiteNames_14e2ee6c,SiteID_38a98847,AlternateSiteID_2c92693b,AlternateSiteID2_2788856f,,U,0,GW,0,1,1,0.0,0.0,0.0,0.0,,376380.0,3520643.0,NAD83,CoordinateNotes_4add0549,4012.0,,R,,,,NAD27,,R,,,,,,,,,El Paso,TX,LocationNotes_63453ba9,,,WLReportNote_8f130157,ChemistryReportNote_0187137c,-3138.0,-12034.0,,,38975,31.81519658558559,-106.30271427027029,0x000000002C39FD5D,0,,13
1828F573-8656-49CE-9023-009E9D5E4780,2014-10-01 00:00:00.000,NM-01617,SiteNames_f3b6b330,SiteID_44f5c7f4,AlternateSiteID_5ce57898,AlternateSiteID2_2788856f,,U,0,GW,0,1,0,0.0,0.0,0.0,0.0,,267724.0,4001942.0,NAD83,CoordinateNotes_50b437ec,6500.0,1.0,M,NGVD29,361834.82866666664,1072335.808801249,NAD83,S,M,24.0,N,5.0,W,18.44422,,,Tafoya Canyon,RIO ARRIBA,NM,LocationNotes_63453ba9,,,WLReportNote_8f130157,ChemistryReportNote_0187137c,-17394.0,-19018.0,,463542300,680,36.138401476666665,-107.58457922111658,0x000000002C39FD5E,0,,13
4DA98F72-85B6-44B2-B007-00A1061F99EC,2019-10-08 00:00:00.000,SB-0471,SiteNames_013c42c6,SiteID_38a98847,AlternateSiteID_7bdf0089,AlternateSiteID2_2788856f,,U,0,GW,0,1,0,0.0,0.0,0.0,0.0,,480899.0,3509782.0,NAD83,CoordinateNotes_4add0549,3629.0,,R,,,,NAD27,,R,,,,,,,,,Hudspeth,TX,LocationNotes_63453ba9,,,WLReportNote_8f130157,ChemistryReportNote_0187137c,-16152.0,5246.0,,,38825,31.72337226126126,-105.17662451351352,0x000000002C39FD5F,0,,13
741A2743-1EE1-4AD4-99DD-00A22B3F1891,2015-01-27 00:00:00.000,NM-17765,,SiteID_d3c36aa5,AlternateSiteID_5ce57898,AlternateSiteID2_2788856f,,U,0,GW,0,1,0,0.0,0.0,0.0,0.0,,373336.0,3792284.0,NAD83,CoordinateNotes_4ce87faf,6235.0,10.0,M,NGVD29,,,NAD83,S,M,,,,,,,,Cerro Montoso,Socorro,NM,LocationNotes_63453ba9,,,WLReportNote_8f130157,ChemistryReportNote_0187137c,15552.0,-1976.0,,,9776,34.2619875981982,-106.4049074418919,0x000000002C39FD60,0,,13
DF1213FC-1354-4533-A83E-00A8A546AFDF,2015-01-27 00:00:00.000,NM-04512,SiteNames_4deeb3e0,SiteID_4253c74f,AlternateSiteID_5ce57898,AlternateSiteID2_2788856f,,U,0,GW,0,1,0,0.0,0.0,0.0,0.0,,664351.0,3536758.0,NAD83,CoordinateNotes_83bd9298,2997.4,,U,NGVD29,,,NAD83,T,M,,,,,,,,Javelina Basin,Lea,NM,LocationNotes_63453ba9,,,WLReportNote_8f130157,ChemistryReportNote_0187137c,1714.0,-13432.0,,463527100,25166,31.955229680990985,-103.26140633855854,0x000000002C39FD61,0,,13
4CDD6DD0-A47A-4EBD-833D-00AA85D6C848,2014-10-01 00:00:00.000,NM-00509,SiteNames_1fdf36fd,SiteID_15884bc8,AlternateSiteID_5ce57898,AlternateSiteID2_2788856f,,U,0,GW,0,1,0,0.0,0.0,0.0,0.0,,255550.0,3644546.0,NAD83,CoordinateNotes_d7519d30,4765.0,10.0,M,NGVD29,325822.9428468469,1072421.808429357,NAD83,R,G,15.0,S,6.0,W,25.414,,,Skute Stone Arroyo,SIERRA,NM,LocationNotes_63453ba9,,,WLReportNote_8f130157,ChemistryReportNote_0187137c,-19576.0,-6344.0,,463527100,2145,32.91604128684685,-107.59779286307592,0x000000002C39FD62,0,,13
4DC4A9AC-EBE8-44E5-A6FE-00AB8B0446A3,2015-01-27 00:00:00.000,NM-16381,,SiteID_c8a36175,AlternateSiteID_5ce57898,AlternateSiteID2_2788856f,,U,0,GW,0,1,0,0.0,0.0,0.0,0.0,,292177.0,3778280.0,NAD83,CoordinateNotes_668e77aa,6650.0,20.0,M,NGVD29,,,NAD83,F,M,,,,,,,,Magdalena,Socorro,NM,LocationNotes_63453ba9,,,WLReportNote_8f130157,ChemistryReportNote_0187137c,-11166.0,7290.0,,,12022,34.12685166567568,-107.23146253459458,0x000000002C39FD63,0,,13
5EF5430D-BB18-4724-B1BA-00AC8F6229FA,2015-01-27 00:00:00.000,NM-09630,SiteNames_009c3923,SiteID_082e88bd,AlternateSiteID_5ce57898,AlternateSiteID2_2788856f,,U,0,GW,0,1,0,0.0,0.0,0.0,0.0,,557693.0,3649978.0,NAD83,CoordinateNotes_7663b3d7,3324.0,,U,NGVD29,,,NAD83,T,M,,,,,,,,Spring Lake,Eddy,NM,LocationNotes_63453ba9,,,WLReportNote_8f130157,ChemistryReportNote_0187137c,-2320.0,18138.0,,463527100,27994,32.9862961454054,-104.3797512909009,0x000000002C39FD64,0,,13
E88D0910-44C7-45DA-BFA6-00B2B71CC644,2015-01-27 00:00:00.000,NM-07282,SiteNames_64632209,SiteID_38fb59fb,AlternateSiteID_5ce57898,AlternateSiteID2_2788856f,,U,0,GW,0,1,0,0.0,0.0,0.0,0.0,,643645.0,3605926.0,NAD83,CoordinateNotes_38e33062,3699.0,5.0,M,NGVD29,,,NAD83,S,M,,,,,,,,Monument SW,Lea,NM,LocationNotes_63453ba9,,,WLReportNote_8f130157,ChemistryReportNote_0187137c,-946.0,6426.0,,463527100,17677,32.5813490418919,-103.46900690252252,0x000000002C39FD65,0,,13
60B73407-5595-4C04-BE2D-00B2EFD35D9E,2015-01-27 00:00:00.000,NM-22958,SiteNames_129db3ce,SiteID_ca7fa8cd,AlternateSiteID_5ce57898,AlternateSiteID2_2788856f,,U,0,GW,0,1,0,0.0,0.0,0.0,0.0,,633135.0,3885406.0,NAD83,CoordinateNotes_3e0073d5,3989.0,,U,NGVD29,,,NAD83,U,M,,,,,,,,Lesbia,Quay,NM,LocationNotes_63453ba9,,,WLReportNote_8f130157,ChemistryReportNote_0187137c,-3200.0,-8474.0,,,19067,35.10232489765766,-103.53156650882885,0x000000002C39FD66,0,,13
C7D83009-67DA-4B51-8AF3-00B602CF7A92,2015-01-27 00:00:00.000,NM-04311,SiteNames_4b3b94e2,SiteID_5c83a691,AlternateSiteID_5ce57898,AlternateSiteID2_2788856f,,U,0,GW,0,1,0,0.0,0.0,0.0,0.0,,231486.0,3564286.0,NAD83,CoordinateNotes_ecc6599f,4158.0,,U,NGVD29,,,NAD83,T,M,,,,,,,,South Peak,Luna,NM,LocationNotes_63453ba9,,,WLReportNote_8f130157,ChemistryReportNote_0187137c,-13700.0,18686.0,,463527100,12039,32.18621438234234,-107.82122743342342,0x000000002C39FD67,0,,13
EE99C2A0-E7BA-4AE0-B6C3-00B63D536F59,2015-01-27 00:00:00.000,NM-19949,SiteNames_6a9c6342,SiteID_68dfd972,AlternateSiteID_5ce57898,AlternateSiteID2_2788856f,,U,0,GW,0,1,0,0.0,0.0,0.0,0.0,,648714.0,3837502.0,NAD83,CoordinateNotes_13df4801,4588.0,5.0,M,NGVD29,,,NAD83,S,M,,,,,,,,Smith Ranch,Curry,NM,LocationNotes_63453ba9,,,WLReportNote_8f130157,ChemistryReportNote_0187137c,-4326.0,1472.0,,14,8403,34.66805366126126,-103.36892508297296,0x000000002C39FD68,0,,13
21743D1C-A078-488F-9A13-00B691B6AB7F,2014-10-17 00:00:00.000,NM-02165,SiteNames_67096368,SiteID_ca9c0141,AlternateSiteID_5ce57898,AlternateSiteID2_2788856f,,U,0,GW,0,1,0,0.0,0.0,0.0,0.0,,338979.0,3573188.0,NAD83,CoordinateNotes_e192adb3,3859.2,0.1,L,NGVD29,321237.07259459456,1064621.879899053,NAD27,F,M,24.0,S,2.0,E,19.214,,,Black Mesa,DONA ANA,NM,LocationNotes_63453ba9,,,WLReportNote_8f130157,ChemistryReportNote_0187137c,6056.0,8058.0,,463526701,928,32.28296839459459,-106.89288083720862,0x000000002C39FD69,0,,13
0DCDC439-B630-4CFC-8053-00B7A00C0B8D,2015-01-27 00:00:00.000,NM-17880,SiteNames_70a67c6e,SiteID_589b95ae,AlternateSiteID_5ce57898,AlternateSiteID2_2788856f,,U,0,GW,0,1,0,0.0,0.0,0.0,0.0,,664964.0,3778984.0,NAD83,CoordinateNotes_f3695f90,4170.0,5.0,M,NGVD29,,,NAD83,S,M,,,,,,,,Midway,Curry,NM,LocationNotes_63453ba9,,,WLReportNote_8f130157,ChemistryReportNote_0187137c,1836.0,-19036.0,,407,16010,34.13913852450451,-103.21063213945943,0x000000002C39FD6A,0,,13
359499C9-837F-4D57-9F53-00B7E47CD948,2015-09-28 00:00:00.000,QY-0522,SiteNames_620924bd,SiteID_38a98847,AlternateSiteID_b3daafdd,AlternateSiteID2_2788856f,,U,0,GW,0,1,1,0.0,0.0,0.0,0.0,,692688.0,3956566.0,NAD83,CoordinateNotes_5c5ad419,4166.64,3.3,N,NAVD88,,,NAD27,,R,16.0,N,37.0,E,6.121,,,Doyle Hill,Quay,NM,LocationNotes_63453ba9,,,WLReportNote_8f130157,ChemistryReportNote_0187137c,16688.0,9506.0,,,32278,,,0x000000002C39FD6B,1,,13
05A57364-7AEC-48BF-9296-00B82D839FB6,2015-01-27 00:00:00.000,NM-06387,,SiteID_0912353b,AlternateSiteID_5ce57898,AlternateSiteID2_2788856f,,U,0,GW,0,1,0,0.0,0.0,0.0,0.0,,327019.0,3574898.0,NAD83,CoordinateNotes_81aac9ba,4288.0,20.0,M,NGVD29,,,NAD83,T,M,,,,,,,,Las Cruces,Dona Ana,NM,LocationNotes_63453ba9,,,WLReportNote_8f130157,ChemistryReportNote_0187137c,-8224.0,-7172.0,,269,21001,32.298813087387394,-106.8252049500901,0x000000002C39FD6C,0,,13
8FE5CD3E-C7DC-4089-AF62-00B846BEB085,2016-03-07 00:00:00.000,TO-0276,SiteNames_14e2ee6c,SiteID_38a98847,AlternateSiteID_169b4f2a,AlternateSiteID2_2788856f,,U,0,GW,0,1,1,0.0,0.0,0.0,0.0,,397638.0,3862902.0,NAD83,CoordinateNotes_79920d25,6195.35,3.3,N,NAVD88,,,NAD27,,R,7.0,N,8.0,E,3.433,,,Estancia,Torrance,NM,LocationNotes_63453ba9,,,WLReportNote_8f130157,ChemistryReportNote_0187137c,-3180.0,5242.0,,,35349,,,0x000000002C39FD6D,1,,13
431B8A4E-FD5D-4589-A991-00B866638263,2012-08-09 00:00:00.000,QU-022,SiteNames_73903496,SiteID_38a98847,AlternateSiteID_15c4e111,AlternateSiteID2_2788856f,2013-06-28 00:00:00.000,C,0,GW,0,1,1,0.0,0.0,0.0,0.0,,432481.0,4078377.0,NAD83,CoordinateNotes_5a57b500,7599.76,3.3,N,NAVD88,,,NAD27,,G,,,,,,,,Cerro,TAOS,NM,LocationNotes_3f9eef44,2015-08-25 00:00:00.000,2015-02-27 00:00:00.000,WLReportNote_012b39bc,ChemistryReportNote_891bb33b,-13320.0,10666.0,Questa Red River,,1883,,,0x000000002C39FD6E,1,,13
E3301B1A-BFAA-4F26-8858-00B877F02913,2014-04-03 00:00:00.000,EB-055,SiteNames_478a2afe,SiteID_38a98847,AlternateSiteID_5ce57898,AlternateSiteID2_2788856f,,U,0,GW,0,1,0,0.0,1.0,0.0,0.0,,400668.0,3954170.0,NAD83,CoordinateNotes_5a57b500,7258.13,3.3,N,NAVD88,353549.6099009009,1055413.3847483222,NAD27,S,M,16.0,N,10.0,E,20.342,,,Seton Village,SANTA FE,NM,LocationNotes_0fe4e2bf,,,WLReportNote_8f130157,ChemistryReportNote_0187137c,-17412.0,14530.0,Espanola Basin,,6175,,,0x000000002C39FD6F,1,,13
780883BE-DD42-4D49-99E4-00BA2E53DFEC,2015-01-27 00:00:00.000,NM-14793,SiteNames_f0e63984,SiteID_5fe0c081,AlternateSiteID_5ce57898,AlternateSiteID2_2788856f,,U,0,GW,0,1,0,0.0,0.0,0.0,0.0,,561064.0,3702072.0,NAD83,CoordinateNotes_e01601cc,3599.0,,U,NGVD29,,,NAD83,T,M,,,,,,,,Melena,Chaves,NM,LocationNotes_63453ba9,,,WLReportNote_8f130157,ChemistryReportNote_0187137c,14394.0,-16968.0,,463527100,26959,33.457225835135134,-104.36723866432432,0x000000002C39FD70,0,,13
C194B6ED-F4DB-4396-BDE2-00BAD71C1B49,2015-01-27 00:00:00.000,NM-16929,SiteNames_4c390184,SiteID_ec9099ce,AlternateSiteID_5ce57898,AlternateSiteID2_2788856f,,U,0,GW,0,1,0,0.0,0.0,0.0,0.0,,602111.0,3788412.0,NAD83,CoordinateNotes_c982c558,4182.0,,U,NGVD29,,,NAD83,T,M,,,,,,,,Watts Hill,De Baca,NM,LocationNotes_63453ba9,,,WLReportNote_8f130157,ChemistryReportNote_0187137c,17788.0,8682.0,,463527100,14416,34.23329367621622,-103.92499394774774,0x000000002C39FD71,0,,13
737B2DE2-7265-4F3F-A7ED-00BDCDAF8B3F,2016-03-07 00:00:00.000,TO-0063,SiteNames_14e2ee6c,SiteID_38a98847,AlternateSiteID_bff22ca4,AlternateSiteID2_2788856f,,U,0,GW,0,1,1,0.0,0.0,0.0,0.0,,363224.0,3847900.0,NAD83,CoordinateNotes_79920d25,6636.35,3.3,N,NAVD88,,,NAD27,,R,4.0,N,6.0,E,3.444,,,Punta de Agua,Torrance,NM,LocationNotes_63453ba9,,,WLReportNote_8f130157,ChemistryReportNote_0187137c,-18086.0,18700.0,,,35136,,,0x000000002C39FD72,1,,13
9D7BE5D7-BC05-44E5-A635-00BF01CA1896,2004-06-18 00:00:00.000,EB-370,SiteNames_c1898cc7,SiteID_38a98847,AlternateSiteID_5ce57898,AlternateSiteID2_2788856f,,U,0,GW,0,1,1,0.0,1.0,0.0,0.0,,406424.0,3946697.0,NAD83,CoordinateNotes_7651c167,6150.65,3.3,N,NAVD88,353442.7276306306,1060506.577953311,NAD27,S,M,16.0,N,8.0,E,34.1142,,,Turquoise Hill,SANTA FE,NM,LocationNotes_63453ba9,,,WLReportNote_8f130157,ChemistryReportNote_0187137c,4794.0,8950.0,Espanola Basin,,4291,,,0x000000002C39FD73,1,,13
BD37F6FA-C326-4CFD-8C25-00BF39AEB648,2015-11-11 00:00:00.000,BW-0540,SiteNames_14e2ee6c,SiteID_38a98847,AlternateSiteID_27fa188d,AlternateSiteID2_2788856f,,M,0,GW,0,0,1,0.0,0.0,0.0,0.0,,387756.0,3646728.0,NAD83,CoordinateNotes_fce4e842,4314.3,3.3,N,NAVD88,,,NAD27,,R,15.0,S,9.0,E,24.3,,,Malone Draw,Otero,NM,LocationNotes_cd37213c,,,WLReportNote_8f130157,ChemistryReportNote_0187137c,-15024.0,-4232.0,,,33729,,,0x000000002C39FD74,1,,13
48710F76-B7C4-4B8E-8A9B-00C26C00ED64,2015-01-27 00:00:00.000,NM-24567,SiteNames_f04ba5bb,SiteID_43d672eb,AlternateSiteID_5ce57898,AlternateSiteID2_2788856f,,U,0,GW,0,1,0,0.0,0.0,0.0,0.0,,435611.0,3943802.0,NAD83,CoordinateNotes_c227f029,7740.0,,U,NGVD29,,,NAD83,T,M,,,,,,,,Glorieta,Santa Fe,NM,LocationNotes_63453ba9,,,WLReportNote_8f130157,ChemistryReportNote_0187137c,4656.0,3982.0,,,27296,35.63563068387387,-105.72029372405406,0x000000002C39FD75,0,,13
3718652A-E270-4BE4-8353-00C42800157A,2010-02-26 00:00:00.000,SA-2002,SiteNames_748a1629,SiteID_38a98847,AlternateSiteID_5ce57898,AlternateSiteID2_2788856f,2010-12-09 00:00:00.000,C,0,M,0,0,1,0.0,0.0,0.0,0.0,,271185.0,3773432.0,NAD83,CoordinateNotes_5a57b500,7011.99,3.3,N,NAVD88,,,NAD27,,G,3.0,S,7.0,W,12.441,,,Arrowhead Well,SOCORRO,NM,LocationNotes_617e0491,,,WLReportNote_8f130157,ChemistryReportNote_0187137c,2942.0,2112.0,San Agustin Plains Alamosa Creek,,1501,,,0x000000002C39FD76,1,,13
2C63A0DF-ED5C-4A3C-9E78-00C5257638E0,2015-11-11 00:00:00.000,BW-0624,SiteNames_456468c8,SiteID_38a98847,AlternateSiteID_0c65c3d8,AlternateSiteID2_2788856f,,M,0,SP,0,0,1,1.0,0.0,0.0,0.0,,402797.0,3732582.0,NAD83,CoordinateNotes_e21b76d0,5370.0,,R,,,,NAD27,,,7.0,S,10.0,E,26.42,,,Carrizoza East,Lincoln,NM,LocationNotes_4824ef0a,,,WLReportNote_8f130157,ChemistryReportNote_0187137c,-16816.0,6812.0,,,33811,,,0x000000002C39FD77,1,,13
DDF4CAC0-F38E-4CF1-A67F-00C60B065E27,2015-01-27 00:00:00.000,NM-17956,SiteNames_7e88a3ad,SiteID_888e7baf,AlternateSiteID_5ce57898,AlternateSiteID2_2788856f,,U,0,GW,0,1,0,0.0,0.0,0.0,0.0,,524402.0,3780560.0,NAD83,CoordinateNotes_6178c795,4718.0,,U,NGVD29,,,NAD83,T,M,,,,,,,,El Morro Mesa,De Baca,NM,LocationNotes_63453ba9,,,WLReportNote_8f130157,ChemistryReportNote_0187137c,-4632.0,-16820.0,,463527100,25945,34.16576584846847,-104.72615675972972,0x000000002C39FD78,0,,13
D4F81D79-1593-4D46-94DE-00C642213E8A,2015-01-27 00:00:00.000,NM-12421,SiteNames_79c4eabb,SiteID_32ffc9ef,AlternateSiteID_5ce57898,AlternateSiteID2_2788856f,,U,0,GW,0,1,0,0.0,0.0,0.0,0.0,,569460.0,3658318.0,NAD83,CoordinateNotes_e928521e,3458.0,,U,NGVD29,,,NAD83,T,M,,,,,,,,Dexter East,Chaves,NM,LocationNotes_63453ba9,,,WLReportNote_8f130157,ChemistryReportNote_0187137c,10816.0,-15482.0,,463527100,20081,33.062017172522516,-104.27335658855856,0x000000002C39FD79,0,,13
8E0D63A7-1F96-4BA3-ABFC-00C66CE3B2B0,2015-07-15 00:00:00.000,MI-0281,SiteNames_8d322a39,SiteID_38a98847,AlternateSiteID_5ce57898,AlternateSiteID2_2788856f,,U,0,GW,0,1,1,0.0,0.0,0.0,0.0,,506141.0,3941302.0,NAD83,CoordinateNotes_97b32636,6537.89,3.3,N,NAVD88,,,NAD27,,R,18.0,N,18.0,E,33.4,,,Onava,San Miguel,NM,LocationNotes_68e1fdb6,,,WLReportNote_8f130157,ChemistryReportNote_0187137c,8940.0,-13290.0,,,31387,,,0x000000002C39FD7A,1,,13
E72BD9B7-0EFC-44D9-8FF6-00C7D339B119,2016-03-07 00:00:00.000,TO-0272,SiteNames_14e2ee6c,SiteID_38a98847,AlternateSiteID_5bb26205,AlternateSiteID2_2788856f,,U,0,GW,0,1,1,0.0,0.0,0.0,0.0,,415381.0,3853670.0,NAD83,CoordinateNotes_6294849d,6150.0,,R,,,,NAD27,,R,7.0,N,8.0,E,1.423,,,Estancia,Torrance,NM,LocationNotes_63453ba9,,,WLReportNote_8f130157,ChemistryReportNote_0187137c,10910.0,-4250.0,,,35345,,,0x000000002C39FD7B,1,,13
BF2D8C3E-87D1-46FF-9899-00CA33D2069E,2015-01-27 00:00:00.000,NM-07623,SiteNames_186cf91e,SiteID_bb3cd276,AlternateSiteID_5ce57898,AlternateSiteID2_2788856f,,U,0,GW,0,1,0,0.0,0.0,0.0,0.0,,664634.0,3592946.0,NAD83,CoordinateNotes_bfd1a8ab,3552.0,,U,NGVD29,,,NAD83,T,M,,,,,,,,Monument South,Lea,NM,LocationNotes_63453ba9,,,WLReportNote_8f130157,ChemistryReportNote_0187137c,3764.0,-13464.0,,463527100,23114,32.462158632702696,-103.25212468009008,0x000000002C39FD7C,0,,13
339800F7-3364-4943-BE17-00CA7C5F7E98,2012-08-17 00:00:00.000,QU-047,SiteNames_fd6bac6d,SiteID_38a98847,AlternateSiteID_5ce57898,AlternateSiteID2_2788856f,2012-07-31 00:00:00.000,C,0,GW,0,1,0,0.0,0.0,0.0,0.0,,457435.0,4050293.0,NAD83,CoordinateNotes_5a57b500,7624.17,3.3,N,NAVD88,,,NAD27,,G,,,,,,,,Questa,TAOS,NM,LocationNotes_84010ff1,2015-08-13 00:00:00.000,,WLReportNote_6067c38a,ChemistryReportNote_0187137c,11508.0,-16356.0,Questa Red River,,1413,,,0x000000002C39FD7D,1,,13
C3931EC9-C8E4-4841-9496-00D04A027EAB,2015-01-27 00:00:00.000,NM-12410,SiteNames_643620dd,SiteID_af40732a,AlternateSiteID_5ce57898,AlternateSiteID2_2788856f,,U,0,GW,0,1,0,0.0,0.0,0.0,0.0,,567487.0,3653780.0,NAD83,CoordinateNotes_1b6d2e54,3538.0,,U,NGVD29,,,NAD83,T,M,,,,,,,,Dexter West,Chaves,NM,LocationNotes_63453ba9,,,WLReportNote_8f130157,ChemistryReportNote_0187137c,14460.0,-19710.0,,463527100,8855,33.02142671243244,-104.30080650972972,0x000000002C39FD7E,0,,13
EC93C098-09FC-45F5-89B1-00D5A7849DDC,2015-01-27 00:00:00.000,NM-20915,SiteNames_003cc6f0,SiteID_6a9fa820,AlternateSiteID_5ce57898,AlternateSiteID2_2788856f,,U,0,GW,0,1,0,0.0,0.0,0.0,0.0,,656140.0,3859226.0,NAD83,CoordinateNotes_81f6456f,4635.0,5.0,M,NGVD29,,,NAD83,S,M,,,,,,,,Grady,Curry,NM,LocationNotes_63453ba9,,,WLReportNote_8f130157,ChemistryReportNote_0187137c,2472.0,1396.0,,407,10347,34.86375232657658,-103.29684836972972,0x000000002C39FD7F,0,,13
214E397D-8EC0-4F1E-901D-00D6B45FD119,2015-01-27 00:00:00.000,NM-07876,SiteNames_396dd80e,SiteID_e604c829,AlternateSiteID_5ce57898,AlternateSiteID2_2788856f,,U,0,GW,0,1,0,0.0,0.0,0.0,0.0,,677181.0,3627094.0,NAD83,CoordinateNotes_c5a406fe,3595.0,,U,NGVD29,,,NAD83,T,M,,,,,,,,Monument South,Lea,NM,LocationNotes_63453ba9,,,WLReportNote_8f130157,ChemistryReportNote_0187137c,15906.0,16704.0,,463527100,26631,32.769774766486485,-103.1377391827027,0x000000002C39FD80,0,,13
C6F1EA16-44A7-407E-B2D4-00D6E69F1839,2015-01-27 00:00:00.000,NM-23434,SiteNames_26f6f19f,SiteID_c91b9bee,AlternateSiteID_5ce57898,AlternateSiteID2_2788856f,,U,0,GW,0,1,0,0.0,0.0,0.0,0.0,,208724.0,3892534.0,NAD83,CoordinateNotes_bc42c01a,6635.0,5.0,M,NGVD29,,,NAD83,T,M,,,,,,,,Bluewater,Cibola,NM,LocationNotes_63453ba9,,,WLReportNote_8f130157,ChemistryReportNote_0187137c,-18950.0,-15156.0,,463510500,20225,35.13877065945946,-108.16467096072073,0x000000002C39FD81,0,,13
71D209B8-E2CD-4F65-960B-00D712D3B298,2015-01-27 00:00:00.000,NM-11445,SiteNames_1be8eb3b,SiteID_0d74c7f6,AlternateSiteID_5ce57898,AlternateSiteID2_2788856f,,U,0,GW,0,1,0,0.0,0.0,0.0,0.0,,653069.0,3648574.0,NAD83,CoordinateNotes_17b7153b,3943.1,2.5,M,NGVD29,,,NAD83,S,M,,,,,,,,Hillburn City,Lea,NM,LocationNotes_63453ba9,,,WLReportNote_8f130157,ChemistryReportNote_0187137c,-4058.0,-10916.0,,463527100,27163,32.96427415765765,-103.35344915855856,0x000000002C39FD82,0,,13
1D3E3767-5965-4D50-85D7-00D7B5385F3A,2016-09-22 00:00:00.000,NM-27917,SiteNames_07dd98ac,SiteID_156eb746,AlternateSiteID_5ce57898,AlternateSiteID2_2788856f,,U,0,GW,0,1,0,0.0,0.0,0.0,0.0,,567642.0,3821248.0,NAD83,CoordinateNotes_cd5280d1,4262.0,,U,NGVD29,,,NAD83,T,M,4.0,N,26.0,E,18.324,,,Windmill Draw,De Baca,NM,LocationNotes_63453ba9,,,WLReportNote_8f130157,ChemistryReportNote_0187137c,-276.0,-6242.0,,,36859,34.53077464576576,-104.26190704648648,0x000000002C39FD83,0,,13
3D210CC2-0EB7-4BFC-B6A9-00D801E9398C,2015-12-03 00:00:00.000,BW-0833,SiteNames_14e2ee6c,SiteID_38a98847,AlternateSiteID_898e986e,AlternateSiteID2_2788856f,,U,0,GW,0,1,1,0.0,0.0,0.0,0.0,,107446.0,3578312.0,NAD83,CoordinateNotes_79920d25,4267.07,3.3,N,NAVD88,,,NAD27,,R,22.0,S,21.0,W,3.312,,,Summit,Hildago,NM,LocationNotes_63453ba9,,,WLReportNote_8f130157,ChemistryReportNote_0187137c,-16592.0,-15638.0,,,34020,,,0x000000002C39FD84,1,,13
5633813C-F147-4A7B-B453-00DAA1633E7E,2014-10-17 00:00:00.000,NM-01836,SiteNames_536ec30d,SiteID_a15b9ce5,AlternateSiteID_5ce57898,AlternateSiteID2_2788856f,2020-02-04 00:00:00.000,C,0,GW,0,1,0,0.0,0.0,0.0,0.0,,263144.0,3538869.0,NAD83,CoordinateNotes_2498baf0,4021.0,3.3,N,NAVD88,315152.0953153153,1073337.9452406012,NAD27,5m,G,28.0,S,7.0,W,21.211,,,Columbus SE,LUNA,NM,LocationNotes_63453ba9,,,WLReportNote_8f130157,ChemistryReportNote_0187137c,5368.0,10580.0,,863700200,2393,31.95985900531532,-107.6153365887961,0x000000002C39FD85,0,,13
C2646B56-DF99-44F9-B263-00DAC609F248,2015-01-27 00:00:00.000,NM-14272,,SiteID_6d630dc0,AlternateSiteID_5ce57898,AlternateSiteID2_2788856f,,U,0,GW,0,1,0,0.0,0.0,0.0,0.0,,216048.0,3686730.0,NAD83,CoordinateNotes_7e28d28b,6820.0,20.0,M,NGVD29,,,NAD83,S,M,,,,,,,,Spring Canyon,Catron,NM,LocationNotes_63453ba9,,,WLReportNote_8f130157,ChemistryReportNote_0187137c,6276.0,-17400.0,,,18550,33.28053126324323,-108.06517568945948,0x000000002C39FD86,0,,13
79934B59-F208-41EB-9B85-00DB5ED9AC4E,2015-01-27 00:00:00.000,NM-12334,SiteNames_9aa33640,SiteID_11f734f9,AlternateSiteID_5ce57898,AlternateSiteID2_2788856f,,U,0,GW,0,1,0,0.0,0.0,0.0,0.0,,538200.0,3672296.0,NAD83,CoordinateNotes_7283a12d,3546.0,,U,NGVD29,,,NAD83,T,M,,,,,,,,Dexter West,Chaves,NM,LocationNotes_63453ba9,,,WLReportNote_8f130157,ChemistryReportNote_0187137c,-14030.0,-174.0,,463527100,12615,33.18826019243244,-104.5660843363964,0x000000002C39FD87,0,,13
CF5583F1-81BA-4152-8D70-00DBBDD89A2E,2015-01-27 00:00:00.000,NM-12983,SiteNames_0c93b0c8,SiteID_50d7cbe8,AlternateSiteID_5ce57898,AlternateSiteID2_2788856f,,U,0,GW,0,1,0,0.0,0.0,0.0,0.0,,554656.0,3671954.0,NAD83,CoordinateNotes_34ee7126,3445.0,,U,NGVD29,,,NAD83,T,M,,,,,,,,Bottomless Lakes,Chaves,NM,LocationNotes_63453ba9,,,WLReportNote_8f130157,ChemistryReportNote_0187137c,-6616.0,-12116.0,,463527100,24296,33.18483922684684,-104.4015131836036,0x000000002C39FD88,0,,13
12B2390C-DDBC-462D-B1C4-00DF592111E5,2015-01-27 00:00:00.000,NM-22144,SiteNames_5ba43955,SiteID_e270c125,AlternateSiteID_5ce57898,AlternateSiteID2_2788856f,,U,0,GW,0,1,0,0.0,0.0,0.0,0.0,,386572.0,3881690.0,NAD83,CoordinateNotes_4eb687f6,6582.0,10.0,M,NGVD29,,,NAD83,S,M,,,,,,,,Edgewood,Santa Fe,NM,LocationNotes_63453ba9,,,WLReportNote_8f130157,ChemistryReportNote_0187137c,-3004.0,-2130.0,,463524800,15065,35.07196796081081,-106.23847723306304,0x000000002C39FD89,0,,13
8CB4C22A-1E67-497B-B475-00E44E817AFF,2013-04-18 00:00:00.000,TS-006,SiteNames_82cf7f64,SiteID_38a98847,AlternateSiteID_5ce57898,AlternateSiteID2_2788856f,2006-08-29 00:00:00.000,C,0,SP,0,0,1,1.0,0.0,0.0,0.0,,418986.0,4078491.0,NAD83,CoordinateNotes_b5ba99c0,7077.06,3.3,N,NAVD88,,,NAD27,,G,,,,,,,,Guadalupe Mountain,TAOS,NM,LocationNotes_d9cf99c3,,,WLReportNote_8f130157,ChemistryReportNote_0187137c,-19056.0,15182.0,Questa Red River,,3859,,,0x000000002C39FD8A,1,,13
53DABC0B-1491-437F-8A14-00E4A15A42F5,2015-01-27 00:00:00.000,NM-15057,SiteNames_f81846f8,SiteID_943f90b7,AlternateSiteID_5ce57898,AlternateSiteID2_2788856f,,U,0,GW,0,1,0,0.0,0.0,0.0,0.0,,549310.0,3738596.0,NAD83,CoordinateNotes_01f002e6,3797.0,,U,NGVD29,,,NAD83,T,M,,,,,,,,Coyote Draw,Chaves,NM,LocationNotes_63453ba9,,,WLReportNote_8f130157,ChemistryReportNote_0187137c,-4004.0,9386.0,,463527100,30363,33.78603509855856,-104.46076398207208,0x000000002C39FD8B,0,,13
403E27DA-66A3-425D-9254-00E4E1A3A77D,2015-01-27 00:00:00.000,NM-13559,SiteNames_850f75d4,SiteID_3b317409,AlternateSiteID_5ce57898,AlternateSiteID2_2788856f,,U,0,GW,0,1,0,0.0,0.0,0.0,0.0,,606224.0,3709466.0,NAD83,CoordinateNotes_0b0d88f9,4463.0,,U,NGVD29,,,NAD83,T,M,,,,,,,,Mescalero Point,Chaves,NM,LocationNotes_63453ba9,,,WLReportNote_8f130157,ChemistryReportNote_0187137c,-8076.0,16626.0,,463527100,8657,33.51850194378379,-103.84410126675677,0x000000002C39FD8C,0,,13
53D58C8F-6571-498F-BA1A-00E6B9616F11,2025-04-29 00:00:00.000,CZ-0003,SiteNames_9a57d991,SiteID_38a98847,AlternateSiteID_5ce57898,AlternateSiteID2_2788856f,2025-03-25 08:00:00.000,C,0,GW,0,0,0,0.0,0.0,0.0,0.0,,488506.0,3762076.0,NAD83,CoordinateNotes_b4a70045,,,,,,,NAD27,5,G,,,,,,,,,,NM,LocationNotes_4a3c72d1,,,WLReportNote_8f130157,ChemistryReportNote_0187137c,19174.0,-9388.0,Carrizozo,,40650,,,0x000000002C39FD8D,1,,13
C1EE1F24-E934-4C2E-825B-00E85B4BCABA,2017-03-01 11:07:57.000,TC-339,SiteNames_9c41fad4,SiteID_38a98847,AlternateSiteID_5ce57898,AlternateSiteID2_2788856f,,U,0,GW,0,1,0,0.0,0.0,0.0,0.0,,448834.0,4091985.0,NAD83,CoordinateNotes_c9e0bd40,7781.0,3.3,N,NAVD88,,,NAD27,,M,,,,,,,,Costilla,Taos,NM,LocationNotes_63453ba9,,,WLReportNote_8f130157,ChemistryReportNote_0187137c,-3736.0,-1400.0,,,37498,,,0x000000002C39FD8E,1,,13
64304F6E-C296-4680-92A1-00E8F3F842C9,2023-10-02 00:00:00.000,RA-072,SiteNames_f7d374de,SiteID_38a98847,AlternateSiteID_5ce57898,AlternateSiteID2_2788856f,2023-09-13 09:00:00.000,C,0,GW,0,0,0,0.0,0.0,0.0,0.0,,435797.0,4025279.0,NAD83,CoordinateNotes_eb8d4a74,6060.65,3.3,N,NAVD88,,,NAD27,,,,,,,,,,,Rio Arriba,NM,LocationNotes_6e8ab077,,,WLReportNote_8f130157,ChemistryReportNote_0187137c,14226.0,19206.0,Rio Arriba,,40354,,,0x000000002C39FD8F,1,,13
92F9DD22-EB38-49CD-9EE0-00EA98F561A4,2015-01-27 00:00:00.000,NM-12354,SiteNames_0f536505,SiteID_ead545ea,AlternateSiteID_5ce57898,AlternateSiteID2_2788856f,,U,0,GW,0,1,0,0.0,0.0,0.0,0.0,,672151.0,3685736.0,NAD83,CoordinateNotes_0ad29794,3898.2,2.5,M,NGVD29,,,NAD83,S,M,,,,,,,,Prairieview NW,Lea,NM,LocationNotes_63453ba9,,,WLReportNote_8f130157,ChemistryReportNote_0187137c,5214.0,11266.0,,463527100,14220,33.297718335495496,-103.162140607027,0x000000002C39FD90,0,,13
E4424085-6622-43BD-B6AE-00EB6AB3D6EC,2015-07-15 00:00:00.000,MI-0052,SiteNames_852eef73,SiteID_38a98847,AlternateSiteID_5ce57898,AlternateSiteID2_2788856f,,U,0,GW,0,0,1,0.0,0.0,0.0,0.0,,472338.0,3927284.0,NAD83,CoordinateNotes_97b32636,6075.36,3.3,N,NAVD88,,,NAD27,,R,13.0,N,14.0,E,9.32,,,Sena,San Miguel,NM,LocationNotes_68e1fdb6,,,WLReportNote_8f130157,ChemistryReportNote_0187137c,14240.0,13250.0,,,31158,,,0x000000002C39FD91,1,,13
5B48F590-E3A8-42DA-9932-00EC4EA7073B,2015-01-27 00:00:00.000,NM-18489,SiteNames_525ce38a,SiteID_586ab80d,AlternateSiteID_5ce57898,AlternateSiteID2_2788856f,,U,0,GW,0,1,0,0.0,0.0,0.0,0.0,,612814.0,3799332.0,NAD83,CoordinateNotes_66acb0d7,4266.0,5.0,M,NGVD29,,,NAD83,S,M,,,,,,,,Tolar,Roosevelt,NM,LocationNotes_63453ba9,,,WLReportNote_8f130157,ChemistryReportNote_0187137c,15404.0,-7418.0,,463527100,10749,34.33074239117117,-103.8014695152252,0x000000002C39FD92,0,,13
6C51C1B2-61B5-4271-8442-00EC816ADAAF,2015-09-28 00:00:00.000,QY-0155,SiteNames_9a872db8,SiteID_38a98847,AlternateSiteID_658120c9,AlternateSiteID2_2788856f,,U,0,GW,0,1,0,0.0,0.0,0.0,0.0,,610746.0,3897898.0,NAD83,CoordinateNotes_514b3639,4160.0,10.0,R,,,,NAD27,,R,11.0,N,29.0,E,13.321,,,Liberty Mesa,Quay,NM,LocationNotes_63453ba9,,,WLReportNote_8f130157,ChemistryReportNote_0187137c,3468.0,4628.0,,,32222,,,0x000000002C39FD93,1,,13
28FBCC4B-8038-4BE4-9F0B-00F06887C865,2015-01-27 00:00:00.000,NM-07766,SiteNames_7888936f,SiteID_43fb352e,AlternateSiteID_5ce57898,AlternateSiteID2_2788856f,,U,0,GW,0,1,0,0.0,0.0,0.0,0.0,,680094.0,3620538.0,NAD83,CoordinateNotes_f44dc42d,3559.0,,U,NGVD29,,,NAD83,T,M,,,,,,,,Monument South,Lea,NM,LocationNotes_63453ba9,,,WLReportNote_8f130157,ChemistryReportNote_0187137c,17252.0,11908.0,,463527100,17672,32.71045673927928,-103.10922250657656,0x000000002C39FD94,0,,13
E4611E18-D33B-460B-B2F5-00F1C806D6B0,2015-01-27 00:00:00.000,NM-17937,SiteNames_0eb72553,SiteID_02f4c1f4,AlternateSiteID_5ce57898,AlternateSiteID2_2788856f,,U,0,GW,0,1,0,0.0,0.0,0.0,0.0,,668560.0,3788736.0,NAD83,CoordinateNotes_42ae00c6,4189.0,2.5,M,NGVD29,,,NAD83,S,M,,,,,,,,Oasis State Park,Curry,NM,LocationNotes_63453ba9,,,WLReportNote_8f130157,ChemistryReportNote_0187137c,8334.0,-10034.0,,407,26360,34.2274598436036,-103.18348117891892,0x000000002C39FD95,0,,13
F6A731C3-F76E-40BC-BAFB-00F20414CBEE,2014-11-18 00:00:00.000,AB-1000,SiteNames_7b82f988,SiteID_38a98847,AlternateSiteID_703590cd,AlternateSiteID2_2788856f,,U,0,SP,0,0,1,0.0,0.0,0.0,0.0,,315613.0,3849958.0,NAD83,CoordinateNotes_e5f77ac6,5744.0,,R,NGVD29,344148.0766486486,1070704.0888175948,NAD27,,R,6.0,N,3.0,W,35.443,,,Mesas Mojinas,VALENCIA,NM,LocationNotes_63453ba9,,,WLReportNote_8f130157,ChemistryReportNote_0187137c,9644.0,8508.0,,,6690,,,0x000000002C39FD96,1,,13
40A881A6-C617-46F5-B0F6-00F21D5F75C8,2015-01-27 00:00:00.000,NM-21401,,SiteID_5ad44b5a,AlternateSiteID_5ce57898,AlternateSiteID2_2788856f,,U,0,GW,0,1,0,0.0,0.0,0.0,0.0,,335539.0,3856550.0,NAD83,CoordinateNotes_265aecbf,4915.56,0.01,L,NAVD88,,,NAD83,H,G,,,,,,,,Isleta,Bernalillo,NM,LocationNotes_63453ba9,,,WLReportNote_8f130157,ChemistryReportNote_0187137c,-10318.0,-16040.0,,,20073,34.83968160549549,-106.78175217495496,0x000000002C39FD97,0,,13
E5B4C873-B9C6-44B2-B431-00F9141AD5F1,2015-01-27 00:00:00.000,NM-17547,SiteNames_8a1a153d,SiteID_fa0dc314,AlternateSiteID_5ce57898,AlternateSiteID2_2788856f,,U,0,GW,0,1,0,0.0,0.0,0.0,0.0,,542196.0,3774712.0,NAD83,CoordinateNotes_5d443d8b,4662.0,,U,NGVD29,,,NAD83,T,M,,,,,,,,Wright Ranch,De Baca,NM,LocationNotes_63453ba9,,,WLReportNote_8f130157,ChemistryReportNote_0187137c,19428.0,-14088.0,,463527100,28598,34.11315919108108,-104.57773398297296,0x000000002C39FD98,0,,13
9F60C900-97C0-4ED4-ACB8-00FBD5FC0BA1,2025-01-25 00:00:00.000,SAC-0282,SiteNames_1b8b6faf,SiteID_38a98847,AlternateSiteID_5ce57898,AlternateSiteID2_2788856f,2025-01-16 14:30:00.000,C,0,GW,0,0,0,0.0,0.0,0.0,0.0,,308511.0,3754284.0,NAD83,CoordinateNotes_b4a70045,4551.0,,,,,,NAD27,5m,G,,,,,,,,,Socorro,NM,LocationNotes_6eaa6c5e,,,WLReportNote_8f130157,ChemistryReportNote_0187137c,-19148.0,-150.0,San Acacia,,40575,,,0x000000002C39FD99,1,,13
A132F49A-2075-4B94-9CC7-00FC8CEDF5E9,2015-01-27 00:00:00.000,NM-26041,SiteNames_cdeb144d,SiteID_4c433f37,AlternateSiteID_5ce57898,AlternateSiteID2_2788856f,,U,0,GW,0,1,0,0.0,0.0,0.0,0.0,,582649.0,4002674.0,NAD83,CoordinateNotes_c723f902,5837.0,10.0,M,NGVD29,,,NAD83,T,M,,,,,,,,Gladstone,Union,NM,LocationNotes_63453ba9,,,WLReportNote_8f130157,ChemistryReportNote_0187137c,-12206.0,-12516.0,,,22779,36.16421768324325,-104.05382242396396,0x000000002C39FD9A,0,,13
80438163-C987-43EF-9E4B-00FD539742F6,2015-01-27 00:00:00.000,NM-14104,SiteNames_96f75294,SiteID_de055466,AlternateSiteID_5ce57898,AlternateSiteID2_2788856f,,U,0,GW,0,1,0,0.0,0.0,0.0,0.0,,558890.0,3708982.0,NAD83,CoordinateNotes_f747301b,3523.0,,U,NGVD29,,,NAD83,T,M,,,,,,,,Bitter Lake,Chaves,NM,LocationNotes_63453ba9,,,WLReportNote_8f130157,ChemistryReportNote_0187137c,9558.0,11522.0,,463527100,9733,33.519178011801806,-104.3833041918919,0x000000002C39FD9B,0,,13
166DAAED-AA97-429B-A25F-00FDF458D6BB,2015-01-27 00:00:00.000,NM-10729,SiteNames_f8a233a8,SiteID_bdd10006,AlternateSiteID_5ce57898,AlternateSiteID2_2788856f,,U,0,GW,0,1,0,0.0,0.0,0.0,0.0,,255598.0,3664950.0,NAD83,CoordinateNotes_4fb6245c,5202.0,,U,NGVD29,,,NAD83,T,M,,,,,,,,Skute Stone Arroyo,Sierra,NM,LocationNotes_63453ba9,,,WLReportNote_8f130157,ChemistryReportNote_0187137c,-10922.0,15720.0,,463527100,20513,33.09808358162162,-107.5962025363964,0x000000002C39FD9C,0,,13
C3EC7097-0926-45A5-A41C-00FE4EA011FF,2015-01-27 00:00:00.000,NM-25543,,SiteID_6d7317f5,AlternateSiteID_5ce57898,AlternateSiteID2_2788856f,,U,0,GW,0,1,0,0.0,0.0,0.0,0.0,,388417.0,3983272.0,NAD83,CoordinateNotes_dc64ea06,5730.0,10.0,M,NGVD29,,,NAD83,S,M,,,,,,,,Espanola,Santa Fe,NM,LocationNotes_63453ba9,,,WLReportNote_8f130157,ChemistryReportNote_0187137c,-18682.0,2682.0,,,26119,35.989464062162156,-106.1986068463063,0x000000002C39FD9D,0,,13
7591694C-3783-4D5C-AC0F-00FF1CCE155B,2015-01-27 00:00:00.000,NM-06745,SiteNames_8b4b802b,SiteID_7bc524a0,AlternateSiteID_5ce57898,AlternateSiteID2_2788856f,,U,0,GW,0,1,0,0.0,0.0,0.0,0.0,,247111.0,3599304.0,NAD83,CoordinateNotes_daa0e35d,4480.0,5.0,M,NGVD29,,,NAD83,T,M,,,,,,,,Florida,Luna,NM,LocationNotes_63453ba9,,,WLReportNote_8f130157,ChemistryReportNote_0187137c,-13922.0,8784.0,,463527100,25484,32.50533302513513,-107.66683753342345,0x000000002C39FD9E,0,,13
E6A0714E-34CA-4182-919C-01091774C529,2014-10-01 00:00:00.000,NM-00813,SiteNames_0066e94e,SiteID_cc95cafe,AlternateSiteID_5ce57898,AlternateSiteID2_2788856f,,U,0,GW,0,1,0,0.0,0.0,0.0,0.0,,455757.0,3695700.0,NAD83,CoordinateNotes_67ef7d9f,6593.0,20.0,M,NGVD29,333258.85054054053,1052131.5153734535,NAD83,R,G,9.0,S,16.0,E,3.3243,,,Capitan Peak,LINCOLN,NM,LocationNotes_63453ba9,,,WLReportNote_8f130157,ChemistryReportNote_0187137c,-10952.0,-16590.0,,463527100,6259,33.400262760540535,-104.84323765655206,0x000000002C39FD9F,0,,13
C774CB79-02E0-4045-9FD5-0109BB4FFB2E,2014-10-01 00:00:00.000,NM-01604,SiteNames_5bccf8cb,SiteID_67acfdbc,AlternateSiteID_5ce57898,AlternateSiteID2_2788856f,,U,0,GW,0,1,0,0.0,0.0,0.0,0.0,,319925.0,3998198.0,NAD83,CoordinateNotes_48c16aad,7280.0,10.0,M,NGVD29,361412.87421621627,1070225.033112841,NAD83,S,M,23.0,N,2.0,W,10.3214,,,Five Lakes Canyon NE,RIO ARRIBA,NM,LocationNotes_63453ba9,,,WLReportNote_8f130157,ChemistryReportNote_0187137c,3274.0,-13962.0,,463542300,5476,36.111179556216214,-107.0072084490866,0x000000002C39FDA0,0,,13
66CEDBF1-ECE2-493A-97BA-010A24640D57,2015-01-27 00:00:00.000,NM-15888,SiteNames_121b9133,SiteID_eb76ede0,AlternateSiteID_5ce57898,AlternateSiteID2_2788856f,,U,0,GW,0,1,0,0.0,0.0,0.0,0.0,,634092.0,3741578.0,NAD83,CoordinateNotes_9fabef14,4328.6,2.5,M,NGVD29,,,NAD83,S,M,,,,,,,,Dora,Roosevelt,NM,LocationNotes_63453ba9,,,WLReportNote_8f130157,ChemistryReportNote_0187137c,-19098.0,-11752.0,,463527100,29077,33.80338116612612,-103.51506222405406,0x000000002C39FDA1,0,,13
615EB4AF-3C12-42B0-ACFE-010D3736C00F,2015-01-27 00:00:00.000,NM-04371,,SiteID_6d51e282,AlternateSiteID_5ce57898,AlternateSiteID2_2788856f,,U,0,GW,0,1,0,0.0,0.0,0.0,0.0,,331212.0,3526926.0,NAD83,CoordinateNotes_cf7dba33,3804.0,10.0,M,NGVD29,,,NAD83,S,M,,,,,,,,La Mesa,Dona Ana,NM,LocationNotes_63453ba9,,,WLReportNote_8f130157,ChemistryReportNote_0187137c,-12994.0,-19024.0,,,7602,31.86760135261261,-106.76705718306306,0x000000002C39FDA2,0,,13
7A255C94-4DFC-4FEE-A43F-010D4354C9F4,2015-01-27 00:00:00.000,NM-19904,SiteNames_fa6cb03a,SiteID_de488752,AlternateSiteID_5ce57898,AlternateSiteID2_2788856f,,U,0,GW,0,1,0,0.0,0.0,0.0,0.0,,336109.0,3816386.0,NAD83,CoordinateNotes_99c3ba54,4950.0,4.3,N,NAVD88,,,NAD83,S,N,,,,,,,,Tome,Valencia,NM,LocationNotes_63453ba9,,,WLReportNote_8f130157,ChemistryReportNote_0187137c,-6660.0,-19014.0,,,12033,34.4771471427027,-106.77565,0x000000002C39FDA3,0,,13
3E81A507-0BEC-459A-A154-010DAE7FEA28,2015-07-15 00:00:00.000,MI-0087,SiteNames_f58530b4,SiteID_38a98847,AlternateSiteID_5ce57898,AlternateSiteID2_2788856f,,U,0,GW,0,1,0,0.0,0.0,0.0,0.0,,455673.0,3937994.0,NAD83,CoordinateNotes_97b32636,6537.27,3.3,N,NAVD88,,,NAD27,,R,14.0,N,15.0,E,11.2,,,Tecolote,San Miguel,NM,LocationNotes_944a5fbe,,,WLReportNote_8f130157,ChemistryReportNote_0187137c,-15456.0,13810.0,,,31193,,,0x000000002C39FDA4,1,,13
43799C68-DABB-4EFD-A1EE-010F5F4AFE5E,2015-01-27 00:00:00.000,NM-18364,SiteNames_09fec640,SiteID_973f0afc,AlternateSiteID_5ce57898,AlternateSiteID2_2788856f,,U,0,GW,0,1,0,0.0,0.0,0.0,0.0,,348945.0,3805932.0,NAD83,CoordinateNotes_8b4d5004,5283.0,10.0,M,NGVD29,,,NAD83,F,M,,,,,,,,Black Butte,Socorro,NM,LocationNotes_63453ba9,,,WLReportNote_8f130157,ChemistryReportNote_0187137c,-194.0,532.0,,,21425,34.3837473827928,-106.64260117774776,0x000000002C39FDA5,0,,13
1CDA6F5A-DD7A-42B1-9970-010FA2686629,2015-01-27 00:00:00.000,NM-05898,SiteNames_1c117c32,SiteID_82cc779c,AlternateSiteID_5ce57898,AlternateSiteID2_2788856f,,U,0,GW,0,1,0,0.0,0.0,0.0,0.0,,228267.0,3566620.0,NAD83,CoordinateNotes_b6151f42,4315.0,5.0,M,NGVD29,,,NAD83,T,M,,,,,,,,Deming East,Luna,NM,LocationNotes_63453ba9,,,WLReportNote_8f130157,ChemistryReportNote_0187137c,-14826.0,-7300.0,,463527100,29127,32.20682127423424,-107.86109607756758,0x000000002C39FDA6,0,,13
FCE9D9A2-2C31-4DC5-B916-0110F1649C34,2023-06-06 00:00:00.000,BC-0411,SiteNames_458f5f29,SiteID_38a98847,AlternateSiteID_8adb11d3,AlternateSiteID2_2788856f,,U,0,GW,0,0,0,0.0,0.0,0.0,0.0,,341061.0,3876358.0,NAD83,CoordinateNotes_b4a70045,5154.0,,R,,35.01736786675676,-106.74121295763952,NAD27,,R,,,,,,,,,BERNALILLO,NM,LocationNotes_63453ba9,,,WLReportNote_8f130157,ChemistryReportNote_0187137c,16.0,4302.0,,,40305,,,0x000000002C39FDA7,0,,13
9F24B0B2-D5D8-477C-8B49-01112915D962,2015-01-27 00:00:00.000,NM-08766,SiteNames_f04ba5bb,SiteID_9c430281,AlternateSiteID_5ce57898,AlternateSiteID2_2788856f,,U,0,GW,0,1,0,0.0,0.0,0.0,0.0,,558394.0,3614244.0,NAD83,CoordinateNotes_2091b6d3,3314.0,,U,NGVD29,,,NAD83,T,M,,,,,,,,Lake McMillan North,Eddy,NM,LocationNotes_63453ba9,,,WLReportNote_8f130157,ChemistryReportNote_0187137c,-2404.0,-8326.0,,463527100,24589,32.66427194099099,-104.37272948765768,0x000000002C39FDA8,0,,13
63180F82-CFC8-46FF-B096-0117B7FF078F,2015-01-27 00:00:00.000,NM-15137,SiteNames_bd9ea045,SiteID_bd01abed,AlternateSiteID_5ce57898,AlternateSiteID2_2788856f,,U,0,GW,0,1,0,0.0,0.0,0.0,0.0,,368027.0,3729298.0,NAD83,CoordinateNotes_210b2248,5790.0,12.0,M,NGVD29,,,NAD83,F,M,,,,,,,,Red Canyon,Socorro,NM,LocationNotes_63453ba9,,,WLReportNote_8f130157,ChemistryReportNote_0187137c,-19332.0,-3252.0,,,26193,33.69772047270271,-106.38999568216217,0x000000002C39FDA9,0,,13
20513935-E8E0-4164-A51E-01192640B404,2015-01-27 00:00:00.000,NM-06058,SiteNames_61e78304,SiteID_67b589a1,AlternateSiteID_5ce57898,AlternateSiteID2_2788856f,,U,0,GW,0,1,0,0.0,0.0,0.0,0.0,,571429.0,3591576.0,NAD83,CoordinateNotes_587de3d2,3005.1,,U,NGVD29,,,NAD83,T,M,,,,,,,,Loving,Eddy,NM,LocationNotes_63453ba9,,,WLReportNote_8f130157,ChemistryReportNote_0187137c,-15848.0,17586.0,,463527100,15312,32.45771998243244,-104.21576959477478,0x000000002C39FDAA,0,,13
31B5E55E-AC5B-459B-9DBD-011A34C4FC99,2015-01-27 00:00:00.000,NM-21586,SiteNames_c6faee4e,SiteID_53277891,AlternateSiteID_5ce57898,AlternateSiteID2_2788856f,,U,0,GW,0,1,0,0.0,0.0,0.0,0.0,,343570.0,3882742.0,NAD83,CoordinateNotes_409d2274,4929.92,0.01,L,NAVD88,,,NAD83,S,D,,,,,,,,Albuquerque West,Bernalillo,NM,LocationNotes_63453ba9,,,WLReportNote_8f130157,ChemistryReportNote_0187137c,-3930.0,5192.0,,,18979,35.07594144477478,-106.70711651540542,0x000000002C39FDAB,0,,13
8EB4B3F4-7C81-45F2-B987-011A52F9C123,2015-01-27 00:00:00.000,NM-07793,SiteNames_04820be8,SiteID_d1034a98,AlternateSiteID_5ce57898,AlternateSiteID2_2788856f,,U,0,GW,0,1,0,0.0,0.0,0.0,0.0,,665836.0,3627246.0,NAD83,CoordinateNotes_cacc54f6,3725.0,,U,NGVD29,,,NAD83,T,M,,,,,,,,Monument SW,Lea,NM,LocationNotes_63453ba9,,,WLReportNote_8f130157,ChemistryReportNote_0187137c,16270.0,18396.0,,463527100,21100,32.772797249729734,-103.25946456342344,0x000000002C39FDAC,0,,13
85A3B76D-F839-44C7-83E5-011C58EA3AC6,2015-01-27 00:00:00.000,NM-06091,SiteNames_3720a396,SiteID_594c639d,AlternateSiteID_5ce57898,AlternateSiteID2_2788856f,,U,0,GW,0,1,0,0.0,0.0,0.0,0.0,,589385.0,3569036.0,NAD83,CoordinateNotes_0eb9cdfe,2979.6,,U,NGVD29,,,NAD83,T,M,,,,,,,,Loving,Eddy,NM,LocationNotes_63453ba9,,,WLReportNote_8f130157,ChemistryReportNote_0187137c,-134.0,-5714.0,,463527100,21224,32.25447703252252,-104.05031246720722,0x000000002C39FDAD,0,,13
B28D2A73-09AB-423E-8BC9-01206B8C8212,2015-01-27 00:00:00.000,NM-10560,SiteNames_d9c771c4,SiteID_4ccb2a8f,AlternateSiteID_5ce57898,AlternateSiteID2_2788856f,,U,0,GW,0,1,0,0.0,0.0,0.0,0.0,,630732.0,3634842.0,NAD83,CoordinateNotes_f107097f,4115.6,,U,NGVD29,,,NAD83,T,M,,,,,,,,Buckeye NE,Lea,NM,LocationNotes_63453ba9,,,WLReportNote_8f130157,ChemistryReportNote_0187137c,-4068.0,-10918.0,,463527100,24159,32.84342742963964,-103.59465163864866,0x000000002C39FDAE,0,,13
DA4FC2B6-8715-4B90-B591-01240980E2D7,2016-02-16 00:00:00.000,ED-0014,SiteNames_14e2ee6c,SiteID_38a98847,AlternateSiteID_8c73bd54,AlternateSiteID2_2788856f,,U,0,GW,0,1,1,0.0,0.0,0.0,0.0,,604880.0,3660478.0,NAD83,CoordinateNotes_c9aa305c,4419.19,3.3,N,NAVD88,,,NAD27,,R,16.0,S,31.0,E,2.122,,,Maljamar NE,Eddy,NM,LocationNotes_63453ba9,,,WLReportNote_8f130157,ChemistryReportNote_0187137c,-3210.0,12768.0,,,34681,,,0x000000002C39FDAF,1,,13
D1706595-4504-4154-8A3F-012435956786,2015-11-11 00:00:00.000,BW-0008,SiteNames_ab95a19f,SiteID_38a98847,AlternateSiteID_53b160b4,AlternateSiteID2_2788856f,,M,0,GW,0,1,1,0.0,0.0,0.0,0.0,,374434.0,3599842.0,NAD83,CoordinateNotes_e21b76d0,5200.0,,R,,,,NAD27,,R,21.0,S,4.0,E,22.222,,,Organ,Dona Ana,NM,LocationNotes_cd37213c,,,WLReportNote_8f130157,ChemistryReportNote_0187137c,16722.0,5962.0,,,33198,,,0x000000002C39FDB0,1,,13
C67AA1DE-A69C-45C9-A799-0125D22A7D7F,2015-01-27 00:00:00.000,NM-05092,SiteNames_deb55a42,SiteID_5053a877,AlternateSiteID_5ce57898,AlternateSiteID2_2788856f,,U,0,GW,0,1,0,0.0,0.0,0.0,0.0,,256541.0,3560134.0,NAD83,CoordinateNotes_fa431b7a,4090.0,5.0,M,NGVD29,,,NAD83,T,M,,,,,,,,Akela,Luna,NM,LocationNotes_63453ba9,,,WLReportNote_8f130157,ChemistryReportNote_0187137c,-9816.0,-1726.0,,463527100,25996,32.153430060450454,-107.56623205243244,0x000000002C39FDB1,0,,13
9AD57C8E-83C5-4F83-BE9A-01272097D5D0,2015-02-26 00:00:00.000,NM-27083,SiteNames_9d6973c2,SiteID_38a98847,AlternateSiteID_5ce57898,AlternateSiteID2_2788856f,,U,0,GW,0,0,1,0.0,0.0,0.0,0.0,,299649.0,3763250.0,NAD83,CoordinateNotes_fd3848e5,6274.0,,R,,,,NAD27,,R,,,,,,,,Granite Mountain,Socorro,NM,LocationNotes_63453ba9,,,WLReportNote_8f130157,ChemistryReportNote_0187137c,1594.0,-16640.0,,,30845,,,0x000000002C39FDB2,1,,13
B05310A7-A7ED-46B2-948A-01282BF360B8,2015-01-27 00:00:00.000,NM-15681,SiteNames_e88f6db9,SiteID_8a175c09,AlternateSiteID_5ce57898,AlternateSiteID2_2788856f,,U,0,GW,0,1,0,0.0,0.0,0.0,0.0,,630504.0,3745124.0,NAD83,CoordinateNotes_de526a7d,4421.0,2.5,M,NGVD29,,,NAD83,S,M,,,,,,,,Elida SE,Roosevelt,NM,LocationNotes_63453ba9,,,WLReportNote_8f130157,ChemistryReportNote_0187137c,706.0,-1846.0,,463527100,14920,33.83845834936937,-103.59054200963963,0x000000002C39FDB3,0,,13
9A10BABD-F60A-4D9E-ABA1-0128C9F6CEE4,2015-01-27 00:00:00.000,NM-10094,SiteNames_b82d7ad1,SiteID_4249b96e,AlternateSiteID_5ce57898,AlternateSiteID2_2788856f,,U,0,GW,0,1,0,0.0,0.0,0.0,0.0,,541011.0,3619190.0,NAD83,CoordinateNotes_9914a59e,3516.0,,U,NGVD29,,,NAD83,T,M,,,,,,,,Espuela,Eddy,NM,LocationNotes_63453ba9,,,WLReportNote_8f130157,ChemistryReportNote_0187137c,-8388.0,-18840.0,,463527100,17812,32.709548190270276,-104.54747694756756,0x000000002C39FDB4,0,,13
2EFCAF4A-5172-4E46-94CB-01298B2B1FB4,2015-12-11 00:00:00.000,SO-0081,SiteNames_14e2ee6c,SiteID_38a98847,AlternateSiteID_9dc5cff4,AlternateSiteID2_2788856f,,U,0,GW,0,1,1,0.0,0.0,0.0,0.0,,310323.0,3821958.0,NAD83,CoordinateNotes_e21b76d0,5036.0,,R,,,,NAD27,,R,4.0,N,1.0,W,14.111,,,Belen SW,Socorro,NM,LocationNotes_7cb8fdc4,,,WLReportNote_8f130157,ChemistryReportNote_0187137c,-13576.0,-5872.0,,,34206,,,0x000000002C39FDB5,1,,13
BF9FFFFE-4B48-4566-A8D5-012E719C5D0B,2015-12-03 00:00:00.000,BW-0752,SiteNames_14e2ee6c,SiteID_38a98847,AlternateSiteID_cce30a3a,AlternateSiteID2_2788856f,,U,0,GW,0,1,1,0.0,0.0,0.0,0.0,,643213.0,3870196.0,NAD83,CoordinateNotes_79920d25,4138.2,3.3,N,NAVD88,,,NAD27,,R,9.0,N,32.0,E,1.433,,,Tucumcari SE,Quay,NM,LocationNotes_63453ba9,,,WLReportNote_8f130157,ChemistryReportNote_0187137c,6838.0,-8954.0,,,33965,,,0x000000002C39FDB6,1,,13
BB954AA6-536F-485B-B380-012F9605E9FF,2015-01-27 00:00:00.000,NM-18601,SiteNames_97fe5466,SiteID_79f20735,AlternateSiteID_5ce57898,AlternateSiteID2_2788856f,,U,0,GW,0,1,0,0.0,0.0,0.0,0.0,,621622.0,3826950.0,NAD83,CoordinateNotes_c945a9ff,4389.0,5.0,M,NGVD29,,,NAD83,S,M,,,,,,,,Saint Vrain,Curry,NM,LocationNotes_63453ba9,,,WLReportNote_8f130157,ChemistryReportNote_0187137c,-18296.0,17440.0,,407,11602,34.57469381711711,-103.64228551882884,0x000000002C39FDB7,0,,13
4CAA87AE-03EA-4FFD-B641-0130AD706124,2014-10-17 00:00:00.000,NM-02240,SiteNames_0740bbb1,SiteID_cb42505d,AlternateSiteID_5ce57898,AlternateSiteID2_2788856f,,U,0,GW,0,1,0,0.0,0.0,0.0,0.0,,149406.0,3582290.0,NAD83,CoordinateNotes_0d4585b8,4162.0,5.0,M,NGVD29,321515.06468468474,1085042.1287456912,NAD27,M,M,23.0,S,20.0,W,36.444,,,Gary,HIDALGO,NM,LocationNotes_63453ba9,,,WLReportNote_8f130157,ChemistryReportNote_0187137c,714707.0,3577840.0,,863700200,2142,32.318933454684675,-108.71630958881168,0x000000002C39FDB8,0,,13
BC01CA43-8BFB-46A3-84D8-0130ADD6A93C,2013-06-25 00:00:00.000,MG-027,SiteNames_8d08d413,SiteID_38a98847,AlternateSiteID_80145d3e,AlternateSiteID2_2788856f,2013-06-19 00:00:00.000,C,0,GW,0,1,1,0.0,0.0,0.0,0.0,,292763.0,3779647.0,NAD83,CoordinateNotes_5a57b500,6284.9,3.3,N,NAVD88,34.13813486486486,-107.24780344110364,,,G,,,,,,,,Granite Mountain,SOCORRO,NM,LocationNotes_926a2fcf,2014-03-17 00:00:00.000,2013-07-29 00:00:00.000,WLReportNote_467d1a21,ChemistryReportNote_fdeef3ba,-4886.0,-348.0,Magdalena,,5089,,,0x000000002C39FDB9,1,,13
BD908227-6A17-4751-9E41-01333D77CB50,2015-01-27 00:00:00.000,NM-06422,SiteNames_e9faae00,SiteID_a5f2d808,AlternateSiteID_5ce57898,AlternateSiteID2_2788856f,,U,0,GW,0,1,0,0.0,0.0,0.0,0.0,,653554.0,3597476.0,NAD83,CoordinateNotes_c3933719,3350.2,2.5,M,NGVD29,,,NAD83,S,M,,,,,,,,Rattlesnake Canyon,Lea,NM,LocationNotes_63453ba9,,,WLReportNote_8f130157,ChemistryReportNote_0187137c,-19608.0,14096.0,,463527100,29790,32.50100177099099,-103.33600392864864,0x000000002C39FDBA,0,,13
878D91C5-388B-4803-834E-0136C48B5058,2015-01-27 00:00:00.000,NM-16095,,SiteID_35514b42,AlternateSiteID_5ce57898,AlternateSiteID2_2788856f,,U,0,GW,0,1,0,0.0,0.0,0.0,0.0,,664180.0,3748952.0,NAD83,CoordinateNotes_deb8dda3,4284.0,2.5,M,NGVD29,,,NAD83,U,M,,,,,,,,Dora,Roosevelt,NM,LocationNotes_63453ba9,,,WLReportNote_8f130157,ChemistryReportNote_0187137c,5644.0,-10378.0,,463500200,22236,33.86909136450451,-103.23327103315316,0x000000002C39FDBB,0,,13
594E8158-B4E2-43E6-A6EA-01373F38FE62,2015-01-27 00:00:00.000,NM-20661,SiteNames_35f18191,SiteID_49d0e410,AlternateSiteID_5ce57898,AlternateSiteID2_2788856f,,U,0,GW,0,1,0,0.0,0.0,0.0,0.0,,683992.0,3868376.0,NAD83,CoordinateNotes_8a3a8189,4411.0,15.0,M,NGVD29,,,NAD83,S,M,,,,,,,,Bellview,Curry,NM,LocationNotes_63453ba9,,,WLReportNote_8f130157,ChemistryReportNote_0187137c,7772.0,16676.0,,14,23743,34.942522364234236,-103.003817541982,0x000000002C39FDBC,0,,13
FF0BB053-0034-47CA-8B13-0137B0D484F9,2015-10-28 00:00:00.000,SD-0358,SiteNames_14e2ee6c,SiteID_38a98847,AlternateSiteID_01ee6c5a,AlternateSiteID2_2788856f,,U,0,SP,0,0,0,1.0,0.0,0.0,0.0,,378247.0,3888400.0,NAD83,CoordinateNotes_79920d25,6992.71,3.3,N,NAVD88,,,NAD27,,,9.0,N,7.0,E,31.334,,,Chilili,Torrance,NM,LocationNotes_63453ba9,,,WLReportNote_8f130157,ChemistryReportNote_0187137c,-8582.0,19710.0,,,32964,,,0x000000002C39FDBD,1,,13
C8289BF1-2666-4B55-9361-0138648D191C,2015-01-27 00:00:00.000,NM-25086,,SiteID_05256b74,AlternateSiteID_5ce57898,AlternateSiteID2_2788856f,,U,0,GW,0,1,0,0.0,0.0,0.0,0.0,,438205.0,3970832.0,NAD83,CoordinateNotes_e46ef8f9,7820.0,20.0,M,NGVD29,,,NAD83,S,M,,,,,,,,McClure Resevoir,Santa Fe,NM,LocationNotes_63453ba9,,,WLReportNote_8f130157,ChemistryReportNote_0187137c,16636.0,16662.0,,,11403,35.87847163810812,-105.71736853612612,0x000000002C39FDBE,0,,13
A5CA87A6-9FB3-4D58-8961-013966C9EE77,2016-03-07 00:00:00.000,TO-0183,SiteNames_14e2ee6c,SiteID_38a98847,AlternateSiteID_53661199,AlternateSiteID2_2788856f,,U,0,GW,0,1,0,0.0,0.0,0.0,0.0,,379096.0,3825262.0,NAD83,CoordinateNotes_6294849d,6160.0,,R,,,,NAD27,,R,5.0,N,8.0,E,28.122,,,Mountainair NE,Torrance,NM,LocationNotes_63453ba9,,,WLReportNote_8f130157,ChemistryReportNote_0187137c,-19486.0,-8058.0,,,35256,,,0x000000002C39FDBF,1,,13
3D3E5388-5428-48B7-BA91-013D4C8BD426,2019-10-08 00:00:00.000,SB-0529,SiteNames_14e2ee6c,SiteID_38a98847,AlternateSiteID_e3fe78f8,AlternateSiteID2_2788856f,,U,0,GW,0,1,1,0.0,0.0,0.0,0.0,,477105.0,3453681.0,NAD83,CoordinateNotes_4add0549,4600.0,,R,,,,NAD27,,R,,,,,,,,,Hudspeth,TX,LocationNotes_63453ba9,,,WLReportNote_8f130157,ChemistryReportNote_0187137c,10370.0,-6236.0,,,38883,31.21687481981982,-105.2560215765766,0x000000002C39FDC0,0,,13
652C520A-D13D-4F96-8408-013F24F7210D,2015-01-27 00:00:00.000,NM-14765,SiteNames_16cf2eac,SiteID_d6abfb06,AlternateSiteID_5ce57898,AlternateSiteID2_2788856f,,U,0,GW,0,1,0,0.0,0.0,0.0,0.0,,623615.0,3701766.0,NAD83,CoordinateNotes_15c0a506,4211.0,5.0,M,NGVD29,,,NAD83,U,M,,,,,,,,Curlew Lake SE,Chaves,NM,LocationNotes_63453ba9,,,WLReportNote_8f130157,ChemistryReportNote_0187137c,12634.0,-16634.0,,463500200,29185,33.44968644414414,-103.6900277701802,0x000000002C39FDC1,0,,13
C0F8BDBA-241E-47DB-A62F-014066040B8C,2015-01-27 00:00:00.000,NM-21205,SiteNames_8a44e5c6,SiteID_07911143,AlternateSiteID_5ce57898,AlternateSiteID2_2788856f,,U,0,GW,0,1,0,0.0,0.0,0.0,0.0,,303815.0,3873252.0,NAD83,CoordinateNotes_5efa8b30,5184.0,1.0,L,NGVD29,,,NAD83,S,M,,,,,,,,South Garcia,Bernalillo,NM,LocationNotes_63453ba9,,,WLReportNote_8f130157,ChemistryReportNote_0187137c,-12650.0,4762.0,,463542300,18854,34.985171870900906,-107.12372041396397,0x000000002C39FDC2,0,,13
B9555FE5-4591-4998-B00F-014453D01E18,2015-01-27 00:00:00.000,NM-20400,SiteNames_b5371fae,SiteID_b2d4a261,AlternateSiteID_5ce57898,AlternateSiteID2_2788856f,,U,0,GW,0,1,0,0.0,0.0,0.0,0.0,,666723.0,3864250.0,NAD83,CoordinateNotes_96103ebf,4600.0,5.0,M,NGVD29,,,NAD83,S,M,,,,,,,,Smith Ranch,Curry,NM,LocationNotes_63453ba9,,,WLReportNote_8f130157,ChemistryReportNote_0187137c,11132.0,19460.0,,407,12683,34.90871639531532,-103.20021855171171,0x000000002C39FDC3,0,,13
7B841994-833E-4808-A2B1-014527F3A2EB,2016-03-07 00:00:00.000,TO-0304,SiteNames_14e2ee6c,SiteID_38a98847,AlternateSiteID_a6e3cb95,AlternateSiteID2_2788856f,,U,0,GW,0,1,0,0.0,0.0,0.0,0.0,,405321.0,3866274.0,NAD83,CoordinateNotes_6294849d,6175.0,,R,,,,NAD27,,R,7.0,N,8.0,E,27.434,,,Estancia,Torrance,NM,LocationNotes_63453ba9,,,WLReportNote_8f130157,ChemistryReportNote_0187137c,4348.0,15014.0,,,35377,,,0x000000002C39FDC4,1,,13
BE322CCA-1E32-F74D-BE96-014557B140EC,2022-02-17 11:25:30.000,WL-0266,SiteNames_76d0a67a,SiteID_38a98847,AlternateSiteID_5ce57898,AlternateSiteID2_2788856f,2022-02-11 00:00:00.000,C,0,GW,0,1,0,0.0,0.0,0.0,0.0,,311874.0,3557447.0,NAD83,CoordinateNotes_a22cc364,3879.0,3.3,N,NAVD88,,,NAD27,,M,,,,,,,,,,NM,LocationNotes_c65e6aa2,,,WLReportNote_8f130157,ChemistryReportNote_0187137c,-17388.0,-14426.0,,,39551,,,0x000000002C39FDC5,1,,13
26C3CDC6-0FE6-405E-A360-0145B9E3709A,2015-01-27 00:00:00.000,NM-04914,SiteNames_3c9be1c9,SiteID_2d3a3e17,AlternateSiteID_47778959,AlternateSiteID2_2788856f,2020-02-03 00:00:00.000,C,0,GW,0,1,0,0.0,0.0,0.0,0.0,,224460.0,3556040.0,NAD83,CoordinateNotes_5a57b500,4339.0,3.3,N,NAVD88,,,NAD83,5m,G,,,,,,,,Gage,Luna,NM,LocationNotes_acf17acb,,,WLReportNote_8f130157,ChemistryReportNote_0187137c,12698.0,-4620.0,,,22106,32.10398948837838,-107.9414091636036,0x000000002C39FDC6,0,,13
1DA9E103-6DB5-4293-9F7F-014AD2BC3AAA,2016-09-22 00:00:00.000,NM-28064,,SiteID_412b5e99,AlternateSiteID_5ce57898,AlternateSiteID2_2788856f,,U,0,GW,0,1,0,0.0,0.0,0.0,0.0,,240544.0,3886420.0,NAD83,CoordinateNotes_cd5280d1,6565.0,4.3,N,NAVD88,,,NAD83,T,G,,,,,,,,Grants,Cibola,NM,LocationNotes_63453ba9,,,WLReportNote_8f130157,ChemistryReportNote_0187137c,1564.0,-14740.0,,,37006,35.0867877672072,-107.85362934990992,0x000000002C39FDC7,0,,13
7121C24F-CEC6-41E9-9A67-0152D2B93678,2015-01-27 00:00:00.000,NM-17773,SiteNames_0fdbae64,SiteID_46d01433,AlternateSiteID_5ce57898,AlternateSiteID2_2788856f,,U,0,GW,0,1,0,0.0,0.0,0.0,0.0,,658264.0,3798248.0,NAD83,CoordinateNotes_55087810,4111.0,5.0,M,NGVD29,,,NAD83,U,M,,,,,,,,Midway,Roosevelt,NM,LocationNotes_63453ba9,,,WLReportNote_8f130157,ChemistryReportNote_0187137c,-6096.0,3408.0,,463510500,25847,34.3124483127027,-103.26931370891892,0x000000002C39FDC8,0,,13
8AA4573E-A578-4C88-984E-01548E868244,2015-01-27 00:00:00.000,NM-17188,SiteNames_3bb213e3,SiteID_f980786f,AlternateSiteID_5ce57898,AlternateSiteID2_2788856f,,U,0,GW,0,1,0,0.0,0.0,0.0,0.0,,649463.0,3765922.0,NAD83,CoordinateNotes_44cb7965,4143.0,5.0,M,NGVD29,,,NAD83,S,M,,,,,,,,Floyd,Roosevelt,NM,LocationNotes_63453ba9,,,WLReportNote_8f130157,ChemistryReportNote_0187137c,17182.0,-18428.0,,463527100,24145,34.02572884198198,-103.4096104572072,0x000000002C39FDC9,0,,13
42CEE264-1A5C-4433-B654-0154B7706F91,2016-03-07 00:00:00.000,TO-0423,SiteNames_14e2ee6c,SiteID_38a98847,AlternateSiteID_2daeabe6,AlternateSiteID2_2788856f,,U,0,GW,0,0,1,0.0,0.0,0.0,0.0,,409110.0,3887176.0,NAD83,CoordinateNotes_79920d25,6334.94,3.3,N,NAVD88,,,NAD27,,R,9.0,N,10.0,E,18.233,,,Longhorn Reservoir,Torrance,NM,LocationNotes_63453ba9,,,WLReportNote_8f130157,ChemistryReportNote_0187137c,-7438.0,13156.0,,,35496,,,0x000000002C39FDCA,1,,13
88C7D999-A422-4711-A1CA-01557BD270C0,2016-02-16 00:00:00.000,CX-0041,SiteNames_14e2ee6c,SiteID_38a98847,AlternateSiteID_e22628f9,AlternateSiteID2_2788856f,,U,0,GW,0,1,1,0.0,0.0,0.0,0.0,,577170.0,4056794.0,NAD83,CoordinateNotes_b442fca5,7175.0,,R,,,,NAD27,,R,27.0,N,26.0,E,12.4,,,Palo Blanco Mountain,Colfax,NM,LocationNotes_63453ba9,,,WLReportNote_8f130157,ChemistryReportNote_0187137c,-1864.0,7334.0,,,34522,,,0x000000002C39FDCB,1,,13
0459D907-4C60-4463-A9B2-0156306D38E1,2016-03-07 00:00:00.000,TO-0206,SiteNames_14e2ee6c,SiteID_38a98847,AlternateSiteID_2f052367,AlternateSiteID2_2788856f,,U,0,GW,0,1,0,0.0,0.0,0.0,0.0,,368665.0,3849844.0,NAD83,CoordinateNotes_6294849d,6690.0,,R,,,,NAD27,,R,6.0,N,6.0,E,15.224,,,Tajique,Torrance,NM,LocationNotes_63453ba9,,,WLReportNote_8f130157,ChemistryReportNote_0187137c,-13216.0,3394.0,,,35279,,,0x000000002C39FDCC,1,,13
EE9369AB-FF5F-4FF3-AD97-0156655F685A,2015-01-07 00:00:00.000,UC-0182,SiteNames_0b7bc19d,SiteID_38a98847,AlternateSiteID_5ce57898,AlternateSiteID2_2788856f,,L,0,GW,0,1,0,0.0,0.0,0.0,0.0,,675158.0,4032787.0,NAD83,CoordinateNotes_69caded3,5016.11,3.3,N,NAVD88,,,NAD27,,R,,,,,,,,Sand Hill,Union,NM,LocationNotes_63453ba9,,,WLReportNote_8f130157,ChemistryReportNote_0187137c,18806.0,9616.0,,,7392,,,0x000000002C39FDCD,0,,13
21743587-1F95-4DE0-A3C6-01569BC4E21C,2015-01-27 00:00:00.000,NM-16490,SiteNames_3ef8b864,SiteID_c9aa2fa3,AlternateSiteID_5ce57898,AlternateSiteID2_2788856f,,U,0,GW,0,1,0,0.0,0.0,0.0,0.0,,669623.0,3773790.0,NAD83,CoordinateNotes_2d858861,3999.0,5.0,M,NGVD29,,,NAD83,S,M,,,,,,,,Arch,Roosevelt,NM,LocationNotes_63453ba9,,,WLReportNote_8f130157,ChemistryReportNote_0187137c,5966.0,290.0,,463527100,15393,34.092140562612606,-103.17231341225228,0x000000002C39FDCE,0,,13
05F6848A-4F8E-4BE7-81A1-0158800B572B,2014-10-17 00:00:00.000,NM-02167,SiteNames_19578702,SiteID_8b3176f7,AlternateSiteID_5ce57898,AlternateSiteID2_2788856f,,U,0,GW,0,1,0,0.0,0.0,0.0,0.0,,339028.0,3578532.0,NAD83,CoordinateNotes_1485317d,3859.2,0.1,L,NGVD29,321241.1196576577,1064617.8951743932,NAD27,F,M,24.0,S,2.0,E,19.223,,,Black Mesa,DONA ANA,NM,LocationNotes_63453ba9,,,WLReportNote_8f130157,ChemistryReportNote_0187137c,5998.0,13282.0,,463526701,244,32.331142547657656,-106.87649436678278,0x000000002C39FDCF,0,,13
7AF2C47D-0371-4A31-975E-0159F047BF23,2011-07-22 00:00:00.000,UC-0015,SiteNames_e7b30191,SiteID_235cceb1,AlternateSiteID_5ce57898,AlternateSiteID2_2788856f,2011-07-22 00:00:00.000,U,0,GW,0,1,0,0.0,0.0,0.0,0.0,,654836.0,4025455.0,NAD83,CoordinateNotes_7b312878,4897.29,3.3,N,NAVD88,669375.5708082072,4044857.1657710792,NAD83,S,S,27.0,N,36.0,E,33.133,,,Rardin Hill,UNION,NM,LocationNotes_63453ba9,,,WLReportNote_8f130157,,-14540.0,-19402.0,Union County,BASIN011,3398,,,0x000000002C39FDD0,0,,13
285919F7-C86D-4270-840B-015C13938B21,2015-01-27 00:00:00.000,NM-11124,SiteNames_2a860046,SiteID_fc9ba643,AlternateSiteID_5ce57898,AlternateSiteID2_2788856f,,U,0,GW,0,1,0,0.0,0.0,0.0,0.0,,490967.0,3646992.0,NAD83,CoordinateNotes_7072d58a,5471.1,,U,NGVD29,,,NAD83,T,M,,,,,,,,Loco Canyon,Chaves,NM,LocationNotes_63453ba9,,,WLReportNote_8f130157,ChemistryReportNote_0187137c,9594.0,-5398.0,,463527100,9495,32.96118955936937,-105.11299265756756,0x000000002C39FDD1,0,,13
4C598DAB-B254-48F9-8EA2-015C65035C98,2016-09-22 00:00:00.000,NM-27748,SiteNames_940bb8da,SiteID_daed6d6c,AlternateSiteID_5ce57898,AlternateSiteID2_2788856f,,U,0,GW,0,1,0,0.0,0.0,0.0,0.0,,585030.0,3804950.0,NAD83,CoordinateNotes_cd5280d1,4459.8,,U,NGVD29,,,NAD83,T,M,1.0,N,28.0,E,35.132,,,Tolar SW,De Baca,NM,LocationNotes_63453ba9,,,WLReportNote_8f130157,ChemistryReportNote_0187137c,-8972.0,12250.0,,,36690,34.38154599036036,-104.05968478882885,0x000000002C39FDD2,0,,13
0FF4EAD2-D115-4DD1-A1AA-015D18536D2D,2015-09-28 00:00:00.000,QY-0659,SiteNames_ccc34c7a,SiteID_38a98847,AlternateSiteID_0dc4d8ed,AlternateSiteID2_2788856f,,U,0,GW,0,1,0,0.0,0.0,0.0,0.0,,635056.0,3841190.0,NAD83,CoordinateNotes_514b3639,4630.0,10.0,R,,,,NAD27,,R,5.0,N,31.0,E,18.331,,,Weber City,Quay,NM,LocationNotes_63453ba9,,,WLReportNote_8f130157,ChemistryReportNote_0187137c,16318.0,5950.0,,,32496,,,0x000000002C39FDD3,1,,13
EFB379DC-631F-404E-8B78-015F900DC231,2015-01-27 00:00:00.000,NM-05842,SiteNames_2f9bf357,SiteID_695b11bb,AlternateSiteID_5ce57898,AlternateSiteID2_2788856f,,U,0,GW,0,1,0,0.0,0.0,0.0,0.0,,675911.0,3573816.0,NAD83,CoordinateNotes_bf0ed873,3268.0,,U,NGVD29,,,NAD83,T,M,,,,,,,,Rattlesnake Canyon,Lea,NM,LocationNotes_63453ba9,,,WLReportNote_8f130157,ChemistryReportNote_0187137c,1524.0,2276.0,,463527100,29112,32.2875715045045,-103.13478786027028,0x000000002C39FDD4,0,,13
23F629CB-3908-4ABE-BA19-015F9DFEFCD9,2015-01-27 00:00:00.000,NM-18733,SiteNames_1f0669a4,SiteID_e4485ceb,AlternateSiteID_5ce57898,AlternateSiteID2_2788856f,,U,0,GW,0,1,0,0.0,0.0,0.0,0.0,,617808.0,3808738.0,NAD83,CoordinateNotes_bbde6bbe,4226.8,10.0,M,NGVD29,,,NAD83,S,M,,,,,,,,Tolar,Roosevelt,NM,LocationNotes_63453ba9,,,WLReportNote_8f130157,ChemistryReportNote_0187137c,16512.0,-2332.0,,463527100,28378,34.41517286099099,-103.74870889324325,0x000000002C39FDD5,0,,13
E5F39C08-A4BC-4616-9A42-0160403EB85D,2014-10-01 00:00:00.000,NM-00303,SiteNames_72a35266,SiteID_1ec778b8,AlternateSiteID_5ce57898,AlternateSiteID2_2788856f,,U,0,GW,0,1,0,0.0,0.0,0.0,0.0,,391017.0,3599990.0,NAD83,CoordinateNotes_0561d6d4,3955.01,0.01,L,NGVD29,323758.89720720716,1061953.7037024824,NAD83,S,M,19.0,S,6.0,E,28.2123,,,Lake Lucero NE,OTERO,NM,LocationNotes_63453ba9,,,WLReportNote_8f130157,ChemistryReportNote_0187137c,15932.0,-11410.0,,463510903,6244,32.5303504872072,-106.62795893765582,0x000000002C39FDD6,0,,13
DDDD467E-E288-495F-8736-016097BE4BB6,2015-01-27 00:00:00.000,NM-05001,SiteNames_6afbdc17,SiteID_e4b232fd,AlternateSiteID_5ce57898,AlternateSiteID2_2788856f,,U,0,GW,0,1,0,0.0,0.0,0.0,0.0,,354246.0,3558684.0,NAD83,CoordinateNotes_c7c5481a,3843.43,0.1,L,NGVD29,,,NAD83,S,M,,,,,,,,San Miguel,Dona Ana,NM,LocationNotes_63453ba9,,,WLReportNote_8f130157,ChemistryReportNote_0187137c,11598.0,-226.0,,463542500,12698,32.15361678396397,-106.56412163351352,0x000000002C39FDD7,0,,13
BB50B68E-03FA-41E9-BFDA-0160F3EDC399,2015-01-27 00:00:00.000,NM-17047,SiteNames_7577058b,SiteID_c1246b72,AlternateSiteID_5ce57898,AlternateSiteID2_2788856f,,U,0,GW,0,1,0,0.0,0.0,0.0,0.0,,669244.0,3766240.0,NAD83,CoordinateNotes_f2876b46,3999.0,5.0,M,NGVD29,,,NAD83,R,M,,,,,,,,Portales,Roosevelt,NM,LocationNotes_63453ba9,,,WLReportNote_8f130157,ChemistryReportNote_0187137c,15634.0,-16520.0,,463527100,7819,34.02569698117117,-103.19243971315316,0x000000002C39FDD8,0,,13
29BA258C-49DD-4B77-980B-0163D2D852AA,2014-10-17 00:00:00.000,NM-03120,SiteNames_b0ce98c6,SiteID_541a39e5,AlternateSiteID_5ce57898,AlternateSiteID2_2788856f,,U,0,GW,0,1,0,0.0,0.0,0.0,0.0,,605906.0,3825554.0,NAD83,CoordinateNotes_05dc39b9,4397.0,5.0,M,NGVD29,342541.1372432433,1034547.0698672524,NAD27,R,M,2.0,N,30.0,E,2.2341,,,Krider,ROOSEVELT,NM,LocationNotes_63453ba9,,,WLReportNote_8f130157,ChemistryReportNote_0187137c,-7754.0,15234.0,,463527100,1149,34.56537182324325,-103.69315104777183,0x000000002C39FDD9,0,,13
7DE33535-5FEC-4D3C-8B3D-0165F23BD729,2015-01-27 00:00:00.000,NM-21496,,SiteID_d1ead520,AlternateSiteID_5ce57898,AlternateSiteID2_2788856f,,U,0,GW,0,1,0,0.0,0.0,0.0,0.0,,390583.0,3858396.0,NAD83,CoordinateNotes_d3434d6e,7290.0,10.0,M,NGVD29,,,NAD83,R,M,,,,,,,,Sedillo,Bernalillo,NM,LocationNotes_63453ba9,,,WLReportNote_8f130157,ChemistryReportNote_0187137c,12362.0,-17134.0,,,11507,34.86068787963964,-106.22337793063063,0x000000002C39FDDA,0,,13
85492C2F-1F2A-434D-BA95-0169536A3930,2010-06-24 00:00:00.000,TB-0221,SiteNames_a45fd2e4,SiteID_38a98847,AlternateSiteID_5ce57898,AlternateSiteID2_2788856f,2010-04-26 00:00:00.000,C,0,GW,0,1,0,0.0,0.0,0.0,0.0,,429993.0,3712447.0,NAD83,CoordinateNotes_5a57b500,5624.77,3.3,N,NAVD88,,,NAD27,,G,8.0,S,10.0,E,13.0,,,Church Mountain,LINCOLN,NM,LocationNotes_8eb5785d,2014-12-16 00:00:00.000,,WLReportNote_5fd9dff4,,9966.0,-7070.0,Tularosa Basin,,3677,,,0x000000002C39FDDB,1,,13
0938F39B-8619-41EA-8666-016BF793742F,2015-01-27 00:00:00.000,NM-09347,SiteNames_8f85af0e,SiteID_7dcfaa2f,AlternateSiteID_5ce57898,AlternateSiteID2_2788856f,,U,0,GW,0,1,0,0.0,0.0,0.0,0.0,,669740.0,3611626.0,NAD83,CoordinateNotes_664dd99a,3715.6,2.5,M,NGVD29,,,NAD83,S,M,,,,,,,,Humble City,Lea,NM,LocationNotes_63453ba9,,,WLReportNote_8f130157,ChemistryReportNote_0187137c,4004.0,-18824.0,,463527100,11201,32.62997471441442,-103.19386234792792,0x000000002C39FDDC,0,,13
49F3F289-8609-401A-ABBB-016D3D5EB870,2014-10-01 00:00:00.000,NM-01017,SiteNames_fdbb2691,SiteID_47ece815,AlternateSiteID_5ce57898,AlternateSiteID2_2788856f,,U,0,GW,0,1,0,0.0,0.0,0.0,0.0,,676187.0,3815874.0,NAD83,CoordinateNotes_f8fe4908,4464.0,2.5,M,NGVD29,343511.8848108108,1031324.3845274458,NAD83,R,G,4.0,N,35.0,E,12.32222,,,Ned Houk Park,CURRY,NM,LocationNotes_63453ba9,,,WLReportNote_8f130157,ChemistryReportNote_0187137c,13210.0,-12786.0,,14,2068,34.47161637081081,-102.8384447742317,0x000000002C39FDDD,0,,13
21B623F0-05A9-467E-AED2-0170921D3447,2015-07-15 00:00:00.000,MI-0169,SiteNames_0d6104d6,SiteID_38a98847,AlternateSiteID_5ce57898,AlternateSiteID2_2788856f,,U,0,GW,0,1,0,0.0,0.0,0.0,0.0,,572456.0,3927573.0,NAD83,CoordinateNotes_97b32636,4355.72,3.3,N,NAVD88,,,NAD27,,R,15.0,N,28.0,E,32.0,,,Carpenter Mesa NW,San Miguel,NM,LocationNotes_944a5fbe,,,WLReportNote_8f130157,ChemistryReportNote_0187137c,-19088.0,-72.0,,,31275,,,0x000000002C39FDDE,1,,13
87B4ED0E-38F7-445F-9F57-0171B3D5D32D,2015-01-27 00:00:00.000,NM-10580,SiteNames_b38bb05e,SiteID_c91ffc71,AlternateSiteID_5ce57898,AlternateSiteID2_2788856f,,U,0,GW,0,1,0,0.0,0.0,0.0,0.0,,546002.0,3646462.0,NAD83,CoordinateNotes_6bd85a1a,3386.0,,U,NGVD29,,,NAD83,T,M,,,,,,,,Espuela,Eddy,NM,LocationNotes_63453ba9,,,WLReportNote_8f130157,ChemistryReportNote_0187137c,-8970.0,1232.0,,463527100,18965,32.955098689099096,-104.49271855081082,0x000000002C39FDDF,0,,13
8C12DDA7-9F69-4934-9441-0173F6C02C23,2014-10-17 00:00:00.000,NM-02582,SiteNames_8bb966c7,SiteID_bee04224,AlternateSiteID_5ce57898,AlternateSiteID2_2788856f,,U,0,GW,0,1,0,0.0,0.0,0.0,0.0,,405725.0,3613024.0,NAD83,CoordinateNotes_0a32b253,4065.0,20.0,M,NGVD29,324538.8903063063,1055805.0324376514,NAD27,T,M,18.0,S,9.0,E,12.4111,,,Alamogordo South,OTERO,NM,LocationNotes_63453ba9,,,WLReportNote_8f130157,ChemistryReportNote_0187137c,-3600.0,-12176.0,,463500200,3845,32.6512295863063,-105.93560170876484,0x000000002C39FDE0,0,,13
AE8C553B-9268-4392-8789-0176FD0D7CE8,2015-01-27 00:00:00.000,NM-13242,SiteNames_b49d9d65,SiteID_8c9b108e,AlternateSiteID_5ce57898,AlternateSiteID2_2788856f,,U,0,GW,0,1,0,0.0,0.0,0.0,0.0,,257856.0,3683848.0,NAD83,CoordinateNotes_16596d7c,5590.0,10.0,M,NGVD29,,,NAD83,S,M,,,,,,,,Priest Tank,Sierra,NM,LocationNotes_63453ba9,,,WLReportNote_8f130157,ChemistryReportNote_0187137c,-11826.0,-6832.0,,,16576,33.269076250450446,-107.58102037054056,0x000000002C39FDE1,0,,13
5DA5796D-39BD-46D6-B4E1-017897EEBE0D,2023-10-04 00:00:00.000,RA-055,SiteNames_39817f59,SiteID_38a98847,AlternateSiteID_5ce57898,AlternateSiteID2_2788856f,2023-09-15 08:51:00.000,C,0,GW,0,0,0,0.0,0.0,0.0,0.0,,413294.0,3991838.0,NAD83,CoordinateNotes_eb8d4a74,6068.343,3.3,N,NAVD88,,,NAD27,,,,,,,,,,,Rio Arriba,NM,LocationNotes_8471b0c6,,,WLReportNote_8f130157,ChemistryReportNote_0187137c,-5606.0,-13990.0,Rio Arriba,,40376,,,0x000000002C39FDE2,1,,13
3F2894A4-1EEF-4843-B69D-01792F88FE22,2015-01-27 00:00:00.000,NM-08820,SiteNames_d510a828,SiteID_abaefeb7,AlternateSiteID_5ce57898,AlternateSiteID2_2788856f,,U,0,GW,0,1,0,0.0,0.0,0.0,0.0,,541668.0,3612742.0,NAD83,CoordinateNotes_3e982fc8,3309.0,,U,NGVD29,,,NAD83,T,M,,,,,,,,Lake McMillan North,Eddy,NM,LocationNotes_63453ba9,,,WLReportNote_8f130157,ChemistryReportNote_0187137c,-19464.0,-10538.0,,463527100,25952,32.650732903063066,-104.52281204135134,0x000000002C39FDE3,0,,13
87194947-04E7-4EEB-B616-017D85C41FD9,2015-01-27 00:00:00.000,NM-19015,SiteNames_665006ee,SiteID_6108334f,AlternateSiteID_5ce57898,AlternateSiteID2_2788856f,,U,0,GW,0,1,0,0.0,0.0,0.0,0.0,,681772.0,3803834.0,NAD83,CoordinateNotes_76480a5f,4223.0,2.5,M,NGVD29,,,NAD83,S,M,,,,,,,,Farwell,Curry,NM,LocationNotes_63453ba9,,,WLReportNote_8f130157,ChemistryReportNote_0187137c,3190.0,-13796.0,,407,13435,34.36050744171172,-103.02648515126124,0x000000002C39FDE4,0,,13
D89D46EA-E275-4F09-9DC0-017EA7D97BBE,2015-01-27 00:00:00.000,NM-19144,SiteNames_dd98b702,SiteID_ef970df4,AlternateSiteID_5ce57898,AlternateSiteID2_2788856f,,U,0,GW,0,1,0,0.0,0.0,0.0,0.0,,647849.0,3807552.0,NAD83,CoordinateNotes_c389ae96,4360.0,2.5,M,NGVD29,,,NAD83,S,M,,,,,,,,Ned Houk Park,Curry,NM,LocationNotes_63453ba9,,,WLReportNote_8f130157,ChemistryReportNote_0187137c,-17704.0,-12298.0,,14,16376,34.396226027207206,-103.35611083549549,0x000000002C39FDE5,0,,13
9AB31E7F-C69C-43CF-984E-01818D60594F,2015-01-27 00:00:00.000,NM-18965,,SiteID_03f44286,AlternateSiteID_5ce57898,AlternateSiteID2_2788856f,,U,0,GW,0,1,0,0.0,0.0,0.0,0.0,,195645.0,3807580.0,NAD83,CoordinateNotes_2318d0ca,7416.0,10.0,M,NGVD29,,,NAD83,S,M,,,,,,,,Adams Diggings,Catron,NM,LocationNotes_63453ba9,,,WLReportNote_8f130157,ChemistryReportNote_0187137c,-4500.0,-11630.0,,350,29470,34.366109715225235,-108.30504881054054,0x000000002C39FDE6,0,,13
B9D998E9-2E24-43DF-A8F9-0185D0802923,2020-07-07 00:00:00.000,BC-0363,SiteNames_65824db2,SiteID_38a98847,AlternateSiteID_23cbf457,AlternateSiteID2_2788856f,,U,0,GW,0,0,0,0.0,0.0,0.0,0.0,,367613.0,3884638.0,NAD83,CoordinateNotes_6d557b8e,6913.0,,R,,,,NAD27,,R,,,,,,,,,,NM,LocationNotes_63453ba9,,,WLReportNote_8f130157,ChemistryReportNote_0187137c,-15756.0,-6200.0,,,39387,35.09784414414415,-106.42243494594594,0x000000002C39FDE7,1,,13
A1E15402-9827-442C-AE9F-018666CA799C,2015-01-27 00:00:00.000,NM-24571,SiteNames_ff6b26c2,SiteID_fd312cb0,AlternateSiteID_5ce57898,AlternateSiteID2_2788856f,,U,0,GW,0,1,0,0.0,0.0,0.0,0.0,,402915.0,3946074.0,NAD83,CoordinateNotes_a484c019,6290.0,10.0,M,NGVD29,,,NAD83,S,M,,,,,,,,Turquoise Hill,Santa Fe,NM,LocationNotes_63453ba9,,,WLReportNote_8f130157,ChemistryReportNote_0187137c,-1746.0,5884.0,,,9389,35.653874879009,-106.06825208972974,0x000000002C39FDE8,0,,13
84B01566-5F6A-4CC3-A4C2-0187B6A87DFC,2015-01-27 00:00:00.000,NM-23438,,SiteID_d03c9840,AlternateSiteID_5ce57898,AlternateSiteID2_2788856f,,U,0,GW,0,1,0,0.0,0.0,0.0,0.0,,380872.0,3901940.0,NAD83,CoordinateNotes_86d777b9,5998.0,10.0,M,NGVD29,,,NAD83,R,M,,,,,,,,Hagan,Sandoval,NM,LocationNotes_63453ba9,,,WLReportNote_8f130157,ChemistryReportNote_0187137c,-1048.0,-2590.0,,,14275,35.253652256666676,-106.30779889144144,0x000000002C39FDE9,0,,13
28141814-F990-4A0F-A152-0188EF5A50DF,2015-01-27 00:00:00.000,NM-22738,SiteNames_f44f376b,SiteID_f0ec990e,AlternateSiteID_5ce57898,AlternateSiteID2_2788856f,,U,0,GW,0,1,0,0.0,0.0,0.0,0.0,,347494.0,3874450.0,NAD83,CoordinateNotes_f96492d0,5034.0,10.0,M,NGVD29,,,NAD83,S,M,,,,,,,,Alameda,Bernalillo,NM,LocationNotes_63453ba9,,,WLReportNote_8f130157,ChemistryReportNote_0187137c,-4434.0,-16440.0,,,11101,35.0019364318919,-106.66552707594596,0x000000002C39FDEA,0,,13
C9D6A72D-7075-4BE0-8BD3-01892676A36F,2007-06-18 00:00:00.000,SM-0147,SiteNames_a1ff9c67,SiteID_38a98847,AlternateSiteID_5ce57898,AlternateSiteID2_2788856f,2007-08-22 00:00:00.000,C,0,GW,0,0,0,0.0,0.0,0.0,1.0,,484082.0,3628427.0,NAD83,CoordinateNotes_5a57b500,5961.61,3.3,N,NAVD88,325455.0280720721,1052017.6870357844,NAD27,5,G,16.0,S,16.0,E,17.3332,,,Elk,CHAVES,NM,LocationNotes_63d3fb99,,,WLReportNote_8f130157,ChemistryReportNote_0187137c,15756.0,-13534.0,Sacramento Mtns,,5548,,,0x000000002C39FDEB,1,,13
729A9DA7-EF8E-4E25-9DC0-0189B92A85F7,2015-01-27 00:00:00.000,NM-18907,,SiteID_0fb95321,AlternateSiteID_5ce57898,AlternateSiteID2_2788856f,,U,0,GW,0,1,0,0.0,0.0,0.0,0.0,,344409.0,3799520.0,NAD83,CoordinateNotes_5ff053c9,4960.0,10.0,M,NGVD29,,,NAD83,S,M,,,,,,,,Black Butte,Socorro,NM,LocationNotes_63453ba9,,,WLReportNote_8f130157,ChemistryReportNote_0187137c,2726.0,-15120.0,,,25630,34.32495908378379,-106.69907663144144,0x000000002C39FDEC,0,,13
F9EE2A3A-316A-44C1-88DD-0189E1FE4BE5,2008-03-24 00:00:00.000,SM-3026,SiteNames_e8f48896,SiteID_38a98847,AlternateSiteID_5ce57898,AlternateSiteID2_2788856f,,C,0,L,1,0,1,0.0,0.0,0.0,0.0,,446720.0,3654329.0,NAD83,CoordinateNotes_5a57b500,8458.78,3.3,N,NAVD88,325348.89681081084,1053635.0926389927,NAD27,,G,16.0,S,13.0,E,22.331,,,Harvey Ranch,OTERO,NM,LocationNotes_63453ba9,,,WLReportNote_8f130157,ChemistryReportNote_0187137c,3840.0,14298.0,SM Watershed,,6786,,,0x000000002C39FDED,1,,13
7F2F3C26-A70F-4CD1-A591-018A6ABF9479,2015-01-27 00:00:00.000,NM-12343,SiteNames_8e4326b9,SiteID_9b565d75,AlternateSiteID_5ce57898,AlternateSiteID2_2788856f,,U,0,GW,0,1,0,0.0,0.0,0.0,0.0,,538053.0,3653382.0,NAD83,CoordinateNotes_5691a197,3537.0,5.0,M,NGVD29,,,NAD83,U,M,,,,,,,,Dexter West,Chaves,NM,LocationNotes_63453ba9,,,WLReportNote_8f130157,ChemistryReportNote_0187137c,-14694.0,-19188.0,,463500200,22007,33.01779624513514,-104.56651067837838,0x000000002C39FDEE,0,,13
13BE081C-0209-4067-AD19-018C703451B3,2015-09-28 00:00:00.000,QY-0051,SiteNames_50ece803,SiteID_38a98847,AlternateSiteID_0c58e9cb,AlternateSiteID2_2788856f,,U,0,GW,0,1,0,0.0,0.0,0.0,0.0,,596361.0,3890526.0,NAD83,CoordinateNotes_514b3639,4240.0,10.0,R,,,,NAD27,,R,10.0,N,30.0,E,30.322,,,Briscoe Ranch,Quay,NM,LocationNotes_63453ba9,,,WLReportNote_8f130157,ChemistryReportNote_0187137c,-12938.0,10006.0,,,32106,,,0x000000002C39FDEF,1,,13
1F65856A-DB7F-4CF4-85A3-018C88221DB1,2015-01-27 00:00:00.000,NM-21992,SiteNames_5cced13c,SiteID_fd0766f8,AlternateSiteID_5ce57898,AlternateSiteID2_2788856f,,U,0,GW,0,1,0,0.0,0.0,0.0,0.0,,336556.0,3885106.0,NAD83,CoordinateNotes_eeea4189,5220.0,5.0,M,NGVD29,,,NAD83,S,M,,,,,,,,Albuquerque West,Bernalillo,NM,LocationNotes_63453ba9,,,WLReportNote_8f130157,ChemistryReportNote_0187137c,-4552.0,2046.0,,3,10778,35.096256442432434,-106.783814109009,0x000000002C39FDF0,0,,13
A811C2CB-A885-47BD-A2F4-018DAE379EB0,2014-10-17 00:00:00.000,NM-01835,SiteNames_83cc96e8,SiteID_355a8933,AlternateSiteID_5ce57898,AlternateSiteID2_2788856f,,U,0,GW,0,1,0,0.0,0.0,0.0,0.0,,355349.0,3523976.0,NAD83,CoordinateNotes_4b2b0430,3884.0,10.0,M,NGVD29,315145.97780180175,1063945.862525638,NAD27,S,M,28.0,S,3.0,E,20.123,,,Strauss,DONA ANA,NM,LocationNotes_63453ba9,,,WLReportNote_8f130157,ChemistryReportNote_0187137c,12650.0,-2464.0,,463500208,4564,31.840684371801803,-106.80024381209704,0x000000002C39FDF1,0,,13
82A03099-1BD5-4AF4-B162-018DCF07AB21,2014-07-02 00:00:00.000,AH-081,SiteNames_4b085abc,SiteID_38a98847,AlternateSiteID_6a9c4d65,AlternateSiteID2_2788856f,,U,0,GW,0,1,0,0.0,0.0,0.0,0.0,,454057.0,4058874.0,NAD83,CoordinateNotes_cbbf515a,7313.58,3.3,N,NAVD88,,,NAD27,,,,,,,,,,Arroyo Hondo,TAOS,NM,LocationNotes_63453ba9,,,WLReportNote_8f130157,ChemistryReportNote_0187137c,10648.0,16642.0,,,3599,,,0x000000002C39FDF2,1,,13
445F5C34-35F5-44E5-B83F-018E786FD664,2015-01-27 00:00:00.000,NM-22085,,SiteID_ae18c125,AlternateSiteID_5ce57898,AlternateSiteID2_2788856f,,U,0,GW,0,1,0,0.0,0.0,0.0,0.0,,228851.0,3906372.0,NAD83,CoordinateNotes_738888bd,6455.0,,M,NGVD29,,,NAD83,S,M,,,,,,,,San Rafael,Cibola,NM,LocationNotes_63453ba9,,,WLReportNote_8f130157,ChemistryReportNote_0187137c,-8680.0,19922.0,,4635230000,17725,35.26618342747748,-107.9571448981982,0x000000002C39FDF3,0,,13
B7EFEBC5-FCF1-40A3-A620-018EBEA224A9,2014-10-17 00:00:00.000,NM-02408,SiteNames_1a77ed47,SiteID_5fe0618e,AlternateSiteID_5ce57898,AlternateSiteID2_2788856f,,U,0,GW,0,1,0,0.0,0.0,0.0,0.0,,325279.0,3587718.0,NAD83,CoordinateNotes_9eac79e6,3935.0,10.0,M,NGVD29,322539.9846666667,1065251.020306157,NAD27,F,G,22.0,S,1.0,E,6.124,,,Leasburg,DONA ANA,NM,LocationNotes_63453ba9,,,WLReportNote_8f130157,ChemistryReportNote_0187137c,2118.0,-1702.0,,463526701,5045,32.41253402666667,-106.86053587305707,0x000000002C39FDF4,0,,13
69CBFE65-6DF6-4900-B666-018F271A5177,2015-01-27 00:00:00.000,NM-20514,SiteNames_199ed9da,SiteID_f1daad84,AlternateSiteID_5ce57898,AlternateSiteID2_2788856f,,U,0,GW,0,1,0,0.0,0.0,0.0,0.0,,611177.0,3864464.0,NAD83,CoordinateNotes_6f619ffe,4796.1,,U,NGVD29,,,NAD83,S,M,,,,,,,,Ragland,Quay,NM,LocationNotes_63453ba9,,,WLReportNote_8f130157,ChemistryReportNote_0187137c,-5390.0,17504.0,,13,18150,34.91581439369369,-103.77491008855856,0x000000002C39FDF5,0,,13
675A5765-76E4-4009-A2C1-01927726CD79,2015-12-11 00:00:00.000,SO-0095,SiteNames_a5fa3a83,SiteID_38a98847,AlternateSiteID_329369d2,AlternateSiteID2_2788856f,,U,0,GW,0,1,0,0.0,0.0,0.0,0.0,,333947.0,3797824.0,NAD83,CoordinateNotes_fce4e842,5723.71,3.3,N,NAVD88,,,NAD27,,R,1.0,S,3.0,E,30.11,,,Sierra De La Cruz,Socorro,NM,LocationNotes_63453ba9,,,WLReportNote_8f130157,ChemistryReportNote_0187137c,-11734.0,12394.0,,,34220,,,0x000000002C39FDF6,1,,13
1ABB1195-D632-4C77-B5B1-019434F72374,2015-01-27 00:00:00.000,NM-10960,SiteNames_caf8fcad,SiteID_a3b16491,AlternateSiteID_5ce57898,AlternateSiteID2_2788856f,,U,0,GW,0,1,0,0.0,0.0,0.0,0.0,,534069.0,3648192.0,NAD83,CoordinateNotes_19b5e1cc,3507.0,,U,NGVD29,,,NAD83,T,M,,,,,,,,Espuela,Chaves,NM,LocationNotes_63453ba9,,,WLReportNote_8f130157,ChemistryReportNote_0187137c,-15998.0,-1638.0,,463527100,24254,32.97090862324325,-104.60825721612612,0x000000002C39FDF7,0,,13
961D97D0-077E-417B-896A-019531A9D9D1,2015-01-27 00:00:00.000,NM-18280,,SiteID_833247de,AlternateSiteID_5ce57898,AlternateSiteID2_2788856f,,U,0,GW,0,1,0,0.0,0.0,0.0,0.0,,652317.0,3816248.0,NAD83,CoordinateNotes_9e4c9265,4258.98,3.0,D,NAVD88,,,NAD83,5,G,,,,,,,,Oasis State Park,Curry,NM,LocationNotes_63453ba9,,,WLReportNote_8f130157,ChemistryReportNote_0187137c,-3780.0,13338.0,,,14076,34.47594272216216,-103.33671516405406,0x000000002C39FDF8,0,,13
4A63B860-4934-4A8C-9AF5-01953BE8CAF2,2015-01-27 00:00:00.000,NM-26596,,SiteID_79b1b76f,AlternateSiteID_5ce57898,AlternateSiteID2_2788856f,,U,0,GW,0,1,0,0.0,0.0,0.0,0.0,,192771.0,4054428.0,NAD83,CoordinateNotes_e46d250e,5124.68,0.1,G,NAVD88,,,NAD83,1,G,,,,,,,,Waterflow,San Juan,NM,LocationNotes_63453ba9,,,WLReportNote_8f130157,ChemistryReportNote_0187137c,710.0,-19932.0,,,10148,36.585493542432424,-108.4433452736036,0x000000002C39FDF9,0,,13
FC52ADEC-8488-47EB-B334-0195A8ACD441,2015-01-27 00:00:00.000,NM-20446,,SiteID_cf9cb86a,AlternateSiteID_5ce57898,AlternateSiteID2_2788856f,,U,0,GW,0,1,0,0.0,0.0,0.0,0.0,,471537.0,3855748.0,NAD83,CoordinateNotes_9fcfbbec,5778.0,5.0,U,NGVD29,,,NAD83,S,M,,,,,,,,Mesa Leon,Guadalupe,NM,LocationNotes_63453ba9,,,WLReportNote_8f130157,ChemistryReportNote_0187137c,-13232.0,11458.0,,463500200,16562,34.843844405225234,-105.2855956872072,0x000000002C39FDFA,0,,13
B4BA5BD1-5FE8-4678-BF09-01962D6611AC,2014-10-17 00:00:00.000,NM-03590,SiteNames_98173d4e,SiteID_46c2b5a3,AlternateSiteID_5ce57898,AlternateSiteID2_2788856f,,U,0,GW,0,1,0,0.0,0.0,0.0,0.0,,622683.0,3970156.0,NAD83,CoordinateNotes_3760aa30,4747.67,8.0,N,NAVD88,360202.8338378378,1033805.003130888,NAD27,T,M,21.0,N,31.0,E,21.422,,,Beenham SW,HARDING,NM,LocationNotes_63453ba9,,,WLReportNote_8f130157,ChemistryReportNote_0187137c,-320.0,-18444.0,,30,4958,35.86803896783783,-103.63155040186014,0x000000002C39FDFB,0,,13
FCE9F143-379F-45C2-B643-01968AE03AA9,2015-11-11 00:00:00.000,BW-0127,SiteNames_f3dcbaac,SiteID_38a98847,AlternateSiteID_cccb3edf,AlternateSiteID2_2788856f,,M,0,GW,0,1,1,0.0,0.0,0.0,0.0,,397793.0,3710582.0,NAD83,CoordinateNotes_e21b76d0,5835.0,,R,,,,NAD27,,R,10.0,S,10.0,E,29.414,,,Godfrey Peak,Lincoln,NM,LocationNotes_cd37213c,,,WLReportNote_8f130157,ChemistryReportNote_0187137c,-16372.0,13512.0,,,33317,,,0x000000002C39FDFC,1,,13
53DB770B-B4AA-46F0-B5EE-0197B23155AD,2015-01-27 00:00:00.000,NM-09270,SiteNames_e6ec2cf1,SiteID_4a928e9d,AlternateSiteID_5ce57898,AlternateSiteID2_2788856f,,U,0,GW,0,1,0,0.0,0.0,0.0,0.0,,222373.0,3614666.0,NAD83,CoordinateNotes_c9e2b010,5645.0,,U,NGVD29,,,NAD83,T,M,,,,,,,,San Lorenzo,Grant,NM,LocationNotes_63453ba9,,,WLReportNote_8f130157,ChemistryReportNote_0187137c,-5018.0,-17224.0,,463527100,24910,32.636016348828825,-107.9560769972072,0x000000002C39FDFD,0,,13
60687FE6-61A0-4074-A856-019EFF1550EC,2016-02-16 00:00:00.000,ED-0258,SiteNames_14e2ee6c,SiteID_38a98847,AlternateSiteID_8282e8a2,AlternateSiteID2_2788856f,,U,0,GW,0,1,0,0.0,0.0,0.0,0.0,,612633.0,3601536.0,NAD83,CoordinateNotes_6294849d,3120.0,,R,,,,NAD27,,R,22.0,S,30.0,E,5.431,,,Tower Hill South,Eddy,NM,LocationNotes_63453ba9,,,WLReportNote_8f130157,ChemistryReportNote_0187137c,9356.0,14116.0,,,34925,,,0x000000002C39FDFE,1,,13
2D614E66-B740-4904-97D4-019F1237C801,2014-10-01 00:00:00.000,NM-00548,SiteNames_e62b21a2,SiteID_0517967e,AlternateSiteID_5ce57898,AlternateSiteID2_2788856f,,U,0,GW,0,1,0,0.0,0.0,0.0,0.0,,675380.0,3641534.0,NAD83,CoordinateNotes_c2078fab,3865.8,2.5,M,NGVD29,330216.86165765766,1031449.129611762,NAD83,S,G,15.0,S,37.0,E,7.111324,,,Prairieview,LEA,NM,LocationNotes_63453ba9,,,WLReportNote_8f130157,ChemistryReportNote_0187137c,11716.0,-15356.0,,463527100,1230,32.89985209765766,-104.11774934812192,0x000000002C39FDFF,0,,13
BCD82EB2-BB22-4E5B-959B-01A08644109D,2014-04-03 00:00:00.000,EB-674,SiteNames_4376548f,SiteID_38a98847,AlternateSiteID_5ce57898,AlternateSiteID2_2788856f,,U,0,GW,0,1,0,0.0,1.0,0.0,0.0,,432109.0,3921053.0,NAD83,CoordinateNotes_be0e07bf,6917.6,3.3,N,NAVD88,353459.74609009014,1055556.2006834904,NAD27,S,M,16.0,N,9.0,E,25.441,,,Seton Village,SANTA FE,NM,LocationNotes_63453ba9,,,WLReportNote_8f130157,ChemistryReportNote_0187137c,16618.0,-17084.0,Espanola Basin,,5114,,,0x000000002C39FE01,1,,13
F89D37AE-7B47-4C34-A217-01A0F0B4A5EF,2015-01-27 00:00:00.000,NM-03925,SiteNames_c954a5b2,SiteID_59ba09a9,AlternateSiteID_5ce57898,AlternateSiteID2_2788856f,,U,0,GW,0,1,0,0.0,0.0,0.0,0.0,,323639.0,3518380.0,NAD83,CoordinateNotes_47048d16,4065.0,5.0,M,NGVD29,,,NAD83,S,M,,,,,,,,Strauss,Dona Ana,NM,LocationNotes_63453ba9,,,WLReportNote_8f130157,ChemistryReportNote_0187137c,-18780.0,-5200.0,,463526701,28421,31.79020315315315,-106.8344583091892,0x000000002C39FE02,0,,13
4F69621D-1B52-4FDF-B536-01A128CE7CA2,2015-10-28 00:00:00.000,SD-0356,SiteNames_14e2ee6c,SiteID_38a98847,AlternateSiteID_16a2745d,AlternateSiteID2_2788856f,,U,0,SP,0,0,0,1.0,0.0,0.0,0.0,,408496.0,3864850.0,NAD83,CoordinateNotes_79920d25,6743.71,3.3,N,NAVD88,,,NAD27,,,9.0,N,7.0,E,21.341,,,Chilili,Torrance,NM,LocationNotes_63453ba9,,,WLReportNote_8f130157,ChemistryReportNote_0187137c,18258.0,-7310.0,,,32962,,,0x000000002C39FE03,1,,13
1B2DD150-114C-4251-8195-01A2D5B9B838,2015-01-27 00:00:00.000,NM-05101,SiteNames_325142e2,SiteID_7c4558b0,AlternateSiteID_5ce57898,AlternateSiteID2_2788856f,,U,0,GW,0,1,0,0.0,0.0,0.0,0.0,,250226.0,3544084.0,NAD83,CoordinateNotes_a72c16a3,4086.0,5.0,M,NGVD29,,,NAD83,T,M,,,,,,,,Akela,Luna,NM,LocationNotes_63453ba9,,,WLReportNote_8f130157,ChemistryReportNote_0187137c,-18962.0,-17766.0,,863700200,13640,32.00948139594594,-107.61862767882884,0x000000002C39FE04,0,,13
E3EF8505-C8AF-4C9A-AA58-01A2FA45DDAE,2015-01-27 00:00:00.000,NM-19691,SiteNames_e3f2dbee,SiteID_f667ee50,AlternateSiteID_5ce57898,AlternateSiteID2_2788856f,,U,0,GW,0,1,0,0.0,0.0,0.0,0.0,,620164.0,3841838.0,NAD83,CoordinateNotes_0182170e,4621.0,2.5,M,NGVD29,,,NAD83,S,M,,,,,,,,Field SW,Curry,NM,LocationNotes_63453ba9,,,WLReportNote_8f130157,ChemistryReportNote_0187137c,-2072.0,10118.0,,407,16119,34.71122251315316,-103.68529421666666,0x000000002C39FE05,0,,13
DC40D6C4-5AD5-4144-AB70-01A32880B5FE,2015-01-27 00:00:00.000,NM-25800,SiteNames_bc6d6ae4,SiteID_c52d5a24,AlternateSiteID_5ce57898,AlternateSiteID2_2788856f,,U,0,GW,0,1,0,0.0,0.0,0.0,0.0,,600979.0,3983952.0,NAD83,CoordinateNotes_1a144193,5525.0,,U,NGVD29,,,NAD83,T,M,,,,,,,,Yates SE,Harding,NM,LocationNotes_63453ba9,,,WLReportNote_8f130157,ChemistryReportNote_0187137c,-3322.0,-13408.0,,30,11665,35.994517747207205,-103.87100523792792,0x000000002C39FE06,0,,13
13B3499A-1A39-41F6-B45A-01A545DBD209,2019-12-30 00:00:00.000,NM-28418,SiteNames_eeabc53d,SiteID_38a98847,AlternateSiteID_348c73ae,AlternateSiteID2_2788856f,,U,0,GW,0,1,1,0.0,0.0,0.0,0.0,,597760.0,3544489.0,NAD83,CoordinateNotes_b4a70045,2962.0,,R,,,,NAD27,,R,,,,,,,,Malaga,Eddy,NM,LocationNotes_63453ba9,,,WLReportNote_8f130157,ChemistryReportNote_0187137c,9344.0,-17626.0,,,39325,,,0x000000002C39FE07,1,,13
6130393D-ED50-4AE4-A267-01A86BF05822,2015-01-27 00:00:00.000,NM-09295,SiteNames_c18a73c5,SiteID_7a4061d7,AlternateSiteID_5ce57898,AlternateSiteID2_2788856f,,U,0,GW,0,1,0,0.0,0.0,0.0,0.0,,210056.0,3623926.0,NAD83,CoordinateNotes_6970e71d,5740.0,20.0,M,NGVD29,,,NAD83,T,M,,,,,,,,San Lorenzo,Grant,NM,LocationNotes_63453ba9,,,WLReportNote_8f130157,ChemistryReportNote_0187137c,-16144.0,-8214.0,,463527100,7872,32.71913189,-108.06908936144144,0x000000002C39FE08,0,,13
B102537F-2D85-4F30-B4B9-01A92FA2A769,2015-01-27 00:00:00.000,NM-11326,SiteNames_3ee937c5,SiteID_30870f0f,AlternateSiteID_5ce57898,AlternateSiteID2_2788856f,,U,0,GW,0,1,0,0.0,0.0,0.0,0.0,,650307.0,3640680.0,NAD83,CoordinateNotes_868a700c,4196.0,2.5,M,NGVD29,,,NAD83,S,M,,,,,,,,Fort Ranch,Lea,NM,LocationNotes_63453ba9,,,WLReportNote_8f130157,ChemistryReportNote_0187137c,19670.0,-17250.0,,463527100,15042,32.896657344594594,-103.4235767827928,0x000000002C39FE09,0,,13
DD5E9D08-7B52-4565-A79B-01AA53427178,2015-01-27 00:00:00.000,NM-18743,SiteNames_0acc9d5a,SiteID_2436e9b1,AlternateSiteID_5ce57898,AlternateSiteID2_2788856f,,U,0,GW,0,1,0,0.0,0.0,0.0,0.0,,617046.0,3792540.0,NAD83,CoordinateNotes_40581658,4409.0,5.0,M,NGVD29,,,NAD83,S,M,,,,,,,,Melrose West,Curry,NM,LocationNotes_63453ba9,,,WLReportNote_8f130157,ChemistryReportNote_0187137c,-3390.0,-18910.0,,407,7562,34.267213469639636,-103.71966840054051,0x000000002C39FE0A,0,,13
774B722F-3312-43C1-B302-01AAEDD0F9D6,2015-09-28 00:00:00.000,QY-0697,SiteNames_72922fd0,SiteID_38a98847,AlternateSiteID_928585aa,AlternateSiteID2_2788856f,,U,0,GW,0,1,0,0.0,0.0,0.0,0.0,,601345.0,3824170.0,NAD83,CoordinateNotes_514b3639,4760.0,10.0,R,,,,NAD27,,R,6.0,N,29.0,E,29.331,,,House,Quay,NM,,,,WLReportNote_8f130157,ChemistryReportNote_0187137c,490.0,-17250.0,,,32457,,,0x000000002C39FE0B,1,,13
34740DD0-EF73-4950-A899-01AC939C9879,2015-01-27 00:00:00.000,NM-04739,SiteNames_0e6f3f84,SiteID_57901fe4,AlternateSiteID_5ce57898,AlternateSiteID2_2788856f,,U,0,GW,0,1,0,0.0,0.0,0.0,0.0,,654649.0,3555994.0,NAD83,CoordinateNotes_8eca93a0,3111.5,,U,NGVD29,,,NAD83,T,M,,,,,,,,Jal,Lea,NM,LocationNotes_63453ba9,,,WLReportNote_8f130157,ChemistryReportNote_0187137c,-12868.0,1144.0,,463527100,8141,32.1279331263063,-103.34027545792794,0x000000002C39FE0C,0,,13
B997CB36-B06E-434F-A3CA-01AF3B445019,2016-03-07 00:00:00.000,TO-0109,SiteNames_14e2ee6c,SiteID_38a98847,AlternateSiteID_27d8b954,AlternateSiteID2_2788856f,,U,0,GW,0,1,0,0.0,0.0,0.0,0.0,,425138.0,3838278.0,NAD83,CoordinateNotes_79920d25,6103.18,3.3,N,NAVD88,,,NAD27,,R,4.0,N,9.0,E,19.44,,,Willard,Torrance,NM,LocationNotes_63453ba9,,,WLReportNote_8f130157,ChemistryReportNote_0187137c,19932.0,14228.0,,,35182,,,0x000000002C39FE0D,1,,13
14E9BDE8-D6FD-417A-9762-01B04932FAE0,2015-01-27 00:00:00.000,NM-21663,SiteNames_c901d07b,SiteID_081a146b,AlternateSiteID_5ce57898,AlternateSiteID2_2788856f,,U,0,GW,0,1,0,0.0,0.0,0.0,0.0,,349558.0,3898758.0,NAD83,CoordinateNotes_30b0d8d3,5065.0,5.0,M,NGVD29,,,NAD83,S,M,,,,,,,,Albuquerque West,Bernalillo,NM,LocationNotes_63453ba9,,,WLReportNote_8f130157,ChemistryReportNote_0187137c,9022.0,19478.0,,46352650000,26706,35.21913586747747,-106.66708118072071,0x000000002C39FE0E,0,,13
FB6454D0-DB4A-4091-9794-01B1139B3643,2015-01-27 00:00:00.000,NM-06338,SiteNames_a6abb538,SiteID_26a74ec6,AlternateSiteID_5ce57898,AlternateSiteID2_2788856f,,U,0,GW,0,1,0,0.0,0.0,0.0,0.0,,657413.0,3563304.0,NAD83,CoordinateNotes_6d3d6431,3325.6,,U,NGVD29,,,NAD83,T,M,,,,,,,,Rattlesnake Canyon,Lea,NM,LocationNotes_63453ba9,,,WLReportNote_8f130157,ChemistryReportNote_0187137c,-16438.0,-18026.0,,463527100,20760,32.1930031536036,-103.30050003009008,0x000000002C39FE0F,0,,13
A5FE5ED3-E4D7-4F53-B8C4-01B1ABC6E564,2015-01-27 00:00:00.000,NM-07746,SiteNames_84e4ffa0,SiteID_a3d450be,AlternateSiteID_5ce57898,AlternateSiteID2_2788856f,,U,0,GW,0,1,0,0.0,0.0,0.0,0.0,,533164.0,3601336.0,NAD83,CoordinateNotes_dac7e168,3591.0,,U,NGVD29,,,NAD83,T,M,,,,,,,,Foster Ranch,Eddy,NM,LocationNotes_63453ba9,,,WLReportNote_8f130157,ChemistryReportNote_0187137c,-10134.0,-5744.0,,463527100,11700,32.548641862252246,-104.6298739972973,0x000000002C39FE10,0,,13
22B2E183-C40F-4804-A690-01B2036B9742,2016-02-16 00:00:00.000,CX-0098,SiteNames_14e2ee6c,SiteID_38a98847,AlternateSiteID_5c391286,AlternateSiteID2_2788856f,,U,0,GW,0,0,1,0.0,0.0,0.0,0.0,,541569.0,4016248.0,NAD83,CoordinateNotes_b442fca5,5820.0,,R,,,,NAD27,,R,23.0,N,24.0,E,10.0,,,Jaritas Ranch,Colfax,NM,LocationNotes_63453ba9,,,WLReportNote_8f130157,ChemistryReportNote_0187137c,-13940.0,5088.0,,,34579,,,0x000000002C39FE11,1,,13
0597B52C-32B4-4FB4-8C8E-01B2E5B58460,2015-09-28 00:00:00.000,QY-0132,,SiteID_38a98847,AlternateSiteID_2293c537,AlternateSiteID2_2788856f,,U,0,GW,0,1,0,0.0,0.0,0.0,0.0,,690719.0,3892510.0,NAD83,CoordinateNotes_514b3639,3920.0,10.0,R,,,,NAD27,,R,10.0,N,36.0,E,26.332,,,Rock Camp,Quay,NM,LocationNotes_63453ba9,,,WLReportNote_8f130157,ChemistryReportNote_0187137c,17438.0,11430.0,,,31714,,,0x000000002C39FE12,1,,13
4FEDD844-EEC5-459D-B6BE-01B3151EEBBB,2015-01-27 00:00:00.000,NM-10019,SiteNames_aaf23956,SiteID_2e393dc2,AlternateSiteID_5ce57898,AlternateSiteID2_2788856f,,U,0,GW,0,1,0,0.0,0.0,0.0,0.0,,585568.0,3618304.0,NAD83,CoordinateNotes_55c98d35,3330.0,5.0,M,NGVD29,,,NAD83,U,M,,,,,,,,Spring Lake,Eddy,NM,LocationNotes_63453ba9,,,WLReportNote_8f130157,ChemistryReportNote_0187137c,19244.0,-18556.0,,463510500,21162,32.700719328828825,-104.11770148063064,0x000000002C39FE13,0,,13
E57CF710-14EC-4A3B-8116-01B57EC17891,2015-01-27 00:00:00.000,NM-09646,SiteNames_1ad729a2,SiteID_136a8bdc,AlternateSiteID_5ce57898,AlternateSiteID2_2788856f,,U,0,GW,0,1,0,0.0,0.0,0.0,0.0,,675505.0,3624714.0,NAD83,CoordinateNotes_f15efbcf,3673.9,2.5,M,NGVD29,,,NAD83,S,M,,,,,,,,Humble City,Lea,NM,LocationNotes_63453ba9,,,WLReportNote_8f130157,ChemistryReportNote_0187137c,276.0,-8956.0,,463527100,22123,32.746369335315315,-103.12550447351352,0x000000002C39FE14,0,,13
AD2F6463-FEC6-4C7E-8949-01B635A5F7D9,2015-01-27 00:00:00.000,NM-14191,SiteNames_880c9b1a,SiteID_dfacb7b3,AlternateSiteID_5ce57898,AlternateSiteID2_2788856f,,U,0,GW,0,1,0,0.0,0.0,0.0,0.0,,565704.0,3708162.0,NAD83,CoordinateNotes_f9421b1c,3550.0,,U,NGVD29,,,NAD83,T,M,,,,,,,,Bitter Lake,Chaves,NM,LocationNotes_63453ba9,,,WLReportNote_8f130157,ChemistryReportNote_0187137c,13202.0,9452.0,,463527100,22946,33.511640373153156,-104.31630832306308,0x000000002C39FE15,0,,13
805883EE-597B-4D38-8B0B-01B951036227,2015-01-27 00:00:00.000,NM-21626,,SiteID_f87fcdf5,AlternateSiteID_5ce57898,AlternateSiteID2_2788856f,,U,0,GW,0,1,0,0.0,0.0,0.0,0.0,,202635.0,3900144.0,NAD83,CoordinateNotes_23897454,7150.0,5.0,M,NGVD29,,,NAD83,F,M,,,,,,,,Togeye Lake,Cibola,NM,LocationNotes_63453ba9,,,WLReportNote_8f130157,ChemistryReportNote_0187137c,11042.0,17684.0,,4635230000,24212,35.19712987531531,-108.28114830252252,0x000000002C39FE16,0,,13
894128F7-DA1E-45BD-AC6E-01BA1A0DDC9F,2015-01-27 00:00:00.000,NM-23538,,SiteID_410f1619,AlternateSiteID_5ce57898,AlternateSiteID2_2788856f,,U,0,GW,0,1,0,0.0,0.0,0.0,0.0,,389676.0,3927208.0,NAD83,CoordinateNotes_a4282ca2,5920.0,10.0,M,NGVD29,,,NAD83,H,M,,,,,,,,Placitas,Sandoval,NM,LocationNotes_63453ba9,,,WLReportNote_8f130157,ChemistryReportNote_0187137c,19096.0,18708.0,,,22272,35.47989163054055,-106.25160521396396,0x000000002C39FE17,0,,13
8AD28078-0DE8-4820-B2BF-01BA9D47E51B,2015-01-27 00:00:00.000,NM-10756,SiteNames_5bc06dbf,SiteID_0318d9c3,AlternateSiteID_5ce57898,AlternateSiteID2_2788856f,,U,0,GW,0,1,0,0.0,0.0,0.0,0.0,,640453.0,3646318.0,NAD83,CoordinateNotes_0871fe52,3931.0,,U,NGVD29,,,NAD83,T,M,,,,,,,,Lovington,Lea,NM,LocationNotes_63453ba9,,,WLReportNote_8f130157,ChemistryReportNote_0187137c,-13578.0,-2182.0,,463527100,23910,32.94434995234234,-103.47421276432432,0x000000002C39FE18,0,,13
A3B32AE8-A86F-4729-A91F-01BB3E6CB8AD,2015-01-27 00:00:00.000,NM-22883,SiteNames_ba59d9ab,SiteID_fb8bbc7f,AlternateSiteID_5ce57898,AlternateSiteID2_2788856f,,U,0,GW,0,1,0,0.0,0.0,0.0,0.0,,673571.0,3910424.0,NAD83,CoordinateNotes_95d72a2e,4019.0,,U,NGVD29,,,NAD83,M,M,,,,,,,,Bard,Quay,NM,LocationNotes_63453ba9,,,WLReportNote_8f130157,ChemistryReportNote_0187137c,9692.0,17224.0,,32,18108,35.323561981171174,-103.11319112468468,0x000000002C39FE19,0,,13
E00EC212-030B-4F8F-9092-01BBFED800D0,2015-01-27 00:00:00.000,NM-26077,SiteNames_9a5098f5,SiteID_c1291727,AlternateSiteID_5ce57898,AlternateSiteID2_2788856f,,U,0,GW,0,1,0,0.0,0.0,0.0,0.0,,580189.0,4018944.0,NAD83,CoordinateNotes_8ed06827,5892.0,10.0,M,NGVD29,,,NAD83,R,M,,,,,,,,Gladstone,Union,NM,LocationNotes_63453ba9,,,WLReportNote_8f130157,ChemistryReportNote_0187137c,-13722.0,-266.0,,,29627,36.31093693360361,-104.07751051162164,0x000000002C39FE1A,0,,13
67861C16-A3A8-4749-8CBE-01BC888EF30D,2015-01-27 00:00:00.000,NM-17869,SiteNames_a17f3260,SiteID_b77da3cb,AlternateSiteID_5ce57898,AlternateSiteID2_2788856f,,U,0,GW,0,1,0,0.0,0.0,0.0,0.0,,652107.0,3802920.0,NAD83,CoordinateNotes_42a87919,4139.0,5.0,M,NGVD29,,,NAD83,S,M,,,,,,,,Portair SW,Curry,NM,LocationNotes_63453ba9,,,WLReportNote_8f130157,ChemistryReportNote_0187137c,11188.0,5630.0,,407,20968,34.35802147072072,-103.3677750872072,0x000000002C39FE1B,0,,13
4065E3F9-0806-4D7C-88CA-01BD53F4AD97,2015-01-27 00:00:00.000,NM-17679,,SiteID_dc6cc58b,AlternateSiteID_5ce57898,AlternateSiteID2_2788856f,,U,0,GW,0,1,0,0.0,0.0,0.0,0.0,,331181.0,3795448.0,NAD83,CoordinateNotes_ba5d4b1e,5741.0,10.0,M,NGVD29,,,NAD83,S,M,,,,,,,,Becker SW,Socorro,NM,LocationNotes_63453ba9,,,WLReportNote_8f130157,ChemistryReportNote_0187137c,-17310.0,3288.0,,,15743,34.28913374162161,-106.80151911594596,0x000000002C39FE1C,0,,13
315D4EA7-F108-4DEB-8535-01BE54390686,2015-01-27 00:00:00.000,NM-21766,SiteNames_1c8e8c54,SiteID_54c41c83,AlternateSiteID_5ce57898,AlternateSiteID2_2788856f,,U,0,GW,0,1,0,0.0,0.0,0.0,0.0,,612248.0,3871074.0,NAD83,CoordinateNotes_44663ff0,4132.52,8.0,N,NAVD88,,,NAD83,S,M,,,,,,,,Tucumcari SE,Quay,NM,LocationNotes_63453ba9,,,WLReportNote_8f130157,ChemistryReportNote_0187137c,-14232.0,-9196.0,,32,30282,34.97443427315315,-103.7412336362162,0x000000002C39FE1D,0,,13
32DC179D-CC6B-467D-AD24-01BF8F152A4B,2014-10-17 00:00:00.000,NM-03146,SiteNames_2a90660b,SiteID_ff74fbee,AlternateSiteID_5ce57898,AlternateSiteID2_2788856f,,U,0,GW,0,1,0,0.0,0.0,0.0,0.0,,656207.0,3819974.0,NAD83,CoordinateNotes_b8f1bbc7,4452.0,10.0,M,NGVD29,342817.03904504504,1032214.5141087264,NAD27,S,M,3.0,N,34.0,E,22.13341,,,Portair,CURRY,NM,LocationNotes_63453ba9,,,WLReportNote_8f130157,ChemistryReportNote_0187137c,6582.0,4334.0,,407,1395,34.51050966504504,-103.85667800341557,0x000000002C39FE1E,0,,13
4D853667-D02F-420B-8F8B-01C0C8346972,2012-02-06 00:00:00.000,UC-0043,SiteNames_e43af67b,SiteID_069360c6,AlternateSiteID_5ce57898,AlternateSiteID2_2788856f,,C,0,GW,0,1,0,0.0,0.0,0.0,0.0,,653159.0,4067744.0,NAD83,CoordinateNotes_25ef51ab,4894.06,3.3,N,NAVD88,363821.1011891893,1030630.1906124796,NAD83,,U,28.0,N,36.0,E,28.131,,,Moses,UNION,NM,LocationNotes_fb68564a,,,WLReportNote_8f130157,,-15962.0,11232.0,Union County,BASIN011,2159,,,0x000000002C39FE1F,1,,13
87F27976-AA7A-4736-9B1C-01C121BA7257,2015-01-27 00:00:00.000,NM-21431,SiteNames_0404d1a1,SiteID_e6489e35,AlternateSiteID_5ce57898,AlternateSiteID2_2788856f,,U,0,GW,0,1,0,0.0,0.0,0.0,0.0,,336988.0,3884116.0,NAD83,CoordinateNotes_b6e8de26,4905.0,5.0,M,NGVD29,,,NAD83,5,G,,,,,,,,Isleta,Bernalillo,NM,LocationNotes_63453ba9,,,WLReportNote_8f130157,ChemistryReportNote_0187137c,-8560.0,11036.0,,463542500,24140,35.088000483423414,-106.76939268711712,0x000000002C39FE20,0,,13
8371E2B0-7A9A-47AC-8EDD-01C266783CAC,2014-10-17 00:00:00.000,NM-02920,SiteNames_9712a4af,SiteID_d13ce890,AlternateSiteID_5ce57898,AlternateSiteID2_2788856f,,U,0,GW,0,1,0,0.0,0.0,0.0,0.0,,700387.0,3746698.0,NAD83,CoordinateNotes_b12f64aa,3926.0,,U,NGVD29,334830.0365585586,1030229.1986059848,NAD27,T,M,6.0,S,38.0,E,10.13223,,,Lingo,ROOSEVELT,TX,LocationNotes_63453ba9,,,WLReportNote_8f130157,ChemistryReportNote_0187137c,19090.0,4058.0,,463527100,3626,33.84498627855855,-102.84272539504563,0x000000002C39FE21,0,,13
D60F34C2-41EE-490D-B3E8-01C2984D038E,2015-10-28 00:00:00.000,SD-0153,SiteNames_772051fc,SiteID_38a98847,AlternateSiteID_0c5d16e1,AlternateSiteID2_2788856f,,U,0,GW,0,1,1,0.0,0.0,0.0,0.0,,380758.0,3879286.0,NAD83,CoordinateNotes_79920d25,6444.66,3.3,N,NAVD88,,,NAD27,,,10.0,N,5.0,E,,,,Tijeras,Bernalillo,NM,LocationNotes_63453ba9,,,WLReportNote_8f130157,ChemistryReportNote_0187137c,6158.0,-4684.0,,,32759,,,0x000000002C39FE22,1,,13
9AB8E807-ADE3-4AC6-BFF3-01C2B1F34AFD,2010-06-21 00:00:00.000,SA-1015,SiteNames_337bbde2,SiteID_38a98847,AlternateSiteID_5ce57898,AlternateSiteID2_2788856f,2009-07-07 00:00:00.000,C,0,SP,0,0,1,0.0,0.0,0.0,0.0,,278937.0,3722794.0,NAD83,CoordinateNotes_5a57b500,6443.41,3.3,N,NAVD88,,,NAD27,,G,9.0,S,7.0,W,6.423,,,Montoya Butte,SOCORRO,NM,LocationNotes_0e27d351,,,WLReportNote_8f130157,ChemistryReportNote_0187137c,19928.0,7068.0,San Agustin Plains Alamosa Creek,,4205,,,0x000000002C39FE23,1,,13
20184ADD-09D9-48B3-8B4F-01C4AED397EB,2012-07-31 00:00:00.000,QU-526,SiteNames_a6f2fb60,SiteID_38a98847,AlternateSiteID_5ce57898,AlternateSiteID2_2788856f,2011-10-13 00:00:00.000,C,0,SP,0,0,1,0.0,0.0,0.0,0.0,,437441.0,4063585.0,NAD83,CoordinateNotes_5a57b500,7278.16,3.3,N,NAVD88,,,NAD27,,G,,,,,,,,Questa,TAOS,NM,LocationNotes_63453ba9,,,WLReportNote_8f130157,ChemistryReportNote_0187137c,-7634.0,2188.0,Questa Red River,,890,,,0x000000002C39FE24,1,,13
1CC25DD9-3CD9-4931-A704-01C50778A557,2015-09-28 00:00:00.000,QY-0965,SiteNames_e99f35bd,SiteID_38a98847,AlternateSiteID_46631b2e,AlternateSiteID2_2788856f,,U,0,GW,0,1,0,0.0,0.0,0.0,0.0,,621809.0,3870190.0,NAD83,CoordinateNotes_514b3639,4170.0,10.0,R,,,,NAD27,,R,9.0,N,31.0,E,15.444,,,Mesa Redonda,Quay,NM,LocationNotes_63453ba9,,,WLReportNote_8f130157,ChemistryReportNote_0187137c,-2904.0,-3710.0,,,32337,,,0x000000002C39FE25,1,,13
1D6FA6D6-701D-4B06-8E05-01CB0996D988,2016-02-16 00:00:00.000,ED-0172,SiteNames_14e2ee6c,SiteID_38a98847,AlternateSiteID_8d9207e7,AlternateSiteID2_2788856f,,U,0,GW,0,1,0,0.0,0.0,0.0,0.0,,560724.0,3580952.0,NAD83,CoordinateNotes_6294849d,3750.0,,R,,,,NAD27,,R,22.0,S,25.0,E,19.214,,,Azotea Peak,Eddy,NM,LocationNotes_63453ba9,,,WLReportNote_8f130157,ChemistryReportNote_0187137c,7150.0,-2008.0,,,34839,,,0x000000002C39FE26,1,,13
E3129C1F-3A61-4468-9121-01CB8A68E411,2015-01-27 00:00:00.000,NM-07335,SiteNames_33ecb818,SiteID_570cd9d2,AlternateSiteID_5ce57898,AlternateSiteID2_2788856f,,U,0,GW,0,1,0,0.0,0.0,0.0,0.0,,186013.0,3616284.0,NAD83,CoordinateNotes_8e3a4f49,5318.0,1.0,M,NGVD29,,,NAD83,T,M,,,,,,,,Whitewater,Grant,NM,LocationNotes_63453ba9,,,WLReportNote_8f130157,ChemistryReportNote_0187137c,-11430.0,12424.0,,463527100,26409,32.64284247792792,-108.32412872297296,0x000000002C39FE27,0,,13
B4C6A577-9C43-48DE-B95D-01CBAE6398A1,2015-12-03 00:00:00.000,BW-0879,SiteNames_14e2ee6c,SiteID_38a98847,AlternateSiteID_94e5efa0,AlternateSiteID2_2788856f,,U,0,GW,0,0,1,0.0,0.0,0.0,0.0,,496859.0,4037962.0,NAD83,CoordinateNotes_79920d25,6178.57,3.3,N,NAVD88,,,NAD27,,R,29.0,N,22.0,E,18.0,,,Miami NE,Colfax,NM,LocationNotes_63453ba9,,,WLReportNote_8f130157,ChemistryReportNote_0187137c,-19346.0,2862.0,,,33916,,,0x000000002C39FE28,1,,13
817F8D1C-6170-4B03-876E-01CDD0965334,2015-01-27 00:00:00.000,NM-11281,SiteNames_d738c744,SiteID_a39e96e1,AlternateSiteID_5ce57898,AlternateSiteID2_2788856f,,U,0,GW,0,1,0,0.0,0.0,0.0,0.0,,640374.0,3653352.0,NAD83,CoordinateNotes_cf123326,4189.0,2.5,M,NGVD29,,,NAD83,F,M,,,,,,,,Fort Ranch,Lea,NM,LocationNotes_63453ba9,,,WLReportNote_8f130157,ChemistryReportNote_0187137c,9744.0,-3158.0,,463527100,22489,33.01083488954955,-103.51327781621622,0x000000002C39FE29,0,,13
F9E57880-3D81-41D0-9988-01CDD61AA165,2012-11-27 00:00:00.000,QU-107,SiteNames_30aec82a,SiteID_38a98847,AlternateSiteID_5ce57898,AlternateSiteID2_2788856f,2012-08-17 00:00:00.000,C,0,GW,0,1,0,0.0,0.0,0.0,0.0,,432167.0,4063611.0,NAD83,CoordinateNotes_5a57b500,8157.97,3.3,N,NAVD88,,,NAD27,,G,,,,,,,,Questa,TAOS,NM,LocationNotes_6cacac29,2015-08-13 00:00:00.000,,WLReportNote_e1f8ffed,ChemistryReportNote_0187137c,-16888.0,-3542.0,Questa Red River,,6785,,,0x000000002C39FE2A,1,,13
4326558B-C86A-4372-8D36-01CE325B5BC4,2015-01-27 00:00:00.000,NM-08637,SiteNames_346ebf95,SiteID_7b727738,AlternateSiteID_5ce57898,AlternateSiteID2_2788856f,,U,0,GW,0,1,0,0.0,0.0,0.0,0.0,,548952.0,3615622.0,NAD83,CoordinateNotes_26a173f3,3479.0,,U,NGVD29,,,NAD83,T,M,,,,,,,,Dayton,Eddy,NM,LocationNotes_63453ba9,,,WLReportNote_8f130157,ChemistryReportNote_0187137c,-2226.0,-5168.0,,463527100,23090,32.67716581144144,-104.47390733405403,0x000000002C39FE2B,0,,13
558EA017-861C-4A7F-8997-01CFFD2EBFC6,2009-10-30 00:00:00.000,TB-0164,SiteNames_358aafab,SiteID_38a98847,AlternateSiteID_5ce57898,AlternateSiteID2_2788856f,2009-09-24 00:00:00.000,C,0,GW,0,1,0,0.0,0.0,0.0,0.0,,426180.0,3706877.0,NAD83,CoordinateNotes_5a57b500,6699.38,3.3,N,NAVD88,,,NAD27,,G,9.0,S,13.0,E,8.0,,,Nogal,LINCOLN,NM,LocationNotes_79ea509c,2014-12-16 00:00:00.000,,WLReportNote_5fd9dff4,,-8270.0,-4254.0,Tularosa Basin,,2377,,,0x000000002C39FE2C,1,,13
3E80D1A0-B992-4B95-B2F9-01D0844A2FB0,2015-11-11 00:00:00.000,BW-0421,SiteNames_b3554a26,SiteID_38a98847,AlternateSiteID_6db11752,AlternateSiteID2_2788856f,,M,0,GW,0,0,1,0.0,0.0,0.0,0.0,,413272.0,3617158.0,NAD83,CoordinateNotes_e21b76d0,4207.19,,R,,,,NAD27,,R,17.0,S,10.0,E,32.111,,,Alamogordo South,Otero,NM,LocationNotes_cd37213c,,,WLReportNote_8f130157,ChemistryReportNote_0187137c,1632.0,-10842.0,,,33610,,,0x000000002C39FE2D,1,,13
098257D5-2ACC-4376-8811-01D103AAB798,2015-01-27 00:00:00.000,NM-13318,SiteNames_6457ac2e,SiteID_143fc3c6,AlternateSiteID_5ce57898,AlternateSiteID2_2788856f,,U,0,GW,0,1,0,0.0,0.0,0.0,0.0,,552017.0,3678698.0,NAD83,CoordinateNotes_eb084260,3502.0,,U,NGVD29,,,NAD83,T,M,,,,,,,,South Spring,Chaves,NM,LocationNotes_63453ba9,,,WLReportNote_8f130157,ChemistryReportNote_0187137c,-3302.0,-10632.0,,463527100,15542,33.24598427621621,-104.43526975774772,0x000000002C39FE2E,0,,13
412A57DD-3EF9-42D4-88A0-01D247BB4F0C,2015-01-27 00:00:00.000,NM-15328,SiteNames_9cd82f0b,SiteID_73dd8854,AlternateSiteID_5ce57898,AlternateSiteID2_2788856f,,U,0,GW,0,1,0,0.0,0.0,0.0,0.0,,690939.0,3734632.0,NAD83,CoordinateNotes_0495c238,3983.3,2.5,M,NGVD29,,,NAD83,S,M,,,,,,,,Lingo,Roosevelt,NM,LocationNotes_63453ba9,,,WLReportNote_8f130157,ChemistryReportNote_0187137c,17036.0,-5838.0,,463527100,19965,33.737499785405404,-102.96813456252252,0x000000002C39FE2F,0,,13
58415EF1-133B-4ACC-B9F2-01D9A2EA39D0,2015-01-27 00:00:00.000,NM-10008,,SiteID_131d066d,AlternateSiteID_5ce57898,AlternateSiteID2_2788856f,,U,0,GW,0,1,0,0.0,0.0,0.0,0.0,,418438.0,3619264.0,NAD83,CoordinateNotes_5d071202,4191.0,50.0,M,NGVD29,,,NAD83,T,M,,,,,,,,Alamogordo South,Otero,NM,LocationNotes_63453ba9,,,WLReportNote_8f130157,ChemistryReportNote_0187137c,10098.0,-17586.0,,,15068,32.707489157567565,-105.88873601702704,0x000000002C39FE30,0,,13
BC4AFACE-9D2B-4E70-BAC9-01DD190BBAE6,2015-01-27 00:00:00.000,NM-23225,,SiteID_db13fd83,AlternateSiteID_5ce57898,AlternateSiteID2_2788856f,,U,0,GW,0,1,0,0.0,0.0,0.0,0.0,,420918.0,3892586.0,NAD83,CoordinateNotes_a4953142,6442.0,10.0,M,NGVD29,,,NAD83,F,M,,,,,,,,Stanley,Santa Fe,NM,LocationNotes_63453ba9,,,WLReportNote_8f130157,ChemistryReportNote_0187137c,11926.0,-5564.0,,,12411,35.17213957387387,-105.89258027855855,0x000000002C39FE31,0,,13
90B9019C-79ED-43BE-B738-01DE4FC1BCDB,2015-09-28 00:00:00.000,QY-0053,SiteNames_50ece803,SiteID_38a98847,AlternateSiteID_2ed80259,AlternateSiteID2_2788856f,,U,0,GW,0,1,0,0.0,0.0,0.0,0.0,,617193.0,3882646.0,NAD83,CoordinateNotes_514b3639,4280.0,10.0,R,,,,NAD27,,R,10.0,N,30.0,E,31.312,,,Briscoe Ranch,Quay,NM,LocationNotes_63453ba9,,,WLReportNote_8f130157,ChemistryReportNote_0187137c,8162.0,3636.0,,,31993,,,0x000000002C39FE32,1,,13
D307DA5A-6158-4388-9E04-01DF00167784,2015-01-27 00:00:00.000,NM-16104,SiteNames_f8c9ee5a,SiteID_957a4e13,AlternateSiteID_5ce57898,AlternateSiteID2_2788856f,,U,0,GW,0,1,0,0.0,0.0,0.0,0.0,,656388.0,3773386.0,NAD83,CoordinateNotes_286bab6e,4243.0,2.5,M,NGVD29,,,NAD83,S,M,,,,,,,,Dora,Roosevelt,NM,LocationNotes_63453ba9,,,WLReportNote_8f130157,ChemistryReportNote_0187137c,6028.0,13326.0,,463527100,17938,34.09041803405405,-103.3181472336937,0x000000002C39FE33,0,,13
C4833A88-5EF2-4186-B570-01DF21C17751,2024-04-11 00:00:00.000,WL-0340,SiteNames_a53a1f74,SiteID_38a98847,AlternateSiteID_5ce57898,AlternateSiteID2_2788856f,2024-04-09 10:25:00.000,U,0,GW,0,0,0,0.0,0.0,0.0,0.0,,390428.0,3955850.0,NAD83,CoordinateNotes_b4a70045,6156.017,3.3,N,NAVD88,,,NAD27,5m,G,,,,,,,,,,NM,LocationNotes_88ef966f,,,WLReportNote_8f130157,ChemistryReportNote_0187137c,-10032.0,16528.0,Water Level Network,,40472,,,0x000000002C39FE34,1,,13
9629C793-18E9-4714-B80E-01E0AE9B9179,2015-01-27 00:00:00.000,NM-04836,SiteNames_1a166333,SiteID_5fa90a5b,AlternateSiteID_5ce57898,AlternateSiteID2_2788856f,,U,0,GW,0,1,0,0.0,0.0,0.0,0.0,,402447.0,3574656.0,NAD83,CoordinateNotes_34c17c05,4101.9,1.0,A,NGVD29,,,NAD83,S,M,,,,,,,,Desert,Otero,NM,LocationNotes_63453ba9,,,WLReportNote_8f130157,ChemistryReportNote_0187137c,19086.0,18426.0,,,19702,32.302489959999996,-106.06470437405406,0x000000002C39FE35,0,,13
B148390D-48DC-4F70-9D71-01E0B760A208,2015-01-27 00:00:00.000,NM-16599,SiteNames_62f66109,SiteID_312ea169,AlternateSiteID_5ce57898,AlternateSiteID2_2788856f,,U,0,GW,0,1,0,0.0,0.0,0.0,0.0,,690814.0,3776230.0,NAD83,CoordinateNotes_f1a6d956,3898.0,5.0,M,NGVD29,,,NAD83,S,M,,,,,,,,Golden Ranch,Roosevelt,NM,LocationNotes_63453ba9,,,WLReportNote_8f130157,ChemistryReportNote_0187137c,12928.0,-60.0,,463527100,9669,34.11176427945946,-102.95486625153151,0x000000002C39FE36,0,,13
43785DB8-45B3-4BC3-87ED-01E5EB97CC7C,2015-01-27 00:00:00.000,NM-04029,SiteNames_076aee34,SiteID_598731bb,AlternateSiteID_5ce57898,AlternateSiteID2_2788856f,,U,0,GW,0,1,0,0.0,0.0,0.0,0.0,,299540.0,3513326.0,NAD83,CoordinateNotes_66787315,4189.0,5.0,M,NGVD29,,,NAD83,T,M,,,,,,,,P O L Ranch,Luna,NM,LocationNotes_63453ba9,,,WLReportNote_8f130157,ChemistryReportNote_0187137c,17962.0,-17474.0,,463527100,10879,31.734620456576575,-107.1476404701802,0x000000002C39FE37,0,,13
46447123-7A89-4CC3-B599-01E69FF4A2A5,2016-09-02 10:08:13.000,SO-0271,SiteNames_80f4b256,SiteID_38a98847,AlternateSiteID_5992945c,AlternateSiteID2_2788856f,2016-09-21 00:00:00.000,C,0,GW,1,1,0,0.0,0.0,1.0,0.0,,335625.0,3766460.0,NAD83,CoordinateNotes_831eb0eb,4569.14,3.3,N,NAVD88,,,NAD27,,G,,,,,,,,Loma De Las Canas,SOCORRO,NM,LocationNotes_e503deb5,,,WLReportNote_8f130157,ChemistryReportNote_0187137c,6974.0,2542.0,,,36143,34.02483090090091,-106.79217117117118,0x000000002C39FE38,1,,13
4461C778-22FA-4428-9882-01EA2F0269DB,2015-01-27 00:00:00.000,NM-15075,SiteNames_5a3c00ef,SiteID_8c5982c2,AlternateSiteID_5ce57898,AlternateSiteID2_2788856f,,U,0,GW,0,1,0,0.0,0.0,0.0,0.0,,560682.0,3736578.0,NAD83,CoordinateNotes_3f9bc3df,3954.0,,U,NGVD29,,,NAD83,T,M,,,,,,,,Haystack Mountain,Chaves,NM,LocationNotes_63453ba9,,,WLReportNote_8f130157,ChemistryReportNote_0187137c,-17906.0,6578.0,,463527100,30013,33.766296031261255,-104.31322526531532,0x000000002C39FE39,0,,13
134509FC-F543-44A8-921C-01EC9A4F07A1,2019-12-30 00:00:00.000,NM-28407,SiteNames_a9746424,SiteID_38a98847,AlternateSiteID_c20e01f0,AlternateSiteID2_2788856f,,U,0,GW,0,0,1,0.0,0.0,0.0,0.0,,615539.0,3554905.0,NAD83,CoordinateNotes_b4a70045,3693.0,,R,,,,NAD27,,R,,,,,,,,Tip Top Wells,Lea,NM,LocationNotes_63453ba9,,,WLReportNote_8f130157,ChemistryReportNote_0187137c,-14624.0,-18326.0,,,39314,,,0x000000002C39FE3A,1,,13
C53A7A6A-9BED-F244-98C4-01F0260C7E7C,2025-03-04 10:58:45.000,RA-105,SiteNames_21f10c12,SiteID_38a98847,AlternateSiteID_5ce57898,AlternateSiteID2_2788856f,2025-02-06 00:00:00.000,,0,GW,0,1,0,0.0,0.0,0.0,0.0,,398996.0,4039042.0,NAD83,CoordinateNotes_b4a70045,6317.825,3.3,N,NAVD88,,,NAD27,,G,,,,,,,,,,NM,LocationNotes_ca6f2d20,,,WLReportNote_8f130157,ChemistryReportNote_0187137c,-8216.0,17788.0,,,40608,,,0x000000002C39FE3B,1,,13
D0CCDAC3-9A83-4651-9E5E-01F3886269C3,2015-01-27 00:00:00.000,NM-25287,SiteNames_7ea70cf2,SiteID_29adfc46,AlternateSiteID_5ce57898,AlternateSiteID2_2788856f,,U,0,GW,0,1,0,0.0,0.0,0.0,0.0,,212881.0,3982862.0,NAD83,CoordinateNotes_6b3961cc,6440.0,1.0,L,NGVD29,,,NAD83,T,M,,,,,,,,Antelope Lookout Mesa,McKinley,NM,LocationNotes_63453ba9,,,WLReportNote_8f130157,ChemistryReportNote_0187137c,-4012.0,12492.0,,463542300,15009,35.949225480540534,-108.17037812414416,0x000000002C39FE3C,0,,13
207155CD-897B-4F40-9ACA-01F573979CFB,2014-10-17 00:00:00.000,NM-03525,SiteNames_941b8bef,SiteID_4fcb5559,AlternateSiteID_5ce57898,AlternateSiteID2_2788856f,,U,0,GW,0,1,0,0.0,0.0,0.0,0.0,,680114.0,3939876.0,NAD83,CoordinateNotes_b1394cf4,4210.0,,U,NGVD29,354101.90275675675,1030208.971304122,NAD27,M,M,17.0,N,37.0,E,20.4313,,,Doyle Hill,QUAY,TX,LocationNotes_63453ba9,,,WLReportNote_8f130157,ChemistryReportNote_0187137c,2368.0,-10794.0,,32,903,35.58668786675676,-103.06446999780556,0x000000002C39FE3D,0,,13
FC6F6A2F-E7BA-4057-B74F-01F8BD9E3534,2006-06-26 00:00:00.000,SM-0062,SiteNames_7106fe9a,SiteID_38a98847,AlternateSiteID_5ce57898,AlternateSiteID2_2788856f,2006-06-21 00:00:00.000,C,0,GW,0,1,0,0.0,0.0,0.0,0.0,,457515.0,3658299.0,NAD83,CoordinateNotes_5a57b500,7647.8,3.3,N,NAVD88,325929.3222702702,1053440.5044389293,NAD27,5,G,15.0,S,14.0,E,21.0,,,Harvey Ranch,OTERO,NM,LocationNotes_83a2a816,,,WLReportNote_8f130157,ChemistryReportNote_0187137c,11562.0,7800.0,Sacramento Mtns,,6860,,,0x000000002C39FE3E,1,,13
B51BCA7C-1A14-4BF4-8F9E-01F9D46AE9F5,2015-01-27 00:00:00.000,NM-18207,SiteNames_ccb76290,SiteID_2d15c3bd,AlternateSiteID_5ce57898,AlternateSiteID2_2788856f,,U,0,GW,0,1,0,0.0,0.0,0.0,0.0,,634958.0,3805104.0,NAD83,CoordinateNotes_c6f38c5c,4287.0,2.5,M,NGVD29,,,NAD83,S,M,,,,,,,,Portair SW,Curry,NM,LocationNotes_63453ba9,,,WLReportNote_8f130157,ChemistryReportNote_0187137c,-11392.0,1934.0,,407,18539,34.376945543423425,-103.51119671063064,0x000000002C39FE3F,0,,13
DB60B5BC-2335-4C92-BD15-01FA49AA68B2,2012-11-14 00:00:00.000,QU-085,SiteNames_cf1c062f,SiteID_38a98847,AlternateSiteID_eb6cf97a,AlternateSiteID2_2788856f,2012-11-06 00:00:00.000,C,0,GW,0,1,1,0.0,0.0,1.0,0.0,LL,460693.0,4077766.0,NAD83,CoordinateNotes_8677346a,7547.0,,R,NAVD88,,,NAD27,,G,,,,,,,,Guadalupe Mountain,TAOS,NM,LocationNotes_94030df9,,,WLReportNote_8f130157,ChemistryReportNote_0187137c,16890.0,15236.0,Questa Red River,,5939,,,0x000000002C39FE40,1,,13
7E6DBB91-FEDD-4E4A-A988-01FC32EF1C0B,2015-01-27 00:00:00.000,NM-10832,SiteNames_e574c911,SiteID_4dc033cc,AlternateSiteID_5ce57898,AlternateSiteID2_2788856f,,U,0,GW,0,1,0,0.0,0.0,0.0,0.0,,565514.0,3635576.0,NAD83,CoordinateNotes_06f124d4,3469.0,,U,NGVD29,,,NAD83,T,M,,,,,,,,Espuela,Chaves,NM,LocationNotes_63453ba9,,,WLReportNote_8f130157,ChemistryReportNote_0187137c,14582.0,-12624.0,,463527100,20791,32.85721368027027,-104.32359489063064,0x000000002C39FE41,0,,13
DA3121D3-DB9A-43EC-84AF-01FDACB572DD,2015-01-27 00:00:00.000,NM-05184,,SiteID_15c93fd1,AlternateSiteID_5ce57898,AlternateSiteID2_2788856f,,U,0,GW,0,1,0,0.0,0.0,0.0,0.0,,324724.0,3568682.0,NAD83,CoordinateNotes_eeef2bef,3843.0,10.0,M,NGVD29,,,NAD83,S,M,,,,,,,,San Miguel,Dona Ana,NM,LocationNotes_63453ba9,,,WLReportNote_8f130157,ChemistryReportNote_0187137c,-13620.0,6872.0,,,12633,32.243117769909915,-106.8374241727027,0x000000002C39FE42,0,,13
42799BDE-E0D5-466A-A7F2-01FFFFCC75F6,2016-09-22 00:00:00.000,NM-27262,SiteNames_ed444578,SiteID_bbd31b5e,AlternateSiteID_5ce57898,AlternateSiteID2_2788856f,,U,0,GW,0,1,0,0.0,0.0,0.0,0.0,,581675.0,3588346.0,NAD83,CoordinateNotes_cd5280d1,3103.3,,U,NGVD29,,,NAD83,T,M,23.0,S,28.0,E,19.331,,,Otis,Eddy,NM,LocationNotes_63453ba9,,,WLReportNote_8f130157,ChemistryReportNote_0187137c,-252.0,15816.0,,,36204,32.42899550648649,-104.13221128027024,0x000000002C39FE43,0,,13
681F9D15-F48F-4D8F-8DCB-02001C3D16AE,2015-01-27 00:00:00.000,NM-09680,SiteNames_961ca0e5,SiteID_ca818428,AlternateSiteID_5ce57898,AlternateSiteID2_2788856f,,U,0,GW,0,1,0,0.0,0.0,0.0,0.0,,553356.0,3629842.0,NAD83,CoordinateNotes_cabed8d1,3321.6,,U,NGVD29,,,NAD83,T,M,,,,,,,,Spring Lake,Eddy,NM,LocationNotes_63453ba9,,,WLReportNote_8f130157,ChemistryReportNote_0187137c,-6446.0,-2518.0,,463527100,23999,32.80492818531531,-104.41914478207208,0x000000002C39FE44,0,,13
98D34F12-6EF4-44FD-93BD-0200B2587575,2013-06-25 00:00:00.000,MG-013,SiteNames_87f99df9,SiteID_38a98847,AlternateSiteID_6061a430,AlternateSiteID2_2788856f,2013-06-19 00:00:00.000,C,0,GW,0,1,1,0.0,0.0,0.0,0.0,,285819.0,3779918.0,NAD83,CoordinateNotes_1028f284,7186.33,3.3,N,NAVD88,34.140080990990995,-107.32134025526074,,,G,,,,,,,,Magdalena,SOCORRO,NM,LocationNotes_63453ba9,,,WLReportNote_8f130157,ChemistryReportNote_0187137c,-9454.0,7880.0,Magdalena,,4160,,,0x000000002C39FE45,1,,13
13DAC86D-E087-4F4C-98CD-02062489E167,2015-01-27 00:00:00.000,NM-08466,SiteNames_9d35cd53,SiteID_b50a65f1,AlternateSiteID_5ce57898,AlternateSiteID2_2788856f,,U,0,GW,0,1,0,0.0,0.0,0.0,0.0,,660326.0,3601586.0,NAD83,CoordinateNotes_b88e68b7,3763.0,,U,NGVD29,,,NAD83,T,M,,,,,,,,Monument North,Lea,NM,LocationNotes_63453ba9,,,WLReportNote_8f130157,ChemistryReportNote_0187137c,3232.0,-17604.0,,463527100,14056,32.54069247540541,-103.29498113288288,0x000000002C39FE46,0,,13
02497569-E38E-43F6-BB53-020698F55227,2015-01-27 00:00:00.000,NM-09658,SiteNames_64c6a4ec,SiteID_31765234,AlternateSiteID_5ce57898,AlternateSiteID2_2788856f,,U,0,GW,0,1,0,0.0,0.0,0.0,0.0,,682679.0,3623846.0,NAD83,CoordinateNotes_0c0d853a,3649.0,,U,NGVD29,,,NAD83,T,M,,,,,,,,Humble City SE,Lea,NM,LocationNotes_63453ba9,,,WLReportNote_8f130157,ChemistryReportNote_0187137c,972.0,-9754.0,,463527100,11810,32.73750922612613,-103.05006731324325,0x000000002C39FE47,0,,13
8D1358DB-2A49-4E01-BD39-020769C83D63,2015-01-27 00:00:00.000,NM-19123,SiteNames_350e2a90,SiteID_b9fcfcff,AlternateSiteID_5ce57898,AlternateSiteID2_2788856f,,U,0,GW,0,1,0,0.0,0.0,0.0,0.0,,634008.0,3817558.0,NAD83,CoordinateNotes_c1781d77,4501.0,2.5,M,NGVD29,,,NAD83,S,M,,,,,,,,Garrett Ranch,Curry,NM,LocationNotes_63453ba9,,,WLReportNote_8f130157,ChemistryReportNote_0187137c,-17262.0,-2082.0,,407,13817,34.48854044324324,-103.50768844351352,0x000000002C39FE48,0,,13
C6A9E83E-036D-4C0E-8358-020CD031C1FC,2015-01-27 00:00:00.000,NM-12027,SiteNames_fe9d91f3,SiteID_6cb0f2e9,AlternateSiteID_5ce57898,AlternateSiteID2_2788856f,,U,0,GW,0,1,0,0.0,0.0,0.0,0.0,,601133.0,3655296.0,NAD83,CoordinateNotes_3357cf38,4339.9,2.5,M,NGVD29,,,NAD83,S,M,,,,,,,,Cooper-Good Ranch,Lea,NM,LocationNotes_63453ba9,,,WLReportNote_8f130157,ChemistryReportNote_0187137c,-18100.0,-12494.0,,463527100,13868,33.02977816144144,-103.88468290306304,0x000000002C39FE49,0,,13
F5C26D95-AB6D-4E14-9F68-020DF210DFAD,2009-09-23 00:00:00.000,TB-1006,SiteNames_7415f5b8,SiteID_38a98847,AlternateSiteID_5ce57898,AlternateSiteID2_2788856f,2009-08-18 00:00:00.000,C,0,SP,0,0,1,0.0,0.0,0.0,1.0,,430026.0,3693868.0,NAD83,CoordinateNotes_5ef32eb0,7115.04,3.3,N,NAVD88,,,NAD27,,G,9.0,S,13.0,E,17.0,,,Nogal,LINCOLN,NM,LocationNotes_7225bf94,,,WLReportNote_8f130157,,-5026.0,-15942.0,Tularosa Basin,,6672,,,0x000000002C39FE4A,1,,13
3E708F6C-278E-4F91-A262-02119EBAE569,2015-01-27 00:00:00.000,NM-24846,SiteNames_20c31203,SiteID_d3d3c5bb,AlternateSiteID_5ce57898,AlternateSiteID2_2788856f,,U,0,GW,0,1,0,0.0,0.0,0.0,0.0,,421755.0,3930926.0,NAD83,CoordinateNotes_381c265f,7240.0,20.0,M,NGVD29,,,NAD83,U,M,,,,,,,,Rosilla Peak,San Miguel,NM,LocationNotes_63453ba9,,,WLReportNote_8f130157,ChemistryReportNote_0187137c,-16362.0,-14824.0,,463510500,21983,35.52009573045044,-105.8310332754054,0x000000002C39FE4B,0,,13
A5EAE7FA-EF6F-48E3-8AAF-0212815D7EBA,2015-01-27 00:00:00.000,NM-16725,SiteNames_8236f55f,SiteID_a9965bce,AlternateSiteID_5ce57898,AlternateSiteID2_2788856f,,U,0,GW,0,1,0,0.0,0.0,0.0,0.0,,630462.0,3769740.0,NAD83,CoordinateNotes_db0b3fff,4099.0,2.5,M,NGVD29,,,NAD83,R,M,,,,,,,,Bethel,Roosevelt,NM,LocationNotes_63453ba9,,,WLReportNote_8f130157,ChemistryReportNote_0187137c,-15344.0,-7600.0,,463527100,13064,34.05828045153153,-103.55707840423425,0x000000002C39FE4C,0,,13
BFA55E1B-A5FF-406D-A38C-0213D65D6207,2013-02-11 00:00:00.000,UC-0108,SiteNames_14e2ee6c,SiteID_2dc81933,AlternateSiteID_5ce57898,AlternateSiteID2_2788856f,2013-02-11 00:00:00.000,U,0,GW,0,1,0,0.0,0.0,0.0,0.0,,613117.0,4037310.0,NAD83,CoordinateNotes_8006af05,5847.75,3.3,N,NAVD88,361832.3667027028,1035220.3264747558,NAD27,5,G,24.0,N,29.0,E,17.414,,,Romero Spring,UNION,NM,LocationNotes_1c00c1c3,,,WLReportNote_8f130157,,11874.0,18504.0,Union County,BASIN011,5204,,,0x000000002C39FE4D,0,,13
C8501B55-58C2-43AB-9A11-021D22B22576,2015-02-26 00:00:00.000,NM-26935,SiteNames_6a28723b,SiteID_38a98847,AlternateSiteID_5ce57898,AlternateSiteID2_2788856f,,U,0,GW,0,0,1,0.0,0.0,0.0,0.0,,349820.0,3946766.0,NAD83,CoordinateNotes_4add0549,7983.0,,R,,,,NAD27,,R,,,,,,,,Redondo Peak,Sandoval,NM,LocationNotes_63453ba9,,,WLReportNote_8f130157,ChemistryReportNote_0187137c,-6408.0,-17334.0,,,30697,35.65427783783784,-106.64964972972976,0x000000002C39FE4E,1,,13
F52A1274-9F07-4466-9999-021E2E0A4C00,2014-12-12 00:00:00.000,BC-0030,SiteNames_bf0733fb,SiteID_38a98847,AlternateSiteID_0d49de26,AlternateSiteID2_2788856f,,U,0,GW,0,1,0,0.0,0.0,0.0,0.0,,395830.0,3907574.0,NAD83,CoordinateNotes_419487b7,6748.0,,R,,,,NAD27,,R,,,,,,,,Sandia Park,BERNALILLO,NM,LocationNotes_63453ba9,,,WLReportNote_8f130157,ChemistryReportNote_0187137c,14756.0,17604.0,,,7182,,,0x000000002C39FE4F,1,,13
CCDAA8C5-21B6-414D-A163-021E5A112780,2015-01-27 00:00:00.000,NM-06336,SiteNames_e0e0d008,SiteID_d536fb4a,AlternateSiteID_5ce57898,AlternateSiteID2_2788856f,,U,0,GW,0,1,0,0.0,0.0,0.0,0.0,,659169.0,3592922.0,NAD83,CoordinateNotes_1b7931ed,3323.5,,U,NGVD29,,,NAD83,T,M,,,,,,,,Rattlesnake Canyon,Lea,NM,LocationNotes_63453ba9,,,WLReportNote_8f130157,ChemistryReportNote_0187137c,-14866.0,11622.0,,463527100,20501,32.45982439270269,-103.28439335792793,0x000000002C39FE50,0,,13
9F9B0B91-93A7-41D3-9598-021F376E2102,2015-01-27 00:00:00.000,NM-16726,SiteNames_51edbf5f,SiteID_3cce4bc4,AlternateSiteID_5ce57898,AlternateSiteID2_2788856f,,U,0,GW,0,1,0,0.0,0.0,0.0,0.0,,648854.0,3765810.0,NAD83,CoordinateNotes_05f39655,4115.0,5.0,M,NGVD29,,,NAD83,R,M,,,,,,,,Bethel,Roosevelt,NM,LocationNotes_63453ba9,,,WLReportNote_8f130157,ChemistryReportNote_0187137c,3460.0,-11650.0,,463527100,14741,34.02290503504505,-103.39211755882884,0x000000002C39FE51,0,,13
4BE0D5B0-2343-4C7A-AEA9-021FC63F42F8,2014-10-01 00:00:00.000,NM-01550,SiteNames_db51ac95,SiteID_9c254042,AlternateSiteID_5ce57898,AlternateSiteID2_2788856f,,U,0,GW,0,1,0,0.0,0.0,0.0,0.0,,608890.0,3997892.0,NAD83,CoordinateNotes_8ee473da,4552.0,5.0,M,NGVD29,355847.1387567568,1034111.0880649582,NAD83,R,G,20.0,N,31.0,E,7.2434,,,Bueyeros,HARDING,NM,LocationNotes_63453ba9,,,WLReportNote_8f130157,ChemistryReportNote_0187137c,-9526.0,15402.0,,30,2118,36.11839564675676,-103.5984350418464,0x000000002C39FE52,0,,13
DC5D0AE2-59A2-443F-8C70-02203BF216EB,2015-01-27 00:00:00.000,NM-07076,SiteNames_efd090f9,SiteID_3760ee63,AlternateSiteID_1bf7f7ef,AlternateSiteID2_2788856f,2020-02-14 00:00:00.000,C,0,GW,0,1,0,0.0,0.0,0.0,0.0,,246416.0,3595459.0,NAD83,CoordinateNotes_a54481ef,5073.0,3.3,N,NAVD88,,,NAD83,5m,G,,,,,,,,Goat Ridge,Luna,NM,LocationNotes_26b2c040,,,WLReportNote_8f130157,ChemistryReportNote_0187137c,8174.0,-1334.0,,863700200,21205,32.46558198198199,-107.71136036036036,0x000000002C39FE53,0,,13
5D349CFE-E0E6-4E4B-948F-0221C3C38504,2015-09-28 00:00:00.000,QY-0015,SiteNames_45d12a63,SiteID_38a98847,AlternateSiteID_3e410daa,AlternateSiteID2_2788856f,,U,0,GW,0,1,0,0.0,0.0,0.0,0.0,,610838.0,3900058.0,NAD83,CoordinateNotes_514b3639,4390.0,10.0,R,,,,NAD27,,R,10.0,N,28.0,E,22.242,,,Quemado Hills,Quay,NM,LocationNotes_63453ba9,,,WLReportNote_8f130157,ChemistryReportNote_0187137c,11948.0,17428.0,,,32114,,,0x000000002C39FE54,1,,13
FF7C2A5F-4DB8-0F46-BC7E-0223D50361B8,2018-01-25 09:06:21.000,PC-039,SiteNames_416208cc,SiteID_38a98847,AlternateSiteID_d3856af2,AlternateSiteID2_2788856f,,C,0,GW,0,1,0,0.0,0.0,0.0,0.0,,361275.0,3913206.0,NAD83,CoordinateNotes_ce92fe4b,6032.0,10.0,R,NAVD88,,,NAD27,,R,,,,,,,,Placitas,Sandoval,NM,LocationNotes_63453ba9,,,WLReportNote_8f130157,ChemistryReportNote_0187137c,-10808.0,4790.0,,,37856,,,0x000000002C39FE55,1,,13
1AD2C409-FD90-4C5F-8BA3-02250770FE83,2015-01-27 00:00:00.000,NM-21229,,SiteID_3f58a560,AlternateSiteID_5ce57898,AlternateSiteID2_2788856f,,U,0,GW,0,1,0,0.0,0.0,0.0,0.0,,366037.0,3858546.0,NAD83,CoordinateNotes_6ea14bb0,7360.0,10.0,M,NGVD29,,,NAD83,F,M,,,,,,,,Escabosa,Bernalillo,NM,LocationNotes_63453ba9,,,WLReportNote_8f130157,ChemistryReportNote_0187137c,-16018.0,-9624.0,,463524900,24437,34.86251412729729,-106.4359979263063,0x000000002C39FE56,0,,13
AE8863BD-125F-4BE9-8DB5-02251F733C29,2015-01-27 00:00:00.000,NM-26586,,SiteID_155d55bb,AlternateSiteID_5ce57898,AlternateSiteID2_2788856f,,U,0,GW,0,1,0,0.0,0.0,0.0,0.0,,204500.0,4077152.0,NAD83,CoordinateNotes_6a9cb3dd,5120.54,0.01,G,NAVD88,,,NAD83,H,G,,,,,,,,Waterflow,San Juan,NM,LocationNotes_63453ba9,,,WLReportNote_8f130157,ChemistryReportNote_0187137c,12774.0,3342.0,,,14594,36.79009421810811,-108.33817724891892,0x000000002C39FE57,0,,13
88686A66-3A28-4A2A-A2A3-0225CB3B0886,2015-01-27 00:00:00.000,NM-18121,SiteNames_cf814f79,SiteID_11e6dd22,AlternateSiteID_5ce57898,AlternateSiteID2_2788856f,,U,0,GW,0,1,0,0.0,0.0,0.0,0.0,,622840.0,3814576.0,NAD83,CoordinateNotes_1fcf9eb0,4220.4,5.0,M,NGVD29,,,NAD83,S,M,,,,,,,,Tolar SE,Roosevelt,NM,LocationNotes_63453ba9,,,WLReportNote_8f130157,ChemistryReportNote_0187137c,9250.0,13216.0,,463527100,15117,34.466360153063064,-103.68162949666666,0x000000002C39FE58,0,,13
972C7EA3-D55D-4C60-8769-02278E18565F,2015-07-15 00:00:00.000,MI-0120,SiteNames_0d6104d6,SiteID_38a98847,AlternateSiteID_5ce57898,AlternateSiteID2_2788856f,,U,0,GW,0,1,0,0.0,0.0,0.0,0.0,,599029.0,3904796.0,NAD83,CoordinateNotes_97b32636,4797.07,3.3,N,NAVD88,,,NAD27,,R,14.0,N,28.0,E,18.2,,,La Cinta Mesa,San Miguel,NM,LocationNotes_944a5fbe,,,WLReportNote_8f130157,ChemistryReportNote_0187137c,8438.0,-18046.0,,,31226,,,0x000000002C39FE59,1,,13
50B3177A-5FAA-497D-AC81-0228091DCEF9,2014-10-17 00:00:00.000,NM-02989,SiteNames_39857171,SiteID_00bff398,AlternateSiteID_5ce57898,AlternateSiteID2_2788856f,,U,0,GW,0,1,0,0.0,0.0,0.0,0.0,,676201.0,3766876.0,NAD83,CoordinateNotes_875913b0,3988.0,4.3,N,NAVD88,341221.94636036037,1032126.1927243816,NAD27,R,G,2.0,S,36.0,E,19.13311,,,Portales,ROOSEVELT,NM,LocationNotes_63453ba9,,,WLReportNote_8f130157,ChemistryReportNote_0187137c,11332.0,-5954.0,,463527100,2254,34.02963814036036,-103.02033117826532,0x000000002C39FE5A,0,,13
91BE36EE-BC62-4E15-8FEA-02287AC6ABB4,2015-01-27 00:00:00.000,NM-17988,,SiteID_bccc8185,AlternateSiteID_5ce57898,AlternateSiteID2_2788856f,,U,0,GW,0,1,0,0.0,0.0,0.0,0.0,,660785.0,3785146.0,NAD83,CoordinateNotes_1bcfca37,4186.28,3.0,D,NAVD88,,,NAD83,5,G,,,,,,,,Midway,Curry,NM,LocationNotes_63453ba9,,,WLReportNote_8f130157,ChemistryReportNote_0187137c,-1056.0,-14194.0,,,22325,34.19479556612612,-103.25042462351352,0x000000002C39FE5B,0,,13
4D135440-036B-4307-878C-0229099680CA,2014-10-01 00:00:00.000,NM-00120,SiteNames_4674af16,SiteID_a862aa22,AlternateSiteID_5ce57898,AlternateSiteID2_2788856f,,U,0,GW,0,1,0,0.0,0.0,0.0,0.0,,362636.0,3555896.0,NAD83,CoordinateNotes_5befcd6c,4077.4,1.0,L,NGVD29,320899.9805045045,1063007.9493795126,NAD83,S,M,25.0,S,4.0,E,11.23,,,Bishop Cap,DONA ANA,NM,LocationNotes_63453ba9,,,WLReportNote_8f130157,ChemistryReportNote_0187137c,4304.0,-2164.0,,,2152,32.13060189450451,-106.55283373745335,0x000000002C39FE5C,0,,13
C936C3A9-CDEA-496C-93E3-022E05A69A1A,2015-01-27 00:00:00.000,NM-05422,SiteNames_adda045e,SiteID_5295c9af,AlternateSiteID_5ce57898,AlternateSiteID2_2788856f,,U,0,GW,0,1,0,0.0,0.0,0.0,0.0,,647352.0,3555990.0,NAD83,CoordinateNotes_1a037381,3392.8,,U,NGVD29,,,NAD83,T,M,,,,,,,,Jal NW,Lea,NM,LocationNotes_63453ba9,,,WLReportNote_8f130157,ChemistryReportNote_0187137c,-17754.0,-10070.0,,463527100,13102,32.12829536927927,-103.40791020594594,0x000000002C39FE5D,0,,13
21A3F4E8-6E9B-46D6-B934-022E2A136D8F,2015-01-27 00:00:00.000,NM-07658,SiteNames_9d0bfa97,SiteID_2a6e70dc,AlternateSiteID_5ce57898,AlternateSiteID2_2788856f,,U,0,GW,0,1,0,0.0,0.0,0.0,0.0,,214295.0,3614958.0,NAD83,CoordinateNotes_9439b03d,5090.0,10.0,M,NGVD29,,,NAD83,T,M,,,,,,,,Taylor Mountain,Luna,NM,LocationNotes_63453ba9,,,WLReportNote_8f130157,ChemistryReportNote_0187137c,-13054.0,5508.0,,863700200,23500,32.63859214162162,-108.0223598936036,0x000000002C39FE5E,0,,13
B10EC24B-9EDE-47A7-937B-022ED99D3DB2,2015-01-27 00:00:00.000,NM-20880,SiteNames_3afb3240,SiteID_d4fa3b20,AlternateSiteID_5ce57898,AlternateSiteID2_2788856f,,U,0,GW,0,1,0,0.0,0.0,0.0,0.0,,239667.0,3843698.0,NAD83,CoordinateNotes_50769be9,7200.0,5.0,M,NGVD29,,,NAD83,S,M,,,,,,,,Ice Caves SE,Cibola,NM,LocationNotes_63453ba9,,,WLReportNote_8f130157,ChemistryReportNote_0187137c,18156.0,-15472.0,,4635230000,23942,34.69732402261261,-107.88177054243243,0x000000002C39FE5F,0,,13
8A10DE0B-5FDB-4A4E-834D-022EEA4CA2ED,2015-01-27 00:00:00.000,NM-19731,SiteNames_ca9a9db8,SiteID_538a91a3,AlternateSiteID_5ce57898,AlternateSiteID2_2788856f,,U,0,GW,0,1,0,0.0,0.0,0.0,0.0,,659877.0,3825296.0,NAD83,CoordinateNotes_ace6f9a3,4572.0,5.0,M,NGVD29,,,NAD83,S,M,,,,,,,,Smith Ranch,Curry,NM,LocationNotes_63453ba9,,,WLReportNote_8f130157,ChemistryReportNote_0187137c,1056.0,-7724.0,,407,7858,34.557152284414414,-103.25793673648649,0x000000002C39FE60,0,,13
01FCA008-DFC1-4376-BD84-023306C3E5EF,2015-01-27 00:00:00.000,NM-18401,SiteNames_722d482c,SiteID_29abc1fe,AlternateSiteID_5ce57898,AlternateSiteID2_2788856f,,U,0,GW,0,1,0,0.0,0.0,0.0,0.0,,690790.0,3824612.0,NAD83,CoordinateNotes_544da8b0,4215.0,2.5,M,NGVD29,,,NAD83,S,M,,,,,,,,Clovis,Curry,NM,LocationNotes_63453ba9,,,WLReportNote_8f130157,ChemistryReportNote_0187137c,18570.0,17612.0,,407,13863,34.54874287666666,-102.9593172127027,0x000000002C39FE61,0,,13
A06242F2-CFD6-40C9-9C60-0234BAD09499,2016-02-16 00:00:00.000,ED-0302,SiteNames_14e2ee6c,SiteID_38a98847,AlternateSiteID_8fdaa89f,AlternateSiteID2_2788856f,,U,0,GW,0,1,0,0.0,0.0,0.0,0.0,,580914.0,3558058.0,NAD83,CoordinateNotes_6294849d,2980.0,,R,,,,NAD27,,R,23.0,S,28.0,E,13.131,,,Loving,Eddy,NM,LocationNotes_63453ba9,,,WLReportNote_8f130157,ChemistryReportNote_0187137c,-8852.0,-16762.0,,,34969,,,0x000000002C39FE62,1,,13
3DA6C320-3F80-4EDF-8C3D-0235D331D004,2014-04-03 00:00:00.000,EB-463,SiteNames_7c50fcd5,SiteID_38a98847,AlternateSiteID_5ce57898,AlternateSiteID2_2788856f,,U,0,GW,0,1,0,0.0,1.0,0.0,0.0,,421303.0,3968001.0,NAD83,CoordinateNotes_5a57b500,7270.38,3.3,N,NAVD88,354712.628927928,1055405.7994585612,NAD27,S,M,18.0,N,10.0,E,17.4311,,,Tesuque,SANTA FE,NM,LocationNotes_63453ba9,,,WLReportNote_8f130157,ChemistryReportNote_0187137c,2836.0,7318.0,Espanola Basin,,1684,,,0x000000002C39FE63,1,,13
23077857-CF55-47F6-B4B3-02361DAF2BBC,2015-11-11 00:00:00.000,BW-0629,SiteNames_19ad2b03,SiteID_38a98847,AlternateSiteID_0504ee9e,AlternateSiteID2_2788856f,,M,0,SP,0,0,1,1.0,0.0,0.0,0.0,,399770.0,3697940.0,NAD83,CoordinateNotes_e21b76d0,4750.0,,R,,,,NAD27,,,9.0,S,8.0,E,34.143,,,Oscura,Lincoln,NM,LocationNotes_4824ef0a,,,WLReportNote_8f130157,ChemistryReportNote_0187137c,1794.0,-7700.0,,,33816,,,0x000000002C39FE64,1,,13
1479B396-B9CC-4641-9755-0236D63BBF1C,2015-01-27 00:00:00.000,NM-25570,SiteNames_7b105a6d,SiteID_16dfd976,AlternateSiteID_5ce57898,AlternateSiteID2_2788856f,,U,0,GW,0,1,0,0.0,0.0,0.0,0.0,,303791.0,3994922.0,NAD83,CoordinateNotes_4b89f6db,6830.0,10.0,M,NGVD29,,,NAD83,S,M,,,,,,,,Johnson Trading Post,Sandoval,NM,LocationNotes_63453ba9,,,WLReportNote_8f130157,ChemistryReportNote_0187137c,-626.0,11632.0,,463542300,30181,36.07925490279279,-107.17484836963963,0x000000002C39FE65,0,,13
20A2E5BD-840F-4EA3-87E0-02375965F091,2015-01-27 00:00:00.000,NM-19625,SiteNames_3ba33cba,SiteID_f9cbd027,AlternateSiteID_5ce57898,AlternateSiteID2_2788856f,,U,0,GW,0,1,0,0.0,0.0,0.0,0.0,,591643.0,3820546.0,NAD83,CoordinateNotes_9c36f302,4769.7,,U,NGVD29,,,NAD83,T,M,,,,,,,,Peach Canyon,Quay,NM,LocationNotes_63453ba9,,,WLReportNote_8f130157,ChemistryReportNote_0187137c,-6236.0,-9494.0,,407,8951,34.52203489846847,-103.98864721018018,0x000000002C39FE66,0,,13
13FDA3BA-5889-4F4D-B6DE-0238B228B6A8,2015-01-27 00:00:00.000,NM-06652,,SiteID_3fce45d8,AlternateSiteID_5ce57898,AlternateSiteID2_2788856f,,U,0,GW,0,1,0,0.0,0.0,0.0,0.0,,338871.0,3569142.0,NAD83,CoordinateNotes_e023383a,4405.0,20.0,M,NGVD29,,,NAD83,T,M,,,,,,,,Organ Peak NW,Dona Ana,NM,LocationNotes_63453ba9,,,WLReportNote_8f130157,ChemistryReportNote_0187137c,-1024.0,-17778.0,,269,29424,32.24770681783784,-106.71172754522524,0x000000002C39FE67,0,,13
B3B2CF5A-68B1-4C2A-97BA-0238B29ED98D,2015-01-27 00:00:00.000,NM-18352,SiteNames_bdbba564,SiteID_e3b1a574,AlternateSiteID_5ce57898,AlternateSiteID2_2788856f,,U,0,GW,0,1,0,0.0,0.0,0.0,0.0,,616315.0,3787816.0,NAD83,CoordinateNotes_7df172d5,4263.9,5.0,M,NGVD29,,,NAD83,S,M,,,,,,,,Krider,Roosevelt,NM,LocationNotes_63453ba9,,,WLReportNote_8f130157,ChemistryReportNote_0187137c,10198.0,-16774.0,,463527100,8972,34.22617819288288,-103.75392396612612,0x000000002C39FE68,0,,13
D6E2FE34-0480-AD41-B598-0239CA5D0F59,2018-01-30 00:00:00.000,PC-135,SiteNames_0e171268,SiteID_38a98847,AlternateSiteID_8de9c3be,AlternateSiteID2_2788856f,,C,0,SP,0,0,0,0.0,0.0,0.0,0.0,,352884.0,3919698.0,NAD83,CoordinateNotes_ce92fe4b,6388.0,10.0,R,NAVD88,,,NAD27,,R,,,,,,,,Placitas,Sandoval,NM,LocationNotes_63453ba9,,,WLReportNote_8f130157,ChemistryReportNote_0187137c,-16186.0,13418.0,,,37957,,,0x000000002C39FE69,1,,13
AC7DBC50-4FBE-421F-B133-023C34BF6BB6,2023-06-06 00:00:00.000,BC-0434,SiteNames_a1c76c34,SiteID_38a98847,AlternateSiteID_deb068a3,AlternateSiteID2_2788856f,,U,0,GW,0,0,0,0.0,0.0,0.0,0.0,,350598.0,3886442.0,NAD83,CoordinateNotes_b4a70045,4930.0,,R,,35.10908108441442,-106.63732036137894,NAD27,,R,,,,,,,,,BERNALILLO,NM,LocationNotes_63453ba9,,,WLReportNote_8f130157,ChemistryReportNote_0187137c,4106.0,10258.0,,,40328,,,0x000000002C39FE6A,0,,13
998C996F-C509-43ED-9FB8-023D147580D7,2014-10-01 00:00:00.000,NM-00525,SiteNames_f0a83de6,SiteID_ffa8b932,AlternateSiteID_5ce57898,AlternateSiteID2_2788856f,,U,0,GW,0,1,0,0.0,0.0,0.0,0.0,,673582.0,3663120.0,NAD83,CoordinateNotes_b5ca952a,3916.0,2.5,M,NGVD29,325944.0998198198,1031954.8025142744,NAD83,S,G,15.0,S,36.0,E,29.11212,,,Lovington,LEA,NM,LocationNotes_63453ba9,,,WLReportNote_8f130157,ChemistryReportNote_0187137c,17740.0,11080.0,,463527100,4180,33.09548648981981,-103.52940239573248,0x000000002C39FE6B,0,,13
13A59133-AA84-4F0F-8011-023D2C495A94,2015-01-27 00:00:00.000,NM-10519,SiteNames_ad18441b,SiteID_2798c3f0,AlternateSiteID_5ce57898,AlternateSiteID2_2788856f,,U,0,GW,0,1,0,0.0,0.0,0.0,0.0,,531676.0,3625746.0,NAD83,CoordinateNotes_053bf483,3481.0,,U,NGVD29,,,NAD83,T,M,,,,,,,,Espuela,Eddy,NM,LocationNotes_63453ba9,,,WLReportNote_8f130157,ChemistryReportNote_0187137c,-16886.0,-18684.0,,463527100,29677,32.76873052567567,-104.63264663612613,0x000000002C39FE6C,0,,13
E5AE0BBE-D1E3-408C-B148-02403ABC4753,2015-01-27 00:00:00.000,NM-23889,SiteNames_7e722db3,SiteID_c026af1c,AlternateSiteID_5ce57898,AlternateSiteID2_2788856f,,U,0,GW,0,1,0,0.0,0.0,0.0,0.0,,459912.0,3913816.0,NAD83,CoordinateNotes_cd624b3a,6258.0,10.0,M,NGVD29,,,NAD83,U,M,,,,,,,,San Jose,San Miguel,NM,LocationNotes_63453ba9,,,WLReportNote_8f130157,ChemistryReportNote_0187137c,974.0,-4394.0,,463510500,7860,35.36684677441441,-105.44345942522524,0x000000002C39FE6D,0,,13
D9DD6107-86AE-4436-BE31-02409E89633A,2015-01-27 00:00:00.000,NM-22097,,SiteID_f36ff0a5,AlternateSiteID_5ce57898,AlternateSiteID2_2788856f,,U,0,GW,0,1,0,0.0,0.0,0.0,0.0,,268373.0,3902994.0,NAD83,CoordinateNotes_5b24599b,6165.0,10.0,M,NGVD29,,,NAD83,F,M,,,,,,,,Cubero,Cibola,NM,LocationNotes_63453ba9,,,WLReportNote_8f130157,ChemistryReportNote_0187137c,-926.0,17284.0,,4635230000,27927,35.243530891711714,-107.53894776234232,0x000000002C39FE6E,0,,13
4C60F94D-6FD9-4825-8753-0240A2C5D04A,2015-01-27 00:00:00.000,NM-22303,SiteNames_8fe86ad5,SiteID_fbb932be,AlternateSiteID_5ce57898,AlternateSiteID2_2788856f,,U,0,GW,0,1,0,0.0,0.0,0.0,0.0,,347673.0,3900608.0,NAD83,CoordinateNotes_edf10163,4963.3,0.1,L,NGVD29,,,NAD83,S,M,,,,,,,,Albuquerque West,Bernalillo,NM,LocationNotes_63453ba9,,,WLReportNote_8f130157,ChemistryReportNote_0187137c,1876.0,14478.0,,4635282001,26082,35.23658913243243,-106.6750700890991,0x000000002C39FE6F,0,,13
C97AF6A6-AA7C-4E98-B71D-02424130CD20,2016-09-22 00:00:00.000,NM-28197,SiteNames_e3c217bf,SiteID_9423a6bc,AlternateSiteID_5ce57898,AlternateSiteID2_2788856f,,U,0,GW,0,1,0,0.0,0.0,0.0,0.0,,139808.0,4030270.0,NAD83,CoordinateNotes_cd5280d1,5657.0,20.0,M,NGVD29,,,NAD83,S,M,,,,,,,,Yellow Hill,San Juan,NM,LocationNotes_63453ba9,,,WLReportNote_8f130157,ChemistryReportNote_0187137c,-17918.0,-18680.0,,,37139,36.35643575171171,-108.98373602342345,0x000000002C39FE70,0,,13
914AE0F9-433C-4800-A562-0246DE382C20,2015-01-27 00:00:00.000,NM-10511,SiteNames_d5c609f9,SiteID_7f781f43,AlternateSiteID_5ce57898,AlternateSiteID2_2788856f,,U,0,GW,0,1,0,0.0,0.0,0.0,0.0,,676800.0,3657858.0,NAD83,CoordinateNotes_99351064,3770.5,5.0,M,NGVD29,,,NAD83,S,M,,,,,,,,Humble City NW,Lea,NM,LocationNotes_63453ba9,,,WLReportNote_8f130157,ChemistryReportNote_0187137c,7998.0,11948.0,,463527100,16450,33.046086629639646,-103.12233066594594,0x000000002C39FE71,0,,13
A650D9A3-1924-4282-B3DB-0249095BB689,2015-01-27 00:00:00.000,NM-12138,SiteNames_d3f3cd56,SiteID_69893efb,AlternateSiteID_5ce57898,AlternateSiteID2_2788856f,,U,0,GW,0,1,0,0.0,0.0,0.0,0.0,,690585.0,3678454.0,NAD83,CoordinateNotes_4b801742,3856.5,2.5,M,NGVD29,,,NAD83,S,M,,,,,,,,Prairieview NW,Lea,NM,LocationNotes_63453ba9,,,WLReportNote_8f130157,ChemistryReportNote_0187137c,17216.0,7354.0,,463527100,28392,33.23108408225225,-102.98567894090093,0x000000002C39FE72,0,,13
0C41ECD8-9532-4020-8189-024D00C9AAFD,2015-09-28 00:00:00.000,QY-0263,SiteNames_e0195ed4,SiteID_38a98847,AlternateSiteID_eaabca04,AlternateSiteID2_2788856f,,U,0,GW,0,1,0,0.0,0.0,0.0,0.0,,595611.0,3896438.0,NAD83,CoordinateNotes_514b3639,4010.0,10.0,R,,,,NAD27,,R,11.0,N,30.0,E,8.422,,,Liberty Mesa,Quay,NM,LocationNotes_63453ba9,,,WLReportNote_8f130157,ChemistryReportNote_0187137c,-15916.0,1418.0,,,31575,,,0x000000002C39FE73,1,,13
52505A4E-B011-4F87-A3DD-024D1FFE0D8F,2015-01-27 00:00:00.000,NM-13326,SiteNames_e774a049,SiteID_7d31679a,AlternateSiteID_5ce57898,AlternateSiteID2_2788856f,,U,0,GW,0,1,0,0.0,0.0,0.0,0.0,,550638.0,3684512.0,NAD83,CoordinateNotes_6a903955,3565.0,,U,NGVD29,,,NAD83,T,M,,,,,,,,South Spring,Chaves,NM,LocationNotes_63453ba9,,,WLReportNote_8f130157,ChemistryReportNote_0187137c,1290.0,-4848.0,,463527100,15210,33.29864742432433,-104.45806797837837,0x000000002C39FE74,0,,13
AEF6C054-E430-426F-9695-024DEB90DD55,2015-01-27 00:00:00.000,NM-17250,SiteNames_410cf90f,SiteID_923eac20,AlternateSiteID_5ce57898,AlternateSiteID2_2788856f,,U,0,GW,0,1,0,0.0,0.0,0.0,0.0,,649496.0,3775614.0,NAD83,CoordinateNotes_2985e609,4048.0,2.5,M,NGVD29,,,NAD83,S,M,,,,,,,,Bethel,Roosevelt,NM,LocationNotes_63453ba9,,,WLReportNote_8f130157,ChemistryReportNote_0187137c,6170.0,-9786.0,,463527100,8779,34.11164065783784,-103.3888150344144,0x000000002C39FE75,0,,13
3400C724-0BAF-48DF-B24D-0252ECB9047C,2014-10-17 00:00:00.000,NM-03642,SiteNames_01ad5f2c,SiteID_a09b8526,AlternateSiteID_5ce57898,AlternateSiteID2_2788856f,,U,0,GW,0,1,0,0.0,0.0,0.0,0.0,,601026.0,4045178.0,NAD83,CoordinateNotes_807f656e,6160.0,5.0,M,NGVD29,362631.1038558559,1034731.1819928596,NAD27,T,M,26.0,N,30.0,E,31.314,,,Sofia,UNION,NM,LocationNotes_63453ba9,,,WLReportNote_8f130157,ChemistryReportNote_0187137c,-7248.0,11528.0,,,1424,36.54582789585586,-103.60991487051628,0x000000002C39FE76,0,,13
F3AE4889-8B3C-491E-AE1C-02548BB86448,2015-01-27 00:00:00.000,NM-10359,SiteNames_5c36199b,SiteID_775ee221,AlternateSiteID_5ce57898,AlternateSiteID2_2788856f,,U,0,GW,0,1,0,0.0,0.0,0.0,0.0,,576748.0,3631302.0,NAD83,CoordinateNotes_6421e2da,3351.0,,U,NGVD29,,,NAD83,T,M,,,,,,,,Espuela,Eddy,NM,LocationNotes_63453ba9,,,WLReportNote_8f130157,ChemistryReportNote_0187137c,18486.0,-10868.0,,463527100,22143,32.81831254009008,-104.21036627945944,0x000000002C39FE77,0,,13
066842BF-327D-4923-8052-025497D25B81,2014-04-03 00:00:00.000,EB-556,SiteNames_48bd2d68,SiteID_38a98847,AlternateSiteID_5ce57898,AlternateSiteID2_2788856f,,U,0,GW,0,0,1,0.0,0.0,0.0,0.0,,417590.0,3929924.0,NAD83,CoordinateNotes_c007dff0,6551.85,3.3,N,NAVD88,353822.87293693697,1060109.2871831963,NAD27,F,U,16.0,N,9.0,E,6.444,,,Agua Fria,SANTA FE,NM,LocationNotes_63453ba9,,,WLReportNote_8f130157,ChemistryReportNote_0187137c,9918.0,-14548.0,Espanola Basin,,250,,,0x000000002C39FE78,1,,13
3A6AB57D-E0E9-4DD0-8172-025554D20632,2022-03-08 00:00:00.000,DE-0241,SiteNames_ab37a426,SiteID_38a98847,AlternateSiteID_5ce57898,AlternateSiteID2_2788856f,,U,0,GW,0,1,1,0.0,0.0,0.0,0.0,,669353.0,3581947.0,NAD83,CoordinateNotes_82ff3f15,3299.33,,R,,,,NAD27,,R,,,,,,,,,Lea,NM,LocationNotes_63453ba9,,,WLReportNote_8f130157,ChemistryReportNote_0187137c,-1208.0,12056.0,,,39754,,,0x000000002C39FE79,0,,13
338C497B-1755-4B7F-A885-0257702EF6E5,2015-01-27 00:00:00.000,NM-16860,SiteNames_5ce2d0ee,SiteID_971f2180,AlternateSiteID_5ce57898,AlternateSiteID2_2788856f,,U,0,GW,0,1,0,0.0,0.0,0.0,0.0,,223476.0,3777860.0,NAD83,CoordinateNotes_bc37a182,7660.0,10.0,M,NGVD29,,,NAD83,S,M,,,,,,,,Crosby Springs,Catron,NM,LocationNotes_63453ba9,,,WLReportNote_8f130157,ChemistryReportNote_0187137c,-9202.0,-4210.0,,,21779,34.10740785207208,-107.9821212509009,0x000000002C39FE7A,0,,13
97E7DC49-8131-4331-AF72-02586BEBD733,2011-07-26 00:00:00.000,TV-230,SiteNames_768b74cb,SiteID_38a98847,AlternateSiteID_5ce57898,AlternateSiteID2_2788856f,2011-07-27 00:00:00.000,C,0,GW,0,1,1,0.0,0.0,0.0,0.0,,454374.0,4030055.0,NAD83,CoordinateNotes_5a57b500,8145.02,3.3,N,NAVD88,,,NAD27,,G,24.0,N,12.0,E,28.123,,,Taos SW,TAOS,NM,LocationNotes_14139ba3,,2014-06-17 00:00:00.000,WLReportNote_8f130157,ChemistryReportNote_502e2550,15012.0,13800.0,S.Taos Valley,,4134,,,0x000000002C39FE7B,1,,13
E8A93C3C-8616-45AD-905E-0258C2304FC4,2014-11-17 00:00:00.000,AB-0082,SiteNames_927f6ca6,SiteID_0f6b605b,AlternateSiteID_9ff487d3,AlternateSiteID2_2788856f,,U,0,GW,0,1,1,0.0,0.0,0.0,0.0,,305921.0,3909614.0,NAD83,CoordinateNotes_98c9d369,5707.0,10.0,M,NGVD29,351627.0403063063,1065515.385304337,NAD27,S,M,12.0,N,1.0,W,14.111,,,Sky Village,SANDOVAL,NM,LocationNotes_63453ba9,,,WLReportNote_8f130157,ChemistryReportNote_0187137c,-19600.0,4474.0,,,6315,35.31451215630631,-103.53306317319684,0x000000002C39FE7C,1,,13
66DD479C-9980-4E6B-B6EA-025BE0CDBDA5,2015-07-15 00:00:00.000,MI-0282,SiteNames_d949c5b5,SiteID_38a98847,AlternateSiteID_5ce57898,AlternateSiteID2_2788856f,,U,0,GW,0,1,0,0.0,0.0,0.0,0.0,,508418.0,3949054.0,NAD83,CoordinateNotes_97b32636,6326.24,3.3,N,NAVD88,,,NAD27,,R,18.0,N,20.0,E,27.0,,,Cherry Valley Lake,San Miguel,NM,LocationNotes_a18a0806,,,WLReportNote_8f130157,ChemistryReportNote_0187137c,-10100.0,-8694.0,,,31388,,,0x000000002C39FE7D,1,,13
0A967935-97A3-41D4-A437-025E940EB65E,2015-01-27 00:00:00.000,NM-19354,SiteNames_531f7766,SiteID_1a1e029a,AlternateSiteID_5ce57898,AlternateSiteID2_2788856f,,U,0,GW,0,1,0,0.0,0.0,0.0,0.0,,670809.0,3825246.0,NAD83,CoordinateNotes_512ec561,4291.0,5.0,M,NGVD29,,,NAD83,S,M,,,,,,,,Pleasant Hill,Curry,NM,LocationNotes_63453ba9,,,WLReportNote_8f130157,ChemistryReportNote_0187137c,-7602.0,-1224.0,,14,28877,34.553488932972975,-103.12371039648647,0x000000002C39FE7E,0,,13
A700FC6B-2735-407E-8620-02602F544BA8,2011-05-17 00:00:00.000,TV-170,SiteNames_7a3caea8,SiteID_38a98847,AlternateSiteID_04174396,AlternateSiteID2_2788856f,2011-03-15 00:00:00.000,C,0,GW,0,1,1,0.0,0.0,1.0,0.0,"LL,GP",428750.0,4042443.0,NAD83,CoordinateNotes_5a57b500,6670.85,3.3,N,NAVD88,,,NAD27,,G,25.0,N,12.0,E,21.443,,,Los Cordovas,TAOS,NM,LocationNotes_d1c46cb5,,,WLReportNote_8f130157,ChemistryReportNote_f37c0e60,-11560.0,16186.0,S.Taos Valley,,4532,,,0x000000002C39FE7F,1,,13
D1FF44BE-EA57-4B2C-8E51-02617A0AFF3C,2015-01-27 00:00:00.000,NM-24235,SiteNames_8b6228e0,SiteID_a8db5efa,AlternateSiteID_5ce57898,AlternateSiteID2_2788856f,,U,0,GW,0,1,0,0.0,0.0,0.0,0.0,,484165.0,3939758.0,NAD83,CoordinateNotes_b770b533,6570.0,10.0,M,NGVD29,,,NAD83,U,M,,,,,,,,Ojitos Frios,San Miguel,NM,LocationNotes_63453ba9,,,WLReportNote_8f130157,ChemistryReportNote_0187137c,7764.0,8428.0,,463510500,24167,35.60124953792792,-105.19034043405406,0x000000002C39FE80,0,,13
215DEA76-2BCF-4253-A8DB-0262BD14C894,2015-01-27 00:00:00.000,NM-21867,SiteNames_6dd6eea3,SiteID_1394b81c,AlternateSiteID_5ce57898,AlternateSiteID2_2788856f,,U,0,GW,0,1,0,0.0,0.0,0.0,0.0,,343779.0,3896880.0,NAD83,CoordinateNotes_7dc4f6cd,4941.91,0.02,L,NAVD88,,,NAD83,S,D,,,,,,,,Albuquerque West,Bernalillo,NM,LocationNotes_63453ba9,,,WLReportNote_8f130157,ChemistryReportNote_0187137c,-5116.0,15250.0,,,25887,35.20347071738739,-106.7032650900901,0x000000002C39FE81,0,,13
948A11B8-8626-4C40-87D2-02653272B140,2015-01-27 00:00:00.000,NM-12103,SiteNames_d9bee005,SiteID_ea75d9dc,AlternateSiteID_5ce57898,AlternateSiteID2_2788856f,,U,0,GW,0,1,0,0.0,0.0,0.0,0.0,,560649.0,3662524.0,NAD83,CoordinateNotes_972b5a66,3467.0,,U,NGVD29,,,NAD83,T,M,,,,,,,,Dexter West,Chaves,NM,LocationNotes_63453ba9,,,WLReportNote_8f130157,ChemistryReportNote_0187137c,2776.0,-5976.0,,463527100,22714,33.099879992162165,-104.354399760991,0x000000002C39FE82,0,,13
00D073A7-10E1-4D1A-9A57-026825A22F4A,2015-01-27 00:00:00.000,NM-14458,SiteNames_71982a54,SiteID_53ead7cb,AlternateSiteID_5ce57898,AlternateSiteID2_2788856f,,U,0,GW,0,1,0,0.0,0.0,0.0,0.0,,646494.0,3699570.0,NAD83,CoordinateNotes_7c65117c,4007.0,2.5,M,NGVD29,,,NAD83,S,M,,,,,,,,Walking Cane Ranch,Lea,NM,LocationNotes_63453ba9,,,WLReportNote_8f130157,ChemistryReportNote_0187137c,-18876.0,-7500.0,,463527100,22496,33.422813172432434,-103.39000305405403,0x000000002C39FE83,0,,13
74BD5E3D-1203-418D-971A-026917797906,2015-01-27 00:00:00.000,NM-19987,SiteNames_0740bbb1,SiteID_9e400465,AlternateSiteID_5ce57898,AlternateSiteID2_2788856f,,U,0,GW,0,1,0,0.0,0.0,0.0,0.0,,546021.0,3820372.0,NAD83,CoordinateNotes_5d0bf261,4908.0,,U,NGVD29,,,NAD83,T,M,,,,,,,,Borica,Guadalupe,NM,LocationNotes_63453ba9,,,WLReportNote_8f130157,ChemistryReportNote_0187137c,14408.0,-14848.0,,463527100,28520,34.52463258423424,-104.5251854881982,0x000000002C39FE84,0,,13
D581103B-3A39-47CD-80B8-026B2A062EC6,2015-01-27 00:00:00.000,NM-10897,SiteNames_18aebe02,SiteID_edd6c843,AlternateSiteID_5ce57898,AlternateSiteID2_2788856f,,U,0,GW,0,1,0,0.0,0.0,0.0,0.0,,671707.0,3632050.0,NAD83,CoordinateNotes_f0165682,3766.4,2.5,M,NGVD29,,,NAD83,S,M,,,,,,,,Humble City NW,Lea,NM,LocationNotes_63453ba9,,,WLReportNote_8f130157,ChemistryReportNote_0187137c,572.0,-18610.0,,463527100,16711,32.813287972342344,-103.16339975684686,0x000000002C39FE85,0,,13
BCB2EE3E-361D-4438-B47F-026B6100F5EA,2015-01-27 00:00:00.000,NM-26408,,SiteID_5b358e5b,AlternateSiteID_5ce57898,AlternateSiteID2_2788856f,,U,0,GW,0,1,0,0.0,0.0,0.0,0.0,,291300.0,4065710.0,NAD83,CoordinateNotes_ff152c0c,6440.0,10.0,M,NGVD29,,,NAD83,S,M,,,,,,,,Fourmile Canyon,Rio Arriba,NM,LocationNotes_63453ba9,,,WLReportNote_8f130157,ChemistryReportNote_0187137c,10746.0,3490.0,,,24068,36.71172672144144,-107.3590708391892,0x000000002C39FE86,0,,13
A0017619-9598-4423-B4F1-026E9EE045FD,2016-09-22 00:00:00.000,NM-27765,SiteNames_3a799c46,SiteID_6990ae4d,AlternateSiteID_5ce57898,AlternateSiteID2_2788856f,,U,0,GW,0,1,0,0.0,0.0,0.0,0.0,,585209.0,3792936.0,NAD83,CoordinateNotes_cd5280d1,3970.0,,U,NGVD29,,,NAD83,T,M,1.0,N,26.0,E,28.111,,,Bonner Lake,De Baca,NM,LocationNotes_63453ba9,,,WLReportNote_8f130157,ChemistryReportNote_0187137c,13854.0,-1594.0,,,36707,34.275156689639644,-104.0998838191892,0x000000002C39FE87,0,,13
0B64A0A4-2285-4433-BEC2-02703D12E725,2012-02-06 00:00:00.000,UC-0035,SiteNames_83b74baa,SiteID_5b241f35,AlternateSiteID_5ce57898,AlternateSiteID2_2788856f,,C,0,GW,0,1,0,0.0,0.0,0.0,0.0,,675689.0,4042634.0,NAD83,CoordinateNotes_6ab13d1e,4839.42,3.3,N,NAVD88,363409.9447387387,1030647.93715065,NAD83,,U,27.0,N,36.0,E,17.434,,,Rardin Hill,UNION,NM,LocationNotes_d9a36a45,,,WLReportNote_8f130157,,6870.0,-6134.0,Union County,407,359,,,0x000000002C39FE88,1,,13
281B5822-62DC-4222-8056-0271C3C66802,2015-07-15 00:00:00.000,MI-0093,SiteNames_07ad4060,SiteID_38a98847,AlternateSiteID_5ce57898,AlternateSiteID2_2788856f,,U,0,GW,0,1,0,0.0,0.0,0.0,0.0,,459415.0,3928481.0,NAD83,CoordinateNotes_97b32636,6020.13,3.3,N,NAVD88,,,NAD27,,R,14.0,N,16.0,E,32.32,,,Tecolote,San Miguel,NM,LocationNotes_68e1fdb6,,,WLReportNote_8f130157,ChemistryReportNote_0187137c,-16254.0,11322.0,,,31199,,,0x000000002C39FE89,1,,13
F044C743-1FB3-4BD2-96D5-02721880B572,2015-09-14 00:00:00.000,AR-0077,SiteNames_afa059ac,SiteID_38a98847,AlternateSiteID_fa713d8f,AlternateSiteID2_083a353d,2015-08-18 00:00:00.000,C,0,GW,0,1,1,0.0,0.0,0.0,0.0,,243663.0,4080386.0,NAD83,CoordinateNotes_7b162346,5739.94,0.52,I,NAVD88,,,NAD27,,G,,,,,,,,Cedar Hill,San Juan,NM,LocationNotes_f5e37f52,2019-07-24 00:00:00.000,2019-07-24 00:00:00.000,WLReportNote_51950ab8,ChemistryReportNote_b315d2bf,5162.0,-6854.0,,,31513,36.833222252252256,-107.8880854954955,0x000000002C39FE8A,1,,13
571C864E-090D-440A-86DF-02754327BAF5,2015-01-27 00:00:00.000,NM-23709,SiteNames_098dda9e,SiteID_7da44028,AlternateSiteID_5ce57898,AlternateSiteID2_2788856f,,U,0,GW,0,1,0,0.0,0.0,0.0,0.0,,413120.0,3909406.0,NAD83,CoordinateNotes_7e78a11c,6760.0,10.0,M,NGVD29,,,NAD83,S,M,,,,,,,,Wildhorse Mesa,Santa Fe,NM,LocationNotes_63453ba9,,,WLReportNote_8f130157,ChemistryReportNote_0187137c,-14188.0,-2624.0,,,16187,35.32529079036036,-105.92783744981982,0x000000002C39FE8B,0,,13
B27890BE-C038-4CED-BD19-02760665692C,2015-01-27 00:00:00.000,NM-20297,SiteNames_7e9ff2c9,SiteID_3c63a1b7,AlternateSiteID_5ce57898,AlternateSiteID2_2788856f,,U,0,GW,0,1,0,0.0,0.0,0.0,0.0,,538252.0,3822520.0,NAD83,CoordinateNotes_b4f270d7,4757.0,,U,NGVD29,,,NAD83,T,M,,,,,,,,Ojo Negro Creek,Guadalupe,NM,LocationNotes_63453ba9,,,WLReportNote_8f130157,ChemistryReportNote_0187137c,1266.0,-18480.0,,463510500,23053,34.54385458351351,-104.5846925445946,0x000000002C39FE8C,0,,13
E645CF3C-F39C-455F-BB1E-0277BFA3EFFD,2015-01-27 00:00:00.000,NM-06587,SiteNames_e2cdf297,SiteID_21c5f8d1,AlternateSiteID_5ce57898,AlternateSiteID2_2788856f,,U,0,GW,0,1,0,0.0,0.0,0.0,0.0,,213768.0,3578520.0,NAD83,CoordinateNotes_562367d8,4637.0,5.0,M,NGVD29,,,NAD83,T,M,,,,,,,,Spalding,Luna,NM,LocationNotes_63453ba9,,,WLReportNote_8f130157,ChemistryReportNote_0187137c,-12928.0,-9820.0,,863700200,11688,32.31022795153154,-108.02205730846846,0x000000002C39FE8D,0,,13
DE85FD68-7063-4E39-B2F8-027B139798AB,2015-01-27 00:00:00.000,NM-14414,SiteNames_2a90660b,SiteID_8b82cd3c,AlternateSiteID_5ce57898,AlternateSiteID2_2788856f,,U,0,GW,0,1,0,0.0,0.0,0.0,0.0,,555549.0,3701392.0,NAD83,CoordinateNotes_96c004ef,3611.0,,U,NGVD29,,,NAD83,T,M,,,,,,,,Roswell North,Chaves,NM,LocationNotes_63453ba9,,,WLReportNote_8f130157,ChemistryReportNote_0187137c,10508.0,-2368.0,,463527100,21144,33.45098509666667,-104.42058003333337,0x000000002C39FE8E,0,,13
093F99DF-E390-44AA-837B-027CFABDEB6C,2012-05-22 00:00:00.000,TV-241,SiteNames_ec66e028,SiteID_38a98847,AlternateSiteID_4498f37d,AlternateSiteID2_2788856f,,M,0,GW,0,1,0,0.0,0.0,0.0,0.0,,457965.0,4003195.0,NAD83,CoordinateNotes_03618294,7335.32,3.3,N,NAVD88,,,NAD27,,M,24.0,N,12.0,E,10.343,,,Taos SW,TAOS,NM,LocationNotes_63453ba9,,,WLReportNote_8f130157,ChemistryReportNote_0187137c,17036.0,-16652.0,S.Taos Valley,,309,,,0x000000002C39FE8F,1,,13
086ED2F2-08DE-41E9-8D23-02803BF9FE21,2015-01-27 00:00:00.000,NM-19434,SiteNames_a2146a38,SiteID_5c60484f,AlternateSiteID_5ce57898,AlternateSiteID2_2788856f,,U,0,GW,0,1,0,0.0,0.0,0.0,0.0,,640528.0,3818574.0,NAD83,CoordinateNotes_6d150d65,4415.0,2.5,M,NGVD29,,,NAD83,S,M,,,,,,,,Garrett Ranch,Curry,NM,LocationNotes_63453ba9,,,WLReportNote_8f130157,ChemistryReportNote_0187137c,-11886.0,-9036.0,,407,15700,34.497556114594595,-103.44536673108108,0x000000002C39FE90,0,,13
2560C2B7-F670-404E-A775-02877D5ED757,2014-10-01 00:00:00.000,NM-00182,SiteNames_ec73a472,SiteID_e47de014,AlternateSiteID_5ce57898,AlternateSiteID2_2788856f,,U,0,GW,0,1,0,0.0,0.0,0.0,0.0,,578163.0,3564668.0,NAD83,CoordinateNotes_67fdb2ba,3057.1,5.0,M,NGVD29,321753.9173693694,1040702.36205329,NAD83,R,G,23.0,S,28.0,E,17.33333,,,Loving,EDDY,NM,LocationNotes_63453ba9,,,WLReportNote_8f130157,ChemistryReportNote_0187137c,-4914.0,-9172.0,,463527100,1024,32.21564714936937,-104.75555781998054,0x000000002C39FE91,0,,13
CA0B8FE0-6266-4440-B9E8-02888E1E64B6,2015-10-28 00:00:00.000,SD-0387,SiteNames_14e2ee6c,SiteID_38a98847,AlternateSiteID_d5d90ad7,AlternateSiteID2_2788856f,,U,0,SP,0,0,0,1.0,0.0,0.0,0.0,,365665.0,3893058.0,NAD83,CoordinateNotes_79920d25,5862.97,3.3,N,NAVD88,,,NAD27,,,12.0,N,4.0,E,1.234,,,Placitas,Sandoval,NM,LocationNotes_63453ba9,,,WLReportNote_8f130157,ChemistryReportNote_0187137c,-1110.0,-14052.0,,,32993,,,0x000000002C39FE92,1,,13
588BF0F5-04FA-43D9-B62A-02899AFB87A6,2015-01-27 00:00:00.000,NM-10520,,SiteID_67f98003,AlternateSiteID_5ce57898,AlternateSiteID2_2788856f,,U,0,GW,0,1,0,0.0,0.0,0.0,0.0,,412911.0,3647954.0,NAD83,CoordinateNotes_92269a90,4155.0,25.0,M,NGVD29,,,NAD83,T,M,,,,,,,,Malone Draw,Otero,NM,LocationNotes_63453ba9,,,WLReportNote_8f130157,ChemistryReportNote_0187137c,13250.0,3134.0,,,26264,32.965264764234234,-105.95395518063064,0x000000002C39FE93,0,,13
23942AC1-5A3A-4C8D-86D2-028A45A6F15B,2015-01-27 00:00:00.000,NM-09028,SiteNames_16c063fb,SiteID_c790aff3,AlternateSiteID_5ce57898,AlternateSiteID2_2788856f,,U,0,GW,0,1,0,0.0,0.0,0.0,0.0,,177165.0,3619206.0,NAD83,CoordinateNotes_ebc029cb,5865.0,,U,NGVD29,,,NAD83,T,M,,,,,,,,Fort Bayard,Grant,NM,LocationNotes_63453ba9,,,WLReportNote_8f130157,ChemistryReportNote_0187137c,-19526.0,-10524.0,,463527100,12687,32.668875609189186,-108.4134571999099,0x000000002C39FE94,0,,13
B0EAD09D-77EB-42A4-8556-028B6B02B78B,2015-01-27 00:00:00.000,NM-23144,,SiteID_d0635839,AlternateSiteID_5ce57898,AlternateSiteID2_2788856f,,U,0,GW,0,1,0,0.0,0.0,0.0,0.0,,354845.0,3902992.0,NAD83,CoordinateNotes_81f0d5fe,4998.41,0.01,L,NAVD88,,,NAD83,H,G,,,,,,,,Los Griegos,Bernalillo,NM,LocationNotes_63453ba9,,,WLReportNote_8f130157,ChemistryReportNote_0187137c,4422.0,6202.0,,,17929,35.258834983873875,-106.60332605216216,0x000000002C39FE95,0,,13
91B8DDEA-B6F1-4FC1-AE09-0299685A2785,2015-01-27 00:00:00.000,NM-08929,SiteNames_a49845ba,SiteID_8f332dec,AlternateSiteID_5ce57898,AlternateSiteID2_2788856f,,U,0,GW,0,1,0,0.0,0.0,0.0,0.0,,219421.0,3617166.0,NAD83,CoordinateNotes_b5747bde,5550.0,20.0,M,NGVD29,,,NAD83,T,M,,,,,,,,San Lorenzo,Grant,NM,LocationNotes_63453ba9,,,WLReportNote_8f130157,ChemistryReportNote_0187137c,-9682.0,-10674.0,,463500200,9416,32.65891506783784,-107.97864971522522,0x000000002C39FE96,0,,13
0B4089E4-1821-47EC-8E97-029A07AC9AE1,2015-01-27 00:00:00.000,NM-20855,SiteNames_74de3b13,SiteID_e54b2fd0,AlternateSiteID_5ce57898,AlternateSiteID2_2788856f,,U,0,GW,0,1,0,0.0,0.0,0.0,0.0,,567124.0,3863170.0,NAD83,CoordinateNotes_e5227377,4545.0,,U,NGVD29,,,NAD83,T,M,,,,,,,,Fallon Ranch,Guadalupe,NM,LocationNotes_63453ba9,,,WLReportNote_8f130157,ChemistryReportNote_0187137c,13708.0,8480.0,,463510500,11876,34.90951278639639,-104.2923202945045,0x000000002C39FE97,0,,13
255BB0CD-F2B6-4E94-99AC-029DC8A2E92B,2015-01-27 00:00:00.000,NM-24029,SiteNames_0e235dd2,SiteID_a3377cef,AlternateSiteID_5ce57898,AlternateSiteID2_2788856f,,U,0,GW,0,1,0,0.0,0.0,0.0,0.0,,388588.0,3922350.0,NAD83,CoordinateNotes_ba3d065d,6000.0,20.0,M,NGVD29,,,NAD83,F,M,,,,,,,,Picture Rock,Santa Fe,NM,LocationNotes_63453ba9,,,WLReportNote_8f130157,ChemistryReportNote_0187137c,-13664.0,-2370.0,,,22242,35.439796308648646,-106.20034316909911,0x000000002C39FE98,0,,13
FA403AE0-04B4-4D7F-A97D-029DF589DBFB,2016-09-22 00:00:00.000,NM-27383,,SiteID_6add6cf9,AlternateSiteID_5ce57898,AlternateSiteID2_2788856f,,U,0,GW,0,1,0,0.0,0.0,0.0,0.0,,272867.0,3617330.0,NAD83,CoordinateNotes_cd5280d1,4100.0,1.0,R,NAVD88,,,NAD83,1,G,18.0,S,4.0,W,17.432,,,Arroyo Cuervo,Dona Ana,NM,LocationNotes_63453ba9,,,WLReportNote_8f130157,ChemistryReportNote_0187137c,-14444.0,-7300.0,,,36325,32.67317867423424,-107.40001501612612,0x000000002C39FE99,0,,13
41A2D96E-5BA4-4561-898F-029F6D129129,2016-02-16 00:00:00.000,ED-0173,SiteNames_14e2ee6c,SiteID_38a98847,AlternateSiteID_dfe2db1d,AlternateSiteID2_2788856f,,U,0,GW,0,1,0,0.0,0.0,0.0,0.0,,561989.0,3579536.0,NAD83,CoordinateNotes_6294849d,3550.0,,R,,,,NAD27,,R,22.0,S,25.0,E,27.114,,,Carnero Peak,Eddy,NM,LocationNotes_63453ba9,,,WLReportNote_8f130157,ChemistryReportNote_0187137c,4282.0,-1654.0,,,34840,,,0x000000002C39FE9A,1,,13
293A8AFD-ED5D-4FB2-904B-02A1944DBC67,2010-06-24 00:00:00.000,TB-0220,SiteNames_7458dc4a,SiteID_38a98847,AlternateSiteID_5ce57898,AlternateSiteID2_2788856f,2010-04-26 00:00:00.000,C,0,GW,0,1,0,0.0,0.0,0.0,0.0,,438762.0,3717469.0,NAD83,CoordinateNotes_5a57b500,5624.02,3.3,N,NAVD88,,,NAD27,,G,8.0,S,10.0,E,13.0,,,Church Mountain,LINCOLN,NM,LocationNotes_69c9c8f0,2014-12-16 00:00:00.000,,WLReportNote_5fd9dff4,,18742.0,-2038.0,Tularosa Basin,,1137,,,0x000000002C39FE9B,1,,13
72CDD7A8-BBC5-4B28-81DD-02A3C2FA8EC1,2015-01-27 00:00:00.000,NM-07823,SiteNames_1208b590,SiteID_1a634e7e,AlternateSiteID_5ce57898,AlternateSiteID2_2788856f,,U,0,GW,0,1,0,0.0,0.0,0.0,0.0,,194160.0,3595906.0,NAD83,CoordinateNotes_2ef17c02,5232.0,17.0,M,NGVD29,,,NAD83,T,M,,,,,,,,Whitewater,Grant,NM,LocationNotes_63453ba9,,,WLReportNote_8f130157,ChemistryReportNote_0187137c,-8014.0,-16754.0,,463527100,19862,32.46053143306305,-108.2458527881982,0x000000002C39FE9C,0,,13
D09F1120-8BCC-49D3-AF98-02A6D8726577,2015-01-27 00:00:00.000,NM-09785,SiteNames_0f0901c5,SiteID_8bda57ee,AlternateSiteID_5ce57898,AlternateSiteID2_2788856f,,U,0,GW,0,1,0,0.0,0.0,0.0,0.0,,556237.0,3629302.0,NAD83,CoordinateNotes_5a3ae6ef,3483.0,,U,NGVD29,,,NAD83,T,M,,,,,,,,Artesia,Eddy,NM,LocationNotes_63453ba9,,,WLReportNote_8f130157,ChemistryReportNote_0187137c,4502.0,-4338.0,,463527100,7789,32.80047535891892,-104.40662797144144,0x000000002C39FE9D,0,,13
B7E0AC94-C991-43D7-B0E9-02A8A16FF091,2015-01-27 00:00:00.000,NM-26304,SiteNames_b41b6f66,SiteID_3cd79e51,AlternateSiteID_5ce57898,AlternateSiteID2_2788856f,,U,0,GW,0,1,0,0.0,0.0,0.0,0.0,,634858.0,4040590.0,NAD83,CoordinateNotes_3c14465c,5738.0,10.0,M,NGVD29,,,NAD83,T,M,,,,,,,,Mount Dora,Union,NM,LocationNotes_63453ba9,,,WLReportNote_8f130157,ChemistryReportNote_0187137c,-710.0,-2600.0,,,16378,36.501046546576575,-103.49218114639638,0x000000002C39FE9E,0,,13
48F0AB2F-D782-4DBE-B1EB-02AA2D157BEB,2016-02-16 00:00:00.000,ED-0125,SiteNames_14e2ee6c,SiteID_38a98847,AlternateSiteID_89691b90,AlternateSiteID2_2788856f,,U,0,GW,0,1,0,0.0,0.0,0.0,0.0,,584121.0,3603440.0,NAD83,CoordinateNotes_6294849d,3122.0,,R,,,,NAD27,,R,21.0,S,26.0,E,36.212,,,Carlsbad East,Eddy,NM,LocationNotes_63453ba9,,,WLReportNote_8f130157,ChemistryReportNote_0187137c,12726.0,13780.0,,,34792,,,0x000000002C39FE9F,1,,13
13289B7C-A94E-4D14-8AF5-02ACAC0581AD,2015-01-27 00:00:00.000,NM-05281,SiteNames_814d5a8e,SiteID_9b979f60,AlternateSiteID_5ce57898,AlternateSiteID2_2788856f,,U,0,GW,0,1,0,0.0,0.0,0.0,0.0,,134084.0,3574398.0,NAD83,CoordinateNotes_f4cb34bd,4164.0,5.0,M,NGVD29,,,NAD83,M,M,,,,,,,,Swallow Fork Peak,Hidalgo,NM,LocationNotes_63453ba9,,,WLReportNote_8f130157,ChemistryReportNote_0187137c,-1100.0,5828.0,,863700200,16852,32.247032574504495,-108.8791325199099,0x000000002C39FEA0,0,,13
F1B8C821-E721-444D-9D6C-02AE7D0A2828,2015-01-27 00:00:00.000,NM-09747,SiteNames_b75f017d,SiteID_9b46791c,AlternateSiteID_5ce57898,AlternateSiteID2_2788856f,,U,0,GW,0,1,0,0.0,0.0,0.0,0.0,,553824.0,3624670.0,NAD83,CoordinateNotes_836c2a53,3362.0,,U,NGVD29,,,NAD83,T,M,,,,,,,,Artesia,Eddy,NM,LocationNotes_63453ba9,,,WLReportNote_8f130157,ChemistryReportNote_0187137c,-3686.0,-8440.0,,463527100,28021,32.75852097396397,-104.4187251472072,0x000000002C39FEA1,0,,13
681EE9D4-E676-4D39-AB16-02B274D723B4,2014-10-01 00:00:00.000,NM-01573,SiteNames_92e93917,SiteID_ed2f37ac,AlternateSiteID_5ce57898,AlternateSiteID2_2788856f,,U,0,GW,0,1,0,0.0,0.0,0.0,0.0,,420631.0,4004840.0,NAD83,CoordinateNotes_4ebe1333,5865.0,4.3,N,NAVD88,360401.1167567568,1060232.1730207405,NAD83,T,M,21.0,N,8.0,E,12.23412,,,San Juan Pueblo,RIO ARRIBA,NM,LocationNotes_63453ba9,,,WLReportNote_8f130157,ChemistryReportNote_0187137c,14488.0,12960.0,,BASIN001,2865,36.18372412675676,-105.86922419959424,0x000000002C39FEA2,0,,13
1BDB1733-70C7-406D-BC7C-02B5ABC83F65,2016-02-16 00:00:00.000,ED-0072,SiteNames_14e2ee6c,SiteID_38a98847,AlternateSiteID_4b2a548f,AlternateSiteID2_2788856f,,U,0,GW,0,1,0,0.0,0.0,0.0,0.0,,551892.0,3611422.0,NAD83,CoordinateNotes_6294849d,3190.0,,R,,,,NAD27,,R,20.0,S,27.0,E,29.44,,,Lake Mcmillan South,Eddy,NM,LocationNotes_63453ba9,,,WLReportNote_8f130157,ChemistryReportNote_0187137c,-14274.0,10862.0,,,34739,,,0x000000002C39FEA3,1,,13
E0B4A3F0-3583-5142-8E4A-02B67E94EDBC,2018-11-27 15:55:13.000,NM-28324,SiteNames_c6e0013c,SiteID_38a98847,AlternateSiteID_9bdcd11d,AlternateSiteID2_2788856f,,U,0,GW,0,1,1,0.0,0.0,0.0,0.0,,447582.0,4055569.0,NAD83,CoordinateNotes_b4a70045,7702.0,,R,,,,NAD27,,R,,,,,,,,Arroyo Seco,TAOS,NM,LocationNotes_63453ba9,,,WLReportNote_8f130157,ChemistryReportNote_0187137c,3504.0,4630.0,,,38180,,,0x000000002C39FEA4,0,,13
828ECB21-8DD7-409A-8D49-02B6B9CD4A52,2015-01-27 00:00:00.000,NM-16592,SiteNames_a083bd71,SiteID_cf23629b,AlternateSiteID_5ce57898,AlternateSiteID2_2788856f,,U,0,GW,0,1,0,0.0,0.0,0.0,0.0,,665274.0,3770430.0,NAD83,CoordinateNotes_6063e5d3,3915.0,5.0,M,NGVD29,,,NAD83,S,M,,,,,,,,Golden Ranch,Roosevelt,NM,LocationNotes_63453ba9,,,WLReportNote_8f130157,ChemistryReportNote_0187137c,-9264.0,-5300.0,,463527100,16236,34.06011282225225,-103.19118404945944,0x000000002C39FEA5,0,,13
5AAF2730-697B-4E62-942F-02B6EF8C6E49,2015-01-27 00:00:00.000,NM-25425,,SiteID_340e38bf,AlternateSiteID_5ce57898,AlternateSiteID2_2788856f,,U,0,GW,0,1,0,0.0,0.0,0.0,0.0,,415639.0,3980644.0,NAD83,CoordinateNotes_899dc5de,6060.0,10.0,M,NGVD29,,,NAD83,S,M,,,,,,,,Cundiyo,Santa Fe,NM,LocationNotes_63453ba9,,,WLReportNote_8f130157,ChemistryReportNote_0187137c,3580.0,7564.0,,,24160,35.966225544144145,-105.94221413774775,0x000000002C39FEA6,0,,13
0ABD74E8-1907-49B9-8BC4-02B73130E51E,2014-07-01 00:00:00.000,HS-114,SiteNames_0a1664f7,SiteID_38a98847,AlternateSiteID_5ce57898,AlternateSiteID2_2788856f,,C,0,GW,0,1,1,0.0,0.0,0.0,0.0,,302038.0,3650348.0,NAD83,CoordinateNotes_6169aec4,4237.49,3.3,N,NAVD88,,,NAD27,,G,,,,,,,,Cuchillo,SIERRA,NM,LocationNotes_0d70e06c,,,WLReportNote_8f130157,ChemistryReportNote_0187137c,12022.0,-17282.0,,,348,,,0x000000002C39FEA7,1,,13
8F5FF7C4-1D75-4810-8FEF-02B8AD08A807,2015-01-27 00:00:00.000,NM-19432,SiteNames_a464f789,SiteID_59b5277c,AlternateSiteID_5ce57898,AlternateSiteID2_2788856f,,U,0,GW,0,1,0,0.0,0.0,0.0,0.0,,337198.0,3813452.0,NAD83,CoordinateNotes_af974f55,5052.0,5.0,M,NGVD29,,,NAD83,R,G,,,,,,,,Turn,Valencia,NM,LocationNotes_63453ba9,,,WLReportNote_8f130157,ChemistryReportNote_0187137c,-12132.0,-13638.0,,463524000,8600,34.45171846513514,-106.75190840729732,0x000000002C39FEA8,0,,13
8BFBB81F-ECF1-43BD-B4F5-02B9248659AC,2015-01-27 00:00:00.000,NM-19725,,SiteID_4eaa90d1,AlternateSiteID_5ce57898,AlternateSiteID2_2788856f,,U,0,GW,0,1,0,0.0,0.0,0.0,0.0,,198268.0,3855926.0,NAD83,CoordinateNotes_e5173937,7422.0,10.0,M,NGVD29,,,NAD83,S,M,,,,,,,,Techado,Cibola,NM,LocationNotes_63453ba9,,,WLReportNote_8f130157,ChemistryReportNote_0187137c,14654.0,19416.0,,4635230000,11767,34.79663115891892,-108.31860506198198,0x000000002C39FEA9,0,,13
CA6C3A87-EEA3-4C93-B7B3-02B9273EF242,2016-04-05 00:00:00.000,SO-0230,SiteNames_62db390d,SiteID_38a98847,AlternateSiteID_ddce9960,AlternateSiteID2_2788856f,,C,0,GW,0,1,0,0.0,0.0,1.0,0.0,LL,341237.0,3736818.0,NAD83,CoordinateNotes_c15bc419,4488.19,,L,NAVD88,,,NAD83,,R,,,,,,,,San Marcial,Socorro,NM,LocationNotes_63453ba9,,,WLReportNote_8f130157,ChemistryReportNote_0187137c,18860.0,3620.0,,,35756,33.75655261261261,-106.7471800900901,0x000000002C39FEAA,1,,13
A000135B-FBC9-4BE3-A04F-02BBD64EFC01,2015-01-27 00:00:00.000,NM-25331,SiteNames_960feca8,SiteID_3c03b628,AlternateSiteID_5ce57898,AlternateSiteID2_2788856f,,U,0,GW,0,1,0,0.0,0.0,0.0,0.0,,652788.0,3965854.0,NAD83,CoordinateNotes_efd7d86b,4895.0,5.0,M,NGVD29,,,NAD83,T,M,,,,,,,,Ione,Union,NM,LocationNotes_63453ba9,,,WLReportNote_8f130157,ChemistryReportNote_0187137c,5364.0,-4076.0,,,17074,35.82581640927928,-103.31884932567569,0x000000002C39FEAB,0,,13
5A2D9820-87DC-4270-B394-02BD9CBB712F,2014-10-01 00:00:00.000,NM-00553,SiteNames_33ad2850,SiteID_3c3cb2ff,AlternateSiteID_5ce57898,AlternateSiteID2_2788856f,,U,0,GW,0,1,0,0.0,0.0,0.0,0.0,,648441.0,3650530.0,NAD83,CoordinateNotes_acaf293d,3893.0,2.5,M,NGVD29,330240.93657657655,1031646.2138499162,NAD83,S,M,15.0,S,36.0,E,2.314224,,,Hillburn City,LEA,NM,LocationNotes_63453ba9,,,WLReportNote_8f130157,ChemistryReportNote_0187137c,-12220.0,-7040.0,,463527100,2504,32.98141507657657,-103.065539623715,0x000000002C39FEAC,0,,13
130B6A60-0CF5-4934-8275-02BE456F8E57,2015-01-27 00:00:00.000,NM-04990,SiteNames_a5c55735,SiteID_36147c0c,AlternateSiteID_5ce57898,AlternateSiteID2_2788856f,,U,0,GW,0,1,0,0.0,0.0,0.0,0.0,,280560.0,3556402.0,NAD83,CoordinateNotes_1eb5f0de,4084.0,,U,NGVD29,,,NAD83,T,M,,,,,,,,Akela,Luna,NM,LocationNotes_63453ba9,,,WLReportNote_8f130157,ChemistryReportNote_0187137c,15680.0,-3948.0,,463527100,23235,32.11952341243243,-107.35181641873874,0x000000002C39FEAD,0,,13
A4485672-AC86-4FF0-866D-02BF3BFDF8C7,2015-01-27 00:00:00.000,NM-07315,SiteNames_e02d3c98,SiteID_b519a68c,AlternateSiteID_5ce57898,AlternateSiteID2_2788856f,,U,0,GW,0,1,0,0.0,0.0,0.0,0.0,,285664.0,3612342.0,NAD83,CoordinateNotes_01f6c65e,4484.0,10.0,M,NGVD29,,,NAD83,F,M,,,,,,,,Nutt,Luna,NM,LocationNotes_63453ba9,,,WLReportNote_8f130157,ChemistryReportNote_0187137c,10794.0,10982.0,,,15635,32.625688376936935,-107.29972434675676,0x000000002C39FEAE,0,,13
FEF58144-A55C-44E3-9916-02C0A0BC480E,2015-01-27 00:00:00.000,NM-07341,SiteNames_f590fe51,SiteID_d185b96e,AlternateSiteID_5ce57898,AlternateSiteID2_2788856f,,U,0,GW,0,1,0,0.0,0.0,0.0,0.0,,233765.0,3607454.0,NAD83,CoordinateNotes_3095888e,5020.0,20.0,M,NGVD29,,,NAD83,T,M,,,,,,,,Taylor Mountain,Grant,NM,LocationNotes_63453ba9,,,WLReportNote_8f130157,ChemistryReportNote_0187137c,11678.0,4184.0,,463527100,18101,32.569721023693695,-107.8537163627928,0x000000002C39FEAF,0,,13
7A94676B-CF8E-4453-BBFB-02C31F5C068B,2015-01-27 00:00:00.000,NM-04884,,SiteID_b814f839,AlternateSiteID_5ce57898,AlternateSiteID2_2788856f,,U,0,GW,0,1,0,0.0,0.0,0.0,0.0,,343040.0,3567860.0,NAD83,CoordinateNotes_336c4138,3827.0,10.0,M,NGVD29,,,NAD83,U,M,,,,,,,,San Miguel,Dona Ana,NM,LocationNotes_63453ba9,,,WLReportNote_8f130157,ChemistryReportNote_0187137c,156.0,10620.0,,463500200,21971,32.23632882567568,-106.6644245345946,0x000000002C39FEB0,0,,13
1DBACCE9-6864-4138-B2D9-02C38007EEB0,2025-04-22 00:00:00.000,SAC-0295,SiteNames_4e1b6b3c,SiteID_38a98847,AlternateSiteID_5ce57898,AlternateSiteID2_2788856f,2025-03-06 00:00:00.000,,0,GW,0,1,0,,,,,,343090.0,3762826.0,NAD83,CoordinateNotes_b4a70045,4629.0,,N,,,,,,,,,,,,,,,,,LocationNotes_b2d91362,,,WLReportNote_8f130157,ChemistryReportNote_0187137c,,,San Acacia,,40633,,,0x000000002C3A994B,0,,13
D40ACDEA-0F5C-4436-8535-02C71449699A,2015-01-27 00:00:00.000,NM-15520,SiteNames_c8599604,SiteID_39699a1a,AlternateSiteID_5ce57898,AlternateSiteID2_2788856f,,U,0,GW,0,1,0,0.0,0.0,0.0,0.0,,648563.0,3753656.0,NAD83,CoordinateNotes_9de8df6f,4226.0,2.5,M,NGVD29,,,NAD83,S,M,,,,,,,,Pep,Roosevelt,NM,LocationNotes_63453ba9,,,WLReportNote_8f130157,ChemistryReportNote_0187137c,-3772.0,9456.0,,463527100,29257,33.912224679189194,-103.38782353198198,0x000000002C39FEB2,0,,13
81A466BE-70D0-48A5-A11C-02C984D05276,2015-01-27 00:00:00.000,NM-12653,SiteNames_83b3b3f9,SiteID_a83cef61,AlternateSiteID_5ce57898,AlternateSiteID2_2788856f,,U,0,GW,0,1,0,0.0,0.0,0.0,0.0,,565131.0,3676842.0,NAD83,CoordinateNotes_bffec05d,3568.0,,U,NGVD29,,,NAD83,T,M,,,,,,,,Dexter East,Chaves,NM,LocationNotes_63453ba9,,,WLReportNote_8f130157,ChemistryReportNote_0187137c,-3942.0,-1338.0,,463527100,18118,33.22832949594595,-104.29408797351353,0x000000002C39FEB3,0,,13
426525DF-996D-4B2D-9DF4-02CB64CF4C12,2016-04-26 00:00:00.000,SA-0500,SiteNames_14e2ee6c,SiteID_38a98847,AlternateSiteID_6996071d,AlternateSiteID2_2788856f,,U,0,GW,0,1,0,0.0,0.0,0.0,0.0,,223658.0,3754016.0,NAD83,CoordinateNotes_6294849d,7700.0,,R,,,,NAD27,,R,6.0,S,9.0,W,30.224,,,Luera Mountains East,Catron,NM,LocationNotes_63453ba9,,,WLReportNote_8f130157,ChemistryReportNote_0187137c,-16840.0,14346.0,,,35909,,,0x000000002C39FEB4,1,,13
079AE085-8F72-49DB-AB62-02CD7BC20E9A,2019-10-08 00:00:00.000,SB-0663,SiteNames_14e2ee6c,SiteID_38a98847,AlternateSiteID_c39eafb3,AlternateSiteID2_2788856f,,U,0,GW,0,1,1,0.0,0.0,0.0,0.0,,401261.0,3516474.0,NAD83,CoordinateNotes_4add0549,4011.0,,R,,,,NAD27,,R,,,,,,,,,El Paso,TX,LocationNotes_63453ba9,,,WLReportNote_8f130157,ChemistryReportNote_0187137c,18394.0,-3538.0,,,39017,31.777849126126124,-106.07178828828827,0x000000002C39FEB5,0,,13
8A843BF8-2806-44D8-89D3-02CE10588CAD,2015-01-27 00:00:00.000,NM-12906,SiteNames_9117ab90,SiteID_184e7f9c,AlternateSiteID_5ce57898,AlternateSiteID2_2788856f,,U,0,GW,0,1,0,0.0,0.0,0.0,0.0,,544886.0,3700300.0,NAD83,CoordinateNotes_dbb45528,3633.0,,U,NGVD29,,,NAD83,T,M,,,,,,,,Roswell South,Chaves,NM,LocationNotes_63453ba9,,,WLReportNote_8f130157,ChemistryReportNote_0187137c,-1134.0,17880.0,,463527100,23881,33.44090600108108,-104.5160171162162,0x000000002C39FEB6,0,,13
C7C93893-A770-446B-940E-02CE3352B45A,2015-12-03 00:00:00.000,BW-0674,SiteNames_14e2ee6c,SiteID_38a98847,AlternateSiteID_c538e94e,AlternateSiteID2_2788856f,,U,0,GW,0,1,1,0.0,0.0,0.0,0.0,,405359.0,3830426.0,NAD83,CoordinateNotes_79920d25,6822.76,3.3,N,NAVD88,,,NAD27,,R,3.0,N,8.0,E,16.222,,,Round Top,Torrance,NM,LocationNotes_63453ba9,,,WLReportNote_8f130157,ChemistryReportNote_0187137c,7182.0,15106.0,,,34091,,,0x000000002C39FEB7,1,,13
4B009D56-7B50-401C-B532-02D168E44AFF,2015-01-27 00:00:00.000,NM-06193,SiteNames_1006cd14,SiteID_f082d60a,AlternateSiteID_5ce57898,AlternateSiteID2_2788856f,,U,0,GW,0,1,0,0.0,0.0,0.0,0.0,,254472.0,3588190.0,NAD83,CoordinateNotes_031f3865,4248.0,,U,NGVD29,,,NAD83,T,M,,,,,,,,Myndus,Luna,NM,LocationNotes_63453ba9,,,WLReportNote_8f130157,ChemistryReportNote_0187137c,-17500.0,8680.0,,463527100,30205,32.407452898198194,-107.58017941765766,0x000000002C39FEB8,0,,13
1D5A7BB1-7F70-4760-A5B5-02D2096822B1,2012-11-28 00:00:00.000,QU-112,SiteNames_3b307a11,SiteID_38a98847,AlternateSiteID_5ce57898,AlternateSiteID2_2788856f,2012-08-15 00:00:00.000,C,0,GW,0,1,0,0.0,0.0,0.0,0.0,,460992.0,4056437.0,NAD83,CoordinateNotes_5a57b500,7370.14,3.3,N,NAVD88,,,NAD27,,G,,,,,,,,Questa,TAOS,NM,LocationNotes_b3392f08,,,WLReportNote_ee03883e,ChemistryReportNote_0187137c,15346.0,-4148.0,Questa Red River,,839,,,0x000000002C39FEB9,1,,13
2FCA6554-AC9E-4CC6-8ACB-02D341AEE8B2,2015-01-27 00:00:00.000,NM-08873,SiteNames_aa689439,SiteID_6efa66b9,AlternateSiteID_5ce57898,AlternateSiteID2_2788856f,,U,0,GW,0,1,0,0.0,0.0,0.0,0.0,,664471.0,3645622.0,NAD83,CoordinateNotes_1ec0f694,3613.1,10.0,M,NGVD29,,,NAD83,S,M,,,,,,,,Humble City SE,Lea,NM,LocationNotes_63453ba9,,,WLReportNote_8f130157,ChemistryReportNote_0187137c,-16754.0,19792.0,,463527100,25399,32.93368933630631,-103.21642522693696,0x000000002C39FEBA,0,,13
DC3F5E35-4167-4EA7-907B-02D3B53409AE,2016-09-22 00:00:00.000,NM-28211,,SiteID_95297086,AlternateSiteID_5ce57898,AlternateSiteID2_2788856f,,U,0,GW,0,1,0,0.0,0.0,0.0,0.0,,185879.0,4056430.0,NAD83,CoordinateNotes_cd5280d1,5021.17,0.01,R,NAVD88,,,NAD83,S,N,,,,,,,,Sulphur Spring,San Juan,NM,LocationNotes_63453ba9,,,WLReportNote_8f130157,ChemistryReportNote_0187137c,14958.0,-16210.0,,,37153,36.59640007396396,-108.55063213324324,0x000000002C39FEBB,0,,13
252B9920-FBB3-4760-875A-02D55632CB8B,2015-01-27 00:00:00.000,NM-16672,SiteNames_20566395,SiteID_5122e7fb,AlternateSiteID_5ce57898,AlternateSiteID2_2788856f,,U,0,GW,0,1,0,0.0,0.0,0.0,0.0,,667801.0,3775340.0,NAD83,CoordinateNotes_9cbe64f6,3910.0,5.0,M,NGVD29,,,NAD83,S,M,,,,,,,,Golden Ranch,Roosevelt,NM,LocationNotes_63453ba9,,,WLReportNote_8f130157,ChemistryReportNote_0187137c,-10018.0,-1780.0,,463527100,14126,34.103768583963955,-103.16214261225224,0x000000002C39FEBC,0,,13
FAD94E01-4FAB-414D-9C18-02D5925915FE,2015-01-27 00:00:00.000,NM-19637,SiteNames_1be8eb3b,SiteID_13a56352,AlternateSiteID_5ce57898,AlternateSiteID2_2788856f,,U,0,GW,0,1,0,0.0,0.0,0.0,0.0,,413181.0,3823818.0,NAD83,CoordinateNotes_f7b2e94e,6098.0,,U,NGVD29,,,NAD83,T,M,,,,,,,,Willard,Torrance,NM,LocationNotes_63453ba9,,,WLReportNote_8f130157,ChemistryReportNote_0187137c,8942.0,-6422.0,,18,10461,34.55165211414414,-105.96390043144144,0x000000002C39FEBD,0,,13
9CEF931B-1986-41E5-B6A2-02D73C19732F,2014-04-03 00:00:00.000,EB-066,SiteNames_e742f852,SiteID_38a98847,AlternateSiteID_5ce57898,AlternateSiteID2_2788856f,,U,0,GW,0,1,0,0.0,1.0,0.0,0.0,,434120.0,3957757.0,NAD83,CoordinateNotes_5a57b500,7346.98,3.3,N,NAVD88,354337.1642612613,1055526.8101575037,NAD27,S,M,17.0,N,10.0,E,6.343,,,Santa Fe,SANTA FE,NM,LocationNotes_08e6962a,,,WLReportNote_8f130157,ChemistryReportNote_0187137c,17780.0,3692.0,Espanola Basin,,4280,,,0x000000002C39FEBE,1,,13
6E5FE3A1-43F7-4B9E-9A85-02D8E5F17B3E,2015-01-27 00:00:00.000,NM-14337,SiteNames_d402bca9,SiteID_ff0cfe0e,AlternateSiteID_5ce57898,AlternateSiteID2_2788856f,,U,0,GW,0,1,0,0.0,0.0,0.0,0.0,,625229.0,3694684.0,NAD83,CoordinateNotes_f4a586a3,4335.0,10.0,M,NGVD29,,,NAD83,S,M,,,,,,,,Caprock,Lea,NM,LocationNotes_63453ba9,,,WLReportNote_8f130157,ChemistryReportNote_0187137c,840.0,-7516.0,,463527100,8800,33.38433718828829,-103.65405422243242,0x000000002C39FEBF,0,,13
4AF220F1-DB0D-4B7F-BE08-02DBBF9719F6,2014-10-17 00:00:00.000,NM-02359,SiteNames_29f3a4ba,SiteID_6271a5f5,AlternateSiteID_5ce57898,AlternateSiteID2_2788856f,,U,0,GW,0,1,0,0.0,0.0,0.0,0.0,,157654.0,3588400.0,NAD83,CoordinateNotes_5f2b51a0,4189.0,,U,NGVD29,322111.0260360361,1084020.672014681,NAD27,M,M,22.0,S,18.0,W,34.224,,,Lordsburg,HIDALGO,NM,LocationNotes_63453ba9,,,WLReportNote_8f130157,ChemistryReportNote_0187137c,722331.0,3584850.0,,,2091,32.379174316036035,-106.99998287906274,0x000000002C39FEC0,0,,13
A7ED2B8F-5CC6-4D50-8196-02DC14642E3B,2015-01-27 00:00:00.000,NM-11643,SiteNames_e82ce6b3,SiteID_5ca18700,AlternateSiteID_5ce57898,AlternateSiteID2_2788856f,,U,0,GW,0,1,0,0.0,0.0,0.0,0.0,,557229.0,3644046.0,NAD83,CoordinateNotes_4c9cb810,3575.0,,U,NGVD29,,,NAD83,T,M,,,,,,,,Hagerman SW,Chaves,NM,LocationNotes_63453ba9,,,WLReportNote_8f130157,ChemistryReportNote_0187137c,6548.0,-17484.0,,463527100,12957,32.933705216486494,-104.397918539009,0x000000002C39FEC1,0,,13
D4967601-F54C-4D2D-9C2A-02DCE9CBA8EE,2015-01-27 00:00:00.000,NM-18928,SiteNames_94fa6653,SiteID_6901f06d,AlternateSiteID_5ce57898,AlternateSiteID2_2788856f,,U,0,GW,0,1,0,0.0,0.0,0.0,0.0,,617879.0,3822392.0,NAD83,CoordinateNotes_9a861e99,4464.0,5.0,M,NGVD29,,,NAD83,S,M,,,,,,,,Krider,Roosevelt,NM,LocationNotes_63453ba9,,,WLReportNote_8f130157,ChemistryReportNote_0187137c,10010.0,8072.0,,463527100,28281,34.53751410072073,-103.73533946981983,0x000000002C39FEC2,0,,13
0B0A0019-76A1-4D31-AEEB-02DEC4FDA158,2014-10-01 00:00:00.000,NM-00791,SiteNames_104d441f,SiteID_8b54c33b,AlternateSiteID_5ce57898,AlternateSiteID2_2788856f,,U,0,GW,0,1,0,0.0,0.0,0.0,0.0,,432526.0,3723880.0,NAD83,CoordinateNotes_684ac6ca,6775.0,,U,NGVD29,333008.15063063067,1053823.9269399273,NAD83,T,M,9.0,S,13.0,E,25.11331,,,Nogal,LINCOLN,NM,LocationNotes_63453ba9,,,WLReportNote_8f130157,ChemistryReportNote_0187137c,-8030.0,16720.0,,463527100,353,33.65293154063063,-105.7130434027395,0x000000002C39FEC3,0,,13
B272667F-58D1-4842-9BBA-02E05EFF44C2,2014-10-01 00:00:00.000,NM-00053,SiteNames_14e2ee6c,SiteID_ae683f54,AlternateSiteID_5ce57898,AlternateSiteID2_2788856f,,U,0,GW,0,1,0,0.0,0.0,0.0,0.0,,472927.0,3548536.0,NAD83,CoordinateNotes_89610eea,3655.0,10.0,M,NGVD29,320207.0377117117,1050607.1611883482,NAD83,R,G,26.0,S,18.0,E,21.221,,,Cienega School,OTERO,NM,LocationNotes_63453ba9,,,WLReportNote_8f130157,ChemistryReportNote_0187137c,-17434.0,4186.0,,463500200,4890,32.073017271711706,-104.94089498198116,0x000000002C39FEC4,0,,13
707CB8F6-B96F-444D-8D95-02E0A0927577,2014-10-17 00:00:00.000,NM-03400,SiteNames_78804d56,SiteID_0b271c64,AlternateSiteID_5ce57898,AlternateSiteID2_2788856f,,U,0,GW,0,1,0,0.0,0.0,0.0,0.0,,347432.0,3872172.0,NAD83,CoordinateNotes_45988b49,4975.58,1.0,U,NGVD29,350853.8322702702,1064038.9973932458,NAD27,T,M,11.0,N,2.0,E,25.341,,,Los Griegos,BERNALILLO,NM,LocationNotes_63453ba9,,,WLReportNote_8f130157,ChemistryReportNote_0187137c,240.0,-18618.0,,463524000,3056,34.98064794027027,-106.68013338402636,0x000000002C39FEC5,0,,13
FB89BD81-A3E0-4FB0-ABE2-02E0A9DCD9D5,2014-10-17 00:00:00.000,NM-03119,SiteNames_605fc806,SiteID_a03624ac,AlternateSiteID_5ce57898,AlternateSiteID2_2788856f,,U,0,GW,0,1,0,0.0,0.0,0.0,0.0,,608305.0,3814552.0,NAD83,CoordinateNotes_dff07455,4213.6,5.0,M,NGVD29,342529.0434414415,1035816.873518588,NAD27,R,G,2.0,N,28.0,E,2.414223,,,Tolar,DE BACA,NM,LocationNotes_63453ba9,,,WLReportNote_8f130157,ChemistryReportNote_0187137c,13782.0,4822.0,,463527100,6836,34.46815255144144,-104.0977953020348,0x000000002C39FEC6,0,,13
62239097-07CB-4D1C-AE1E-02E0F2D9217E,2015-12-28 00:00:00.000,DA-0135,SiteNames_14e2ee6c,SiteID_38a98847,AlternateSiteID_f934e917,AlternateSiteID2_2788856f,,U,0,GW,0,1,0,0.0,0.0,0.0,0.0,,325380.0,3529080.0,NAD83,CoordinateNotes_6294849d,4212.0,,R,,,,NAD27,,R,26.0,S,1.0,E,18.222,,,Little Black Mountain,Dona Ana,NM,LocationNotes_63453ba9,,,WLReportNote_8f130157,ChemistryReportNote_0187137c,2264.0,-18680.0,,,34413,,,0x000000002C39FEC7,1,,13
82A5D956-D482-4ADD-AE5C-02E488E4309E,2014-10-17 00:00:00.000,NM-03569,SiteNames_7b637930,SiteID_6412148c,AlternateSiteID_5ce57898,AlternateSiteID2_2788856f,,U,0,GW,0,1,0,0.0,0.0,0.0,0.0,,470253.0,3982474.0,NAD83,CoordinateNotes_e4d97deb,7121.0,10.0,M,NAVD88,355601.0526486486,1051511.6746962734,NAD27,T,G,20.0,N,16.0,E,21.334,,,Mora,MORA,NM,LocationNotes_63453ba9,,,WLReportNote_8f130157,ChemistryReportNote_0187137c,-6898.0,5844.0,,463527100,3600,35.98637086864864,-105.57860928643754,0x000000002C39FEC8,0,,13
D0F71FC7-AB79-4917-B39E-02E55BDB9D8A,2015-01-27 00:00:00.000,NM-24648,SiteNames_c6a29eaa,SiteID_e1b5cb8e,AlternateSiteID_5ce57898,AlternateSiteID2_2788856f,,U,0,GW,0,1,0,0.0,0.0,0.0,0.0,,410240.0,3940382.0,NAD83,CoordinateNotes_37bf881c,6445.0,10.0,M,NGVD29,,,NAD83,S,M,,,,,,,,Tetilla Peak,Santa Fe,NM,LocationNotes_63453ba9,,,WLReportNote_8f130157,ChemistryReportNote_0187137c,13382.0,-1808.0,,,24871,35.60179906171171,-106.01835371144143,0x000000002C39FEC9,0,,13
77A2284B-DADF-46BD-AE3D-02E57F6F0174,2014-10-17 00:00:00.000,NM-02579,SiteNames_d4c84f4a,SiteID_2fc81899,AlternateSiteID_5ce57898,AlternateSiteID2_2788856f,,U,0,GW,0,1,0,0.0,0.0,0.0,0.0,,566658.0,3606878.0,NAD83,CoordinateNotes_28af30ee,3423.0,4.3,N,NAVD88,324532.838990991,1042514.8874032772,NAD27,T,M,18.0,S,26.0,E,7.43111,,,Artesia,EDDY,NM,LocationNotes_63453ba9,,,WLReportNote_8f130157,ChemistryReportNote_0187137c,12404.0,-17872.0,,463527100,3290,32.598271060990996,-104.5333935328806,0x000000002C39FECA,0,,13
52C1851A-5289-4E9B-8387-02E5BB688C4A,2015-01-27 00:00:00.000,NM-14737,,SiteID_cde405cc,AlternateSiteID_5ce57898,AlternateSiteID2_2788856f,,U,0,GW,0,1,0,0.0,0.0,0.0,0.0,,468498.0,3735254.0,NAD83,CoordinateNotes_d81d82c4,6675.0,20.0,M,NGVD29,,,NAD83,F,M,,,,,,,,Capitan Pass,Lincoln,NM,LocationNotes_63453ba9,,,WLReportNote_8f130157,ChemistryReportNote_0187137c,12674.0,18444.0,,,14932,33.75624305216217,-105.36191254981983,0x000000002C39FECB,0,,13
BC0D47CB-4907-4DB9-93AB-02E69724F267,2015-01-27 00:00:00.000,NM-15631,SiteNames_59507bef,SiteID_9f100a7d,AlternateSiteID_5ce57898,AlternateSiteID2_2788856f,,U,0,GW,0,1,0,0.0,0.0,0.0,0.0,,430670.0,3745578.0,NAD83,CoordinateNotes_fa375580,5583.73,8.0,N,NAVD88,,,NAD83,T,M,,,,,,,,Little Black Peak,Lincoln,NM,LocationNotes_63453ba9,,,WLReportNote_8f130157,ChemistryReportNote_0187137c,12084.0,278.0,,463527100,18571,33.8472979045045,-105.77112476513511,0x000000002C39FECC,0,,13
1F9E6C4B-A9B4-4674-BC5A-02E8B666CE63,2015-01-27 00:00:00.000,NM-20061,SiteNames_b6d67ec4,SiteID_4da95e16,AlternateSiteID_5ce57898,AlternateSiteID2_2788856f,,U,0,GW,0,1,0,0.0,0.0,0.0,0.0,,584892.0,3843746.0,NAD83,CoordinateNotes_fcda5a5a,4693.8,,U,NGVD29,,,NAD83,T,M,,,,,,,,House,Quay,NM,LocationNotes_63453ba9,,,WLReportNote_8f130157,ChemistryReportNote_0187137c,-17416.0,6536.0,,407,10614,34.730615342882885,-104.04020039090088,0x000000002C39FECD,0,,13
54555CA9-7E82-40FC-98AC-02EC3C2C0703,2015-01-27 00:00:00.000,NM-20290,SiteNames_2fdad0bf,SiteID_eb39400e,AlternateSiteID_5ce57898,AlternateSiteID2_2788856f,,U,0,GW,0,1,0,0.0,0.0,0.0,0.0,,611434.0,3822544.0,NAD83,CoordinateNotes_2e928e91,4763.0,,U,NGVD29,,,NAD83,T,M,,,,,,,,House,Quay,NM,LocationNotes_63453ba9,,,WLReportNote_8f130157,ChemistryReportNote_0187137c,10316.0,-18776.0,,407,10656,34.53980066684685,-103.80286302306304,0x000000002C39FECE,0,,13
CA1E9774-B3F6-423A-ADB0-02EDECA10078,2015-01-27 00:00:00.000,NM-20959,SiteNames_b215d868,SiteID_694bf08d,AlternateSiteID_5ce57898,AlternateSiteID2_2788856f,,U,0,GW,0,1,0,0.0,0.0,0.0,0.0,,622287.0,3875990.0,NAD83,CoordinateNotes_92741f99,4741.0,,U,NGVD29,,,NAD83,T,M,,,,,,,,Forrest,Quay,NM,LocationNotes_63453ba9,,,WLReportNote_8f130157,ChemistryReportNote_0187137c,-14510.0,17940.0,,407,10559,35.01724093162162,-103.63428947072072,0x000000002C39FECF,0,,13
BB3BF58A-61EB-4EA0-A563-02F05748A874,2015-01-27 00:00:00.000,NM-10583,SiteNames_d153a22c,SiteID_b49cf603,AlternateSiteID_5ce57898,AlternateSiteID2_2788856f,,U,0,GW,0,1,0,0.0,0.0,0.0,0.0,,474796.0,3639868.0,NAD83,CoordinateNotes_e889b5ff,5739.4,,U,NGVD29,,,NAD83,T,M,,,,,,,,Elk,Chaves,NM,LocationNotes_63453ba9,,,WLReportNote_8f130157,ChemistryReportNote_0187137c,3070.0,-5252.0,,463527100,20378,32.89667206468469,-105.27482347234232,0x000000002C39FED0,0,,13
AA67C9F5-E8DE-4DA9-AAA1-02F334B63A7B,2015-01-27 00:00:00.000,NM-15187,SiteNames_3424ea3d,SiteID_fd8a1dcd,AlternateSiteID_5ce57898,AlternateSiteID2_2788856f,,U,0,GW,0,1,0,0.0,0.0,0.0,0.0,,544275.0,3720888.0,NAD83,CoordinateNotes_81e15147,4042.0,,U,NGVD29,,,NAD83,T,M,,,,,,,,Marley Draw,Chaves,NM,LocationNotes_63453ba9,,,WLReportNote_8f130157,ChemistryReportNote_0187137c,1202.0,-13012.0,,463527100,12440,33.62702643477478,-104.52414341117117,0x000000002C39FED1,0,,13
5DE8DD38-27B3-4FA0-8136-02F3E6645CDF,2015-01-27 00:00:00.000,NM-13029,SiteNames_ee01c94b,SiteID_25510cc0,AlternateSiteID_5ce57898,AlternateSiteID2_2788856f,,U,0,GW,0,1,0,0.0,0.0,0.0,0.0,,298337.0,3677804.0,NAD83,CoordinateNotes_e62af757,4518.0,10.0,M,NGVD29,,,NAD83,S,M,,,,,,,,Black Bluff,Sierra,NM,LocationNotes_63453ba9,,,WLReportNote_8f130157,ChemistryReportNote_0187137c,6174.0,-9126.0,,,30094,33.21924434378379,-107.1766341583784,0x000000002C39FED2,0,,13
878C6724-4A73-42F1-82FB-02F4047B0264,2016-09-01 09:18:55.000,AR-0216,SiteNames_5d66e47b,SiteID_38a98847,AlternateSiteID_5ce57898,AlternateSiteID2_2788856f,2016-10-18 00:00:00.000,C,0,GW,0,1,0,0.0,0.0,0.0,0.0,,236660.0,4091314.0,NAD83,CoordinateNotes_21f0d110,5628.937,0.52,I,NAVD88,,,NAD27,,M,,,,,,,,Flora Vista,SAN JUAN,NM,LocationNotes_204b0ca1,2017-10-25 00:00:00.000,,WLReportNote_0f4cc4f0,ChemistryReportNote_0187137c,4474.0,11324.0,,,36142,36.92996201801802,-107.96250869369368,0x000000002C39FED3,1,,13
E5CB2FD2-9475-4D53-A4CF-02F5564A6434,2015-09-14 00:00:00.000,AR-0085,SiteNames_f82edb2e,SiteID_38a98847,AlternateSiteID_11ba2478,AlternateSiteID2_2788856f,2015-08-19 00:00:00.000,C,0,GW,0,1,0,0.0,0.0,0.0,0.0,,243342.0,4100308.0,NAD83,CoordinateNotes_a08b3890,5781.267,0.52,I,NAVD88,,,NAD27,,G,,,,,,,,Cedar Hill,San Juan,NM,LocationNotes_6c4148e1,,,WLReportNote_8f130157,ChemistryReportNote_0187137c,2746.0,11428.0,,,31521,37.01323495495495,-107.88692126126126,0x000000002C39FED4,1,,13
02541FE2-9942-4A8D-A42C-02F6A2EC6009,2014-07-30 00:00:00.000,TC-264,SiteNames_8abf4738,SiteID_38a98847,AlternateSiteID_e86deca0,AlternateSiteID2_2788856f,,U,0,GW,0,1,0,0.0,0.0,0.0,0.0,,395849.0,4085684.0,NAD83,CoordinateNotes_5a57b500,7852.45,3.3,N,NAVD88,,,NAD27,,U,,,,,,,,Lobatos,CONEJOS,CO,LocationNotes_63453ba9,,,WLReportNote_8f130157,ChemistryReportNote_0187137c,-16366.0,-15986.0,,,72,,,0x000000002C39FED5,1,,13
5C6E6F6C-90BA-4AFE-B2D5-02F8AA5080B9,2015-01-27 00:00:00.000,NM-10753,SiteNames_9f44b8b7,SiteID_c5aec08e,AlternateSiteID_5ce57898,AlternateSiteID2_2788856f,,U,0,GW,0,1,0,0.0,0.0,0.0,0.0,,616534.0,3632512.0,NAD83,CoordinateNotes_827619ff,4225.0,2.5,M,NGVD29,,,NAD83,S,M,,,,,,,,Buckeye NW,Lea,NM,LocationNotes_63453ba9,,,WLReportNote_8f130157,ChemistryReportNote_0187137c,-9218.0,-15928.0,,463527100,23303,32.8235683645045,-103.73743950504506,0x000000002C39FED6,0,,13
CA2D9646-6552-4264-9AB4-02FA099B871E,2014-10-17 00:00:00.000,NM-02296,SiteNames_ffa971a6,SiteID_cc6a29c7,AlternateSiteID_5ce57898,AlternateSiteID2_2788856f,,U,0,GW,0,1,0,0.0,0.0,0.0,0.0,,323029.0,3573732.0,NAD83,CoordinateNotes_6c59cb1b,3890.0,5.0,M,NGVD29,321804.98650450446,1064616.8879040747,NAD27,S,G,23.0,S,2.0,E,18.441,,,Las Cruces,DONA ANA,NM,LocationNotes_63453ba9,,,WLReportNote_8f130157,ChemistryReportNote_0187137c,-10192.0,-1498.0,,463526701,5561,32.28798725450451,-106.8834884652842,0x000000002C39FED7,0,,13
91958E78-11E5-45A5-989D-02FA44AA2051,2015-01-27 00:00:00.000,NM-11752,,SiteID_3dbd5a66,AlternateSiteID_5ce57898,AlternateSiteID2_2788856f,,U,0,GW,0,1,0,0.0,0.0,0.0,0.0,,597832.0,3651248.0,NAD83,CoordinateNotes_20847866,4362.0,10.0,M,NGVD29,,,NAD83,F,M,,,,,,,,Cedar Point SE,Lea,NM,LocationNotes_63453ba9,,,WLReportNote_8f130157,ChemistryReportNote_0187137c,-17374.0,-13022.0,,407,27067,32.99363274468469,-103.92175366252252,0x000000002C39FED8,0,,13
99EBEEEB-4C2B-4AB6-A90C-02FA96F842C7,2014-10-17 00:00:00.000,NM-02063,SiteNames_5ededee9,SiteID_ab16bb19,AlternateSiteID_5ce57898,AlternateSiteID2_2788856f,,U,0,GW,0,1,0,0.0,0.0,0.0,0.0,,494427.0,3564104.0,NAD83,CoordinateNotes_b1c960ce,3710.0,,U,NGVD29,320814.076072072,1050316.9936210343,NAD27,T,M,25.0,S,18.0,E,13.122,,,Sheep Draw,OTERO,NM,LocationNotes_63453ba9,,,WLReportNote_8f130157,ChemistryReportNote_0187137c,-416.0,8444.0,,463527100,4187,32.213404212072064,-105.0610587556213,0x000000002C39FED9,0,,13
9C1DED0D-130F-4782-A3C3-02FC586667F5,2016-09-22 00:00:00.000,NM-27289,SiteNames_701aa5c1,SiteID_514515c4,AlternateSiteID_5ce57898,AlternateSiteID2_2788856f,,U,0,GW,0,1,0,0.0,0.0,0.0,0.0,,354649.0,3599214.0,NAD83,CoordinateNotes_cd5280d1,3946.0,,M,NGVD29,,,NAD83,U,M,22.0,S,5.0,E,26.312,,,Davies Tank,Dona Ana,NM,LocationNotes_63453ba9,,,WLReportNote_8f130157,ChemistryReportNote_0187137c,-12722.0,17314.0,,,36231,32.52218654198198,-106.5243262026126,0x000000002C39FEDA,0,,13
210468D6-1482-4DF4-B452-02FFCE1A23A7,2015-01-27 00:00:00.000,NM-09367,SiteNames_c468ff7d,SiteID_c4eb6cf5,AlternateSiteID_5ce57898,AlternateSiteID2_2788856f,,U,0,GW,0,1,0,0.0,0.0,0.0,0.0,,224765.0,3637472.0,NAD83,CoordinateNotes_67d7ea57,6380.0,20.0,M,NGVD29,,,NAD83,T,M,,,,,,,,Maverick Mountain,Grant,NM,LocationNotes_63453ba9,,,WLReportNote_8f130157,ChemistryReportNote_0187137c,-9342.0,4742.0,,463527100,29378,32.843074860720726,-107.92364127216216,0x000000002C39FEDB,0,,13
26F54C95-7B18-4844-9E7B-03006914BA4A,2015-01-27 00:00:00.000,NM-09930,SiteNames_06edaa6c,SiteID_426b86f7,AlternateSiteID_5ce57898,AlternateSiteID2_2788856f,,U,0,GW,0,1,0,0.0,0.0,0.0,0.0,,211704.0,3628658.0,NAD83,CoordinateNotes_56cf976d,5935.0,,U,NGVD29,,,NAD83,T,M,,,,,,,,San Lorenzo,Grant,NM,LocationNotes_63453ba9,,,WLReportNote_8f130157,ChemistryReportNote_0187137c,-9934.0,-10732.0,,463527100,28417,32.76061252531531,-108.0639787254955,0x000000002C39FEDC,0,,13
42A0ACEF-80B6-4967-AFCA-03011C6F1B73,2015-01-27 00:00:00.000,NM-23001,SiteNames_593c7bbc,SiteID_f11c917c,AlternateSiteID_5ce57898,AlternateSiteID2_2788856f,,U,0,GW,0,1,0,0.0,0.0,0.0,0.0,,341523.0,3877664.0,NAD83,CoordinateNotes_9ea1df23,4993.26,0.01,L,NAVD88,,,NAD83,S,D,,,,,,,,Los Griegos,Bernalillo,NM,LocationNotes_63453ba9,,,WLReportNote_8f130157,ChemistryReportNote_0187137c,-7950.0,-16896.0,,,15944,35.03050045378378,-106.72481329162164,0x000000002C39FEDD,0,,13
787AA736-81A6-4171-90BF-0304CFBDF7A8,2015-01-27 00:00:00.000,NM-21074,SiteNames_4f7e173f,SiteID_a8e55c83,AlternateSiteID_5ce57898,AlternateSiteID2_2788856f,,U,0,GW,0,1,0,0.0,0.0,0.0,0.0,,649273.0,3849006.0,NAD83,CoordinateNotes_b1ca6f1f,4743.0,,U,NGVD29,,,NAD83,S,M,,,,,,,,Apache Canyon,Quay,NM,LocationNotes_63453ba9,,,WLReportNote_8f130157,ChemistryReportNote_0187137c,1904.0,-13494.0,,13,21164,34.77266240243243,-103.37002322684684,0x000000002C39FEDE,0,,13
C8D79853-A82F-4664-8F69-03059C56D3CE,2015-01-27 00:00:00.000,NM-13912,SiteNames_c9299f19,SiteID_16bb5bb4,AlternateSiteID_5ce57898,AlternateSiteID2_2788856f,,U,0,GW,0,1,0,0.0,0.0,0.0,0.0,,558600.0,3689282.0,NAD83,CoordinateNotes_f21beef8,3566.0,,U,NGVD29,,,NAD83,T,M,,,,,,,,Roswell North,Chaves,NM,LocationNotes_63453ba9,,,WLReportNote_8f130157,ChemistryReportNote_0187137c,13830.0,-6158.0,,463527100,13745,33.341843422522516,-104.3939850754054,0x000000002C39FEDF,0,,13
D17E141B-E2E5-4AD8-AB32-0305EF068047,2015-01-27 00:00:00.000,NM-12623,SiteNames_fe0cec42,SiteID_19a697ce,AlternateSiteID_5ce57898,AlternateSiteID2_2788856f,,U,0,GW,0,1,0,0.0,0.0,0.0,0.0,,569516.0,3668324.0,NAD83,CoordinateNotes_7e9aa6af,3500.0,,U,NGVD29,,,NAD83,T,M,,,,,,,,Dexter West,Chaves,NM,LocationNotes_63453ba9,,,WLReportNote_8f130157,ChemistryReportNote_0187137c,13354.0,-9246.0,,463527100,17327,33.15236310270271,-104.2768814036937,0x000000002C39FEE0,0,,13
1FF39D5A-253A-450D-8930-03065199430D,2015-01-27 00:00:00.000,NM-06138,SiteNames_a90fc417,SiteID_5c43e52b,AlternateSiteID_5ce57898,AlternateSiteID2_2788856f,,U,0,GW,0,1,0,0.0,0.0,0.0,0.0,,335324.0,3572786.0,NAD83,CoordinateNotes_61b9a710,3897.28,0.01,D,NAVD88,,,NAD83,H,D,,,,,,,,Las Cruces,Dona Ana,NM,LocationNotes_63453ba9,,,WLReportNote_8f130157,ChemistryReportNote_0187137c,8724.0,-4234.0,,,28769,32.27849196585586,-106.7634165154054,0x000000002C39FEE1,0,,13
52B881B9-6296-43C2-A235-03068B4E88F5,2015-01-27 00:00:00.000,NM-17716,SiteNames_b7d00c4a,SiteID_da65328f,AlternateSiteID_5ce57898,AlternateSiteID2_2788856f,,U,0,GW,0,1,0,0.0,0.0,0.0,0.0,,632568.0,3811524.0,NAD83,CoordinateNotes_82e2e195,4074.0,2.5,M,NGVD29,,,NAD83,S,M,,,,,,,,Portair SW,Roosevelt,NM,LocationNotes_63453ba9,,,WLReportNote_8f130157,ChemistryReportNote_0187137c,-12408.0,18634.0,,463527100,17931,34.434897563873875,-103.53701734378376,0x000000002C39FEE2,0,,13
7B428A8D-47EC-4A22-80B8-0308CA31D016,2015-12-28 00:00:00.000,DA-0035,SiteNames_14e2ee6c,SiteID_38a98847,AlternateSiteID_0dd16bed,AlternateSiteID2_2788856f,,U,0,GW,0,1,0,0.0,0.0,0.0,0.0,,336979.0,3579818.0,NAD83,CoordinateNotes_6294849d,4025.0,,R,,,,NAD27,,R,21.0,S,1.0,W,13.23,,,Leasburg,Dona Ana,NM,LocationNotes_28380b4f,,,WLReportNote_8f130157,ChemistryReportNote_0187137c,14898.0,-15782.0,,,34267,,,0x000000002C39FEE3,1,,13
042BFCE3-2758-4245-A34C-0309656E3E08,2015-01-27 00:00:00.000,NM-04142,SiteNames_60fa3ea0,SiteID_c0d8c50e,AlternateSiteID_5ce57898,AlternateSiteID2_2788856f,,U,0,GW,0,1,0,0.0,0.0,0.0,0.0,,128594.0,3548784.0,NAD83,CoordinateNotes_1b72cbb5,4507.0,,U,NGVD29,,,NAD83,T,M,,,,,,,,Antelope Pass,Luna,NM,LocationNotes_63453ba9,,,WLReportNote_8f130157,ChemistryReportNote_0187137c,3180.0,6804.0,,463527100,26590,32.0133324772973,-108.93363230135137,0x000000002C39FEE4,0,,13
C95777CD-A9EB-470B-901E-030F554E8543,2015-01-27 00:00:00.000,NM-13977,SiteNames_a3b75f2f,SiteID_c701734c,AlternateSiteID_5ce57898,AlternateSiteID2_2788856f,,U,0,GW,0,1,0,0.0,0.0,0.0,0.0,,550705.0,3712592.0,NAD83,CoordinateNotes_ddb4be67,3567.0,,U,NGVD29,,,NAD83,T,M,,,,,,,,Roswell North,Chaves,NM,LocationNotes_63453ba9,,,WLReportNote_8f130157,ChemistryReportNote_0187137c,6350.0,16882.0,,463527100,20621,33.551910880090084,-104.4658170227928,0x000000002C39FEE5,0,,13
006CCDB4-4EB1-4E2D-94BD-030FA7BFD017,2015-01-27 00:00:00.000,NM-04341,SiteNames_b0af414c,SiteID_e216a5ab,AlternateSiteID_5ce57898,AlternateSiteID2_2788856f,,U,0,GW,0,1,0,0.0,0.0,0.0,0.0,,359490.0,3562212.0,NAD83,CoordinateNotes_7fed792a,3796.0,2.5,M,NGVD29,,,NAD83,S,G,,,,,,,,La Mesa,Dona Ana,NM,LocationNotes_63453ba9,,,WLReportNote_8f130157,ChemistryReportNote_0187137c,15512.0,17462.0,,,20097,32.18547095531532,-106.51246844225226,0x000000002C39FEE6,0,,13
E406F5C6-2EEF-43A2-A90D-0311908104DB,2015-01-27 00:00:00.000,NM-22297,,SiteID_9f1cfd40,AlternateSiteID_5ce57898,AlternateSiteID2_2788856f,,U,0,GW,0,1,0,0.0,0.0,0.0,0.0,,250114.0,3872798.0,NAD83,CoordinateNotes_b5a74bdb,6365.0,10.0,M,NGVD29,,,NAD83,S,M,,,,,,,,Grants SE,Cibola,NM,LocationNotes_63453ba9,,,WLReportNote_8f130157,ChemistryReportNote_0187137c,3404.0,-15522.0,,463524600,17743,34.96603493216217,-107.74827810333332,0x000000002C39FEE7,0,,13
8D9259E7-12F9-4DB4-8E14-0312BC7C7804,2013-05-06 00:00:00.000,JM-022,SiteNames_f8ea6965,SiteID_38a98847,AlternateSiteID_5ce57898,AlternateSiteID2_2788856f,2013-04-29 00:00:00.000,C,0,GW,0,1,0,0.0,0.0,0.0,0.0,,303865.0,3625478.0,NAD83,CoordinateNotes_5a57b500,5691.77,3.3,N,NAVD88,,,NAD27,,G,,,,,,,,Apache Gap,SIERRA,NM,LocationNotes_63453ba9,2014-02-04 00:00:00.000,,WLReportNote_cbef3a5a,ChemistryReportNote_0187137c,8706.0,-18950.0,Jornada del Muerto,,3881,,,0x000000002C39FEE8,1,,13
C05B3129-654E-45FF-963A-031332EA9DAE,2015-01-27 00:00:00.000,NM-05225,SiteNames_2ac9aeed,SiteID_1ddc7925,AlternateSiteID_5ce57898,AlternateSiteID2_2788856f,,U,0,GW,0,1,0,0.0,0.0,0.0,0.0,,244602.0,3563758.0,NAD83,CoordinateNotes_9a9b055f,4286.0,,U,NGVD29,,,NAD83,T,M,,,,,,,,Bowlin Ranch,Luna,NM,LocationNotes_63453ba9,,,WLReportNote_8f130157,ChemistryReportNote_0187137c,5072.0,-942.0,,463527100,13959,32.18021360351351,-107.71711306630633,0x000000002C39FEE9,0,,13
C9218FEB-2FB1-4E59-8491-03137262C0EF,2015-01-27 00:00:00.000,NM-19926,,SiteID_12ca81c8,AlternateSiteID_5ce57898,AlternateSiteID2_2788856f,,U,0,GW,0,1,0,0.0,0.0,0.0,0.0,,306969.0,3820656.0,NAD83,CoordinateNotes_637699f1,6027.0,100.0,M,NGVD29,,,NAD83,T,M,,,,,,,,Mesa Gallina,Cibola,NM,LocationNotes_63453ba9,,,WLReportNote_8f130157,ChemistryReportNote_0187137c,9202.0,-15954.0,,,22105,34.507715090270274,-107.12380256909908,0x000000002C39FEEA,0,,13
1AB99475-52DF-478E-AF2D-031A1D88B48E,2015-01-27 00:00:00.000,NM-09419,,SiteID_7b39f184,AlternateSiteID_5ce57898,AlternateSiteID2_2788856f,,U,0,GW,0,1,0,0.0,0.0,0.0,0.0,,293665.0,3621874.0,NAD83,CoordinateNotes_50bcda3e,4144.0,10.0,M,NGVD29,,,NAD83,S,M,,,,,,,,Garfield,Sierra,NM,LocationNotes_63453ba9,,,WLReportNote_8f130157,ChemistryReportNote_0187137c,10684.0,-10186.0,,,28277,32.71330895423423,-107.22154915774776,0x000000002C39FEEB,0,,13
B3595AE0-B5C5-4715-B6F9-031B3E1CF283,2015-01-27 00:00:00.000,NM-11048,SiteNames_22f7451c,SiteID_b731deff,AlternateSiteID_5ce57898,AlternateSiteID2_2788856f,,U,0,GW,0,1,0,0.0,0.0,0.0,0.0,,555758.0,3665760.0,NAD83,CoordinateNotes_47d2fef6,3384.0,,U,NGVD29,,,NAD83,T,M,,,,,,,,Espuela,Chaves,NM,LocationNotes_63453ba9,,,WLReportNote_8f130157,ChemistryReportNote_0187137c,-1984.0,14690.0,,463527100,30192,33.12884126234234,-104.39978104387389,0x000000002C39FEEC,0,,13
82ADC4EB-1094-4D76-ACC0-031B6F4210C0,2015-01-27 00:00:00.000,NM-11611,SiteNames_101d8506,SiteID_3cc88cac,AlternateSiteID_5ce57898,AlternateSiteID2_2788856f,,U,0,GW,0,1,0,0.0,0.0,0.0,0.0,,570171.0,3659318.0,NAD83,CoordinateNotes_803ef382,3465.0,,U,NGVD29,,,NAD83,T,M,,,,,,,,Hagerman,Chaves,NM,LocationNotes_63453ba9,,,WLReportNote_8f130157,ChemistryReportNote_0187137c,9766.0,-1872.0,,463527100,9438,33.070743405135126,-104.26475891801802,0x000000002C39FEED,0,,13
AC38B596-8DDC-BC4F-AA3D-031DD9B702FB,2018-03-21 10:17:06.000,WL-0092,SiteNames_8f818e01,SiteID_38a98847,AlternateSiteID_e74327e5,AlternateSiteID2_2788856f,2018-03-20 00:00:00.000,C,0,GW,0,1,0,0.0,0.0,0.0,0.0,,411104.0,3861075.0,NAD83,CoordinateNotes_b4a70045,6145.59,3.3,N,NAVD88,,,NAD27,,G,,,,,,,,Estancia,Torrance,NM,LocationNotes_b0068456,,,WLReportNote_8f130157,ChemistryReportNote_0187137c,9224.0,14008.0,,,38029,,,0x000000002C39FEEE,1,,13
36EFEE81-B85D-493B-9277-031F30A9B7B1,2015-01-27 00:00:00.000,NM-17403,SiteNames_b9ecdd1b,SiteID_58149248,AlternateSiteID_5ce57898,AlternateSiteID2_2788856f,,U,0,GW,0,1,0,0.0,0.0,0.0,0.0,,638007.0,3788976.0,NAD83,CoordinateNotes_0eef5a32,4050.0,5.0,M,NGVD29,,,NAD83,S,M,,,,,,,,Bethel,Roosevelt,NM,LocationNotes_63453ba9,,,WLReportNote_8f130157,ChemistryReportNote_0187137c,-7436.0,1416.0,,463527100,18826,34.23172586675676,-103.488057740991,0x000000002C39FEEF,0,,13
8CA34C0C-9703-452D-A6F1-0322FE45D0E3,2015-01-27 00:00:00.000,NM-13768,SiteNames_d28a5b11,SiteID_7690dfa9,AlternateSiteID_5ce57898,AlternateSiteID2_2788856f,,U,0,GW,0,1,0,0.0,0.0,0.0,0.0,,614369.0,3704000.0,NAD83,CoordinateNotes_0f2e239d,4373.0,,U,NGVD29,,,NAD83,T,M,,,,,,,,Caprock,Lea,NM,LocationNotes_63453ba9,,,WLReportNote_8f130157,ChemistryReportNote_0187137c,-5482.0,8630.0,,463527100,26379,33.46868770774775,-103.76073142738738,0x000000002C39FEF0,0,,13
40FC85F3-5CBA-4A8C-A0EC-0323422BA41F,2015-01-27 00:00:00.000,NM-09998,SiteNames_19b4edda,SiteID_76f64a80,AlternateSiteID_5ce57898,AlternateSiteID2_2788856f,,U,0,GW,0,1,0,0.0,0.0,0.0,0.0,,548855.0,3655332.0,NAD83,CoordinateNotes_28f6b30f,3373.0,,U,NGVD29,,,NAD83,T,M,,,,,,,,Artesia,Eddy,NM,LocationNotes_63453ba9,,,WLReportNote_8f130157,ChemistryReportNote_0187137c,-7388.0,18932.0,,463527100,24808,33.03483722855855,-104.46541029855857,0x000000002C39FEF1,0,,13
2A59BE35-61BE-4293-A590-03236C3325E6,2015-01-27 00:00:00.000,NM-07609,SiteNames_503988c6,SiteID_94924d66,AlternateSiteID_5ce57898,AlternateSiteID2_2788856f,,U,0,GW,0,1,0,0.0,0.0,0.0,0.0,,682568.0,3598210.0,NAD83,CoordinateNotes_2399ac2a,3564.8,,U,NGVD29,,,NAD83,T,M,,,,,,,,Hobbs SE,Lea,NM,LocationNotes_63453ba9,,,WLReportNote_8f130157,ChemistryReportNote_0187137c,3702.0,-8320.0,,463527100,9882,32.50682574504504,-103.06101349864866,0x000000002C39FEF2,0,,13
F578D6B2-280D-624F-8250-0323B3BD5A61,2018-08-22 16:33:15.000,AR-0240,SiteNames_f2d932c1,SiteID_38a98847,AlternateSiteID_5ce57898,AlternateSiteID2_2788856f,2018-08-22 00:00:00.000,C,0,GW,0,1,1,0.0,0.0,0.0,0.0,,225240.0,4066132.0,NAD83,CoordinateNotes_b5525f69,5453.94,0.52,I,NAVD88,,,NAD27,,G,,,,,,,,Flora Vista,San Juan,NM,LocationNotes_0b782f63,2019-07-29 00:00:00.000,2019-07-29 00:00:00.000,WLReportNote_32243fab,ChemistryReportNote_b315d2bf,760687.0,4065587.0,,,38104,36.70063648648649,-108.0825227927928,0x000000002C39FEF3,1,,13
3941FB8E-24F0-452B-AA6E-03245439BC22,2014-10-01 00:00:00.000,NM-00713,SiteNames_861fcbf2,SiteID_d1fae3da,AlternateSiteID_5ce57898,AlternateSiteID2_2788856f,,U,0,GW,0,1,0,0.0,0.0,0.0,0.0,,483405.0,3710240.0,NAD83,CoordinateNotes_23d3ced9,5255.0,10.0,U,NGVD29,332335.13819819817,1051731.1658804289,NAD83,R,G,10.0,S,17.0,E,32.3443,,,San Patricio,LINCOLN,NM,LocationNotes_63453ba9,,,WLReportNote_8f130157,ChemistryReportNote_0187137c,10552.0,15340.0,,463527100,1559,33.531234308198194,-105.12601957121586,0x000000002C39FEF4,0,,13
44980A99-3696-4558-9A8E-03245C85AB62,2015-01-27 00:00:00.000,NM-07084,SiteNames_73b6bbd9,SiteID_a7183189,AlternateSiteID_5ce57898,AlternateSiteID2_2788856f,,U,0,GW,0,1,0,0.0,0.0,0.0,0.0,,228711.0,3608004.0,NAD83,CoordinateNotes_15123078,5126.0,20.0,M,NGVD29,,,NAD83,T,M,,,,,,,,Massacre Peak,Luna,NM,LocationNotes_63453ba9,,,WLReportNote_8f130157,ChemistryReportNote_0187137c,-16048.0,10794.0,,463527100,28408,32.580106263243245,-107.86071657657658,0x000000002C39FEF5,0,,13
7EDCC611-6DFE-4084-B10C-032467F1855C,2014-10-17 00:00:00.000,NM-02825,,SiteID_d6e9194a,AlternateSiteID_5ce57898,AlternateSiteID2_2788856f,,U,0,GW,0,1,0,0.0,0.0,0.0,0.0,,541058.0,3702546.0,NAD83,CoordinateNotes_32a986f4,3489.0,5.0,M,NGVD29,332456.04518918914,1042334.1390936744,NAD27,U,M,10.0,S,25.0,E,27.32123,,,Bitter Lake,CHAVES,NM,LocationNotes_63453ba9,,,WLReportNote_8f130157,ChemistryReportNote_0187137c,-15402.0,5016.0,,463500200,3499,33.46084376918919,-104.2536509357499,0x000000002C39FEF6,0,,13
83204168-2AE8-4DDA-BEDB-0324E5ABA957,2015-10-28 00:00:00.000,SD-0227,SiteNames_52cb619b,SiteID_38a98847,AlternateSiteID_c02d4160,AlternateSiteID2_2788856f,,U,0,GW,0,1,1,0.0,0.0,0.0,0.0,,390799.0,3868556.0,NAD83,CoordinateNotes_79920d25,6451.27,3.3,N,NAVD88,,,NAD27,,,10.0,N,7.0,E,,,,Edgewood,Santa Fe,NM,LocationNotes_63453ba9,,,WLReportNote_8f130157,ChemistryReportNote_0187137c,-4712.0,-12874.0,,,32833,,,0x000000002C39FEF7,1,,13
D72532E5-0E6B-46B4-9ED0-03260895F619,2015-01-27 00:00:00.000,NM-26112,SiteNames_652b2346,SiteID_68636717,AlternateSiteID_5ce57898,AlternateSiteID2_2788856f,,U,0,GW,0,1,0,0.0,0.0,0.0,0.0,,599508.0,4029972.0,NAD83,CoordinateNotes_92b94d37,5819.0,10.0,M,NGVD29,,,NAD83,T,M,,,,,,,,Romero Spring,Union,NM,LocationNotes_63453ba9,,,WLReportNote_8f130157,ChemistryReportNote_0187137c,-11334.0,8282.0,,,24463,36.40853070261261,-103.8670707081081,0x000000002C39FEF8,0,,13
467D7271-0899-402A-AD57-0326D06D07BB,2015-01-27 00:00:00.000,NM-24088,,SiteID_7de91126,AlternateSiteID_5ce57898,AlternateSiteID2_2788856f,,U,0,GW,0,1,0,0.0,0.0,0.0,0.0,,371193.0,3934462.0,NAD83,CoordinateNotes_929fb9f5,5435.0,20.0,M,NGVD29,,,NAD83,F,M,,,,,,,,Madrid,Santa Fe,NM,LocationNotes_63453ba9,,,WLReportNote_8f130157,ChemistryReportNote_0187137c,-17002.0,6932.0,,,19064,35.54748632045045,-106.38569399117118,0x000000002C39FEF9,0,,13
AC4D74FA-0336-4308-A6FA-032774429DB8,2015-01-27 00:00:00.000,NM-20258,SiteNames_1c5c5d43,SiteID_771bccb1,AlternateSiteID_5ce57898,AlternateSiteID2_2788856f,,U,0,GW,0,1,0,0.0,0.0,0.0,0.0,,618059.0,3843240.0,NAD83,CoordinateNotes_42cf754f,4727.0,,U,NGVD29,,,NAD83,T,M,,,,,,,,Weber City,Quay,NM,LocationNotes_63453ba9,,,WLReportNote_8f130157,ChemistryReportNote_0187137c,2766.0,2180.0,,407,14040,34.72470605963964,-103.71615500108108,0x000000002C39FEFA,0,,13
300411B2-BB08-4249-887F-0327C7B1BCC3,2017-01-23 00:00:00.000,TS-075,SiteNames_1e1024ad,SiteID_38a98847,AlternateSiteID_5ce57898,AlternateSiteID2_2788856f,2008-09-25 00:00:00.000,C,0,SP,0,0,1,1.0,0.0,0.0,0.0,,447012.0,4097456.0,NAD83,CoordinateNotes_14d9142e,7318.0,3.3,N,NAVD88,,,NAD27,,G,,,,,,,,Ute Mountain,TAOS,NM,LocationNotes_1abf9c6c,,,WLReportNote_8f130157,ChemistryReportNote_0187137c,9656.0,15576.0,,,37324,,,0x000000002C39FEFB,1,,13
D1996EED-EB34-4F6E-A9FB-0328CC878755,2015-01-27 00:00:00.000,NM-14076,SiteNames_b7a18f1a,SiteID_34c4e1a0,AlternateSiteID_5ce57898,AlternateSiteID2_2788856f,,U,0,GW,0,1,0,0.0,0.0,0.0,0.0,,543916.0,3699290.0,NAD83,CoordinateNotes_113ac9ca,3568.0,,U,NGVD29,,,NAD83,T,M,,,,,,,,Roswell North,Chaves,NM,LocationNotes_63453ba9,,,WLReportNote_8f130157,ChemistryReportNote_0187137c,-2422.0,2240.0,,463527100,29081,33.43194515018018,-104.52345476981982,0x000000002C39FEFC,0,,13
7D3E1408-9169-1944-9EA9-032B571F7AB7,2018-09-27 10:12:39.000,WL-0133,SiteNames_acb07c87,SiteID_38a98847,AlternateSiteID_5ce57898,AlternateSiteID2_2788856f,2018-09-06 00:00:00.000,C,0,GW,0,0,0,0.0,0.0,0.0,1.0,,335423.0,3784827.0,NAD83,CoordinateNotes_9ca46933,4599.1,3.3,N,NAVD88,,,NAD27,,G,,,,,,,,Socorro,Socorro,NM,LocationNotes_bb1d9b48,,,WLReportNote_8f130157,ChemistryReportNote_0187137c,10658.0,13200.0,,,38139,,,0x000000002C39FEFD,1,,13
E8119621-AEDE-47BB-9D2A-032B83D2AD43,2016-09-22 00:00:00.000,NM-28094,SiteNames_111c40ce,SiteID_68a595f4,AlternateSiteID_5ce57898,AlternateSiteID2_2788856f,,U,0,GW,0,1,0,0.0,0.0,0.0,0.0,,347097.0,3891632.0,NAD83,CoordinateNotes_cd5280d1,5771.17,1.0,G,NAVD88,,,NAD83,R,G,12.0,N,2.0,E,18.344,,,Sky Village SE,Sandoval,NM,LocationNotes_63453ba9,,,WLReportNote_8f130157,ChemistryReportNote_0187137c,8356.0,-11958.0,,,37036,35.15477027027028,-106.69749850072073,0x000000002C39FEFE,0,,13
4FFFD004-D0FA-42B8-8B0C-032B8C274E4E,2016-09-22 00:00:00.000,NM-28190,SiteNames_92b5686e,SiteID_1f6ae65f,AlternateSiteID_5ce57898,AlternateSiteID2_2788856f,,U,0,GW,0,1,0,0.0,0.0,0.0,0.0,,148240.0,4028276.0,NAD83,CoordinateNotes_cd5280d1,5830.0,5.0,M,NGVD29,,,NAD83,S,M,,,,,,,,Sanostee East,San Juan,NM,LocationNotes_63453ba9,,,WLReportNote_8f130157,ChemistryReportNote_0187137c,-11502.0,-6704.0,,,37132,36.3393297236036,-108.8973223916216,0x000000002C39FEFF,0,,13
A89DE812-D1E4-4FDC-8217-032C03101E84,2014-10-17 00:00:00.000,NM-02008,SiteNames_88e5279c,SiteID_6bf19566,AlternateSiteID_5ce57898,AlternateSiteID2_2788856f,,U,0,GW,0,1,0,0.0,0.0,0.0,0.0,,246724.0,3541352.0,NAD83,CoordinateNotes_3c51f65f,4222.0,5.0,M,NGVD29,320504.8930810811,1074641.6876438465,NAD27,T,M,25.0,S,9.0,W,33.32423,,,Midway Butte,LUNA,NM,LocationNotes_63453ba9,,,WLReportNote_8f130157,ChemistryReportNote_0187137c,8958.0,-11868.0,,463527100,4583,31.97789534108108,-108.09071826382493,0x000000002C39FF01,0,,13
172ED1BB-5360-428F-BB38-032CD97814A1,2022-03-08 00:00:00.000,DE-0313,SiteNames_9e9f3b14,SiteID_38a98847,AlternateSiteID_5ce57898,AlternateSiteID2_2788856f,,U,0,GW,0,1,1,0.0,0.0,0.0,0.0,,644272.0,3606797.0,NAD83,CoordinateNotes_82ff3f15,3615.92,,R,,,,NAD27,,R,,,,,,,,,Lea,NM,LocationNotes_63453ba9,,,WLReportNote_8f130157,ChemistryReportNote_0187137c,-5988.0,15930.0,,,39826,,,0x000000002C39FF02,0,,13
7E6F01FC-A525-41E6-BA67-032CDED2F2FC,2015-01-27 00:00:00.000,NM-22219,SiteNames_0e66f999,SiteID_b3425e01,AlternateSiteID_5ce57898,AlternateSiteID2_2788856f,,U,0,GW,0,1,0,0.0,0.0,0.0,0.0,,375895.0,3877070.0,NAD83,CoordinateNotes_895725bf,6922.0,10.0,M,NGVD29,,,NAD83,S,M,,,,,,,,Sedillo,Bernalillo,NM,LocationNotes_63453ba9,,,WLReportNote_8f130157,ChemistryReportNote_0187137c,-4552.0,-7790.0,,463524800,10038,35.029310119819826,-106.352700699009,0x000000002C39FF03,0,,13
7BB38C47-01BC-490A-8648-032EE1DDC65B,2015-01-27 00:00:00.000,NM-11851,SiteNames_8d7cecf8,SiteID_b50500c7,AlternateSiteID_5ce57898,AlternateSiteID2_2788856f,,U,0,GW,0,1,0,0.0,0.0,0.0,0.0,,284202.0,3677326.0,NAD83,CoordinateNotes_d3e15f01,4266.0,10.0,M,NGVD29,,,NAD83,T,M,,,,,,,,Williamsburg,Sierra,NM,LocationNotes_63453ba9,,,WLReportNote_8f130157,ChemistryReportNote_0187137c,-1646.0,10446.0,,,27952,33.2136239281081,-107.31013581882884,0x000000002C39FF04,0,,13
5C6B018C-7215-4DFB-ADCE-0331C09B9EF9,2016-09-22 00:00:00.000,NM-28008,SiteNames_918e7080,SiteID_8c7f1011,AlternateSiteID_5ce57898,AlternateSiteID2_2788856f,,U,0,GW,0,1,0,0.0,0.0,0.0,0.0,,341828.0,3867826.0,NAD83,CoordinateNotes_cd5280d1,4904.92,0.01,L,NAVD88,,,NAD83,S,D,8.0,N,2.0,E,1.243,,,Isleta,Bernalillo,NM,LocationNotes_63453ba9,,,WLReportNote_8f130157,ChemistryReportNote_0187137c,-5188.0,-1104.0,,,36950,34.94141516405406,-106.72216929873872,0x000000002C39FF05,0,,13
DEA4EE7A-C890-4CE5-A4EE-03324D8210AE,2015-01-27 00:00:00.000,NM-12446,SiteNames_8f2ee8db,SiteID_afcad67f,AlternateSiteID_5ce57898,AlternateSiteID2_2788856f,,U,0,GW,0,1,0,0.0,0.0,0.0,0.0,,583696.0,3672170.0,NAD83,CoordinateNotes_f868e4e2,3432.0,,U,NGVD29,,,NAD83,T,M,,,,,,,,Dexter East,Chaves,NM,LocationNotes_63453ba9,,,WLReportNote_8f130157,ChemistryReportNote_0187137c,18608.0,-2130.0,,463527100,20934,33.18647252081081,-104.13399063036036,0x000000002C39FF06,0,,13
BBC5512A-D339-4F9A-9F50-0332B601BA83,2015-01-27 00:00:00.000,NM-16171,SiteNames_5839bfbd,SiteID_54a6c000,AlternateSiteID_5ce57898,AlternateSiteID2_2788856f,,U,0,GW,0,1,0,0.0,0.0,0.0,0.0,,269381.0,3780530.0,NAD83,CoordinateNotes_a34e1497,7503.0,10.0,M,NGVD29,,,NAD83,S,M,,,,,,,,Monica Saddle,Socorro,NM,LocationNotes_63453ba9,,,WLReportNote_8f130157,ChemistryReportNote_0187137c,7360.0,17220.0,,,17004,34.13853053513514,-107.5098459736937,0x000000002C39FF07,0,,13
8E25DBA2-6D37-4619-BD74-033345BC890E,2015-01-27 00:00:00.000,NM-21526,SiteNames_ad379474,SiteID_a90c3a1b,AlternateSiteID_5ce57898,AlternateSiteID2_2788856f,,U,0,GW,0,1,0,0.0,0.0,0.0,0.0,,370461.0,3892102.0,NAD83,CoordinateNotes_22d27924,5355.58,,L,NGVD29,,,NAD83,U,M,,,,,,,,Albuquerque East,Bernalillo,NM,LocationNotes_63453ba9,,,WLReportNote_8f130157,ChemistryReportNote_0187137c,10044.0,15362.0,,463536000,19656,35.1620564963964,-106.4395359935135,0x000000002C39FF08,0,,13
C2D4B510-642C-4B4F-B82F-0335375E90AA,2015-01-27 00:00:00.000,NM-22816,,SiteID_1d4fc0af,AlternateSiteID_5ce57898,AlternateSiteID2_2788856f,,U,0,GW,0,1,0,0.0,0.0,0.0,0.0,,226736.0,3879690.0,NAD83,CoordinateNotes_4104777a,6470.0,10.0,M,NGVD29,,,NAD83,S,M,,,,,,,,Grants,Cibola,NM,LocationNotes_63453ba9,,,WLReportNote_8f130157,ChemistryReportNote_0187137c,-15638.0,-14830.0,,,20859,35.026989576396396,-107.96927358288288,0x000000002C39FF09,0,,13
CC254D16-495F-4BF8-991D-03395786A356,2015-01-27 00:00:00.000,NM-09159,SiteNames_dd98b702,SiteID_bb8de559,AlternateSiteID_5ce57898,AlternateSiteID2_2788856f,,U,0,GW,0,1,0,0.0,0.0,0.0,0.0,,652319.0,3627336.0,NAD83,CoordinateNotes_11cfb168,4021.0,2.5,M,NGVD29,,,NAD83,S,M,,,,,,,,Buckeye,Lea,NM,LocationNotes_63453ba9,,,WLReportNote_8f130157,ChemistryReportNote_0187137c,15564.0,-1014.0,,463527100,8574,32.77543256486486,-103.3994480637838,0x000000002C39FF0A,0,,13
E37AC5A6-41B0-4FC5-A8E9-033F85415DE4,2015-01-27 00:00:00.000,NM-12901,SiteNames_eb43beab,SiteID_be9c325d,AlternateSiteID_5ce57898,AlternateSiteID2_2788856f,,U,0,GW,0,1,0,0.0,0.0,0.0,0.0,,572528.0,3662968.0,NAD83,CoordinateNotes_fae8b95b,3535.9,,U,NGVD29,,,NAD83,T,M,,,,,,,,Bottomless Lakes,Chaves,NM,LocationNotes_63453ba9,,,WLReportNote_8f130157,ChemistryReportNote_0187137c,10522.0,-19512.0,,463527100,14501,33.103764686216216,-104.2393387772072,0x000000002C39FF0B,0,,13
5DC60318-0606-43E6-9A14-0340BC4FCB72,2014-10-17 00:00:00.000,NM-01984,SiteNames_ea2c4ca8,SiteID_c6cd5eb7,AlternateSiteID_5ce57898,AlternateSiteID2_2788856f,,U,0,GW,0,1,0,0.0,0.0,0.0,0.0,,127730.0,3552272.0,NAD83,CoordinateNotes_c304ca8f,4238.0,10.0,M,NGVD29,320402.97866666666,1085449.9754439436,NAD27,M,M,26.0,S,20.0,W,5.334,,,Cotton City,HIDALGO,NM,LocationNotes_63453ba9,,,WLReportNote_8f130157,ChemistryReportNote_0187137c,694191.0,3547462.0,,863700200,2577,32.04625402666667,-108.9385026163288,0x000000002C39FF0C,0,,13
44F6D09F-513A-4855-B96B-034168E4FF1E,2015-01-27 00:00:00.000,NM-25966,SiteNames_05803d30,SiteID_61155afd,AlternateSiteID_5ce57898,AlternateSiteID2_2788856f,,U,0,GW,0,1,0,0.0,0.0,0.0,0.0,,611626.0,3996840.0,NAD83,CoordinateNotes_3287af04,5524.0,10.0,M,NGVD29,,,NAD83,R,M,,,,,,,,Beenham,Union,NM,LocationNotes_63453ba9,,,WLReportNote_8f130157,ChemistryReportNote_0187137c,-5428.0,-10340.0,,200,17887,36.109241286846846,-103.74683979090088,0x000000002C39FF0D,0,,13
06B04E16-11B3-4863-9493-03442FAF03C3,2015-01-27 00:00:00.000,NM-23077,SiteNames_fdc3bfbb,SiteID_835d6a6c,AlternateSiteID_5ce57898,AlternateSiteID2_2788856f,,U,0,GW,0,1,0,0.0,0.0,0.0,0.0,,620056.0,3888626.0,NAD83,CoordinateNotes_5b568fed,4067.0,,U,NGVD29,,,NAD83,M,M,,,,,,,,Lesbia,Quay,NM,LocationNotes_63453ba9,,,WLReportNote_8f130157,ChemistryReportNote_0187137c,-7856.0,-6894.0,,32,20729,35.132392101891895,-103.66573750477478,0x000000002C39FF0E,0,,13
47F36CDF-1D3C-4D8C-883E-03467345D7A7,2015-01-27 00:00:00.000,NM-11339,SiteNames_a331da76,SiteID_f9695de1,AlternateSiteID_5ce57898,AlternateSiteID2_2788856f,,U,0,GW,0,1,0,0.0,0.0,0.0,0.0,,582069.0,3672760.0,NAD83,CoordinateNotes_4b72b27c,3363.0,,U,NGVD29,,,NAD83,T,M,,,,,,,,Hagerman,Chaves,NM,LocationNotes_63453ba9,,,WLReportNote_8f130157,ChemistryReportNote_0187137c,14350.0,15780.0,,463527100,27064,33.19143829216217,-104.14540414072071,0x000000002C39FF0F,0,,13
D69B91C6-D378-4CA5-AA4C-03482E49BB08,2015-01-27 00:00:00.000,NM-09131,SiteNames_19421d50,SiteID_3682a73e,AlternateSiteID_5ce57898,AlternateSiteID2_2788856f,,U,0,GW,0,1,0,0.0,0.0,0.0,0.0,,671692.0,3644186.0,NAD83,CoordinateNotes_921ced72,3636.0,,U,NGVD29,,,NAD83,T,M,,,,,,,,Humble City SE,Lea,NM,LocationNotes_63453ba9,,,WLReportNote_8f130157,ChemistryReportNote_0187137c,-9776.0,15986.0,,463527100,18018,32.920789888018014,-103.15050556207208,0x000000002C39FF10,0,,13
D3FF7065-2E62-411B-8C5B-0348F4BEBFC5,2015-01-27 00:00:00.000,NM-22515,SiteNames_be5ceb98,SiteID_3f4c593f,AlternateSiteID_5ce57898,AlternateSiteID2_2788856f,,U,0,GW,0,1,0,0.0,0.0,0.0,0.0,,386133.0,3882490.0,NAD83,CoordinateNotes_da834cab,6860.0,20.0,M,NGVD29,,,NAD83,S,M,,,,,,,,Sandia Crest,Bernalillo,NM,LocationNotes_63453ba9,,,WLReportNote_8f130157,ChemistryReportNote_0187137c,11542.0,-5530.0,,463524800,19139,35.07744778018019,-106.27243105801804,0x000000002C39FF11,0,,13
C6E5EB69-832B-4B76-8A59-03491201F940,2014-10-01 00:00:00.000,NM-01114,SiteNames_14e2ee6c,SiteID_51b244fd,AlternateSiteID_5ce57898,AlternateSiteID2_2788856f,,U,0,GW,0,1,0,0.0,0.0,0.0,0.0,,539518.0,3846778.0,NAD83,CoordinateNotes_facaae2e,4705.0,10.0,M,NGVD29,345040.9167387388,1042124.183991873,NAD83,R,G,7.0,N,24.0,E,12.13332,,,Canada Colorado,GUADALUPE,NM,LocationNotes_63453ba9,,,WLReportNote_8f130157,ChemistryReportNote_0187137c,-19308.0,-9242.0,,463500200,5458,34.761572068738744,-104.17256368693818,0x000000002C39FF12,0,,13
4485D14D-4657-476C-B1C3-034A3CE8EAC7,2015-01-27 00:00:00.000,NM-11568,SiteNames_1fdf36fd,SiteID_3026e0e5,AlternateSiteID_5ce57898,AlternateSiteID2_2788856f,,U,0,GW,0,1,0,0.0,0.0,0.0,0.0,,638972.0,3652306.0,NAD83,CoordinateNotes_addb5482,3951.9,2.5,M,NGVD29,,,NAD83,S,M,,,,,,,,Hillburn City,Lea,NM,LocationNotes_63453ba9,,,WLReportNote_8f130157,ChemistryReportNote_0187137c,-17290.0,-9384.0,,463527100,8646,32.99807564945946,-103.48154583576576,0x000000002C39FF13,0,,13
8DF5D445-862E-43F1-A4B6-034A66D387E3,2015-01-27 00:00:00.000,NM-19715,SiteNames_5c3970b9,SiteID_b001b263,AlternateSiteID_5ce57898,AlternateSiteID2_2788856f,,U,0,GW,0,1,0,0.0,0.0,0.0,0.0,,557967.0,3844496.0,NAD83,CoordinateNotes_428b4da5,4378.0,,U,NGVD29,,,NAD83,T,M,,,,,,,,Twin Mesa,De Baca,NM,LocationNotes_63453ba9,,,WLReportNote_8f130157,ChemistryReportNote_0187137c,-17844.0,13276.0,,463527100,29425,34.73966796360361,-104.33378611675676,0x000000002C39FF14,0,,13
0167A59C-16CA-4ED2-8F7C-034FB4EABD63,2011-09-20 00:00:00.000,TB-0252,SiteNames_004e50b5,SiteID_38a98847,AlternateSiteID_5ce57898,AlternateSiteID2_2788856f,2011-04-06 00:00:00.000,C,0,GW,0,1,0,0.0,0.0,0.0,0.0,,410243.0,3729624.0,NAD83,CoordinateNotes_5a57b500,5840.68,3.3,N,NAVD88,,,NAD27,,G,8.0,S,11.0,E,11.0,,,Carrizozo East,LINCOLN,NM,LocationNotes_912a18e8,,,WLReportNote_8f130157,,-18828.0,7830.0,Tularosa Basin,,38,,,0x000000002C39FF15,1,,13
05AB3986-8605-47A0-A258-0350DA6F420A,2015-01-27 00:00:00.000,NM-19756,SiteNames_06f3d929,SiteID_42dc599d,AlternateSiteID_5ce57898,AlternateSiteID2_2788856f,,U,0,GW,0,1,0,0.0,0.0,0.0,0.0,,587914.0,3827628.0,NAD83,CoordinateNotes_e55da8dc,4791.81,,U,NGVD29,,,NAD83,T,M,,,,,,,,House,Quay,NM,LocationNotes_63453ba9,,,WLReportNote_8f130157,ChemistryReportNote_0187137c,-9968.0,-4542.0,,407,22814,34.58581383108108,-104.0219911418018,0x000000002C39FF16,0,,13
B72E03A9-CE4D-4F55-917B-0351AA976DCD,2016-02-02 00:00:00.000,AR-0208,SiteNames_3692614f,SiteID_38a98847,AlternateSiteID_5ce57898,AlternateSiteID2_2788856f,2016-01-28 00:00:00.000,C,0,GW,1,1,0,0.0,0.0,0.0,0.0,,217802.0,4066964.0,NAD83,CoordinateNotes_87650fee,5665.29,0.52,I,NAVD88,,,NAD27,,G,,,,,,,,Aztec,San Juan,NM,LocationNotes_e7945f83,2017-10-18 00:00:00.000,,WLReportNote_0f4cc4f0,ChemistryReportNote_0187137c,-17360.0,-16140.0,,,34470,36.7113945945946,-108.1273963963964,0x000000002C39FF17,1,,13
6D61D253-E8B8-4F43-89D4-0351F001623D,2015-01-27 00:00:00.000,NM-11912,SiteNames_1b113fc6,SiteID_86a8efb9,AlternateSiteID_5ce57898,AlternateSiteID2_2788856f,,U,0,GW,0,1,0,0.0,0.0,0.0,0.0,,660064.0,3656538.0,NAD83,CoordinateNotes_478b9c55,3842.0,2.5,M,NGVD29,,,NAD83,S,M,,,,,,,,Prairieview NW,Lea,NM,LocationNotes_63453ba9,,,WLReportNote_8f130157,ChemistryReportNote_0187137c,-10090.0,-10192.0,,463527100,21375,33.034124860180185,-103.26695686090088,0x000000002C39FF18,0,,13
6A139855-A5D1-440B-ACEE-0354AA55FF60,2015-01-27 00:00:00.000,NM-23185,SiteNames_11652a63,SiteID_d87b2b5d,AlternateSiteID_5ce57898,AlternateSiteID2_2788856f,,U,0,GW,0,1,0,0.0,0.0,0.0,0.0,,677719.0,3899808.0,NAD83,CoordinateNotes_be167b88,3966.0,,U,NGVD29,,,NAD83,M,M,,,,,,,,Bard,Quay,NM,LocationNotes_63453ba9,,,WLReportNote_8f130157,ChemistryReportNote_0187137c,12518.0,1378.0,,32,30450,35.227748664414406,-103.07217609522522,0x000000002C39FF19,0,,13
EF2DB5A8-2130-443D-820A-035513872B85,2013-05-29 00:00:00.000,JM-040,SiteNames_114844e9,SiteID_38a98847,AlternateSiteID_5ce57898,AlternateSiteID2_2788856f,2013-05-15 00:00:00.000,C,0,GW,0,1,0,0.0,0.0,0.0,0.0,,327229.0,3669055.0,NAD83,CoordinateNotes_5a57b500,4694.86,3.3,N,NAVD88,,,NAD27,,G,,,,,,,,Upham,SIERRA,NM,LocationNotes_63453ba9,2014-02-04 00:00:00.000,,WLReportNote_cbef3a5a,ChemistryReportNote_0187137c,17120.0,18866.0,Jornada del Muerto,,6498,,,0x000000002C39FF1A,1,,13
78AD75F4-83B0-3D4B-A195-0355EFC913FF,2017-08-10 15:29:07.000,WL-0050,SiteNames_692a67fa,SiteID_38a98847,AlternateSiteID_5ce57898,AlternateSiteID2_2788856f,2017-08-03 00:00:00.000,C,0,GW,0,1,0,0.0,0.0,0.0,0.0,,422274.0,4040379.0,NAD83,CoordinateNotes_b4a70045,7334.43,3.3,N,NAVD88,,,NAD27,,G,,,,,,,,Arroyo Hondo,Taos,NM,LocationNotes_aeaba1f2,,,WLReportNote_8f130157,ChemistryReportNote_0187137c,-19492.0,-9758.0,,,37621,,,0x000000002C39FF1B,1,,13
EC0751BD-04E6-1E44-AFE0-03567455059C,2018-06-19 14:18:40.000,WL-0120,SiteNames_c8b20e16,SiteID_38a98847,AlternateSiteID_5ce57898,AlternateSiteID2_2788856f,2018-06-19 00:00:00.000,C,0,GW,0,1,1,0.0,0.0,0.0,0.0,,276612.0,3625378.0,NAD83,CoordinateNotes_9ca46933,4327.0,3.3,N,NAVD88,,,NAD27,,G,,,,,,,,Caballo,Sierra,NM,LocationNotes_33237226,,,WLReportNote_8f130157,ChemistryReportNote_0187137c,-5140.0,-16440.0,,,38073,,,0x000000002C39FF1C,0,,13
868F50C4-0E86-4435-9409-035750E652A4,2014-10-17 00:00:00.000,NM-03249,SiteNames_ded0e23d,SiteID_c1862068,AlternateSiteID_5ce57898,AlternateSiteID2_2788856f,,U,0,GW,0,1,0,0.0,0.0,0.0,0.0,,574866.0,3846092.0,NAD83,CoordinateNotes_d850b216,4511.0,,U,NGVD29,344109.06866666663,1041445.0827413776,NAD27,T,M,5.0,N,25.0,E,12.411,,,Twin Mesa NW,DE BACA,NM,LocationNotes_63453ba9,,,WLReportNote_8f130157,ChemistryReportNote_0187137c,5782.0,7622.0,,463527100,3699,34.75456301666667,-104.16306836254624,0x000000002C39FF1D,0,,13
68551590-5722-4682-9588-0358787AAE5C,2015-01-27 00:00:00.000,NM-07698,SiteNames_83513961,SiteID_d0252503,AlternateSiteID_5ce57898,AlternateSiteID2_2788856f,,U,0,GW,0,1,0,0.0,0.0,0.0,0.0,,664184.0,3604960.0,NAD83,CoordinateNotes_de7d2208,3648.0,,U,NGVD29,,,NAD83,T,M,,,,,,,,Monument SW,Lea,NM,LocationNotes_63453ba9,,,WLReportNote_8f130157,ChemistryReportNote_0187137c,14596.0,-2380.0,,463527100,10219,32.57201510855856,-103.2745450045045,0x000000002C39FF1E,0,,13
07B9E646-5834-4EF3-823E-0359D2ACDF97,2015-01-27 00:00:00.000,NM-22445,SiteNames_209c3e6d,SiteID_bfc02dfa,AlternateSiteID_5ce57898,AlternateSiteID2_2788856f,,U,0,GW,0,1,0,0.0,0.0,0.0,0.0,,365833.0,3893110.0,NAD83,CoordinateNotes_91db8e17,5176.0,10.0,M,NGVD29,,,NAD83,S,M,,,,,,,,Albuquerque East,Bernalillo,NM,LocationNotes_63453ba9,,,WLReportNote_8f130157,ChemistryReportNote_0187137c,11174.0,5500.0,,,9151,35.17042848954955,-106.49435801333334,0x000000002C39FF1F,0,,13
1E7D7C5C-28C1-45EA-AB42-035A04C7F34E,2014-10-01 00:00:00.000,NM-01589,SiteNames_3424ea3d,SiteID_82bc3f28,AlternateSiteID_5ce57898,AlternateSiteID2_2788856f,,U,0,GW,0,1,0,0.0,0.0,0.0,0.0,,470166.0,3996150.0,NAD83,CoordinateNotes_8d17a3b8,8140.0,20.0,M,NGVD29,360842.9642342342,1052143.9544675418,NAD83,T,G,22.0,N,15.0,E,16.111,,,Chacon,MORA,NM,LocationNotes_63453ba9,,,WLReportNote_8f130157,ChemistryReportNote_0187137c,2752.0,-3970.0,,463527100,861,36.10951201423424,-105.40775467831574,0x000000002C39FF20,0,,13
44013A58-0562-424B-8D6B-035BB2A92F2F,2015-01-27 00:00:00.000,NM-16755,SiteNames_acdf8ee2,SiteID_631fbcbb,AlternateSiteID_5ce57898,AlternateSiteID2_2788856f,,U,0,GW,0,1,0,0.0,0.0,0.0,0.0,,677885.0,3789480.0,NAD83,CoordinateNotes_5b06e668,3948.0,5.0,M,NGVD29,,,NAD83,S,M,,,,,,,,Arch NW,Roosevelt,NM,LocationNotes_63453ba9,,,WLReportNote_8f130157,ChemistryReportNote_0187137c,12746.0,11270.0,,463527100,28704,34.233280641531536,-103.09428762117118,0x000000002C39FF21,0,,13
3235B670-63C8-4DF3-AE47-035BCD86798D,2019-10-08 00:00:00.000,SB-0530,SiteNames_14e2ee6c,SiteID_38a98847,AlternateSiteID_ea1aed75,AlternateSiteID2_2788856f,,U,0,GW,0,0,0,0.0,0.0,0.0,0.0,,479844.0,3478737.0,NAD83,CoordinateNotes_4add0549,4650.0,,R,,,,NAD27,,R,,,,,,,,,Hudspeth,TX,LocationNotes_63453ba9,,,WLReportNote_8f130157,ChemistryReportNote_0187137c,13528.0,17680.0,,,38884,31.44261327927928,-105.23201512612611,0x000000002C39FF22,0,,13
ADD28FFC-D47C-4309-8B67-035C8DBF138B,2019-11-06 00:00:00.000,SB-0835,SiteNames_e1b0ec71,SiteID_38a98847,AlternateSiteID_389a7ba5,AlternateSiteID2_2788856f,2020-08-19 00:00:00.000,C,0,GW,0,0,1,0.0,0.0,0.0,0.0,,515031.0,3549227.0,NAD83,CoordinateNotes_2498baf0,3843.356,3.3,N,NAVD88,,,NAD27,5m,G,,,,,,,,Sheep Draw,Otero,NM,LocationNotes_cc798b46,,2022-01-18 00:00:00.000,WLReportNote_8f130157,ChemistryReportNote_ce4c6909,19538.0,-18362.0,,,39195,,,0x000000002C39FF23,1,,13
970E41B2-84E9-4DAA-ABE5-035EA6E7E8BC,2015-09-28 00:00:00.000,QY-0332,SiteNames_5aa152da,SiteID_38a98847,AlternateSiteID_b8c42a57,AlternateSiteID2_2788856f,,U,0,GW,0,1,0,0.0,0.0,0.0,0.0,,642760.0,3900056.0,NAD83,CoordinateNotes_514b3639,4030.0,10.0,R,,,,NAD27,,R,11.0,N,33.0,E,28.341,,,San Jon NW,Quay,NM,LocationNotes_63453ba9,,,WLReportNote_8f130157,ChemistryReportNote_0187137c,1580.0,9746.0,,,31647,,,0x000000002C39FF24,1,,13
E8877C17-A9EF-4241-ACEB-035FF1A71B1B,2015-01-27 00:00:00.000,NM-13721,SiteNames_8baffd66,SiteID_63a31098,AlternateSiteID_5ce57898,AlternateSiteID2_2788856f,,U,0,GW,0,1,0,0.0,0.0,0.0,0.0,,527916.0,3710894.0,NAD83,CoordinateNotes_04260724,3615.0,,U,NGVD29,,,NAD83,T,M,,,,,,,,Roswell North,Chaves,NM,LocationNotes_63453ba9,,,WLReportNote_8f130157,ChemistryReportNote_0187137c,-13630.0,16704.0,,463527100,29842,33.536696426486486,-104.67609539279276,0x000000002C39FF25,0,,13
00B3658B-37DC-48E1-8508-03609085DC1D,2015-01-27 00:00:00.000,NM-14275,SiteNames_a021e299,SiteID_b0e00cb0,AlternateSiteID_5ce57898,AlternateSiteID2_2788856f,,U,0,GW,0,1,0,0.0,0.0,0.0,0.0,,551687.0,3683674.0,NAD83,CoordinateNotes_136d2fc9,3560.0,,U,NGVD29,,,NAD83,T,M,,,,,,,,Bitter Lake,Chaves,NM,LocationNotes_63453ba9,,,WLReportNote_8f130157,ChemistryReportNote_0187137c,3788.0,-16276.0,,463527100,14833,33.29124469936937,-104.45056430387388,0x000000002C39FF26,0,,13
0C8D61FE-8F3C-4511-AC90-0364F3EF520A,2015-01-27 00:00:00.000,NM-20308,SiteNames_f8a233a8,SiteID_d6df3961,AlternateSiteID_5ce57898,AlternateSiteID2_2788856f,,U,0,GW,0,1,0,0.0,0.0,0.0,0.0,,617665.0,3838270.0,NAD83,CoordinateNotes_8d7ff7ac,4757.0,,U,NGVD29,,,NAD83,T,M,,,,,,,,House,Quay,NM,LocationNotes_63453ba9,,,WLReportNote_8f130157,ChemistryReportNote_0187137c,17162.0,-3420.0,,407,24041,34.68147620918919,-103.74785419738738,0x000000002C39FF27,0,,13
744C0C85-17AD-4AE4-813F-0366E53F2EAF,2015-01-27 00:00:00.000,NM-09962,SiteNames_20b77781,SiteID_2fc30c7a,AlternateSiteID_5ce57898,AlternateSiteID2_2788856f,,U,0,GW,0,1,0,0.0,0.0,0.0,0.0,,543136.0,3616746.0,NAD83,CoordinateNotes_636e2db2,3425.0,,U,NGVD29,,,NAD83,T,M,,,,,,,,Artesia,Eddy,NM,LocationNotes_63453ba9,,,WLReportNote_8f130157,ChemistryReportNote_0187137c,-11082.0,-19214.0,,463527100,29549,32.68729058090089,-104.52035687783784,0x000000002C39FF28,0,,13
D8888823-3217-4D54-B376-0366ECF4AD92,2015-01-27 00:00:00.000,NM-05073,SiteNames_5b2a311c,SiteID_745be375,AlternateSiteID_5ce57898,AlternateSiteID2_2788856f,,U,0,GW,0,1,0,0.0,0.0,0.0,0.0,,346878.0,3576724.0,NAD83,CoordinateNotes_6f575e71,3870.0,10.0,M,NGVD29,,,NAD83,T,M,,,,,,,,San Miguel,Dona Ana,NM,LocationNotes_63453ba9,,,WLReportNote_8f130157,ChemistryReportNote_0187137c,4422.0,16674.0,,463527100,12168,32.31614659621622,-106.63099279216216,0x000000002C39FF29,0,,13
1CF2AAA0-FA4E-4BA4-BB2E-0367358B08E2,2023-01-04 00:00:00.000,OG-0080,SiteNames_8f313338,SiteID_38a98847,AlternateSiteID_5ce57898,AlternateSiteID2_2788856f,2022-12-20 00:00:00.000,C,0,GW,0,0,0,0.0,0.0,0.0,0.0,,646029.0,3827523.0,NAD83,CoordinateNotes_2498baf0,4341.0,3.0,N,NAVD88,,,NAD27,5m,G,,,,,,,,,,NM,LocationNotes_5e2c851d,,,WLReportNote_8f130157,ChemistryReportNote_0187137c,-6800.0,18286.0,,,40033,,,0x000000002C39FF2A,1,,13
1843CE42-A331-4827-A952-036ACDDDB6F6,2015-01-27 00:00:00.000,NM-05583,SiteNames_3f34c452,SiteID_3c853974,AlternateSiteID_5ce57898,AlternateSiteID2_2788856f,,U,0,GW,0,1,0,0.0,0.0,0.0,0.0,,251293.0,3571744.0,NAD83,CoordinateNotes_126254f3,4372.0,,U,NGVD29,,,NAD83,T,M,,,,,,,,Bowlin Ranch,Luna,NM,LocationNotes_63453ba9,,,WLReportNote_8f130157,ChemistryReportNote_0187137c,17310.0,1664.0,,463527100,16884,32.250911920990994,-107.66714066405406,0x000000002C39FF2B,0,,13
2A170749-58DF-47EC-8B47-036C12305E7D,2014-10-01 00:00:00.000,NM-00970,SiteNames_9791b067,SiteID_2897e431,AlternateSiteID_5ce57898,AlternateSiteID2_2788856f,,U,0,GW,0,1,0,0.0,0.0,0.0,0.0,,670040.0,3830918.0,NAD83,CoordinateNotes_1ca16b1f,4333.0,5.0,M,NGVD29,342733.1471891892,1031043.0252822768,NAD83,S,M,3.0,N,36.0,E,28.13111,,,Clovis,CURRY,NM,LocationNotes_63453ba9,,,WLReportNote_8f130157,ChemistryReportNote_0187137c,2734.0,16338.0,,14,1153,34.60643106918919,-103.15327739298162,0x000000002C39FF2C,0,,13
3166FAA8-95A3-486A-AD0F-036E0EB3AB5A,2014-10-17 00:00:00.000,NM-02717,SiteNames_453bd0cb,SiteID_44b73e30,AlternateSiteID_5ce57898,AlternateSiteID2_2788856f,,U,0,GW,0,1,0,0.0,0.0,0.0,0.0,,544751.0,3635942.0,NAD83,CoordinateNotes_65f2c5fa,3411.0,,U,NGVD29,330025.8529009009,1042244.7016941824,NAD27,T,M,15.0,S,26.0,E,19.12222,,,Hagerman SW,CHAVES,NM,LocationNotes_63453ba9,,,WLReportNote_8f130157,ChemistryReportNote_0187137c,-13296.0,-16328.0,,463527100,1358,32.86023296090091,-102.6768796675561,0x000000002C39FF2D,0,,13
80BD819B-9192-4349-81E7-036FB45FE931,2015-01-27 00:00:00.000,NM-07711,SiteNames_96f75294,SiteID_c491d43e,AlternateSiteID_5ce57898,AlternateSiteID2_2788856f,,U,0,GW,0,1,0,0.0,0.0,0.0,0.0,,659687.0,3626892.0,NAD83,CoordinateNotes_ea7217b2,3557.0,,U,NGVD29,,,NAD83,T,M,,,,,,,,Monument South,Lea,NM,LocationNotes_63453ba9,,,WLReportNote_8f130157,ChemistryReportNote_0187137c,-3508.0,19122.0,,463527100,22384,32.76767015027028,-103.2926377836036,0x000000002C39FF2E,0,,13
56DEA6D2-FB61-4A1F-A252-0370946DF51C,2015-01-27 00:00:00.000,NM-05995,SiteNames_308753ee,SiteID_c78a9d34,AlternateSiteID_5ce57898,AlternateSiteID2_2788856f,,U,0,GW,0,1,0,0.0,0.0,0.0,0.0,,264465.0,3565854.0,NAD83,CoordinateNotes_68960907,4186.0,,U,NGVD29,,,NAD83,T,M,,,,,,,,Carne,Luna,NM,LocationNotes_63453ba9,,,WLReportNote_8f130157,ChemistryReportNote_0187137c,6626.0,-9236.0,,463527100,23313,32.20326923279279,-107.5117201563063,0x000000002C39FF2F,0,,13
3AB11222-EF1A-4EB5-80A4-03715540A16B,2015-01-27 00:00:00.000,NM-12366,SiteNames_3664bc91,SiteID_b2e6cd79,AlternateSiteID_5ce57898,AlternateSiteID2_2788856f,,U,0,GW,0,1,0,0.0,0.0,0.0,0.0,,536218.0,3687576.0,NAD83,CoordinateNotes_4f38afe1,3521.0,,U,NGVD29,,,NAD83,T,M,,,,,,,,Dexter West,Chaves,NM,LocationNotes_63453ba9,,,WLReportNote_8f130157,ChemistryReportNote_0187137c,-18470.0,14726.0,,463527100,10571,33.325827866666664,-104.5796950463964,0x000000002C39FF30,0,,13
1B7F65E9-5D44-49FB-BEDA-03721EA05FC0,2015-01-27 00:00:00.000,NM-07397,SiteNames_e3f56a3f,SiteID_51ad662e,AlternateSiteID_5ce57898,AlternateSiteID2_2788856f,,U,0,GW,0,1,0,0.0,0.0,0.0,0.0,,641294.0,3618296.0,NAD83,CoordinateNotes_882a484e,3581.0,,U,NGVD29,,,NAD83,T,M,,,,,,,,Monument South,Lea,NM,LocationNotes_63453ba9,,,WLReportNote_8f130157,ChemistryReportNote_0187137c,-15104.0,16146.0,,463527100,9657,32.69113863945946,-103.47044013207208,0x000000002C39FF31,0,,13
7EA6D24B-8EE5-43C5-9089-0372D8415388,2016-08-10 00:00:00.000,BC-0265,SiteNames_ec34adab,SiteID_38a98847,AlternateSiteID_59a6dd7a,AlternateSiteID2_2788856f,,U,0,GW,0,1,0,0.0,0.0,0.0,0.0,,340470.0,3882054.0,NAD83,CoordinateNotes_6d557b8e,4999.17,,R,,,,NAD27,,R,,,,,,,,Alameda,Bernalillo,NM,LocationNotes_63453ba9,,,WLReportNote_8f130157,ChemistryReportNote_0187137c,-12144.0,-12816.0,,,36133,35.070504436840544,-106.7281640784054,0x000000002C39FF32,1,,13
53204FDE-8186-4E00-8B3A-03735AE6F2D8,2012-05-24 00:00:00.000,TV-245,SiteNames_cec41b3c,SiteID_38a98847,AlternateSiteID_97cdccc3,AlternateSiteID2_2788856f,,U,0,GW,0,1,1,0.0,0.0,0.0,0.0,,444332.0,4023389.0,NAD83,CoordinateNotes_8599a393,7030.02,3.3,N,NAVD88,,,NAD27,,R,24.0,N,12.0,E,1.141,,,Ranchos de Taos,TAOS,NM,LocationNotes_63453ba9,,,WLReportNote_8f130157,ChemistryReportNote_0187137c,138.0,886.0,S.Taos Valley,,2321,,,0x000000002C39FF33,1,,13
9644AB32-B5EA-4CDA-BF4E-0376F5A9F074,2017-01-23 00:00:00.000,TS-022b,SiteNames_3b04c2f0,SiteID_38a98847,AlternateSiteID_5ce57898,AlternateSiteID2_2788856f,2006-08-30 00:00:00.000,C,0,SP,0,0,0,0.0,0.0,0.0,1.0,,439481.0,4096908.0,NAD83,CoordinateNotes_14d9142e,7320.0,3.3,N,NAVD88,,,NAD27,,G,,,,,,,,Sunshine,TAOS,NM,LocationNotes_4b13c098,,,WLReportNote_8f130157,ChemistryReportNote_0187137c,1518.0,19304.0,,,37263,,,0x000000002C39FF34,1,,13
FBB9A0D4-64F4-4BDA-8B7D-0377E4BC416F,2015-01-27 00:00:00.000,NM-25191,SiteNames_7648b04d,SiteID_6966848d,AlternateSiteID_5ce57898,AlternateSiteID2_2788856f,,U,0,GW,0,1,0,0.0,0.0,0.0,0.0,,216121.0,3965326.0,NAD83,CoordinateNotes_1296375e,6445.0,5.0,M,NGVD29,,,NAD83,S,M,,,,,,,,Standing Rock,McKinley,NM,LocationNotes_63453ba9,,,WLReportNote_8f130157,ChemistryReportNote_0187137c,10966.0,-434.0,,463542300,24193,35.78777521009009,-108.1635004772072,0x000000002C39FF35,0,,13
1E562A05-A3E4-4AB6-9813-037818492639,2015-01-27 00:00:00.000,NM-08645,SiteNames_f65ea9da,SiteID_4481614c,AlternateSiteID_5ce57898,AlternateSiteID2_2788856f,,U,0,GW,0,1,0,0.0,0.0,0.0,0.0,,690916.0,3629406.0,NAD83,CoordinateNotes_0a17c20a,3614.0,,U,NGVD29,,,NAD83,T,M,,,,,,,,Hobbs East,Lea,NM,LocationNotes_63453ba9,,,WLReportNote_8f130157,ChemistryReportNote_0187137c,14602.0,7026.0,,463527100,28469,32.7884069572973,-102.98699225045044,0x000000002C39FF36,0,,13
058D5379-498B-4F7E-AAE4-037CAAE48268,2015-01-27 00:00:00.000,NM-15976,SiteNames_e8568119,SiteID_ffba8440,AlternateSiteID_5ce57898,AlternateSiteID2_2788856f,,U,0,GW,0,1,0,0.0,0.0,0.0,0.0,,181092.0,3774838.0,NAD83,CoordinateNotes_45b70ff8,7085.0,20.0,M,NGVD29,,,NAD83,S,M,,,,,,,,Horse Mountain West,Catron,NM,LocationNotes_63453ba9,,,WLReportNote_8f130157,ChemistryReportNote_0187137c,-19624.0,15618.0,,,9127,34.071590882702694,-108.41435110279278,0x000000002C39FF37,0,,13
9F711C58-A9E0-4D1D-9F6C-037ECB34D999,2015-01-27 00:00:00.000,NM-13813,SiteNames_f7ed20e3,SiteID_eae5cad1,AlternateSiteID_5ce57898,AlternateSiteID2_2788856f,,U,0,GW,0,1,0,0.0,0.0,0.0,0.0,,557772.0,3702838.0,NAD83,CoordinateNotes_977223b6,3563.0,,U,NGVD29,,,NAD83,T,M,,,,,,,,Bitter Lake,Chaves,NM,LocationNotes_63453ba9,,,WLReportNote_8f130157,ChemistryReportNote_0187137c,11218.0,7788.0,,463527100,26223,33.463872192162164,-104.39834950693694,0x000000002C39FF38,0,,13
9E81A86C-CD4C-407E-9F65-03801F934BEE,2015-01-27 00:00:00.000,NM-06737,SiteNames_81c2b33b,SiteID_143d2935,AlternateSiteID_5ce57898,AlternateSiteID2_2788856f,,U,0,GW,0,1,0,0.0,0.0,0.0,0.0,,692765.0,3588714.0,NAD83,CoordinateNotes_6a32edec,3362.2,,U,NGVD29,,,NAD83,T,M,,,,,,,,Eunice,Lea,NM,LocationNotes_63453ba9,,,WLReportNote_8f130157,ChemistryReportNote_0187137c,16906.0,-416.0,,463527100,26265,32.42164997225225,-102.97732796369368,0x000000002C39FF39,0,,13
E7231C67-47C5-4904-9410-03833A837BC2,2016-03-07 00:00:00.000,TO-0001,SiteNames_14e2ee6c,SiteID_38a98847,AlternateSiteID_7586f6c8,AlternateSiteID2_2788856f,,U,0,GW,0,1,0,0.0,0.0,0.0,0.0,,383317.0,3797704.0,NAD83,CoordinateNotes_79920d25,6172.53,3.3,N,NAVD88,,,NAD27,,R,1.0,N,6.0,E,31.242,,,Chupadera,Torrance,NM,LocationNotes_63453ba9,,,WLReportNote_8f130157,ChemistryReportNote_0187137c,7256.0,4774.0,,,35074,,,0x000000002C39FF3A,1,,13
7C45C2F8-5CD7-45F2-A6A6-038758506DA1,2016-09-22 00:00:00.000,NM-27703,SiteNames_ad4029aa,SiteID_cc94a328,AlternateSiteID_5ce57898,AlternateSiteID2_2788856f,,U,0,GW,0,1,0,0.0,0.0,0.0,0.0,,648113.0,3778174.0,NAD83,CoordinateNotes_cd5280d1,4147.2,5.0,M,NGVD29,,,NAD83,S,M,1.0,N,36.0,E,20.114,,,Midway,Roosevelt,NM,LocationNotes_63453ba9,,,WLReportNote_8f130157,ChemistryReportNote_0187137c,-18052.0,-18726.0,,,36645,34.131375787297294,-103.35702485063064,0x000000002C39FF3B,0,,13
0421C8DB-E1F5-4D16-A130-03879C931144,2015-01-27 00:00:00.000,NM-04720,SiteNames_79894ead,SiteID_d96325f7,AlternateSiteID_5ce57898,AlternateSiteID2_2788856f,,U,0,GW,0,1,0,0.0,0.0,0.0,0.0,,218163.0,3550004.0,NAD83,CoordinateNotes_fd47870d,4254.0,,U,NGVD29,,,NAD83,T,M,,,,,,,,Midway Butte,Luna,NM,LocationNotes_63453ba9,,,WLReportNote_8f130157,ChemistryReportNote_0187137c,-15102.0,-6746.0,,463527100,23969,32.05487186522523,-107.96302887405406,0x000000002C39FF3C,0,,13
8F68B0F0-BCCA-4960-AF05-0389413279EE,2015-03-02 00:00:00.000,NM-27180,SiteNames_46b8f2d4,SiteID_38a98847,AlternateSiteID_5ce57898,AlternateSiteID2_2788856f,,U,0,ES,0,0,1,0.0,0.0,0.0,0.0,,164379.0,4060232.0,NAD83,CoordinateNotes_5a07fce6,5070.0,,R,,,,NAD27,,R,,,,,,,,The Hogback North,San Juan,NM,LocationNotes_63453ba9,,,WLReportNote_8f130157,ChemistryReportNote_0187137c,-19876.0,-1548.0,,,30942,,,0x000000002C39FF3D,1,,13
342714DE-4EBF-4724-8A94-038D8E0DD193,2015-01-27 00:00:00.000,NM-15871,SiteNames_360117f8,SiteID_72fec590,AlternateSiteID_5ce57898,AlternateSiteID2_2788856f,,U,0,GW,0,1,0,0.0,0.0,0.0,0.0,,636673.0,3739114.0,NAD83,CoordinateNotes_6050a17f,4519.0,5.0,M,NGVD29,,,NAD83,R,M,,,,,,,,Badger Lake,Roosevelt,NM,LocationNotes_63453ba9,,,WLReportNote_8f130157,ChemistryReportNote_0187137c,8536.0,-12796.0,,463527100,12080,33.784530460720724,-103.53722425909908,0x000000002C39FF3E,0,,13
88F410B3-CE07-4BE9-B570-038DE8969BBD,2015-01-27 00:00:00.000,NM-05753,SiteNames_1383bee8,SiteID_adab9aed,AlternateSiteID_5ce57898,AlternateSiteID2_2788856f,,U,0,GW,0,1,0,0.0,0.0,0.0,0.0,,250917.0,3584854.0,NAD83,CoordinateNotes_14e75d54,4299.6,5.0,M,NGVD29,,,NAD83,T,M,,,,,,,,Deming East,Luna,NM,LocationNotes_63453ba9,,,WLReportNote_8f130157,ChemistryReportNote_0187137c,7096.0,13234.0,,463527100,18786,32.371256925225225,-107.65526700207208,0x000000002C39FF3F,0,,13
B0B34AE9-030D-4FF7-90B1-038F79E1DA21,2015-09-28 00:00:00.000,QY-0903,SiteNames_48b1c1fe,SiteID_38a98847,AlternateSiteID_b45d1956,AlternateSiteID2_2788856f,,U,0,GW,0,1,0,0.0,0.0,0.0,0.0,,637676.0,3867822.0,NAD83,CoordinateNotes_514b3639,4402.0,10.0,R,,,,NAD27,,R,8.0,N,32.0,E,25.112,,,Norton,Quay,NM,LocationNotes_63453ba9,,,WLReportNote_8f130157,ChemistryReportNote_0187137c,1598.0,5522.0,,,31811,,,0x000000002C39FF40,1,,13
5521D77F-0F62-4BF7-9EDD-03900983FCA6,2015-01-27 00:00:00.000,NM-18293,SiteNames_3d00b22c,SiteID_3654fe17,AlternateSiteID_5ce57898,AlternateSiteID2_2788856f,,U,0,GW,0,1,0,0.0,0.0,0.0,0.0,,618884.0,3823142.0,NAD83,CoordinateNotes_3c411322,4266.0,2.5,M,NGVD29,,,NAD83,S,M,,,,,,,,Melrose SE,Curry,NM,LocationNotes_63453ba9,,,WLReportNote_8f130157,ChemistryReportNote_0187137c,-18206.0,19282.0,,14,18942,34.54073359171172,-103.67314232801805,0x000000002C39FF41,0,,13
5C64BE9B-9428-4F36-8737-0390B3AED801,2015-01-27 00:00:00.000,NM-21744,SiteNames_de7135a5,SiteID_e79ef8c2,AlternateSiteID_5ce57898,AlternateSiteID2_2788856f,,U,0,GW,0,1,0,0.0,0.0,0.0,0.0,,330668.0,3862478.0,NAD83,CoordinateNotes_cda03126,4940.0,5.0,M,NGVD29,,,NAD83,5,G,,,,,,,,Albuquerque West,Bernalillo,NM,LocationNotes_63453ba9,,,WLReportNote_8f130157,ChemistryReportNote_0187137c,-16734.0,-17882.0,,463542500,14183,34.8933093209009,-106.82406021675676,0x000000002C39FF42,0,,13
9CAE4EBA-4D91-4973-B27F-03926D570614,2015-01-27 00:00:00.000,NM-07376,SiteNames_68e3ca99,SiteID_5c05a0fe,AlternateSiteID_5ce57898,AlternateSiteID2_2788856f,,U,0,GW,0,1,0,0.0,0.0,0.0,0.0,,226439.0,3588740.0,NAD83,CoordinateNotes_cc46ef1a,5084.0,20.0,M,NGVD29,,,NAD83,T,M,,,,,,,,Taylor Mountain,Grant,NM,LocationNotes_63453ba9,,,WLReportNote_8f130157,ChemistryReportNote_0187137c,4278.0,-15300.0,,463527100,13159,32.40113376216217,-107.91982753945946,0x000000002C39FF43,0,,13
09C64DF0-2C4D-423F-AEE3-03928FCD9B77,2015-01-27 00:00:00.000,NM-23816,SiteNames_6e688c38,SiteID_7eb6241d,AlternateSiteID_5ce57898,AlternateSiteID2_2788856f,,U,0,GW,0,1,0,0.0,0.0,0.0,0.0,,640049.0,3907854.0,NAD83,CoordinateNotes_320b9889,3928.2,,U,NGVD29,,,NAD83,S,M,,,,,,,,Logan North,Quay,NM,LocationNotes_63453ba9,,,WLReportNote_8f130157,ChemistryReportNote_0187137c,1606.0,-8586.0,,32,16218,35.304365878648646,-103.46132462153152,0x000000002C39FF44,0,,13
75A32FFC-D561-41CE-B6B4-03950780CFEE,2015-01-27 00:00:00.000,NM-16501,SiteNames_3b15954e,SiteID_bafe6db5,AlternateSiteID_5ce57898,AlternateSiteID2_2788856f,,U,0,GW,0,1,0,0.0,0.0,0.0,0.0,,603948.0,3764846.0,NAD83,CoordinateNotes_50b0d4ce,4374.0,5.0,M,NGVD29,,,NAD83,U,M,,,,,,,,Rippee Ranch,Chaves,NM,LocationNotes_63453ba9,,,WLReportNote_8f130157,ChemistryReportNote_0187137c,454.0,-6544.0,,863700200,28129,34.019181555045044,-103.8742072999099,0x000000002C39FF45,0,,13
22D4BD67-C691-4E9B-8628-03976AD953A3,2015-01-27 00:00:00.000,NM-17996,,SiteID_e8a41253,AlternateSiteID_5ce57898,AlternateSiteID2_2788856f,,U,0,GW,0,1,0,0.0,0.0,0.0,0.0,,356025.0,3781544.0,NAD83,CoordinateNotes_5e8f135c,6225.0,10.0,M,NGVD29,,,NAD83,S,M,,,,,,,,Rayo Hills,Socorro,NM,LocationNotes_63453ba9,,,WLReportNote_8f130157,ChemistryReportNote_0187137c,-8990.0,-17476.0,,,10197,34.166236098558564,-106.54822797099098,0x000000002C39FF46,0,,13
085659C0-3C2E-4499-B908-0397F35B475D,2015-01-27 00:00:00.000,NM-14615,SiteNames_4f3aac8a,SiteID_17436b35,AlternateSiteID_5ce57898,AlternateSiteID2_2788856f,,U,0,GW,0,1,0,0.0,0.0,0.0,0.0,,541502.0,3702802.0,NAD83,CoordinateNotes_2691a761,3579.5,,U,NGVD29,,,NAD83,T,M,,,,,,,,Melena,Chaves,NM,LocationNotes_63453ba9,,,WLReportNote_8f130157,ChemistryReportNote_0187137c,-7012.0,-8428.0,,463527100,16686,33.463610382072076,-104.54064008117118,0x000000002C39FF47,0,,13
A5FC6089-8AB2-4301-B11C-03985951D96D,2015-09-14 00:00:00.000,AR-0097,SiteNames_94a2b381,SiteID_38a98847,AlternateSiteID_5ce57898,AlternateSiteID2_2788856f,2015-08-20 00:00:00.000,C,0,GW,0,1,0,0.0,0.0,0.0,0.0,,246865.0,4089382.0,NAD83,CoordinateNotes_a08b3890,5735.138,0.52,I,NAVD88,,,NAD27,,G,,,,,,,,Cedar Hill,San Juan,NM,LocationNotes_191c5ae9,,,WLReportNote_8f130157,ChemistryReportNote_0187137c,9112.0,3772.0,,,31533,36.91488198198198,-107.86031990990992,0x000000002C39FF48,1,,13
DAD28EAA-C9C3-41C9-A643-039A6A110BBB,2015-01-27 00:00:00.000,NM-04547,SiteNames_322bc5d7,SiteID_e4dbd9a0,AlternateSiteID_5ce57898,AlternateSiteID2_2788856f,,U,0,GW,0,1,0,0.0,0.0,0.0,0.0,,238221.0,3553252.0,NAD83,CoordinateNotes_8c2db097,4313.0,,U,NGVD29,,,NAD83,T,M,,,,,,,,Bisbee Hills,Luna,NM,LocationNotes_63453ba9,,,WLReportNote_8f130157,ChemistryReportNote_0187137c,18978.0,-278.0,,463527100,7621,32.0806429054955,-107.80350585702702,0x000000002C39FF49,0,,13
860B4A74-A262-464C-9395-039BE30AEBB8,2015-01-27 00:00:00.000,NM-19170,SiteNames_fdc5e843,SiteID_f80b4991,AlternateSiteID_5ce57898,AlternateSiteID2_2788856f,,U,0,GW,0,1,0,0.0,0.0,0.0,0.0,,581466.0,3830002.0,NAD83,CoordinateNotes_bd6a8ff4,4152.0,,U,NGVD29,,,NAD83,T,M,,,,,,,,Twin Mesa,De Baca,NM,LocationNotes_63453ba9,,,WLReportNote_8f130157,ChemistryReportNote_0187137c,10202.0,10302.0,,463527100,29815,34.609265260810815,-104.1316758000901,0x000000002C39FF4A,0,,13
7AE87F17-9D58-4AF2-AEF7-039DE4324055,2014-10-01 00:00:00.000,NM-01659,SiteNames_ab782871,SiteID_7f75bf5f,AlternateSiteID_5ce57898,AlternateSiteID2_2788856f,,U,0,GW,0,1,0,0.0,0.0,0.0,0.0,,287313.0,4042818.0,NAD83,CoordinateNotes_57ca04f4,6895.0,1.0,L,NGVD29,363001.0102522522,1071135.284572487,NAD83,S,M,26.0,N,3.0,W,7.3112,,,Pine Lake,RIO ARRIBA,NM,LocationNotes_63453ba9,,,WLReportNote_8f130157,ChemistryReportNote_0187137c,-16270.0,1138.0,,463542300,3394,36.51054121225226,-106.90852473292952,0x000000002C39FF4B,0,,13
1741A6CB-C342-4F96-BF49-039F21FCED68,2022-03-08 00:00:00.000,DE-0196,SiteNames_f36db103,SiteID_38a98847,AlternateSiteID_5ce57898,AlternateSiteID2_2788856f,,U,0,GW,0,1,1,0.0,0.0,0.0,0.0,,629192.0,3587678.0,NAD83,CoordinateNotes_82ff3f15,3555.25,,R,,,,NAD27,,R,,,,,,,,,Lea,NM,LocationNotes_63453ba9,,,WLReportNote_8f130157,ChemistryReportNote_0187137c,17428.0,-12170.0,,,39709,,,0x000000002C39FF4C,0,,13
D4A6EABF-8377-4F94-AD6E-03A379B59437,2012-08-09 00:00:00.000,QU-019,SiteNames_7598080c,SiteID_38a98847,AlternateSiteID_975de7ca,AlternateSiteID2_2788856f,2017-11-07 00:00:00.000,C,0,GW,0,1,1,0.0,0.0,0.0,0.0,,433270.0,4064072.0,NAD83,CoordinateNotes_5a57b500,7597.27,3.3,N,NAVD88,,,NAD27,,G,,,,,,,,Cerro,TAOS,NM,LocationNotes_59a0a245,,,WLReportNote_8f130157,ChemistryReportNote_0187137c,-12268.0,-3540.0,Questa Red River,,5757,,,0x000000002C39FF4D,1,,13
885616D1-E2E5-4E7F-97DC-03A443903D78,2015-01-27 00:00:00.000,NM-10639,SiteNames_135212a1,SiteID_043855bb,AlternateSiteID_5ce57898,AlternateSiteID2_2788856f,,U,0,GW,0,1,0,0.0,0.0,0.0,0.0,,557264.0,3657150.0,NAD83,CoordinateNotes_165e02f7,3402.0,,U,NGVD29,,,NAD83,T,M,,,,,,,,Espuela,Eddy,NM,LocationNotes_63453ba9,,,WLReportNote_8f130157,ChemistryReportNote_0187137c,3074.0,11340.0,,463527100,29609,33.05143940216216,-104.39254757630631,0x000000002C39FF4E,0,,13
D4D58EEE-9AAA-419A-B853-03A69FDABA96,2015-01-27 00:00:00.000,NM-24502,SiteNames_33858151,SiteID_febcc242,AlternateSiteID_5ce57898,AlternateSiteID2_2788856f,,U,0,GW,0,1,0,0.0,0.0,0.0,0.0,,414592.0,3937886.0,NAD83,CoordinateNotes_1e0e939b,6340.0,10.0,M,NGVD29,,,NAD83,S,M,,,,,,,,Turquoise Hill,Santa Fe,NM,LocationNotes_63453ba9,,,WLReportNote_8f130157,ChemistryReportNote_0187137c,8814.0,-784.0,,,26943,35.58019211693694,-105.9606167345946,0x000000002C39FF4F,0,,13
4604CD7B-F9AA-4568-970D-03A9A745BBC3,2016-02-16 00:00:00.000,CX-0165,SiteNames_14e2ee6c,SiteID_38a98847,AlternateSiteID_94d9d27b,AlternateSiteID2_2788856f,,U,0,GW,0,1,1,0.0,0.0,0.0,0.0,,503884.0,4033340.0,NAD83,CoordinateNotes_b442fca5,6260.0,,R,,,,NAD27,,R,,,,,,,,Miami,Colfax,NM,LocationNotes_ef924371,,,WLReportNote_8f130157,ChemistryReportNote_0187137c,-12936.0,11380.0,,,34646,,,0x000000002C39FF50,1,,13
81031C52-2080-4EC2-A933-03A9AC317CCA,2014-10-01 00:00:00.000,NM-00778,SiteNames_14e2ee6c,SiteID_b5187c4e,AlternateSiteID_5ce57898,AlternateSiteID2_2788856f,,U,0,GW,0,1,0,0.0,0.0,0.0,0.0,,453231.0,3686888.0,NAD83,CoordinateNotes_72714789,7100.0,20.0,M,NGVD29,332803.85169369366,1053920.8671731038,NAD83,F,G,10.0,S,13.0,E,3.42433,,,Angus,LINCOLN,NM,LocationNotes_63453ba9,,,WLReportNote_8f130157,ChemistryReportNote_0187137c,14170.0,-16462.0,,86369J300,3554,33.31955082369369,-105.7886442461923,0x000000002C39FF51,0,,13
9C78D976-1FF4-407E-AD97-03A9E2C7FE26,2014-04-03 00:00:00.000,EB-156,SiteNames_b37f658e,SiteID_38a98847,AlternateSiteID_5ce57898,AlternateSiteID2_2788856f,2003-04-10 00:00:00.000,C,0,GW,0,1,1,0.0,0.0,0.0,0.0,,394897.0,3936565.0,NAD83,CoordinateNotes_7947e8e3,6439.04,0.01,L,NGVD29,354108.60709009005,1060547.6055723382,NAD27,5,G,17.0,N,8.0,E,21.4133,,,Agua Fria,SANTA FE,NM,LocationNotes_5a74cdfd,,,WLReportNote_8f130157,ChemistryReportNote_0187137c,-5830.0,-13088.0,Espanola Basin,,4267,,,0x000000002C39FF52,1,,13
E63DD6B1-D909-422E-A2A4-03AA95FB5C7E,2015-01-27 00:00:00.000,NM-05163,,SiteID_19cffa7a,AlternateSiteID_5ce57898,AlternateSiteID2_2788856f,,U,0,GW,0,1,0,0.0,0.0,0.0,0.0,,168336.0,3555856.0,NAD83,CoordinateNotes_b3df88a9,4488.0,5.0,M,NGVD29,,,NAD83,S,M,,,,,,,,Separ,Grant,NM,LocationNotes_63453ba9,,,WLReportNote_8f130157,ChemistryReportNote_0187137c,-12176.0,-9264.0,,,18971,32.09384981054054,-108.49779605369368,0x000000002C39FF53,0,,13
F5FA303D-4DC7-45D7-B444-03ACEF555DBC,2015-01-27 00:00:00.000,NM-14574,SiteNames_9d8c8506,SiteID_61ddc2f3,AlternateSiteID_5ce57898,AlternateSiteID2_2788856f,,U,0,GW,0,1,0,0.0,0.0,0.0,0.0,,483699.0,3728594.0,NAD83,CoordinateNotes_10371f81,5214.0,4.3,N,NAVD88,,,NAD83,T,M,,,,,,,,Arabela,Lincoln,NM,LocationNotes_63453ba9,,,WLReportNote_8f130157,ChemistryReportNote_0187137c,-2632.0,19234.0,,463527100,7601,33.69697807927928,-105.17091693171172,0x000000002C39FF54,0,,13
4A478427-97CB-402E-8373-03AD1859A30D,2015-01-27 00:00:00.000,NM-23323,,SiteID_7707191d,AlternateSiteID_5ce57898,AlternateSiteID2_2788856f,,U,0,GW,0,1,0,0.0,0.0,0.0,0.0,,377748.0,3893666.0,NAD83,CoordinateNotes_1cb580b5,6637.0,10.0,N,NGVD29,,,NAD83,1,G,,,,,,,,Sandia Peak,Sandoval,NM,LocationNotes_63453ba9,,,WLReportNote_8f130157,ChemistryReportNote_0187137c,890.0,-6554.0,,,7745,35.17844165495496,-106.34533943198198,0x000000002C39FF55,0,,13
97B855C4-4256-423D-BC0F-03ADCF862B2A,2014-11-17 00:00:00.000,AB-0176,SiteNames_a8d8b113,SiteID_5a0be5f4,AlternateSiteID_cb9f8dab,AlternateSiteID2_2788856f,,U,0,GW,0,1,1,0.0,0.0,0.0,0.0,,371043.0,3888174.0,NAD83,CoordinateNotes_de7e7f67,5494.0,10.0,M,NGVD29,345650.1794054054,1063122.1423345637,NAD27,S,M,8.0,N,4.0,E,4.413,,,Hubbell Spring,BERNALILLO,NM,LocationNotes_63453ba9,,,WLReportNote_8f130157,ChemistryReportNote_0187137c,10146.0,19914.0,,,4128,35.1266788754054,-106.38102072636404,0x000000002C39FF56,1,,13
2FED902D-EACD-48FD-81C4-03AF5C86F648,2013-03-14 00:00:00.000,HS-039,SiteNames_baf08753,SiteID_38a98847,AlternateSiteID_0896c635,AlternateSiteID2_2788856f,2012-10-19 00:00:00.000,C,0,GW,1,1,0,0.0,0.0,0.0,0.0,,298957.0,3667545.0,NAD83,CoordinateNotes_5a57b500,4232.57,3.3,N,NAVD88,,,NAD27,5m,G,,,,,,,,Williamsburg,SIERRA,NM,LocationNotes_a558626b,,,WLReportNote_8f130157,ChemistryReportNote_0187137c,12010.0,1272.0,Truth or Consequences,,1305,33.12571045945946,-107.17519880180178,0x000000002C39FF57,1,,13
2D3D6363-7304-4A93-BEF6-03AFE6B574EA,2015-01-27 00:00:00.000,NM-23789,SiteNames_dacede2e,SiteID_ef9d4c1e,AlternateSiteID_5ce57898,AlternateSiteID2_2788856f,,U,0,GW,0,1,0,0.0,0.0,0.0,0.0,,642080.0,3909616.0,NAD83,CoordinateNotes_24004a0a,3860.8,,U,NGVD29,,,NAD83,S,M,,,,,,,,Logan South,Quay,NM,LocationNotes_63453ba9,,,WLReportNote_8f130157,ChemistryReportNote_0187137c,-2230.0,-6084.0,,32,12296,35.319406619189195,-103.4314369600901,0x000000002C39FF58,0,,13
1EB78489-2397-4A87-9C1C-03B37C5D00BD,2015-11-11 00:00:00.000,BW-0362,SiteNames_14e2ee6c,SiteID_38a98847,AlternateSiteID_1cc9d855,AlternateSiteID2_2788856f,,M,0,GW,0,0,1,0.0,0.0,0.0,0.0,,420874.0,3632600.0,NAD83,CoordinateNotes_e21b76d0,4120.0,,R,,,,NAD27,,R,17.0,S,9.0,E,25.111,,,Alamogordo South,Otero,NM,LocationNotes_cd37213c,,,WLReportNote_8f130157,ChemistryReportNote_0187137c,12452.0,1600.0,,,33551,,,0x000000002C39FF59,1,,13
834B036B-01A4-484E-9ED1-03B473A6231E,2014-10-17 00:00:00.000,NM-03118,SiteNames_36161286,SiteID_bebf34ab,AlternateSiteID_5ce57898,AlternateSiteID2_2788856f,,U,0,GW,0,1,0,0.0,0.0,0.0,0.0,,564498.0,3827992.0,NAD83,CoordinateNotes_75cbc4c4,3965.0,,U,NGVD29,342522.16812612617,1041148.0882828912,NAD27,T,M,2.0,N,26.0,E,10.43133,,,Fort Sumner East,DE BACA,NM,LocationNotes_63453ba9,,,WLReportNote_8f130157,ChemistryReportNote_0187137c,-9322.0,18662.0,,463527100,3622,34.59097235612612,-104.10835678879972,0x000000002C39FF5A,0,,13
D8DD6461-82B0-47D8-8058-03B7949B3DDB,2015-01-27 00:00:00.000,NM-24613,SiteNames_64a5b933,SiteID_83de897e,AlternateSiteID_5ce57898,AlternateSiteID2_2788856f,,U,0,GW,0,1,0,0.0,0.0,0.0,0.0,,472247.0,3954060.0,NAD83,CoordinateNotes_4d2782d9,7120.0,20.0,M,NGVD29,,,NAD83,U,M,,,,,,,,San Geronimo,San Miguel,NM,LocationNotes_63453ba9,,,WLReportNote_8f130157,ChemistryReportNote_0187137c,10740.0,13220.0,,463510500,17373,35.7296942190991,-105.32825597324326,0x000000002C39FF5B,0,,13
7D98B208-68B3-4494-9F5B-03B8221F6F18,2015-01-27 00:00:00.000,NM-19721,SiteNames_b78908bc,SiteID_b577750c,AlternateSiteID_5ce57898,AlternateSiteID2_2788856f,,U,0,GW,0,1,0,0.0,0.0,0.0,0.0,,549129.0,3830714.0,NAD83,CoordinateNotes_b6466a23,4351.0,,U,NGVD29,,,NAD83,T,M,,,,,,,,Alamogordo Dam,Guadalupe,NM,LocationNotes_63453ba9,,,WLReportNote_8f130157,ChemistryReportNote_0187137c,3012.0,-436.0,,463527100,21245,34.61724796207207,-104.46979265486488,0x000000002C39FF5C,0,,13
42E9CC96-9A47-4E98-AD45-03B896FD52DB,2016-03-07 00:00:00.000,TO-0093,SiteNames_14e2ee6c,SiteID_38a98847,AlternateSiteID_47fd8a74,AlternateSiteID2_2788856f,,U,0,GW,0,1,1,0.0,0.0,0.0,0.0,,414863.0,3838106.0,NAD83,CoordinateNotes_6294849d,6120.0,,R,,,,NAD27,,R,4.0,N,8.0,E,13.412,,,Willard,Torrance,NM,LocationNotes_63453ba9,,,WLReportNote_8f130157,ChemistryReportNote_0187137c,11432.0,11956.0,,,35166,,,0x000000002C39FF5D,1,,13
C451A224-95FD-47E2-9E04-03B973B0F5DE,2015-01-27 00:00:00.000,NM-14250,SiteNames_cb9b80ab,SiteID_09b3d3cb,AlternateSiteID_5ce57898,AlternateSiteID2_2788856f,,U,0,GW,0,1,0,0.0,0.0,0.0,0.0,,682933.0,3718642.0,NAD83,CoordinateNotes_7d6b37fc,3943.0,2.5,M,NGVD29,,,NAD83,S,M,,,,,,,,Walking Cane Ranch,Lea,NM,LocationNotes_63453ba9,,,WLReportNote_8f130157,ChemistryReportNote_0187137c,10310.0,17272.0,,463527100,14289,33.59348538360361,-103.05011887711711,0x000000002C39FF5E,0,,13
D4BAF79C-E32E-4C08-8CE3-03BB05E2C6E6,2014-10-01 00:00:00.000,NM-00017,SiteNames_0a6d98fc,SiteID_7e8e2f6e,AlternateSiteID_5ce57898,AlternateSiteID2_2788856f,,U,0,GW,0,1,0,0.0,0.0,0.0,0.0,,379672.0,3548530.0,NAD83,CoordinateNotes_e7271fb7,3998.17,,U,NGVD29,320012.0626126126,1061923.047336597,NAD83,F,M,26.0,S,6.0,E,34.13,,,Newman,OTERO,NM,LocationNotes_63453ba9,,,WLReportNote_8f130157,ChemistryReportNote_0187137c,4640.0,6950.0,,,5760,32.06604880261261,-106.27570334291656,0x000000002C39FF5F,0,,13
254DD095-F8A0-A84C-BCCD-03BB7BD83731,2025-03-04 13:47:29.000,RA-111,SiteNames_14e2ee6c,SiteID_38a98847,AlternateSiteID_5ce57898,AlternateSiteID2_2788856f,2025-02-07 00:00:00.000,,0,GW,0,1,0,0.0,0.0,0.0,0.0,,415532.0,4037297.0,NAD83,CoordinateNotes_b4a70045,6770.348,3.3,N,NAVD88,,,NAD27,,G,,,,,,,,,,NM,LocationNotes_8ef1cfcd,,,WLReportNote_8f130157,ChemistryReportNote_0187137c,1310.0,15744.0,,,40614,,,0x000000002C39FF60,1,,13
C969FE50-8201-4577-BE92-03BEB20D2B74,2022-03-08 00:00:00.000,DE-0246,SiteNames_d6d52657,SiteID_38a98847,AlternateSiteID_5ce57898,AlternateSiteID2_2788856f,,U,0,GW,0,1,1,0.0,0.0,0.0,0.0,,678298.0,3555823.0,NAD83,CoordinateNotes_82ff3f15,3305.4,,R,,,,NAD27,,R,,,,,,,,,Lea,NM,LocationNotes_63453ba9,,,WLReportNote_8f130157,ChemistryReportNote_0187137c,7960.0,-14554.0,,,39759,,,0x000000002C39FF61,0,,13
63384175-83CC-4950-B2A7-03BED3B00FA4,2014-10-17 00:00:00.000,NM-02107,SiteNames_ae7fd48a,SiteID_e02d5f2f,AlternateSiteID_5ce57898,AlternateSiteID2_2788856f,,U,0,GW,0,1,0,0.0,0.0,0.0,0.0,,295924.0,3579124.0,NAD83,CoordinateNotes_ec4da434,4499.0,5.0,M,NGVD29,321000.16436036036,1070657.0823727597,NAD27,S,G,25.0,S,3.0,W,2.214,,,Aden Hills,DONA ANA,NM,LocationNotes_63453ba9,,,WLReportNote_8f130157,ChemistryReportNote_0187137c,-4566.0,18244.0,,463526701,2737,32.331121210360365,-107.03347324046987,0x000000002C39FF62,0,,13
A9744A59-BE0C-431C-AF14-03C123F8D3B4,2015-01-27 00:00:00.000,NM-26631,,SiteID_fea1c877,AlternateSiteID_5ce57898,AlternateSiteID2_2788856f,,U,0,GW,0,1,0,0.0,0.0,0.0,0.0,,195866.0,4065908.0,NAD83,CoordinateNotes_4e30fc93,5185.0,0.1,G,NAVD88,,,NAD83,H,G,,,,,,,,Waterflow,San Juan,NM,LocationNotes_63453ba9,,,WLReportNote_8f130157,ChemistryReportNote_0187137c,2240.0,-10572.0,,,13222,36.68935397675675,-108.41289759981984,0x000000002C39FF63,0,,13
85EA143C-63B8-4B9D-9D1A-03C1D5D96334,2015-01-27 00:00:00.000,NM-03995,SiteNames_70055c1e,SiteID_6e8f5350,AlternateSiteID_5ce57898,AlternateSiteID2_2788856f,,U,0,GW,0,1,0,0.0,0.0,0.0,0.0,,265451.0,3527110.0,NAD83,CoordinateNotes_c513d98e,4017.0,2.5,M,NGVD29,,,NAD83,T,M,,,,,,,,Columbus SE,Luna,NM,LocationNotes_63453ba9,,,WLReportNote_8f130157,ChemistryReportNote_0187137c,6888.0,-1120.0,,863700200,27767,31.85417584990991,-107.48991181594596,0x000000002C39FF64,0,,13
DAD5A6ED-F395-40DB-BFFD-03C376B25381,2015-01-27 00:00:00.000,NM-06213,SiteNames_3eedae07,SiteID_623dee74,AlternateSiteID_5ce57898,AlternateSiteID2_2788856f,,U,0,GW,0,1,0,0.0,0.0,0.0,0.0,,668503.0,3575694.0,NAD83,CoordinateNotes_f9cf25c2,3395.8,,U,NGVD29,,,NAD83,T,M,,,,,,,,Eunice SE,Lea,NM,LocationNotes_63453ba9,,,WLReportNote_8f130157,ChemistryReportNote_0187137c,-12088.0,-3136.0,,463527100,29068,32.30353323774774,-103.1901964809009,0x000000002C39FF65,0,,13
ACC34ABE-CD40-48BE-9DEC-03C5345709C6,2015-10-28 00:00:00.000,SD-0273,,SiteID_38a98847,AlternateSiteID_14f742f0,AlternateSiteID2_2788856f,,U,0,GW,0,1,0,0.0,0.0,0.0,0.0,,399792.0,3887552.0,NAD83,CoordinateNotes_79920d25,6766.38,3.3,N,NAVD88,,,NAD27,,,11.0,N,6.0,E,,,,Sandia Park,Bernalillo,NM,LocationNotes_63453ba9,,,WLReportNote_8f130157,ChemistryReportNote_0187137c,17582.0,-2058.0,,,32879,,,0x000000002C39FF66,1,,13
553F3FFF-AA81-4C1E-9C1C-03C975E63938,2015-01-27 00:00:00.000,NM-04363,SiteNames_93adeb11,SiteID_63258e04,AlternateSiteID_5ce57898,AlternateSiteID2_2788856f,,U,0,GW,0,1,0,0.0,0.0,0.0,0.0,,258368.0,3562128.0,NAD83,CoordinateNotes_8ff83e53,4179.0,20.0,M,NGVD29,,,NAD83,T,M,,,,,,,,South Peak,Luna,NM,LocationNotes_63453ba9,,,WLReportNote_8f130157,ChemistryReportNote_0187137c,17064.0,14238.0,,463527100,21608,32.165863780270264,-107.58574213027028,0x000000002C39FF67,0,,13
3A58A63C-D22A-40EC-BC7B-03C9B4E557EB,2015-01-27 00:00:00.000,NM-06394,SiteNames_c0a45cf7,SiteID_8ba965a7,AlternateSiteID_5ce57898,AlternateSiteID2_2788856f,,U,0,GW,0,1,0,0.0,0.0,0.0,0.0,,554729.0,3596770.0,NAD83,CoordinateNotes_40fb0132,3188.1,,U,NGVD29,,,NAD83,T,M,,,,,,,,Otis,Eddy,NM,LocationNotes_63453ba9,,,WLReportNote_8f130157,ChemistryReportNote_0187137c,-17274.0,15670.0,,463527100,18797,32.505733781171166,-104.39029110162164,0x000000002C39FF68,0,,13
33A83BF3-2A7F-4B61-8D31-03CADA6CBAA0,2015-01-27 00:00:00.000,NM-12646,SiteNames_52fa5140,SiteID_80841aea,AlternateSiteID_5ce57898,AlternateSiteID2_2788856f,,U,0,GW,0,1,0,0.0,0.0,0.0,0.0,,620742.0,3677204.0,NAD83,CoordinateNotes_9ca7560f,4275.1,2.5,M,NGVD29,,,NAD83,S,M,,,,,,,,Cooper-Good Ranch,Lea,NM,LocationNotes_63453ba9,,,WLReportNote_8f130157,ChemistryReportNote_0187137c,-6974.0,-1726.0,,463527100,15893,33.226229710450454,-103.69194899882882,0x000000002C39FF69,0,,13
7C60679E-249E-48E4-B906-03CBC9C15BB9,2015-01-27 00:00:00.000,NM-17614,SiteNames_068dbed7,SiteID_27395ee1,AlternateSiteID_5ce57898,AlternateSiteID2_2788856f,,U,0,GW,0,1,0,0.0,0.0,0.0,0.0,,624503.0,3777316.0,NAD83,CoordinateNotes_f3e55ad7,4126.0,5.0,M,NGVD29,,,NAD83,S,M,,,,,,,,Melrose SE,Roosevelt,NM,LocationNotes_63453ba9,,,WLReportNote_8f130157,ChemistryReportNote_0187137c,-7096.0,-13644.0,,463527100,21417,34.128548771081086,-103.63472037792792,0x000000002C39FF6A,0,,13
A7DBA05C-4E28-435F-A771-03CBDFCCD718,2016-03-07 00:00:00.000,TO-0095,SiteNames_14e2ee6c,SiteID_38a98847,AlternateSiteID_7043e594,AlternateSiteID2_2788856f,,U,0,GW,0,1,0,0.0,0.0,0.0,0.0,,385594.0,3837320.0,NAD83,CoordinateNotes_79920d25,6152.26,3.3,N,NAVD88,,,NAD27,,R,4.0,N,8.0,E,14.233,,,Willard,Torrance,NM,LocationNotes_63453ba9,,,WLReportNote_8f130157,ChemistryReportNote_0187137c,-16044.0,10770.0,,,35168,,,0x000000002C39FF6B,1,,13
D09EA2C9-C241-4429-8FE6-03D11A175553,2012-12-28 00:00:00.000,UC-0089,SiteNames_14e2ee6c,SiteID_2a3c537e,AlternateSiteID_5ce57898,AlternateSiteID2_2788856f,2012-12-18 00:00:00.000,C,0,GW,0,1,0,0.0,0.0,0.0,0.0,,612374.0,4037019.0,NAD83,CoordinateNotes_391729af,5762.0,10.0,L,NGVD29,363746.8103603603,1033438.4194090512,NAD27,5,G,28.0,N,31.0,E,25.0,,,Blind Gap,UNION,NM,LocationNotes_e15536db,,,WLReportNote_8f130157,,-14828.0,-17720.0,Union County,,5665,,,0x000000002C39FF6C,1,,13
72936CC7-A353-42DE-BE1A-03D142B1482D,2015-01-27 00:00:00.000,NM-11740,SiteNames_b2fcd5fb,SiteID_8bf37dd3,AlternateSiteID_5ce57898,AlternateSiteID2_2788856f,,U,0,GW,0,1,0,0.0,0.0,0.0,0.0,,572088.0,3658566.0,NAD83,CoordinateNotes_2d5a1a59,3494.0,,U,NGVD29,,,NAD83,T,M,,,,,,,,Hagerman SW,Chaves,NM,LocationNotes_63453ba9,,,WLReportNote_8f130157,ChemistryReportNote_0187137c,15636.0,-4814.0,,463527100,21030,33.06423824063063,-104.25409925513516,0x000000002C39FF6D,0,,13
8CB61B90-7FA1-4386-B6E5-03D1C883D136,2015-01-27 00:00:00.000,NM-16773,SiteNames_901398e5,SiteID_7ec4748b,AlternateSiteID_5ce57898,AlternateSiteID2_2788856f,,U,0,GW,0,1,0,0.0,0.0,0.0,0.0,,677295.0,3762906.0,NAD83,CoordinateNotes_5b5910ea,3964.0,5.0,M,NGVD29,,,NAD83,S,M,,,,,,,,Arch NE,Roosevelt,NM,LocationNotes_63453ba9,,,WLReportNote_8f130157,ChemistryReportNote_0187137c,130.0,-16264.0,,463527100,19179,33.991892727477484,-103.07738620882884,0x000000002C39FF6E,0,,13
C00EE6AE-A723-49CA-97AE-03D3404E3058,2015-01-27 00:00:00.000,NM-24395,SiteNames_cedbb465,SiteID_5a3f3066,AlternateSiteID_5ce57898,AlternateSiteID2_2788856f,,U,0,GW,0,1,0,0.0,0.0,0.0,0.0,,497135.0,3930826.0,NAD83,CoordinateNotes_a05c5bcc,6460.0,10.0,M,NGVD29,,,NAD83,U,M,,,,,,,,Las Vegas,San Miguel,NM,LocationNotes_63453ba9,,,WLReportNote_8f130157,ChemistryReportNote_0187137c,18884.0,-5034.0,,463510500,18776,35.52080352864864,-105.06988221387388,0x000000002C39FF6F,0,,13
DCBD66A4-17A6-4DA3-8840-03D4932DF443,2015-01-27 00:00:00.000,NM-13223,SiteNames_56490627,SiteID_7bdae286,AlternateSiteID_5ce57898,AlternateSiteID2_2788856f,,U,0,GW,0,1,0,0.0,0.0,0.0,0.0,,531930.0,3682628.0,NAD83,CoordinateNotes_ce5b32ce,3633.0,,U,NGVD29,,,NAD83,T,M,,,,,,,,Roswell South,Chaves,NM,LocationNotes_63453ba9,,,WLReportNote_8f130157,ChemistryReportNote_0187137c,-12772.0,-5112.0,,463527100,7555,33.281824705945944,-104.63475347306309,0x000000002C39FF70,0,,13
C5DFFE0D-C780-4290-BA80-03D588D64914,2014-11-17 00:00:00.000,AB-0187,SiteNames_75c5c032,SiteID_e031261d,AlternateSiteID_830f5b3f,AlternateSiteID2_2788856f,,U,0,GW,0,1,1,0.0,0.0,0.0,0.0,,333863.0,3840306.0,NAD83,CoordinateNotes_976cfc50,4849.0,10.0,M,NGVD29,343146.16068468464,1065340.1704212546,NAD27,S,M,4.0,N,1.0,W,36.233,,,Belen SW,SOCORRO,NM,LocationNotes_63453ba9,,,WLReportNote_8f130157,ChemistryReportNote_0187137c,7682.0,17836.0,,,5430,34.68991339468468,-106.72349675527587,0x000000002C39FF71,1,,13
BE8984F7-065A-445A-BE93-03D6B524FFAC,2015-01-27 00:00:00.000,NM-11364,SiteNames_085a73a4,SiteID_6f73bc73,AlternateSiteID_5ce57898,AlternateSiteID2_2788856f,,U,0,GW,0,1,0,0.0,0.0,0.0,0.0,,592051.0,3672654.0,NAD83,CoordinateNotes_3225c5eb,4395.0,,U,NGVD29,,,NAD83,T,M,,,,,,,,Cedar Point SE,Chaves,NM,LocationNotes_63453ba9,,,WLReportNote_8f130157,ChemistryReportNote_0187137c,-19962.0,14774.0,,463527100,15971,33.186825689099095,-103.98006878783784,0x000000002C39FF72,0,,13
B4E718E4-3910-4B9C-AF4E-03D779DF4105,2015-01-27 00:00:00.000,NM-10780,,SiteID_39af733f,AlternateSiteID_5ce57898,AlternateSiteID2_2788856f,,U,0,GW,0,1,0,0.0,0.0,0.0,0.0,,297181.0,3632830.0,NAD83,CoordinateNotes_067211bd,5000.0,,M,NGVD29,,,NAD83,S,M,,,,,,,,Upham,Sierra,NM,LocationNotes_63453ba9,,,WLReportNote_8f130157,ChemistryReportNote_0187137c,-6134.0,-16580.0,,,12774,32.81598179063063,-107.15972701126124,0x000000002C39FF73,0,,13
E769C9B0-F23B-4A9F-B163-03D9CA5245D3,2015-01-27 00:00:00.000,NM-18881,SiteNames_2b85995f,SiteID_60202af9,AlternateSiteID_5ce57898,AlternateSiteID2_2788856f,,U,0,GW,0,1,0,0.0,0.0,0.0,0.0,,682042.0,3812772.0,NAD83,CoordinateNotes_96b4cc54,4351.0,2.5,M,NGVD29,,,NAD83,S,M,,,,,,,,Clovis,Curry,NM,LocationNotes_63453ba9,,,WLReportNote_8f130157,ChemistryReportNote_0187137c,17218.0,-2138.0,,407,10634,34.443314128738734,-103.05038749288288,0x000000002C39FF74,0,,13
28CE6F0D-C324-451F-BFBD-03DA5129E03A,2016-04-26 00:00:00.000,SA-0427,SiteNames_14e2ee6c,SiteID_38a98847,AlternateSiteID_49886b59,AlternateSiteID2_2788856f,,U,0,GW,0,1,0,0.0,0.0,0.0,0.0,,216538.0,3766504.0,NAD83,CoordinateNotes_e21b76d0,7000.0,,R,,,,NAD27,,R,4.0,S,13.0,W,30.442,,,Horse Mountain West,Catron,NM,LocationNotes_63453ba9,,,WLReportNote_8f130157,ChemistryReportNote_0187137c,15068.0,7914.0,,,35911,,,0x000000002C39FF75,1,,13
03E44F68-D75F-5D4F-ADC4-03DB40EE8BB3,2018-12-07 14:46:50.000,WL-0139,SiteNames_071c20d1,SiteID_38a98847,AlternateSiteID_5ce57898,AlternateSiteID2_2788856f,2018-12-06 00:00:00.000,C,0,GW,0,1,0,0.0,0.0,0.0,0.0,,422276.0,3973170.0,NAD83,CoordinateNotes_6169aec4,6754.0,3.3,N,NAVD88,,,NAD27,5m,G,,,,,,,,Tesuque,Santa Fe,NM,LocationNotes_b9a64c3e,,,WLReportNote_8f130157,ChemistryReportNote_0187137c,6584.0,15324.0,,,38198,,,0x000000002C39FF76,0,,13
7559A893-E2B7-4976-B938-03DC31853134,2015-01-27 00:00:00.000,NM-08424,SiteNames_fad51b4e,SiteID_d0e7c615,AlternateSiteID_5ce57898,AlternateSiteID2_2788856f,,U,0,GW,0,1,0,0.0,0.0,0.0,0.0,,223058.0,3623148.0,NAD83,CoordinateNotes_c72a6391,5410.0,20.0,M,NGVD29,,,NAD83,T,M,,,,,,,,Dwyer,Grant,NM,LocationNotes_63453ba9,,,WLReportNote_8f130157,ChemistryReportNote_0187137c,-9946.0,2358.0,,463527100,27880,32.71382231324325,-107.9374151836036,0x000000002C39FF77,0,,13
3E963B5F-567E-462B-A1D7-03DD19511678,2016-09-22 00:00:00.000,NM-27647,SiteNames_4d534a43,SiteID_b9124b7e,AlternateSiteID_5ce57898,AlternateSiteID2_2788856f,,U,0,GW,0,1,0,0.0,0.0,0.0,0.0,,694287.0,3807010.0,NAD83,CoordinateNotes_cd5280d1,4079.0,5.0,M,NGVD29,,,NAD83,S,M,1.0,N,37.0,E,30.114,,,Pleasure Lake,Roosevelt,NM,LocationNotes_63453ba9,,,WLReportNote_8f130157,ChemistryReportNote_0187137c,19806.0,11680.0,,,36589,34.38974800522523,-102.92595978756756,0x000000002C39FF78,0,,13
BE02CD2A-898B-42DD-B6BF-03DDA4246ED2,2015-01-27 00:00:00.000,NM-04107,SiteNames_f0a83de6,SiteID_7c1e333d,AlternateSiteID_5ce57898,AlternateSiteID2_2788856f,,U,0,GW,0,1,0,0.0,0.0,0.0,0.0,,146728.0,3552692.0,NAD83,CoordinateNotes_ea80ff48,4416.0,5.0,M,NGVD29,,,NAD83,M,M,,,,,,,,Animas,Hidalgo,NM,LocationNotes_63453ba9,,,WLReportNote_8f130157,ChemistryReportNote_0187137c,6524.0,12882.0,,863700200,21797,32.05336761405405,-108.74655825522522,0x000000002C39FF79,0,,13
D48ABFA0-9C58-486D-B424-03DE5F101721,2015-01-27 00:00:00.000,NM-19906,SiteNames_f44f376b,SiteID_ef7b7797,AlternateSiteID_5ce57898,AlternateSiteID2_2788856f,,U,0,GW,0,1,0,0.0,0.0,0.0,0.0,,609875.0,3820512.0,NAD83,CoordinateNotes_43432f58,4668.2,,U,NGVD29,,,NAD83,T,M,,,,,,,,McAlister,Quay,NM,LocationNotes_63453ba9,,,WLReportNote_8f130157,ChemistryReportNote_0187137c,5476.0,-14158.0,,407,20715,34.521128080450445,-103.81146550666668,0x000000002C39FF7A,0,,13
1A0E4C26-56E2-446B-955B-03E0759D9309,2015-01-27 00:00:00.000,NM-26191,SiteNames_ca5d824b,SiteID_c0ab145c,AlternateSiteID_5ce57898,AlternateSiteID2_2788856f,,U,0,GW,0,1,0,0.0,0.0,0.0,0.0,,471408.0,4046514.0,NAD83,CoordinateNotes_ceedc43b,8400.0,10.0,M,NGVD29,,,NAD83,U,M,,,,,,,,Palo Flechado,Colfax,NM,LocationNotes_63453ba9,,,WLReportNote_8f130157,ChemistryReportNote_0187137c,-2290.0,17574.0,,463510500,20518,36.56363416432433,-105.31397300063064,0x000000002C39FF7B,0,,13
69BC706E-A71F-411F-BDE8-03E1CB8267BF,2015-01-27 00:00:00.000,NM-14430,SiteNames_5f3895e6,SiteID_272edd7a,AlternateSiteID_5ce57898,AlternateSiteID2_2788856f,,U,0,GW,0,1,0,0.0,0.0,0.0,0.0,,671037.0,3722224.0,NAD83,CoordinateNotes_3169a9a1,3950.0,2.5,M,NGVD29,,,NAD83,S,M,,,,,,,,Bronco NE,Lea,NM,LocationNotes_63453ba9,,,WLReportNote_8f130157,ChemistryReportNote_0187137c,-4468.0,15934.0,,463527100,29200,33.625318879549546,-103.15130848225226,0x000000002C39FF7C,0,,13
7EA074EA-CA0A-426E-9FB6-03E41FE81210,2015-01-27 00:00:00.000,NM-22457,SiteNames_aae34ddf,SiteID_462c71bc,AlternateSiteID_5ce57898,AlternateSiteID2_2788856f,,U,0,GW,0,1,0,0.0,0.0,0.0,0.0,,603471.0,3878374.0,NAD83,CoordinateNotes_8b053c21,4050.0,,U,NGVD29,,,NAD83,S,M,,,,,,,,Bulldog Mesa,Quay,NM,LocationNotes_63453ba9,,,WLReportNote_8f130157,ChemistryReportNote_0187137c,-19720.0,-9036.0,,32,29012,35.04059644459459,-103.82567673765764,0x000000002C39FF7D,0,,13
E7A53B9F-348A-43FB-B630-03E5E0E22443,2014-10-17 00:00:00.000,NM-02116,SiteNames_1e559796,SiteID_351a7a96,AlternateSiteID_96a7a02c,AlternateSiteID2_2788856f,2020-01-08 00:00:00.000,C,0,GW,0,1,0,0.0,0.0,0.0,0.0,,273172.0,3553036.0,NAD83,CoordinateNotes_a54481ef,4091.0,3.3,N,NAVD88,321009.9198558559,1072909.7994245968,NAD27,5m,G,25.0,S,6.0,W,5.111,,,Akela,LUNA,NM,LocationNotes_5848d851,,,WLReportNote_8f130157,ChemistryReportNote_0187137c,7622.0,-8896.0,,463527100,6292,32.08935585585586,-107.68657540306609,0x000000002C39FF7E,0,,13
6C167249-07E5-44C1-B360-03E78B14A659,2014-10-17 00:00:00.000,NM-01782,SiteNames_86b4cbab,SiteID_8e682643,AlternateSiteID_5ce57898,AlternateSiteID2_2788856f,,U,0,GW,0,1,0,0.0,0.0,0.0,0.0,,122485.0,3529376.0,NAD83,CoordinateNotes_d0c23be4,4164.0,10.0,M,NGVD29,314801.0353693693,1090252.9445493205,NAD27,M,M,29.0,S,22.0,W,11.241,,,Rodeo,HIDALGO,NM,LocationNotes_63453ba9,,,WLReportNote_8f130157,ChemistryReportNote_0187137c,690600.0,3523896.0,,,2959,31.83574211936937,-109.10356498976748,0x000000002C39FF7F,0,,13
77F00014-6BF2-4E47-9A93-03EAB8FB528D,2015-01-27 00:00:00.000,NM-19557,SiteNames_41808d55,SiteID_75bbddec,AlternateSiteID_5ce57898,AlternateSiteID2_2788856f,,U,0,GW,0,1,0,0.0,0.0,0.0,0.0,,577292.0,3835936.0,NAD83,CoordinateNotes_f4e97871,4841.0,,U,NGVD29,,,NAD83,T,M,,,,,,,,Candy Mesa,De Baca,NM,LocationNotes_63453ba9,,,WLReportNote_8f130157,ChemistryReportNote_0187137c,-14308.0,7186.0,,463527100,20893,34.66119331873874,-104.12998060090092,0x000000002C39FF80,0,,13
34DDB19F-8D8A-477B-9602-03EE145DF040,2015-01-27 00:00:00.000,NM-14770,SiteNames_bd6af576,SiteID_accfd920,AlternateSiteID_5ce57898,AlternateSiteID2_2788856f,,U,0,GW,0,1,0,0.0,0.0,0.0,0.0,,538610.0,3729496.0,NAD83,CoordinateNotes_41e7712d,3586.0,,U,NGVD29,,,NAD83,T,M,,,,,,,,Melena,Chaves,NM,LocationNotes_63453ba9,,,WLReportNote_8f130157,ChemistryReportNote_0187137c,-8632.0,11376.0,,463527100,30524,33.704244266486484,-104.56856882576578,0x000000002C39FF81,0,,13
89894E25-49B0-4988-B31D-03F01A54BC4B,2015-01-27 00:00:00.000,NM-17533,SiteNames_5b07b349,SiteID_f40d8413,AlternateSiteID_5ce57898,AlternateSiteID2_2788856f,,U,0,GW,0,1,0,0.0,0.0,0.0,0.0,,576912.0,3771204.0,NAD83,CoordinateNotes_1131c5dc,3912.0,,U,NGVD29,,,NAD83,T,M,,,,,,,,Eighteenmile Hill,De Baca,NM,LocationNotes_63453ba9,,,WLReportNote_8f130157,ChemistryReportNote_0187137c,1114.0,-17666.0,,463527100,20920,34.078976886846846,-104.16687935396396,0x000000002C39FF82,0,,13
1B1E5CB7-8DE7-4443-AB3B-03F0DC9C1EA6,2015-01-27 00:00:00.000,NM-17196,SiteNames_5d4488ec,SiteID_3fea62d9,AlternateSiteID_5ce57898,AlternateSiteID2_2788856f,,U,0,GW,0,1,0,0.0,0.0,0.0,0.0,,565847.0,3772258.0,NAD83,CoordinateNotes_b34be8d8,4007.0,,U,NGVD29,,,NAD83,T,M,,,,,,,,Conejo Creek East,De Baca,NM,LocationNotes_63453ba9,,,WLReportNote_8f130157,ChemistryReportNote_0187137c,8052.0,-11372.0,,463527100,10232,34.08957014954955,-104.30021107945949,0x000000002C39FF83,0,,13
E8C4B262-7BA8-4DA1-BC4C-03F2800BECC9,2015-01-27 00:00:00.000,NM-21001,SiteNames_f206002d,SiteID_f81b9b64,AlternateSiteID_5ce57898,AlternateSiteID2_2788856f,,U,0,GW,0,1,0,0.0,0.0,0.0,0.0,,662422.0,3854312.0,NAD83,CoordinateNotes_557cb578,4685.0,,U,NGVD29,,,NAD83,S,M,,,,,,,,Grady SW,Quay,NM,LocationNotes_63453ba9,,,WLReportNote_8f130157,ChemistryReportNote_0187137c,19472.0,-5008.0,,13,16216,34.82105777288289,-103.2606432965766,0x000000002C39FF84,0,,13
2511DDB8-B81E-4059-8D69-03F2D7046174,2015-01-27 00:00:00.000,NM-21203,SiteNames_c9f30e41,SiteID_0edacaef,AlternateSiteID_5ce57898,AlternateSiteID2_2788856f,,U,0,GW,0,1,0,0.0,0.0,0.0,0.0,,385517.0,3868364.0,NAD83,CoordinateNotes_7ca09537,7380.0,10.0,M,NGVD29,,,NAD83,S,M,,,,,,,,Escabosa,Bernalillo,NM,LocationNotes_63453ba9,,,WLReportNote_8f130157,ChemistryReportNote_0187137c,3346.0,1024.0,,463524800,25589,34.95094232522522,-106.26015844585584,0x000000002C39FF85,0,,13
0CB26860-5569-4915-8980-03F420F314CA,2015-01-27 00:00:00.000,NM-21428,SiteNames_89982d0b,SiteID_c2aa996c,AlternateSiteID_5ce57898,AlternateSiteID2_2788856f,,U,0,GW,0,1,0,0.0,0.0,0.0,0.0,,375214.0,3885464.0,NAD83,CoordinateNotes_ee04bf1d,7660.0,10.0,M,NGVD29,,,NAD83,S,M,,,,,,,,Escabosa,Bernalillo,NM,LocationNotes_63453ba9,,,WLReportNote_8f130157,ChemistryReportNote_0187137c,-2536.0,12894.0,,,29743,35.10454457216217,-106.36231612684684,0x000000002C39FF86,0,,13
A7A39F2F-477D-4B16-B457-03F42C3D9B20,2015-01-27 00:00:00.000,NM-20948,SiteNames_ab7ea285,SiteID_1212dfba,AlternateSiteID_5ce57898,AlternateSiteID2_2788856f,,U,0,GW,0,1,0,0.0,0.0,0.0,0.0,,679372.0,3878582.0,NAD83,CoordinateNotes_ce9855de,4523.1,10.0,M,NGVD29,,,NAD83,S,M,,,,,,,,Broadview,Curry,NM,LocationNotes_63453ba9,,,WLReportNote_8f130157,ChemistryReportNote_0187137c,13704.0,19772.0,,407,26897,35.03624631612613,-103.06426707054054,0x000000002C39FF87,0,,13
C6CAF570-EEA3-4D53-AC9F-03F6D9655C06,2007-01-19 00:00:00.000,SM-0125,SiteNames_2f18f462,SiteID_1bf61b35,AlternateSiteID_5ce57898,AlternateSiteID2_2788856f,,U,0,GW,0,1,0,0.0,0.0,0.0,0.0,,469527.0,3651109.0,NAD83,CoordinateNotes_71d08264,5432.76,3.3,N,NAVD88,325341.10322522523,1051354.5056974175,NAD27,F,U,16.0,S,17.0,E,29.13222,,,Thimble Canyon,CHAVES,NM,LocationNotes_63453ba9,,,WLReportNote_8f130157,ChemistryReportNote_0187137c,-8756.0,11458.0,Sacramento Mtns,,5455,,,0x000000002C39FF88,1,,13
42180480-757D-466B-9E4C-03F747082FF3,2014-12-12 00:00:00.000,BC-0075,SiteNames_5b30073f,SiteID_38a98847,AlternateSiteID_68022f27,AlternateSiteID2_2788856f,,U,0,GW,0,1,0,0.0,0.0,0.0,0.0,,391098.0,3886678.0,NAD83,CoordinateNotes_f4911bce,6906.0,,R,,,,NAD27,,R,,,,,,,,Sandia Park,BERNALILLO,NM,LocationNotes_63453ba9,,,WLReportNote_8f130157,ChemistryReportNote_0187137c,16002.0,-2022.0,,,7227,,,0x000000002C39FF89,1,,13
F7074C2F-71AA-4349-9AE1-03FA51736BEA,2015-12-28 00:00:00.000,DA-0130,SiteNames_cf2bb8b2,SiteID_38a98847,AlternateSiteID_f92397c3,AlternateSiteID2_2788856f,,U,0,GW,0,1,0,0.0,0.0,0.0,0.0,,284859.0,3551840.0,NAD83,CoordinateNotes_6294849d,4540.0,,R,,,,NAD27,,R,26.0,S,4.0,W,14.1,,,Mount Aden SW,Dona Ana,NM,LocationNotes_63453ba9,,,WLReportNote_8f130157,ChemistryReportNote_0187137c,-5104.0,3810.0,,,34341,,,0x000000002C39FF8A,1,,13
C5664C70-7501-4A92-B363-03FAE566F9D4,2014-10-17 00:00:00.000,NM-02747,SiteNames_e8c892a6,SiteID_34f45f1e,AlternateSiteID_5ce57898,AlternateSiteID2_2788856f,,U,0,GW,0,1,0,0.0,0.0,0.0,0.0,,391319.0,3655824.0,NAD83,CoordinateNotes_73063f02,4395.0,25.0,M,NGVD29,330525.94589189184,1060333.8727794776,NAD27,T,M,14.0,S,9.0,E,23.112,,,Tularosa,OTERO,NM,LocationNotes_63453ba9,,,WLReportNote_8f130157,ChemistryReportNote_0187137c,-9812.0,-6006.0,,463527100,5416,33.03653092189189,-106.1866574823863,0x000000002C39FF8B,0,,13
96359D69-F4EB-4D1C-BAD2-0400572EDD7C,2015-01-27 00:00:00.000,NM-25365,SiteNames_fdbde25e,SiteID_8efe701e,AlternateSiteID_5ce57898,AlternateSiteID2_2788856f,,U,0,GW,0,1,0,0.0,0.0,0.0,0.0,,264302.0,3960630.0,NAD83,CoordinateNotes_fe40eb81,6740.0,10.0,M,NGVD29,,,NAD83,S,M,,,,,,,,Pueblo Pintado,McKinley,NM,LocationNotes_63453ba9,,,WLReportNote_8f130157,ChemistryReportNote_0187137c,8860.0,-13060.0,,463542300,28657,35.75930618234234,-107.62912442018018,0x000000002C39FF8C,0,,13
E8585734-C6B8-4A8E-90DD-0403EBA7D386,2015-01-27 00:00:00.000,NM-09242,,SiteID_01609990,AlternateSiteID_5ce57898,AlternateSiteID2_2788856f,,U,0,GW,0,1,0,0.0,0.0,0.0,0.0,,304104.0,3646482.0,NAD83,CoordinateNotes_b67c1800,4119.89,0.57,F,NAVD88,,,NAD83,H,F,,,,,,,,Garfield,Sierra,NM,LocationNotes_63453ba9,,,WLReportNote_8f130157,ChemistryReportNote_0187137c,19566.0,16422.0,,,13651,32.935312615945946,-107.12444639972972,0x000000002C39FF8D,0,,13
FAFF1556-831F-4D9C-B19C-04053807E404,2015-01-27 00:00:00.000,NM-18895,SiteNames_babb484f,SiteID_6f1e4b8c,AlternateSiteID_5ce57898,AlternateSiteID2_2788856f,,U,0,GW,0,1,0,0.0,0.0,0.0,0.0,,652843.0,3803658.0,NAD83,CoordinateNotes_a13eda0c,4491.0,2.5,M,NGVD29,,,NAD83,S,M,,,,,,,,Saint Vrain,Curry,NM,LocationNotes_63453ba9,,,WLReportNote_8f130157,ChemistryReportNote_0187137c,8970.0,-10962.0,,407,26261,34.364374723243245,-103.35275556918918,0x000000002C39FF8E,0,,13
071BEA1E-CC60-4FC0-B7EB-04055606F7DD,2015-01-27 00:00:00.000,NM-06507,SiteNames_7856ff2a,SiteID_8b3b87d1,AlternateSiteID_5ce57898,AlternateSiteID2_2788856f,,U,0,GW,0,1,0,0.0,0.0,0.0,0.0,,592975.0,3576492.0,NAD83,CoordinateNotes_cacc8d6e,3136.0,,U,NGVD29,,,NAD83,T,M,,,,,,,,Carlsbad East,Eddy,NM,LocationNotes_63453ba9,,,WLReportNote_8f130157,ChemistryReportNote_0187137c,19420.0,-6838.0,,463527100,29095,32.3229591363964,-104.04304784504504,0x000000002C39FF8F,0,,13
4FBE0818-3519-4C38-B35A-04057A067DBB,2013-05-06 00:00:00.000,JM-024,SiteNames_d136efc0,SiteID_38a98847,AlternateSiteID_5ce57898,AlternateSiteID2_2788856f,2013-04-29 00:00:00.000,C,0,GW,0,1,0,0.0,0.0,0.0,0.0,,310592.0,3663161.0,NAD83,CoordinateNotes_5a57b500,5582.81,3.3,N,NAVD88,,,NAD27,,G,,,,,,,,Apache Gap,SIERRA,NM,LocationNotes_63453ba9,,,WLReportNote_8f130157,ChemistryReportNote_0187137c,15408.0,19928.0,Jornada del Muerto,,2221,,,0x000000002C39FF90,1,,13
85178DF3-CF1F-48F2-9634-040645B61761,2015-01-27 00:00:00.000,NM-20843,SiteNames_72e0e801,SiteID_ec23f89f,AlternateSiteID_5ce57898,AlternateSiteID2_2788856f,,U,0,GW,0,1,0,0.0,0.0,0.0,0.0,,604265.0,3836206.0,NAD83,CoordinateNotes_9621a7ce,4981.0,,U,NGVD29,,,NAD83,S,M,,,,,,,,Jordan,Quay,NM,LocationNotes_63453ba9,,,WLReportNote_8f130157,ChemistryReportNote_0187137c,-4276.0,-18544.0,,13,24034,34.66216689693693,-103.85154337252251,0x000000002C39FF91,0,,13
3BE5849F-1058-4ACA-AC4D-040908CE2EB8,2015-01-27 00:00:00.000,NM-16864,SiteNames_5381bf65,SiteID_bba5f55c,AlternateSiteID_5ce57898,AlternateSiteID2_2788856f,,U,0,GW,0,1,0,0.0,0.0,0.0,0.0,,681648.0,3792690.0,NAD83,CoordinateNotes_17b1556c,3958.0,5.0,M,NGVD29,,,NAD83,S,M,,,,,,,,Arch NW,Roosevelt,NM,LocationNotes_63453ba9,,,WLReportNote_8f130157,ChemistryReportNote_0187137c,17716.0,12900.0,,463527100,11841,34.26240944621622,-103.06229104639638,0x000000002C39FF92,0,,13
ED66EF56-DEA4-458E-BA0A-040B6B3904A6,2015-10-28 00:00:00.000,SD-0166,SiteNames_ab0a6b4d,SiteID_38a98847,AlternateSiteID_be377908,AlternateSiteID2_2788856f,,U,0,GW,0,0,1,0.0,0.0,0.0,0.0,,386513.0,3876266.0,NAD83,CoordinateNotes_79920d25,6538.58,3.3,N,NAVD88,,,NAD27,,,10.0,N,5.0,E,,,,Sedillo,Bernalillo,NM,LocationNotes_63453ba9,,,WLReportNote_8f130157,ChemistryReportNote_0187137c,11058.0,-6924.0,,,32772,,,0x000000002C39FF93,1,,13
A51806EF-860E-45C4-9A27-040DBF21787E,2015-07-15 00:00:00.000,MI-0243,SiteNames_95f85975,SiteID_38a98847,AlternateSiteID_5ce57898,AlternateSiteID2_2788856f,,U,0,GW,0,0,1,0.0,0.0,0.0,0.0,,505997.0,3936355.0,NAD83,CoordinateNotes_97b32636,6619.52,3.3,N,NAVD88,,,NAD27,,R,17.0,N,18.0,E,17.4,,,Onava,San Miguel,NM,LocationNotes_68e1fdb6,,,WLReportNote_8f130157,ChemistryReportNote_0187137c,10040.0,-13950.0,,,31349,,,0x000000002C39FF94,1,,13
E98D3DDA-7A1E-49EB-82C7-040DC75E8104,2016-02-16 00:00:00.000,ED-0128,SiteNames_14e2ee6c,SiteID_38a98847,AlternateSiteID_7b0d2078,AlternateSiteID2_2788856f,,U,0,GW,0,1,1,0.0,0.0,0.0,0.0,,573301.0,3609892.0,NAD83,CoordinateNotes_6294849d,3220.0,,R,,,,NAD27,,R,21.0,S,27.0,E,9.33,,,Carlsbad East,Eddy,NM,LocationNotes_63453ba9,,,WLReportNote_8f130157,ChemistryReportNote_0187137c,-1924.0,15022.0,,,34795,,,0x000000002C39FF95,1,,13
295988B9-503D-4F8C-81A2-040FB38BA04C,2015-01-27 00:00:00.000,NM-09355,SiteNames_f5fda823,SiteID_f9df94f6,AlternateSiteID_5ce57898,AlternateSiteID2_2788856f,,U,0,GW,0,1,0,0.0,0.0,0.0,0.0,,693861.0,3643392.0,NAD83,CoordinateNotes_f5723912,3656.0,,U,NGVD29,,,NAD83,T,M,,,,,,,,Humble City SE,Lea,NM,LocationNotes_63453ba9,,,WLReportNote_8f130157,ChemistryReportNote_0187137c,12308.0,12692.0,,463527100,25014,32.91361428234234,-102.95016250711711,0x000000002C39FF96,0,,13
58D8A341-922C-4696-91D2-0412F3CA0A25,2007-11-07 00:00:00.000,SM-3011,SiteNames_97046e55,SiteID_38a98847,AlternateSiteID_5ce57898,AlternateSiteID2_2788856f,,U,0,R,0,0,1,0.0,0.0,1.0,0.0,sd,449988.0,3626428.0,NAD83,CoordinateNotes_5a57b500,5969.54,3.3,N,NAVD88,324636.54841441446,1051929.7504730555,NAD27,R,G,18.0,S,16.0,E,5.2321,,,Robertson Canyon,CHAVES,NM,LocationNotes_79459aee,,,WLReportNote_8f130157,ChemistryReportNote_0187137c,-19492.0,-176.0,Sacramento Mtns,,2459,,,0x000000002C39FF97,1,,13
61440273-2B14-475A-A705-041366CAAF40,2015-11-11 00:00:00.000,BW-0146,SiteNames_695e5a68,SiteID_38a98847,AlternateSiteID_950a5833,AlternateSiteID2_2788856f,,M,0,GW,0,1,1,0.0,0.0,0.0,0.0,,426942.0,3708940.0,NAD83,CoordinateNotes_e21b76d0,5415.0,,R,,,,NAD27,,R,11.0,S,10.0,E,7.411,,,Golondrina Draw,Otero,NM,LocationNotes_cd37213c,,,WLReportNote_8f130157,ChemistryReportNote_0187137c,14476.0,16640.0,,,33336,,,0x000000002C39FF98,1,,13
B3389021-AD08-40F8-82F1-04138D9962C8,2015-01-27 00:00:00.000,NM-21889,SiteNames_671feb0c,SiteID_a2bd114c,AlternateSiteID_5ce57898,AlternateSiteID2_2788856f,,U,0,GW,0,1,0,0.0,0.0,0.0,0.0,,365780.0,3864192.0,NAD83,CoordinateNotes_777e206f,4943.08,0.02,L,NAVD88,,,NAD83,S,D,,,,,,,,Albuquerque West,Bernalillo,NM,LocationNotes_63453ba9,,,WLReportNote_8f130157,ChemistryReportNote_0187137c,16964.0,-17558.0,,,22895,34.90903925981982,-106.50523228117116,0x000000002C39FF99,0,,13
572644F6-73D4-4437-811A-04144F3E12FD,2015-01-27 00:00:00.000,NM-25277,SiteNames_c1f63b58,SiteID_e827b268,AlternateSiteID_5ce57898,AlternateSiteID2_2788856f,,U,0,GW,0,1,0,0.0,0.0,0.0,0.0,,586479.0,3962006.0,NAD83,CoordinateNotes_1bfbceee,5594.37,8.0,N,NAVD88,,,NAD83,T,M,,,,,,,,Solano,Harding,NM,LocationNotes_63453ba9,,,WLReportNote_8f130157,ChemistryReportNote_0187137c,5164.0,-3654.0,,30,13508,35.79878569108108,-104.0531744374775,0x000000002C39FF9A,0,,13
B3C52371-BB9F-4309-BCD5-04144FE86F26,2015-01-27 00:00:00.000,NM-23263,,SiteID_cf5a6e42,AlternateSiteID_5ce57898,AlternateSiteID2_2788856f,,U,0,GW,0,1,0,0.0,0.0,0.0,0.0,,393734.0,3910066.0,NAD83,CoordinateNotes_8e8b8cf0,7020.0,10.0,M,NGVD29,,,NAD83,R,M,,,,,,,,San Pedro,Santa Fe,NM,LocationNotes_63453ba9,,,WLReportNote_8f130157,ChemistryReportNote_0187137c,1648.0,11206.0,,,13311,35.32794205495496,-106.17101024315316,0x000000002C39FF9B,0,,13
CE2B5D17-684E-4A5E-B72C-0415C69AF02A,2015-01-27 00:00:00.000,NM-04475,SiteNames_07766653,SiteID_27fd1c9d,AlternateSiteID_5ce57898,AlternateSiteID2_2788856f,,U,0,GW,0,1,0,0.0,0.0,0.0,0.0,,685705.0,3549684.0,NAD83,CoordinateNotes_c59e18ee,2995.4,2.5,M,NGVD29,,,NAD83,S,M,,,,,,,,Jal,Lea,NM,LocationNotes_63453ba9,,,WLReportNote_8f130157,ChemistryReportNote_0187137c,10316.0,-246.0,,463527100,12051,32.06985272378379,-103.04890476306304,0x000000002C39FF9C,0,,13
262A041E-2130-4264-8740-0415D729956B,2015-01-27 00:00:00.000,NM-06742,SiteNames_521e0c2f,SiteID_d7eb0b7c,AlternateSiteID_5ce57898,AlternateSiteID2_2788856f,,U,0,GW,0,1,0,0.0,0.0,0.0,0.0,,550125.0,3588436.0,NAD83,CoordinateNotes_3964dff8,3940.0,10.0,M,NGVD29,,,NAD83,S,M,,,,,,,,Martha Creek,Eddy,NM,LocationNotes_63453ba9,,,WLReportNote_8f130157,ChemistryReportNote_0187137c,4680.0,686.0,,4635002,18250,32.43212573018018,-104.47446555783785,0x000000002C39FF9D,0,,13
279D7571-7C61-43E5-A5D0-041608A05336,2015-01-27 00:00:00.000,NM-14596,SiteNames_d557ae6b,SiteID_2c1c7fd1,AlternateSiteID_5ce57898,AlternateSiteID2_2788856f,,U,0,GW,0,1,0,0.0,0.0,0.0,0.0,,630908.0,3698444.0,NAD83,CoordinateNotes_22a5cb2a,4246.0,2.5,M,NGVD29,,,NAD83,S,M,,,,,,,,Milnesand SW,Lea,NM,LocationNotes_63453ba9,,,WLReportNote_8f130157,ChemistryReportNote_0187137c,-12400.0,-13146.0,,463527100,17737,33.415835627567574,-103.5683316517117,0x000000002C39FF9E,0,,13
90C0943A-BFEB-48BA-B245-041808DA39DB,2015-01-27 00:00:00.000,NM-15073,,SiteID_d792341d,AlternateSiteID_5ce57898,AlternateSiteID2_2788856f,,U,0,GW,0,1,0,0.0,0.0,0.0,0.0,,137042.0,3752588.0,NAD83,CoordinateNotes_25e906b6,6200.0,20.0,M,NGVD29,,,NAD83,S,M,,,,,,,,Reserve,Catron,NM,LocationNotes_63453ba9,,,WLReportNote_8f130157,ChemistryReportNote_0187137c,-8488.0,16378.0,,254,21085,33.85427092954955,-108.90070040846848,0x000000002C39FF9F,0,,13
9DFC84A7-F419-4171-B88A-041908D68F94,2015-01-27 00:00:00.000,NM-21019,SiteNames_7c64ff47,SiteID_c49493ab,AlternateSiteID_5ce57898,AlternateSiteID2_2788856f,,U,0,GW,0,1,0,0.0,0.0,0.0,0.0,,652883.0,3850278.0,NAD83,CoordinateNotes_f25fa4ce,4688.0,,U,NGVD29,,,NAD83,S,M,,,,,,,,Grady SW,Quay,NM,LocationNotes_63453ba9,,,WLReportNote_8f130157,ChemistryReportNote_0187137c,4560.0,-9742.0,,13,11833,34.78396479423424,-103.33609493891892,0x000000002C39FFA0,0,,13
94FEB34D-703C-4135-9348-041B167D54BD,2015-01-27 00:00:00.000,NM-21637,SiteNames_a7074cec,SiteID_dcc85785,AlternateSiteID_5ce57898,AlternateSiteID2_2788856f,,U,0,GW,0,1,0,0.0,0.0,0.0,0.0,,362985.0,3884660.0,NAD83,CoordinateNotes_c9a695bb,5303.34,1.0,L,NGVD29,,,NAD83,M,M,,,,,,,,Albuquerque East,Bernalillo,NM,LocationNotes_63453ba9,,,WLReportNote_8f130157,ChemistryReportNote_0187137c,7912.0,6050.0,,463536000,16403,35.09427491450451,-106.51763343072072,0x000000002C39FFA1,0,,13
237CCDF7-3FBF-4BCE-B1EE-041BEE929900,2015-05-28 00:00:00.000,SR-0014,SiteNames_1dd1327e,SiteID_38a98847,AlternateSiteID_5ce57898,AlternateSiteID2_2788856f,2015-05-02 00:00:00.000,C,0,SP,0,0,1,1.0,0.0,0.0,0.0,,121134.0,3740588.0,NAD83,CoordinateNotes_5ff382eb,6167.4,3.3,N,NAVD88,,,WGS84,,G,,,,,,,,Bull Basin,Catron,NM,LocationNotes_afe256a8,,,WLReportNote_8f130157,ChemistryReportNote_0187137c,-15864.0,11978.0,,,31022,33.74340990990991,-109.05591891891892,0x000000002C39FFA2,1,,13
2F59A2E9-C216-409A-9A03-041D039EAC20,2016-03-07 00:00:00.000,TO-0477,SiteNames_14e2ee6c,SiteID_38a98847,AlternateSiteID_ede50dab,AlternateSiteID2_2788856f,,U,0,GW,0,1,0,0.0,0.0,0.0,0.0,,486229.0,3895192.0,NAD83,CoordinateNotes_79920d25,6066.04,3.3,N,NAVD88,,,NAD27,,R,10.0,N,15.0,E,34.113,,,Portrillo Hill,Torrance,NM,LocationNotes_63453ba9,,,WLReportNote_8f130157,ChemistryReportNote_0187137c,17168.0,16182.0,,,35550,,,0x000000002C39FFA3,1,,13
DEFA02A6-1F86-4861-AE48-04200024D774,2016-03-07 00:00:00.000,TO-0352,SiteNames_14e2ee6c,SiteID_38a98847,AlternateSiteID_4043d05e,AlternateSiteID2_2788856f,,U,0,GW,0,1,0,0.0,0.0,0.0,0.0,,401396.0,3857954.0,NAD83,CoordinateNotes_6294849d,6270.0,,R,,,,NAD27,,R,8.0,N,8.0,E,15.343,,,Moriarty South,Torrance,NM,LocationNotes_63453ba9,,,WLReportNote_8f130157,ChemistryReportNote_0187137c,1042.0,-6126.0,,,35425,,,0x000000002C39FFA4,1,,13
F529EEDE-4A58-41C3-A08E-042067310324,2013-03-14 00:00:00.000,HS-014,SiteNames_ee8feab8,SiteID_38a98847,AlternateSiteID_e8632d4f,AlternateSiteID2_2788856f,2012-10-19 00:00:00.000,C,0,GW,0,0,0,0.0,0.0,0.0,1.0,,290578.0,3682494.0,NAD83,CoordinateNotes_5a57b500,4240.47,3.3,N,NAVD88,,,NAD27,,G,,,,,,,,Cuchillo,SIERRA,NM,LocationNotes_095c0bfd,,,WLReportNote_8f130157,ChemistryReportNote_0187137c,806.0,14922.0,Truth or Consequences,,6454,,,0x000000002C39FFA5,1,,13
26D763A2-209C-4BA6-9D6C-042156922828,2015-12-03 00:00:00.000,BW-0829,SiteNames_14e2ee6c,SiteID_38a98847,AlternateSiteID_1835accd,AlternateSiteID2_2788856f,,U,0,GW,0,1,1,0.0,0.0,0.0,0.0,,178590.0,3735284.0,NAD83,CoordinateNotes_79920d25,6813.04,3.3,N,NAVD88,,,NAD27,,R,5.0,S,14.0,W,33.11,,,Rael Spring,Carton,NM,LocationNotes_63453ba9,,,WLReportNote_8f130157,ChemistryReportNote_0187137c,-14866.0,-13456.0,,,34003,,,0x000000002C39FFA6,1,,13
AADF7890-93F8-415B-9952-042212F28C13,2014-10-01 00:00:00.000,NM-01116,SiteNames_01ad5f2c,SiteID_71b5438e,AlternateSiteID_5ce57898,AlternateSiteID2_2788856f,,U,0,GW,0,1,0,0.0,0.0,0.0,0.0,,663411.0,3839826.0,NAD83,CoordinateNotes_bb8496c9,4657.0,5.0,M,NGVD29,345100.8392432432,1033507.848682542,NAD83,S,G,7.0,N,34.0,E,9.112231,,,Forrest,CURRY,NM,LocationNotes_63453ba9,,,WLReportNote_8f130157,ChemistryReportNote_0187137c,12684.0,-17844.0,,407,4637,34.689409913243246,-103.5026230181102,0x000000002C39FFA7,0,,13
0C4D5C36-2817-4F30-814B-04235C1EC246,2015-01-27 00:00:00.000,NM-03725,SiteNames_8d56787e,SiteID_f601939a,AlternateSiteID_5ce57898,AlternateSiteID2_2788856f,,U,0,GW,0,1,0,0.0,0.0,0.0,0.0,,189171.0,3487150.0,NAD83,CoordinateNotes_d6ef3bb1,4429.0,20.0,M,NGVD29,,,NAD83,M,M,,,,,,,,U Bar Ridge,Hidalgo,NM,LocationNotes_63453ba9,,,WLReportNote_8f130157,ChemistryReportNote_0187137c,18892.0,-7480.0,,863700200,30476,31.472161312612617,-108.3023426518018,0x000000002C39FFA8,0,,13
56A9658D-5D7F-4F5E-B322-04245514CAE1,2014-10-17 00:00:00.000,NM-02947,SiteNames_861bca44,SiteID_89e8fb5f,AlternateSiteID_5ce57898,AlternateSiteID2_2788856f,,U,0,GW,0,1,0,0.0,0.0,0.0,0.0,,647140.0,3752596.0,NAD83,CoordinateNotes_04095f28,4197.0,4.3,N,NAVD88,335329.00915315317,1031243.1676923152,NAD27,1,G,5.0,S,36.0,E,7.11342,,,Causey West,ROOSEVELT,NM,LocationNotes_63453ba9,,,WLReportNote_8f130157,ChemistryReportNote_0187137c,-18272.0,1016.0,,463527100,2408,33.90076426315315,-103.04350212488151,0x000000002C39FFA9,0,,13
CE57F722-C4DB-4105-A176-042713083C26,2015-09-28 00:00:00.000,QY-0461,SiteNames_97ebc3a9,SiteID_38a98847,AlternateSiteID_ba2e5a1a,AlternateSiteID2_2788856f,,U,0,GW,0,1,0,0.0,0.0,0.0,0.0,,665334.0,3912546.0,NAD83,CoordinateNotes_514b3639,3800.0,10.0,R,,,,NAD27,,R,14.0,N,36.0,E,10.11,,,Sanchez Springs,Quay,NM,LocationNotes_63453ba9,,,WLReportNote_8f130157,ChemistryReportNote_0187137c,-5952.0,-13224.0,,,32108,,,0x000000002C39FFAA,1,,13
E80C83A1-CB4A-4D28-AEFE-0428E297DB9B,2015-01-27 00:00:00.000,NM-06257,SiteNames_dde5cfb0,SiteID_48ec6c95,AlternateSiteID_5ce57898,AlternateSiteID2_2788856f,,U,0,GW,0,1,0,0.0,0.0,0.0,0.0,,150432.0,3589160.0,NAD83,CoordinateNotes_f7d1eaa7,4201.0,5.0,M,NGVD29,,,NAD83,M,M,,,,,,,,Lordsburg,Hidalgo,NM,LocationNotes_63453ba9,,,WLReportNote_8f130157,ChemistryReportNote_0187137c,-5222.0,5110.0,,863700200,16410,32.386396626036046,-108.70515349504504,0x000000002C39FFAB,0,,13
0631AF98-FC12-420F-816A-0429444BE36A,2015-01-27 00:00:00.000,NM-05636,SiteNames_bad9ac7a,SiteID_1d2bb084,AlternateSiteID_5ce57898,AlternateSiteID2_2788856f,,U,0,GW,0,1,0,0.0,0.0,0.0,0.0,,245509.0,3551100.0,NAD83,CoordinateNotes_18829399,4259.0,20.0,M,NGVD29,,,NAD83,U,M,,,,,,,,Capitol Dome,Luna,NM,LocationNotes_63453ba9,,,WLReportNote_8f130157,ChemistryReportNote_0187137c,-374.0,-19200.0,,463510500,23938,32.06767021702703,-107.70034147936938,0x000000002C39FFAC,0,,13
A7C63186-1544-4D41-9D74-042AA1F86029,2014-10-01 00:00:00.000,NM-01389,SiteNames_2ad74a95,SiteID_d67fe991,AlternateSiteID_5ce57898,AlternateSiteID2_2788856f,,U,0,GW,0,1,0,0.0,0.0,0.0,0.0,,645060.0,3924466.0,NAD83,CoordinateNotes_b9031add,4058.0,5.0,M,NGVD29,352955.9534774774,1032015.0564528352,NAD83,S,G,15.0,N,34.0,E,28.32142,,,Logan NE,QUAY,NM,LocationNotes_63453ba9,,,WLReportNote_8f130157,ChemistryReportNote_0187137c,-5724.0,-5164.0,,32,4557,35.45228303747748,-103.281074944852,0x000000002C39FFAD,0,,13
264A627E-1F44-42C5-B726-042C2008AFFF,2015-01-27 00:00:00.000,NM-20559,SiteNames_725d21a6,SiteID_b5e1f026,AlternateSiteID_5ce57898,AlternateSiteID2_2788856f,,U,0,GW,0,1,0,0.0,0.0,0.0,0.0,,586064.0,3841754.0,NAD83,CoordinateNotes_139bfd4b,5083.0,,U,NGVD29,,,NAD83,T,M,,,,,,,,Ima SE,Quay,NM,LocationNotes_63453ba9,,,WLReportNote_8f130157,ChemistryReportNote_0187137c,-1662.0,-5906.0,,407,22633,34.71407794279279,-104.05633259297296,0x000000002C39FFAE,0,,13
8E7A059F-95DF-4568-A74C-042DD0A50051,2014-10-01 00:00:00.000,NM-01208,SiteNames_20f88077,SiteID_8f9c083d,AlternateSiteID_5ce57898,AlternateSiteID2_2788856f,,U,0,GW,0,1,0,0.0,0.0,0.0,0.0,,341200.0,3882750.0,NAD83,CoordinateNotes_45784fb8,5235.0,5.0,M,NGVD29,350435.99837837834,1064430.999921107,NAD83,S,G,10.0,N,2.0,E,21.343,,,Albuquerque West,BERNALILLO,NM,LocationNotes_63453ba9,,,WLReportNote_8f130157,ChemistryReportNote_0187137c,8.0,-180.0,,,3905,35.075017268378375,-106.7419400029533,0x000000002C39FFAF,0,,13
D0D5B4D6-4588-4CF0-88F6-042E3596EEB6,2015-01-27 00:00:00.000,NM-19854,SiteNames_86f1d25b,SiteID_ba743470,AlternateSiteID_5ce57898,AlternateSiteID2_2788856f,,U,0,GW,0,1,0,0.0,0.0,0.0,0.0,,687230.0,3822862.0,NAD83,CoordinateNotes_229b6a0a,4384.0,10.0,M,NGVD29,,,NAD83,S,M,,,,,,,,Pleasant Hill NW,Curry,NM,LocationNotes_63453ba9,,,WLReportNote_8f130157,ChemistryReportNote_0187137c,17184.0,-12078.0,,14,8877,34.533481509189194,-102.9898592391892,0x000000002C39FFB0,0,,13
9F52215B-F98C-4623-AB24-0431A9BEF20A,2016-12-21 00:00:00.000,WL-0015,SiteNames_c87b0540,SiteID_38a98847,AlternateSiteID_5ce57898,AlternateSiteID2_2788856f,2016-12-12 00:00:00.000,C,0,GW,1,1,0,0.0,0.0,0.0,0.0,,505319.0,3973397.0,NAD83,CoordinateNotes_14d9142e,6371.0,3.3,N,NAVD88,,,NAD27,,G,,,,,,,,Watrous,Mora,NM,LocationNotes_0b3a03ec,,,WLReportNote_8f130157,ChemistryReportNote_0187137c,-1892.0,11952.0,Questa Red River,,37235,,,0x000000002C39FFB1,1,,13
EB6E3B00-22F6-465A-AC3C-04327A912D3B,2015-01-27 00:00:00.000,NM-19690,SiteNames_4c075f9b,SiteID_bfef0026,AlternateSiteID_5ce57898,AlternateSiteID2_2788856f,,U,0,GW,0,1,0,0.0,0.0,0.0,0.0,,661802.0,3848358.0,NAD83,CoordinateNotes_06c42f9d,4502.0,5.0,M,NGVD29,,,NAD83,S,M,,,,,,,,Garrett Ranch,Curry,NM,LocationNotes_63453ba9,,,WLReportNote_8f130157,ChemistryReportNote_0187137c,10280.0,16048.0,,407,24367,34.766036686576584,-103.2545622173874,0x000000002C39FFB2,0,,13
6C1B42AB-E4A2-47E6-B349-0433197C2C85,2015-01-27 00:00:00.000,NM-24095,SiteNames_ad70bc3d,SiteID_2ad2f000,AlternateSiteID_5ce57898,AlternateSiteID2_2788856f,,U,0,GW,0,1,0,0.0,0.0,0.0,0.0,,379002.0,3916338.0,NAD83,CoordinateNotes_c09b9f54,5800.0,,U,NGVD29,,,NAD83,T,M,,,,,,,,Madrid,Santa Fe,NM,LocationNotes_63453ba9,,,WLReportNote_8f130157,ChemistryReportNote_0187137c,-14110.0,-11382.0,,,24844,35.384717499459455,-106.30547289711711,0x000000002C39FFB3,0,,13
EDC6DFDD-2887-480F-AEEE-04392131CDED,2015-12-11 00:00:00.000,SO-0123,SiteNames_14e2ee6c,SiteID_38a98847,AlternateSiteID_3bfbcc45,AlternateSiteID2_2788856f,,U,0,SP,0,0,0,1.0,0.0,0.0,0.0,,374012.0,3797614.0,NAD83,CoordinateNotes_fce4e842,5979.71,3.3,N,NAVD88,,,NAD27,,R,3.0,N,5.0,E,30.1,,,Scholle,Valenica,NM,LocationNotes_63453ba9,,,WLReportNote_8f130157,ChemistryReportNote_0187137c,8584.0,-16456.0,,,34248,,,0x000000002C39FFB4,1,,13
596E3673-2D25-4121-BC47-043BBF456FE2,2015-01-27 00:00:00.000,NM-05217,SiteNames_652b2346,SiteID_204f90cf,AlternateSiteID_5ce57898,AlternateSiteID2_2788856f,,U,0,GW,0,1,0,0.0,0.0,0.0,0.0,,184317.0,3556860.0,NAD83,CoordinateNotes_e1d3017f,4311.0,5.0,M,NGVD29,,,NAD83,T,M,,,,,,,,Muir Ranch,Grant,NM,LocationNotes_63453ba9,,,WLReportNote_8f130157,ChemistryReportNote_0187137c,16228.0,-9460.0,,463500200,19023,32.09930493477477,-108.3738523818018,0x000000002C39FFB5,0,,13
59CBDCDD-908A-40B2-B787-043CBD4BCB48,2015-07-15 00:00:00.000,MI-0262,SiteNames_f0a226e9,SiteID_38a98847,AlternateSiteID_5ce57898,AlternateSiteID2_2788856f,,U,0,GW,0,1,0,0.0,0.0,0.0,0.0,,568551.0,3939310.0,NAD83,CoordinateNotes_97b32636,4697.83,3.3,N,NAVD88,,,NAD27,,R,17.0,N,25.0,E,15.13,,,Arroyo Alamocito,San Miguel,NM,LocationNotes_944a5fbe,,,WLReportNote_8f130157,ChemistryReportNote_0187137c,2936.0,-11864.0,,,31368,,,0x000000002C39FFB6,1,,13
078C575D-F251-4C5B-AAC4-043CD4A1B191,2015-01-27 00:00:00.000,NM-07873,SiteNames_9e533ef4,SiteID_51e29331,AlternateSiteID_5ce57898,AlternateSiteID2_2788856f,,U,0,GW,0,1,0,0.0,0.0,0.0,0.0,,675948.0,3599870.0,NAD83,CoordinateNotes_a8d8904c,3601.4,,U,NGVD29,,,NAD83,T,M,,,,,,,,Hobbs SE,Lea,NM,LocationNotes_63453ba9,,,WLReportNote_8f130157,ChemistryReportNote_0187137c,-472.0,-10710.0,,463527100,29843,32.52223856351352,-103.12389769225226,0x000000002C39FFB7,0,,13
9A59048A-87EE-413C-A3F1-043CFE561686,2016-09-22 00:00:00.000,NM-27365,SiteNames_8de7e9f6,SiteID_57860208,AlternateSiteID_5ce57898,AlternateSiteID2_2788856f,,U,0,GW,0,1,0,0.0,0.0,0.0,0.0,,617619.0,3609544.0,NAD83,CoordinateNotes_cd5280d1,4012.0,,U,NGVD29,,,NAD83,T,M,18.0,S,34.0,E,22.334,,,Ironhouse Well,Lea,NM,LocationNotes_63453ba9,,,WLReportNote_8f130157,ChemistryReportNote_0187137c,-17950.0,-12316.0,,,36307,32.61527959504505,-103.71498553171172,0x000000002C39FFB8,0,,13
73EC7FDC-A537-4FAF-B912-043E2A9715BB,2015-09-28 00:00:00.000,QY-0511,SiteNames_d1b47eca,SiteID_38a98847,AlternateSiteID_94562552,AlternateSiteID2_2788856f,,U,0,GW,0,1,0,0.0,0.0,0.0,0.0,,654092.0,3955856.0,NAD83,CoordinateNotes_514b3639,4200.0,10.0,R,,,,NAD27,,R,16.0,N,36.0,E,20.422,,,Obar,Quay,NM,LocationNotes_63453ba9,,,WLReportNote_8f130157,ChemistryReportNote_0187137c,-14988.0,14776.0,,,31855,,,0x000000002C39FFB9,1,,13
84B0FC68-8364-43A8-A8CA-04412E2F7B64,2015-01-27 00:00:00.000,NM-26731,SiteNames_b2544d06,SiteID_d7c2be00,AlternateSiteID_5ce57898,AlternateSiteID2_2788856f,,U,0,GW,0,1,0,0.0,0.0,0.0,0.0,,626168.0,4092700.0,NAD83,CoordinateNotes_45386665,5310.0,10.0,M,NGVD29,,,NAD83,S,M,,,,,,,,Cross L Ranch,Union,NM,LocationNotes_63453ba9,,,WLReportNote_8f130157,ChemistryReportNote_0187137c,4794.0,6540.0,,11,8921,36.97255228891892,-103.59426430081082,0x000000002C39FFBA,0,,13
B5710392-274F-4D6A-975A-0442385CFFFE,2015-01-27 00:00:00.000,NM-22975,SiteNames_dc109ae2,SiteID_b702539a,AlternateSiteID_5ce57898,AlternateSiteID2_2788856f,,U,0,GW,0,1,0,0.0,0.0,0.0,0.0,,336128.0,3911726.0,NAD83,CoordinateNotes_e571be5d,4995.0,5.0,M,NGVD29,,,NAD83,F,M,,,,,,,,Los Griegos,Bernalillo,NM,LocationNotes_63453ba9,,,WLReportNote_8f130157,ChemistryReportNote_0187137c,-12238.0,17356.0,,463526500,17738,35.337237070360366,-106.77555670225225,0x000000002C39FFBB,0,,13
07BB9BC1-E9A0-4D89-82A1-04431A3D941C,2015-01-27 00:00:00.000,NM-15578,SiteNames_497c97eb,SiteID_3c948eb8,AlternateSiteID_5ce57898,AlternateSiteID2_2788856f,,U,0,GW,0,1,0,0.0,0.0,0.0,0.0,,649166.0,3753220.0,NAD83,CoordinateNotes_7146cf5b,4148.2,5.0,M,NGVD29,,,NAD83,S,M,,,,,,,,Garrison,Roosevelt,NM,LocationNotes_63453ba9,,,WLReportNote_8f130157,ChemistryReportNote_0187137c,-13588.0,7740.0,,463527100,17719,33.90676561972973,-103.3634754244144,0x000000002C39FFBC,0,,13
5EB843CE-6922-4FBF-B05B-0445ED513F2D,2015-01-27 00:00:00.000,NM-25441,SiteNames_b665bf6e,SiteID_a354c90c,AlternateSiteID_5ce57898,AlternateSiteID2_2788856f,,U,0,GW,0,1,0,0.0,0.0,0.0,0.0,,387678.0,3954152.0,NAD83,CoordinateNotes_c3d847e4,5973.0,10.0,M,NGVD29,,,NAD83,S,M,,,,,,,,Puye,Santa Fe,NM,LocationNotes_63453ba9,,,WLReportNote_8f130157,ChemistryReportNote_0187137c,-4306.0,-19588.0,,,24489,35.725500391531526,-106.2357626527928,0x000000002C39FFBD,0,,13
D2D71C4E-4CAB-4EB8-9BE4-044644AF7B82,2015-12-03 00:00:00.000,BW-0661,SiteNames_14e2ee6c,SiteID_38a98847,AlternateSiteID_8a7434fe,AlternateSiteID2_2788856f,,U,0,GW,0,1,1,0.0,0.0,0.0,0.0,,483856.0,3909064.0,NAD83,CoordinateNotes_79920d25,6045.53,3.3,N,NAVD88,,,NAD27,,R,11.0,N,15.0,E,14.3,,,San Juan,San Miguel,NM,LocationNotes_63453ba9,,,WLReportNote_8f130157,ChemistryReportNote_0187137c,11378.0,16434.0,,,33915,,,0x000000002C39FFBE,1,,13
E97E8690-6403-469B-93D1-044897327E22,2015-01-27 00:00:00.000,NM-10497,SiteNames_2699c1ab,SiteID_d30469e0,AlternateSiteID_5ce57898,AlternateSiteID2_2788856f,,U,0,GW,0,1,0,0.0,0.0,0.0,0.0,,639949.0,3637574.0,NAD83,CoordinateNotes_3353a69d,3939.0,2.5,M,NGVD29,,,NAD83,S,M,,,,,,,,Lovington NW,Lea,NM,LocationNotes_63453ba9,,,WLReportNote_8f130157,ChemistryReportNote_0187137c,-10988.0,-7796.0,,463527100,28051,32.86599649576576,-103.48449013099098,0x000000002C39FFBF,0,,13
4332EE17-7479-4C8F-80F0-044BA228DAB6,2015-01-27 00:00:00.000,NM-19014,,SiteID_8e448602,AlternateSiteID_5ce57898,AlternateSiteID2_2788856f,,U,0,GW,0,1,0,0.0,0.0,0.0,0.0,,496692.0,3800282.0,NAD83,CoordinateNotes_d5d2d848,5370.0,5.0,M,NGVD29,,,NAD83,R,G,,,,,,,,Duoro,Guadalupe,NM,LocationNotes_63453ba9,,,WLReportNote_8f130157,ChemistryReportNote_0187137c,-7902.0,-14958.0,,,11981,34.34393768324324,-105.0211614091892,0x000000002C39FFC0,0,,13
CAE43D13-DAE9-407C-94CB-044C44108D0D,2015-01-27 00:00:00.000,NM-14834,SiteNames_7b529c1f,SiteID_f6651abf,AlternateSiteID_5ce57898,AlternateSiteID2_2788856f,,U,0,GW,0,1,0,0.0,0.0,0.0,0.0,,560867.0,3739724.0,NAD83,CoordinateNotes_e058d918,3597.0,,U,NGVD29,,,NAD83,T,M,,,,,,,,Marley Draw,Chaves,NM,LocationNotes_63453ba9,,,WLReportNote_8f130157,ChemistryReportNote_0187137c,14618.0,18874.0,,463527100,16761,33.79651489603604,-104.36966532630628,0x000000002C39FFC1,0,,13
370A2D49-A526-4670-B446-04500D369129,2015-01-27 00:00:00.000,NM-10569,SiteNames_6d958cea,SiteID_ff3c2436,AlternateSiteID_5ce57898,AlternateSiteID2_2788856f,,U,0,GW,0,1,0,0.0,0.0,0.0,0.0,,547627.0,3659152.0,NAD83,CoordinateNotes_cc666fa3,3525.0,5.0,M,NGVD29,,,NAD83,U,M,,,,,,,,Hope NE,Eddy,NM,LocationNotes_63453ba9,,,WLReportNote_8f130157,ChemistryReportNote_0187137c,3274.0,14092.0,,463510500,30017,33.069842484954954,-104.4960260945045,0x000000002C39FFC2,0,,13
2E359AE1-5E47-41FF-9E70-04531820C035,2019-10-08 00:00:00.000,SB-0691,SiteNames_14e2ee6c,SiteID_38a98847,AlternateSiteID_240586c9,AlternateSiteID2_2788856f,,U,0,GW,0,1,1,0.0,0.0,0.0,0.0,,405543.0,3529701.0,NAD83,CoordinateNotes_4add0549,4074.0,,R,,,,NAD27,,R,,,,,,,,,El Paso,TX,LocationNotes_63453ba9,,,WLReportNote_8f130157,ChemistryReportNote_0187137c,15788.0,7394.0,,,39045,31.897723612612616,-106.02276676576578,0x000000002C39FFC3,0,,13
3B3CF6AA-CB42-4371-9414-04544D29D8D3,2015-01-27 00:00:00.000,NM-04629,SiteNames_b5f033b8,SiteID_0db9c762,AlternateSiteID_5ce57898,AlternateSiteID2_2788856f,,U,0,GW,0,1,0,0.0,0.0,0.0,0.0,,261379.0,3566426.0,NAD83,CoordinateNotes_fe4ea39d,4061.0,5.0,M,NGVD29,,,NAD83,T,M,,,,,,,,Sibley Hole,Luna,NM,LocationNotes_63453ba9,,,WLReportNote_8f130157,ChemistryReportNote_0187137c,-2818.0,11796.0,,463527100,17504,32.20969608027027,-107.52429814738738,0x000000002C39FFC4,0,,13
42DC5589-DAD3-443F-92DC-045557E49078,2015-01-27 00:00:00.000,NM-09883,SiteNames_5c8c4060,SiteID_0af4e411,AlternateSiteID_5ce57898,AlternateSiteID2_2788856f,,U,0,GW,0,1,0,0.0,0.0,0.0,0.0,,640465.0,3643042.0,NAD83,CoordinateNotes_5aeb1e0d,4122.6,,U,NGVD29,,,NAD83,T,M,,,,,,,,Buckeye,Lea,NM,LocationNotes_63453ba9,,,WLReportNote_8f130157,ChemistryReportNote_0187137c,8908.0,7342.0,,463527100,11857,32.917654664144145,-103.51386003774776,0x000000002C39FFC5,0,,13
DBDAD4FA-BBE7-4C18-AE38-04594AB21A67,2015-01-27 00:00:00.000,NM-19320,SiteNames_ff3bddbe,SiteID_3be23cba,AlternateSiteID_5ce57898,AlternateSiteID2_2788856f,,U,0,GW,0,1,0,0.0,0.0,0.0,0.0,,639109.0,3840824.0,NAD83,CoordinateNotes_2f437aa2,4569.0,2.5,M,NGVD29,,,NAD83,S,M,,,,,,,,Field SW,Curry,NM,LocationNotes_63453ba9,,,WLReportNote_8f130157,ChemistryReportNote_0187137c,17162.0,16164.0,,14,18686,34.70208167162161,-103.51618156738738,0x000000002C39FFC6,0,,13
C838D9B9-BB32-452C-8A44-045A8D7B7AE0,2015-01-27 00:00:00.000,NM-11306,SiteNames_8fe5a360,SiteID_ea8857f2,AlternateSiteID_5ce57898,AlternateSiteID2_2788856f,,U,0,GW,0,1,0,0.0,0.0,0.0,0.0,,669209.0,3676338.0,NAD83,CoordinateNotes_3e2799ba,3873.7,5.0,M,NGVD29,,,NAD83,S,M,,,,,,,,Hillburn City,Lea,NM,LocationNotes_63453ba9,,,WLReportNote_8f130157,ChemistryReportNote_0187137c,6450.0,18578.0,,463527100,12413,33.21359636936937,-103.19878105189188,0x000000002C39FFC7,0,,13
E0D15819-F960-4966-8B00-045C12F4876E,2015-01-27 00:00:00.000,NM-11626,SiteNames_cfbf7391,SiteID_f97f0b52,AlternateSiteID_5ce57898,AlternateSiteID2_2788856f,,U,0,GW,0,1,0,0.0,0.0,0.0,0.0,,544571.0,3669682.0,NAD83,CoordinateNotes_c1a0d8f4,3443.0,,U,NGVD29,,,NAD83,T,M,,,,,,,,Hagerman,Chaves,NM,LocationNotes_63453ba9,,,WLReportNote_8f130157,ChemistryReportNote_0187137c,-17388.0,8332.0,,463527100,20574,33.16406028306307,-104.49272258864866,0x000000002C39FFC8,0,,13
B8B7F052-793C-468F-A172-045C4F10374A,2015-01-27 00:00:00.000,NM-06103,SiteNames_59507bef,SiteID_49fc1d03,AlternateSiteID_5ce57898,AlternateSiteID2_2788856f,,U,0,GW,0,1,0,0.0,0.0,0.0,0.0,,241137.0,3593822.0,NAD83,CoordinateNotes_a344cfe4,4222.0,5.0,M,NGVD29,,,NAD83,T,M,,,,,,,,Carne,Luna,NM,LocationNotes_63453ba9,,,WLReportNote_8f130157,ChemistryReportNote_0187137c,-16474.0,16222.0,,463527100,27472,32.45512042414415,-107.72288403441442,0x000000002C39FFC9,0,,13
F4EF7046-5307-4E72-95FD-045D1CFD82C5,2016-02-16 00:00:00.000,CX-0080,SiteNames_14e2ee6c,SiteID_38a98847,AlternateSiteID_39aea40f,AlternateSiteID2_2788856f,,U,0,GW,0,0,1,0.0,0.0,0.0,0.0,,553041.0,4000614.0,NAD83,CoordinateNotes_b442fca5,6130.0,,R,,,,NAD27,,R,24.0,N,25.0,E,16.0,,,Abbott,Colfax,NM,LocationNotes_63453ba9,,,WLReportNote_8f130157,ChemistryReportNote_0187137c,-11052.0,-17726.0,,,34561,,,0x000000002C39FFCA,1,,13
8254F1D4-D7A5-4036-AF5B-045DAD6B96AF,2015-01-27 00:00:00.000,NM-24766,SiteNames_8b1434bc,SiteID_676af696,AlternateSiteID_5ce57898,AlternateSiteID2_2788856f,,U,0,GW,0,1,0,0.0,0.0,0.0,0.0,,411633.0,3953796.0,NAD83,CoordinateNotes_e901e9de,7540.0,,U,NGVD29,,,NAD83,T,M,,,,,,,,Santa Fe,Santa Fe,NM,LocationNotes_63453ba9,,,WLReportNote_8f130157,ChemistryReportNote_0187137c,-6306.0,9116.0,,,20787,35.72465837612613,-105.9632200808108,0x000000002C39FFCB,0,,13
6372CBCD-2936-437F-BDE9-045F161606E1,2016-02-16 00:00:00.000,ED-0126,SiteNames_14e2ee6c,SiteID_38a98847,AlternateSiteID_88d8f14c,AlternateSiteID2_2788856f,,U,0,GW,0,1,0,0.0,0.0,0.0,0.0,,574501.0,3593802.0,NAD83,CoordinateNotes_6294849d,3180.0,,R,,,,NAD27,,R,21.0,S,27.0,E,1.42,,,Angel Draw,Eddy,NM,LocationNotes_63453ba9,,,WLReportNote_8f130157,ChemistryReportNote_0187137c,-6626.0,-3688.0,,,34793,,,0x000000002C39FFCC,1,,13
A5E64520-E33F-4239-913C-046272D8D5D0,2015-01-27 00:00:00.000,NM-04802,SiteNames_323b649e,SiteID_ae53603e,AlternateSiteID_5ce57898,AlternateSiteID2_2788856f,,U,0,GW,0,1,0,0.0,0.0,0.0,0.0,,237563.0,3559000.0,NAD83,CoordinateNotes_817c4281,4263.0,,U,NGVD29,,,NAD83,T,M,,,,,,,,Bowlin Ranch,Luna,NM,LocationNotes_63453ba9,,,WLReportNote_8f130157,ChemistryReportNote_0187137c,1872.0,770.0,,463527100,19667,32.13647207693694,-107.78483153513514,0x000000002C39FFCD,0,,13
49D67A94-921D-4A45-AA45-0463E862FA2B,2015-01-27 00:00:00.000,NM-12794,SiteNames_bef0d18c,SiteID_5cbd2757,AlternateSiteID_5ce57898,AlternateSiteID2_2788856f,,U,0,GW,0,1,0,0.0,0.0,0.0,0.0,,614159.0,3689692.0,NAD83,CoordinateNotes_86b190e3,4344.4,10.0,M,NGVD29,,,NAD83,S,M,,,,,,,,Soldier Hill,Lea,NM,LocationNotes_63453ba9,,,WLReportNote_8f130157,ChemistryReportNote_0187137c,-7390.0,8132.0,,463527100,10105,33.33948372126127,-103.76153066657658,0x000000002C39FFCE,0,,13
2E644A1E-AB1A-4434-85FD-046486F4AC2F,2015-10-28 00:00:00.000,SD-0325,SiteNames_679f95ee,SiteID_38a98847,AlternateSiteID_bfa92e1e,AlternateSiteID2_2788856f,,U,0,GW,0,1,0,0.0,0.0,0.0,0.0,,365155.0,3902026.0,NAD83,CoordinateNotes_79920d25,5820.8,3.3,N,NAVD88,,,NAD27,,,13.0,N,5.0,E,,,,Placitas,Sandoval,NM,LocationNotes_63453ba9,,,WLReportNote_8f130157,ChemistryReportNote_0187137c,-4698.0,-6834.0,,,32931,,,0x000000002C39FFCF,1,,13
499E63CB-F3EF-4369-9E7A-04652458E540,2015-01-27 00:00:00.000,NM-07703,SiteNames_7757dd94,SiteID_333dff40,AlternateSiteID_5ce57898,AlternateSiteID2_2788856f,,U,0,GW,0,1,0,0.0,0.0,0.0,0.0,,189416.0,3609238.0,NAD83,CoordinateNotes_91d8e078,5519.0,10.0,M,NGVD29,,,NAD83,T,M,,,,,,,,White Signal,Grant,NM,LocationNotes_63453ba9,,,WLReportNote_8f130157,ChemistryReportNote_0187137c,-5188.0,-1742.0,,463527100,12753,32.57855239630631,-108.30039627873872,0x000000002C39FFD0,0,,13
674B43B3-1531-4A9D-AAAB-0465DDB51198,2012-08-16 00:00:00.000,QU-043,SiteNames_1e428f09,SiteID_38a98847,AlternateSiteID_5ce57898,AlternateSiteID2_2788856f,2012-07-30 00:00:00.000,C,0,GW,0,1,0,0.0,0.0,0.0,0.0,,439861.0,4064737.0,NAD83,CoordinateNotes_5a57b500,7716.63,3.3,N,NAVD88,,,NAD27,,G,,,,,,,,Questa,TAOS,NM,LocationNotes_e826a47e,,,WLReportNote_8f130157,ChemistryReportNote_0187137c,-7500.0,-2294.0,Questa Red River,,2843,,,0x000000002C39FFD1,1,,13
FD3A8282-C632-4096-9FF7-04663B215021,2015-01-27 00:00:00.000,NM-16875,SiteNames_79d5fcfe,SiteID_cccd1345,AlternateSiteID_5ce57898,AlternateSiteID2_2788856f,,U,0,GW,0,1,0,0.0,0.0,0.0,0.0,,629466.0,3767864.0,NAD83,CoordinateNotes_c5240647,4118.2,5.0,M,NGVD29,,,NAD83,S,M,,,,,,,,Floyd,Roosevelt,NM,LocationNotes_63453ba9,,,WLReportNote_8f130157,ChemistryReportNote_0187137c,-7412.0,-11986.0,,463527100,21624,34.042655018018024,-103.58201030477478,0x000000002C39FFD2,0,,13
D600AFD5-55BB-4EC6-9F11-0467CD581CC8,2015-01-27 00:00:00.000,NM-26213,,SiteID_e4d26900,AlternateSiteID_5ce57898,AlternateSiteID2_2788856f,,U,0,GW,0,1,0,0.0,0.0,0.0,0.0,,678696.0,4016928.0,NAD83,CoordinateNotes_042c55c6,4907.0,,U,NGVD29,,,NAD83,U,M,,,,,,,,Clayton,Union,NM,LocationNotes_63453ba9,,,WLReportNote_8f130157,ChemistryReportNote_0187137c,12440.0,-15422.0,,407,22960,36.283034733063054,-103.03341914792792,0x000000002C39FFD3,0,,13
653F7300-0368-497F-8574-0467DD65156D,2015-01-27 00:00:00.000,NM-16015,SiteNames_a6b067de,SiteID_b158455b,AlternateSiteID_5ce57898,AlternateSiteID2_2788856f,,U,0,GW,0,1,0,0.0,0.0,0.0,0.0,,659754.0,3746326.0,NAD83,CoordinateNotes_844b3190,4302.0,5.0,M,NGVD29,,,NAD83,R,M,,,,,,,,Dora,Roosevelt,NM,LocationNotes_63453ba9,,,WLReportNote_8f130157,ChemistryReportNote_0187137c,1082.0,-11034.0,,463527100,8845,33.84540428459459,-103.27325897225224,0x000000002C39FFD4,0,,13
27E024A6-B1F1-42A7-A215-0469E5B6D9F6,2004-02-13 00:00:00.000,EB-307,SiteNames_a0587982,SiteID_a52b45d6,AlternateSiteID_5ce57898,AlternateSiteID2_2788856f,2004-01-09 00:00:00.000,C,0,GW,0,1,1,0.0,0.0,0.0,0.0,,418256.0,3917868.0,NAD83,CoordinateNotes_5a57b500,5967.91,3.3,N,NAVD88,353406.2526486487,1060710.264522639,NAD27,5,G,16.0,N,8.0,E,32.3413,,,Turquoise Hill,SANTA FE,NM,LocationNotes_1655e863,,,WLReportNote_8f130157,ChemistryReportNote_0187137c,19768.0,-18798.0,Espanola Basin,,1109,,,0x000000002C39FFD5,1,,13
C0871527-A70A-474A-B4DD-046AF9D6D702,2014-10-17 00:00:00.000,NM-03517,SiteNames_d4c8913d,SiteID_8ea45c86,AlternateSiteID_5ce57898,AlternateSiteID2_2788856f,,U,0,GW,0,1,0,0.0,0.0,0.0,0.0,,389834.0,3921952.0,NAD83,CoordinateNotes_de272cbf,5284.0,10.0,M,NGVD29,353638.82272072067,1062110.769551271,NAD27,T,M,16.0,N,6.0,E,18.3343,,,Santo Domingo Pueblo,SANDOVAL,NM,LocationNotes_63453ba9,,,WLReportNote_8f130157,ChemistryReportNote_0187137c,12384.0,-19678.0,,463527100,5225,35.43358503072072,-106.58353083860648,0x000000002C39FFD6,0,,13
F21A113D-DAC6-4C95-B919-0470D269FF71,2015-01-27 00:00:00.000,NM-12495,SiteNames_0dbbb04a,SiteID_e0a75000,AlternateSiteID_5ce57898,AlternateSiteID2_2788856f,,U,0,GW,0,1,0,0.0,0.0,0.0,0.0,,682602.0,3696118.0,NAD83,CoordinateNotes_7bd840e7,3912.0,2.5,M,NGVD29,,,NAD83,S,M,,,,,,,,Prairieview NW,Lea,NM,LocationNotes_63453ba9,,,WLReportNote_8f130157,ChemistryReportNote_0187137c,17768.0,19838.0,,463527100,23978,33.39161074072072,-103.07126464792792,0x000000002C39FFD7,0,,13
857C765A-4114-4651-88EC-047208C7BE6E,2015-07-15 00:00:00.000,MI-0074,SiteNames_1e54542d,SiteID_38a98847,AlternateSiteID_5ce57898,AlternateSiteID2_2788856f,,U,0,GW,0,0,0,0.0,0.0,0.0,0.0,,468470.0,3919434.0,NAD83,CoordinateNotes_97b32636,6582.67,3.3,N,NAVD88,,,NAD27,,R,14.0,N,13.0,E,22.4,,,North San Ysidro,San Miguel,NM,LocationNotes_df06fe51,,,WLReportNote_8f130157,ChemistryReportNote_0187137c,18308.0,-812.0,,,31180,,,0x000000002C39FFD8,1,,13
D2681B6A-0FF9-42FE-B36F-04733ADB17E7,2014-10-17 00:00:00.000,NM-02467,SiteNames_9622c8fa,SiteID_bc43424f,AlternateSiteID_5ce57898,AlternateSiteID2_2788856f,,U,0,GW,0,1,0,0.0,0.0,0.0,0.0,,582074.0,3615190.0,NAD83,CoordinateNotes_ab4ff66f,3217.0,,U,NGVD29,323336.1121621622,1041737.2540252564,NAD27,T,M,20.0,S,27.0,E,21.31112,,,Lake McMillan South,EDDY,NM,LocationNotes_63453ba9,,,WLReportNote_8f130157,ChemistryReportNote_0187137c,15756.0,12450.0,,463527100,5705,32.672278262162166,-104.03954077355996,0x000000002C39FFD9,0,,13
04B0CC43-AEB6-C048-B366-04771DA1BB6C,2019-09-16 13:15:18.000,NM-28361,SiteNames_98ae9bfd,SiteID_38a98847,AlternateSiteID_5ce57898,AlternateSiteID2_2788856f,2019-09-04 00:00:00.000,C,0,GW,0,0,0,0.0,0.0,0.0,1.0,,192613.0,3632968.0,NAD83,CoordinateNotes_a74c7cba,6518.728,3.3,N,NAVD88,,,NAD27,5m,G,,,,,,,,Santa Rita Mine,Grant,NM,LocationNotes_8f1f3020,,,WLReportNote_8f130157,ChemistryReportNote_0187137c,-17106.0,-2262.0,,,38347,,,0x000000002C39FFDA,0,,13
982E5DAC-D201-4CAD-805C-04775F007BA3,2015-01-27 00:00:00.000,NM-10767,SiteNames_6c9a92cc,SiteID_dc0b66f5,AlternateSiteID_5ce57898,AlternateSiteID2_2788856f,,U,0,GW,0,1,0,0.0,0.0,0.0,0.0,,613881.0,3659214.0,NAD83,CoordinateNotes_b644057d,4267.0,2.5,M,NGVD29,,,NAD83,S,M,,,,,,,,Buckeye NW,Lea,NM,LocationNotes_63453ba9,,,WLReportNote_8f130157,ChemistryReportNote_0187137c,-7926.0,10914.0,,463527100,12486,33.06455424432433,-103.76802285540542,0x000000002C39FFDB,0,,13
BDA9867B-2B2A-4DD7-8D10-0477BA72C33E,2016-02-16 00:00:00.000,CX-0068,SiteNames_14e2ee6c,SiteID_38a98847,AlternateSiteID_4c0717bb,AlternateSiteID2_2788856f,,U,0,GW,0,1,0,0.0,0.0,0.0,0.0,,577346.0,4036398.0,NAD83,CoordinateNotes_b442fca5,6170.0,,R,,,,NAD27,,R,25.0,N,26.0,E,9.43,,,Point of Rocks Mesa,Colfax,NM,LocationNotes_63453ba9,,,WLReportNote_8f130157,ChemistryReportNote_0187137c,3506.0,6748.0,,,34549,,,0x000000002C39FFDC,1,,13
8F0D3788-F39C-4A1C-BA78-0477C3AF1B6C,2015-01-27 00:00:00.000,NM-06797,SiteNames_d70d309f,SiteID_d4af9d3b,AlternateSiteID_5ce57898,AlternateSiteID2_2788856f,,U,0,GW,0,1,0,0.0,0.0,0.0,0.0,,678389.0,3570344.0,NAD83,CoordinateNotes_c4ba1602,3367.4,,U,NGVD29,,,NAD83,T,M,,,,,,,,Eunice,Lea,NM,LocationNotes_63453ba9,,,WLReportNote_8f130157,ChemistryReportNote_0187137c,2468.0,-19706.0,,463527100,10822,32.256199388468474,-103.10656701576576,0x000000002C39FFDD,0,,13
10B5B3A6-2ADA-4482-9668-047CCE9323D0,2019-10-08 00:00:00.000,SB-0065,SiteNames_14e2ee6c,SiteID_38a98847,AlternateSiteID_538d20e4,AlternateSiteID2_2788856f,,U,0,GW,0,1,0,0.0,0.0,0.0,0.0,,500465.0,3503797.0,NAD83,CoordinateNotes_4add0549,3703.0,,R,,,,NAD27,,R,,,,,,,,,Hudspeth,TX,LocationNotes_63453ba9,,,WLReportNote_8f130157,ChemistryReportNote_0187137c,-5508.0,-7422.0,,,38419,31.669524135135138,-104.9865666216216,0x000000002C39FFDE,0,,13
A007C802-48DD-4400-A1B5-047E578294BD,2015-01-27 00:00:00.000,NM-11570,SiteNames_31d8fe11,SiteID_5a04cddd,AlternateSiteID_5ce57898,AlternateSiteID2_2788856f,,U,0,GW,0,1,0,0.0,0.0,0.0,0.0,,562858.0,3667226.0,NAD83,CoordinateNotes_dda046fa,3485.0,,U,NGVD29,,,NAD83,T,M,,,,,,,,Hagerman,Chaves,NM,LocationNotes_63453ba9,,,WLReportNote_8f130157,ChemistryReportNote_0187137c,4108.0,6666.0,,463527100,27541,33.14210679405405,-104.333509940991,0x000000002C39FFDF,0,,13
3E829319-7844-4979-8707-047F508E70AA,2015-01-27 00:00:00.000,NM-07917,SiteNames_687d8d41,SiteID_bad33b7c,AlternateSiteID_5ce57898,AlternateSiteID2_2788856f,,U,0,GW,0,1,0,0.0,0.0,0.0,0.0,,675194.0,3622674.0,NAD83,CoordinateNotes_19d05c7c,3601.0,,U,NGVD29,,,NAD83,T,M,,,,,,,,Hobbs SW,Lea,NM,LocationNotes_63453ba9,,,WLReportNote_8f130157,ChemistryReportNote_0187137c,6082.0,11634.0,,463527100,28522,32.728817840810805,-103.1426312672072,0x000000002C39FFE0,0,,13
F910C7CB-B1A3-49E4-93FF-04805D0BEC65,2014-10-01 00:00:00.000,NM-01189,SiteNames_14e2ee6c,SiteID_3845f289,AlternateSiteID_5ce57898,AlternateSiteID2_2788856f,,U,0,GW,0,1,0,0.0,0.0,0.0,0.0,,188726.0,3876428.0,NAD83,CoordinateNotes_24dbb2e9,7143.0,5.0,M,NGVD29,350230.94160360366,1082228.953105166,NAD83,R,G,9.0,N,15.0,W,1.123,,,Togeye Lake,CIBOLA,NM,LocationNotes_63453ba9,,,WLReportNote_8f130157,ChemistryReportNote_0187137c,736046.0,3874368.0,,,6766,34.98357582360361,-108.42170039415254,0x000000002C39FFE1,0,,13
053FA347-F619-4FC3-951C-04823ECA5A5C,2015-01-27 00:00:00.000,NM-11223,,SiteID_aa440b1e,AlternateSiteID_5ce57898,AlternateSiteID2_2788856f,,U,0,GW,0,1,0,0.0,0.0,0.0,0.0,,291676.0,3654308.0,NAD83,CoordinateNotes_ea5bcf2e,4278.0,10.0,M,NGVD29,,,NAD83,F,M,,,,,,,,Williamsburg,Sierra,NM,LocationNotes_63453ba9,,,WLReportNote_8f130157,ChemistryReportNote_0187137c,7034.0,-2522.0,,,11764,33.005961249279274,-107.2424899706306,0x000000002C39FFE2,0,,13
4DC4974C-4784-4035-873D-0483C5C5CC6E,2016-04-26 00:00:00.000,SA-0408,SiteNames_14e2ee6c,SiteID_38a98847,AlternateSiteID_ad376db3,AlternateSiteID2_2788856f,,U,0,GW,0,0,1,0.0,0.0,0.0,0.0,,211736.0,3771446.0,NAD83,CoordinateNotes_e21b76d0,6935.0,,R,,,,NAD27,,R,4.0,S,12.0,W,12.41,,,Horse Mountain East,Catron,NM,LocationNotes_63453ba9,,,WLReportNote_8f130157,ChemistryReportNote_0187137c,-7270.0,7986.0,,,35878,,,0x000000002C39FFE3,1,,13
475984BA-7B6F-4365-8679-0483E4DC2409,2015-07-15 00:00:00.000,MI-0153,SiteNames_82c374a2,SiteID_38a98847,AlternateSiteID_5ce57898,AlternateSiteID2_2788856f,,U,0,GW,0,1,0,0.0,0.0,0.0,0.0,,531560.0,3946045.0,NAD83,CoordinateNotes_97b32636,5400.57,3.3,N,NAVD88,,,NAD27,,R,15.0,N,22.0,E,19.3,,,Trujillo,San Miguel,NM,LocationNotes_944a5fbe,,,WLReportNote_8f130157,ChemistryReportNote_0187137c,-138.0,16436.0,,,31259,,,0x000000002C39FFE4,1,,13
A2423B78-6192-426F-907D-0485856FE030,2015-01-27 00:00:00.000,NM-09623,SiteNames_11819cea,SiteID_ccea034e,AlternateSiteID_5ce57898,AlternateSiteID2_2788856f,,U,0,GW,0,1,0,0.0,0.0,0.0,0.0,,214170.0,3653156.0,NAD83,CoordinateNotes_6c4498c1,6405.0,12.0,M,NGVD29,,,NAD83,T,M,,,,,,,,Santa Rita Mine,Grant,NM,LocationNotes_63453ba9,,,WLReportNote_8f130157,ChemistryReportNote_0187137c,2582.0,17426.0,,463527100,27316,32.97873279099099,-108.05733628873872,0x000000002C39FFE5,0,,13
F073016F-0DFE-42EB-9A4D-0487D16D3766,2015-01-27 00:00:00.000,NM-12357,SiteNames_fdf61ca8,SiteID_e896b3d4,AlternateSiteID_5ce57898,AlternateSiteID2_2788856f,,U,0,GW,0,1,0,0.0,0.0,0.0,0.0,,657843.0,3659902.0,NAD83,CoordinateNotes_95d28127,4011.0,2.5,M,NGVD29,,,NAD83,S,M,,,,,,,,Tatum South,Lea,NM,LocationNotes_63453ba9,,,WLReportNote_8f130157,ChemistryReportNote_0187137c,4340.0,-13918.0,,463527100,22500,33.06694881261261,-103.3141837409009,0x000000002C39FFE6,0,,13
F03EF2B6-8C0F-453A-B5F9-04880BCAB857,2015-01-27 00:00:00.000,NM-20276,SiteNames_dae5d268,SiteID_fc3c0192,AlternateSiteID_5ce57898,AlternateSiteID2_2788856f,,U,0,GW,0,1,0,0.0,0.0,0.0,0.0,,599858.0,3860356.0,NAD83,CoordinateNotes_1f47dc1d,4738.0,,U,NGVD29,,,NAD83,S,M,,,,,,,,McAlister,Quay,NM,LocationNotes_63453ba9,,,WLReportNote_8f130157,ChemistryReportNote_0187137c,-6554.0,19246.0,,13,12002,34.87984178738739,-103.89706578504506,0x000000002C39FFE7,0,,13
5C601AF8-8437-41A9-81B1-048A3596BD19,2015-11-11 00:00:00.000,BW-0546,SiteNames_14e2ee6c,SiteID_38a98847,AlternateSiteID_7dffcf46,AlternateSiteID2_2788856f,,M,0,GW,0,0,1,0.0,0.0,0.0,0.0,,413623.0,3646838.0,NAD83,CoordinateNotes_fce4e842,4092.6,3.3,N,NAVD88,,,NAD27,,R,18.0,S,9.0,E,1.2,,,Alamogordo South,Otero,NM,LocationNotes_cd37213c,,,WLReportNote_8f130157,ChemistryReportNote_0187137c,4188.0,19408.0,,,33735,,,0x000000002C39FFE8,1,,13
BE62F39B-43D8-4301-AAC9-048CD181282A,2015-01-27 00:00:00.000,NM-19045,SiteNames_4d884aa7,SiteID_17cea67e,AlternateSiteID_5ce57898,AlternateSiteID2_2788856f,,U,0,GW,0,1,0,0.0,0.0,0.0,0.0,,538653.0,3803686.0,NAD83,CoordinateNotes_c1808b71,4519.0,,U,NGVD29,,,NAD83,T,M,,,,,,,,Ricardo,De Baca,NM,LocationNotes_63453ba9,,,WLReportNote_8f130157,ChemistryReportNote_0187137c,-14986.0,-12594.0,,463527100,26130,34.373274530540534,-104.550821459009,0x000000002C39FFE9,0,,13
7068F97C-F192-454B-AC4B-048E27A11CA7,2015-01-27 00:00:00.000,NM-21892,SiteNames_d5c3d83e,SiteID_b0e4cb83,AlternateSiteID_5ce57898,AlternateSiteID2_2788856f,,U,0,GW,0,1,0,0.0,0.0,0.0,0.0,,357489.0,3871048.0,NAD83,CoordinateNotes_c4e52ec2,6010.0,20.0,M,NGVD29,,,NAD83,S,M,,,,,,,,Tijeras,Bernalillo,NM,LocationNotes_63453ba9,,,WLReportNote_8f130157,ChemistryReportNote_0187137c,-11590.0,-10432.0,,463524800,19925,34.97356540801802,-106.5402710244144,0x000000002C39FFEA,0,,13
C347BAD7-F0C5-460F-8CAA-048E78EACD16,2015-01-27 00:00:00.000,NM-23030,,SiteID_1ea41179,AlternateSiteID_5ce57898,AlternateSiteID2_2788856f,,U,0,GW,0,1,0,0.0,0.0,0.0,0.0,,391735.0,3875808.0,NAD83,CoordinateNotes_f86eaf29,6332.0,10.0,M,NGVD29,,,NAD83,F,M,,,,,,,,King Draw,Santa Fe,NM,LocationNotes_63453ba9,,,WLReportNote_8f130157,ChemistryReportNote_0187137c,-16786.0,-18282.0,,,9236,35.0208974272973,-106.15596926522524,0x000000002C39FFEB,0,,13
4EC246E4-EC32-4192-81DF-0490CF182BFE,2014-10-01 00:00:00.000,NM-01500,SiteNames_14e2ee6c,SiteID_c1999a48,AlternateSiteID_5ce57898,AlternateSiteID2_2788856f,,U,0,GW,0,1,0,0.0,0.0,0.0,0.0,,505227.0,3957722.0,NAD83,CoordinateNotes_4b74c72f,6525.0,5.0,M,NAVD88,354419.0249729729,1050139.9303138424,NAD83,1,D,,,,,,,,Onava,SAN MIGUEL,NM,LocationNotes_63453ba9,,,WLReportNote_8f130157,ChemistryReportNote_0187137c,7734.0,2772.0,,2,2194,35.76352853297298,-105.09740837752008,0x000000002C39FFEC,0,,13
DF4D18C8-5D14-47F8-8DC4-049315BF951B,2015-01-27 00:00:00.000,NM-04377,SiteNames_9bf56756,SiteID_6d3391b0,AlternateSiteID_5ce57898,AlternateSiteID2_2788856f,,U,0,GW,0,1,0,0.0,0.0,0.0,0.0,,592629.0,3534510.0,NAD83,CoordinateNotes_5de1beda,3060.2,,U,NGVD29,,,NAD83,T,M,,,,,,,,Red Bluff,Eddy,NM,LocationNotes_63453ba9,,,WLReportNote_8f130157,ChemistryReportNote_0187137c,7860.0,-10910.0,,463527100,13545,31.943501841711715,-104.0313439491892,0x000000002C39FFED,0,,13
11C794AE-3A82-4E83-A582-0494D7067EC9,2019-10-08 00:00:00.000,SB-0671,SiteNames_14e2ee6c,SiteID_38a98847,AlternateSiteID_a507231e,AlternateSiteID2_2788856f,,U,0,GW,0,0,1,0.0,0.0,0.0,0.0,,386712.0,3515360.0,NAD83,CoordinateNotes_4add0549,4023.0,,R,,,,NAD27,,R,,,,,,,,,El Paso,TX,LocationNotes_63453ba9,,,WLReportNote_8f130157,ChemistryReportNote_0187137c,-110.0,-5624.0,,,39025,31.768222333333338,-106.196824990991,0x000000002C39FFEE,0,,13
14E72222-CDC7-4DE8-A8D6-0497863570F5,2015-01-27 00:00:00.000,NM-24736,SiteNames_51ac96d0,SiteID_2492c1b0,AlternateSiteID_5ce57898,AlternateSiteID2_2788856f,,U,0,GW,0,1,0,0.0,0.0,0.0,0.0,,390635.0,3950640.0,NAD83,CoordinateNotes_7c811c55,6605.0,10.0,M,NGVD29,,,NAD83,S,M,,,,,,,,Agua Fria,Santa Fe,NM,LocationNotes_63453ba9,,,WLReportNote_8f130157,ChemistryReportNote_0187137c,-18648.0,6340.0,,,28220,35.69548204711712,-106.16996655,0x000000002C39FFEF,0,,13
408025CC-9C56-4A17-AF17-049797A0D4EB,2015-09-28 00:00:00.000,QY-1030,SiteNames_06abdeeb,SiteID_38a98847,AlternateSiteID_5c17598a,AlternateSiteID2_2788856f,,U,0,SP,0,0,0,1.0,0.0,0.0,0.0,,611636.0,3896910.0,NAD83,CoordinateNotes_514b3639,3920.0,10.0,R,,,,NAD27,,R,12.0,N,32.0,E,6.213,,,Hudson,Quay,NM,LocationNotes_63453ba9,,,WLReportNote_8f130157,ChemistryReportNote_0187137c,-16978.0,-10320.0,,,32101,,,0x000000002C39FFF0,1,,13
2E85D620-0F77-403C-A171-0498F9845F3F,2019-10-08 00:00:00.000,SB-0614,SiteNames_14e2ee6c,SiteID_38a98847,AlternateSiteID_52addfa0,AlternateSiteID2_2788856f,,U,0,GW,0,1,1,0.0,0.0,0.0,0.0,,511978.0,3427439.0,NAD83,CoordinateNotes_4add0549,4490.0,,R,,,,NAD27,,R,,,,,,,,,Hudspeth,TX,LocationNotes_63453ba9,,,WLReportNote_8f130157,ChemistryReportNote_0187137c,14204.0,-10660.0,,,38968,30.980630963963968,-104.89536903603604,0x000000002C39FFF1,0,,13
D4AD69D7-E123-444D-9394-049976FA98FA,2015-01-27 00:00:00.000,NM-22077,SiteNames_a4c25d02,SiteID_74edb0eb,AlternateSiteID_5ce57898,AlternateSiteID2_2788856f,,U,0,GW,0,1,0,0.0,0.0,0.0,0.0,,332331.0,3875340.0,NAD83,CoordinateNotes_f494daaf,5026.0,5.0,R,NGVD29,,,NAD83,1,G,,,,,,,,Albuquerque West,Bernalillo,NM,LocationNotes_63453ba9,,,WLReportNote_8f130157,ChemistryReportNote_0187137c,-18376.0,-8430.0,,,9398,35.00969294405405,-106.80324398954956,0x000000002C39FFF2,0,,13
80DB8A41-D012-4AA0-B0FC-04997EF6A007,2015-01-27 00:00:00.000,NM-25613,SiteNames_4684c886,SiteID_ba6fe3b1,AlternateSiteID_5ce57898,AlternateSiteID2_2788856f,,U,0,GW,0,1,0,0.0,0.0,0.0,0.0,,417454.0,3985710.0,NAD83,CoordinateNotes_825b7db2,5590.0,10.0,M,NGVD29,,,NAD83,S,M,,,,,,,,Espanola,Rio Arriba,NM,LocationNotes_63453ba9,,,WLReportNote_8f130157,ChemistryReportNote_0187137c,14756.0,2110.0,,,11923,36.010976789009014,-105.94653098306306,0x000000002C39FFF3,0,,13
1AB5BC1C-C8CD-40EE-AA6E-049B24F9607E,2015-01-27 00:00:00.000,NM-15244,SiteNames_e787413b,SiteID_00932f8f,AlternateSiteID_5ce57898,AlternateSiteID2_2788856f,,U,0,GW,0,1,0,0.0,0.0,0.0,0.0,,675553.0,3747064.0,NAD83,CoordinateNotes_af46fad5,4022.3,2.5,M,NGVD29,,,NAD83,S,M,,,,,,,,Garrison,Roosevelt,NM,LocationNotes_63453ba9,,,WLReportNote_8f130157,ChemistryReportNote_0187137c,4826.0,8844.0,,463527100,14755,33.85004824567567,-103.11285801252254,0x000000002C39FFF4,0,,13
76382394-96E2-4A31-A8BE-049BAE23254C,2015-01-27 00:00:00.000,NM-23663,SiteNames_438a6a00,SiteID_6ed6ef5f,AlternateSiteID_5ce57898,AlternateSiteID2_2788856f,,U,0,GW,0,1,0,0.0,0.0,0.0,0.0,,218736.0,3896544.0,NAD83,CoordinateNotes_653786fb,7590.34,8.0,N,NAVD88,,,NAD83,T,M,,,,,,,,Cottonwood Canyon,McKinley,NM,LocationNotes_63453ba9,,,WLReportNote_8f130157,ChemistryReportNote_0187137c,15930.0,-18156.0,,463510500,14969,35.16785010243243,-108.1259999364865,0x000000002C39FFF5,0,,13
FFBF1EA8-3FA6-434A-BFEB-049D412633AF,2015-01-27 00:00:00.000,NM-20497,SiteNames_8b1434bc,SiteID_9a8eb5ed,AlternateSiteID_5ce57898,AlternateSiteID2_2788856f,,U,0,GW,0,1,0,0.0,0.0,0.0,0.0,,413977.0,3859440.0,NAD83,CoordinateNotes_fa41ff03,6113.0,5.0,M,NGVD29,,,NAD83,T,M,,,,,,,,Lobo Hill SE,Torrance,NM,LocationNotes_63453ba9,,,WLReportNote_8f130157,ChemistryReportNote_0187137c,-8046.0,13540.0,,18,24873,34.87426666198199,-105.9244443364865,0x000000002C39FFF6,0,,13
3C962801-E415-424D-858F-04A059C74F4C,2015-01-27 00:00:00.000,NM-25825,SiteNames_4e1a9261,SiteID_b393a1e5,AlternateSiteID_5ce57898,AlternateSiteID2_2788856f,,U,0,GW,0,1,0,0.0,0.0,0.0,0.0,,262837.0,4003456.0,NAD83,CoordinateNotes_64625d8e,6580.0,10.0,M,NGVD29,,,NAD83,S,M,,,,,,,,Kimbeto,San Juan,NM,LocationNotes_63453ba9,,,WLReportNote_8f130157,ChemistryReportNote_0187137c,12544.0,1646.0,,463542300,17898,36.143732398828824,-107.661771340991,0x000000002C39FFF7,0,,13
399FFB07-0DAA-4B9F-B748-04A1AA4DA76D,2014-10-01 00:00:00.000,NM-00786,SiteNames_74eb2445,SiteID_ca902679,AlternateSiteID_5ce57898,AlternateSiteID2_2788856f,,U,0,GW,0,1,0,0.0,0.0,0.0,0.0,,436074.0,3703440.0,NAD83,CoordinateNotes_52a77255,6995.0,,U,NGVD29,332947.9718918919,1054024.9801544596,NAD83,T,M,9.0,S,13.0,E,27.31141,,,Angus,LINCOLN,NM,LocationNotes_63453ba9,,,WLReportNote_8f130157,ChemistryReportNote_0187137c,-1356.0,-3120.0,,463527100,1572,33.468636831891885,-105.69344080039971,0x000000002C39FFF8,0,,13
502D7022-4970-4E71-8BBA-04A28EA4B5E4,2014-04-03 00:00:00.000,EB-078,SiteNames_0ec347db,SiteID_38a98847,AlternateSiteID_5ce57898,AlternateSiteID2_2788856f,,U,0,GW,0,1,0,0.0,1.0,0.0,0.0,,407658.0,3940364.0,NAD83,CoordinateNotes_5a57b500,6934.82,3.3,N,NAVD88,354534.8536396397,1055704.897939479,NAD27,S,G,18.0,N,9.0,E,26.4142,,,Tesuque,SANTA FE,NM,LocationNotes_dd72679c,,,WLReportNote_8f130157,ChemistryReportNote_0187137c,-6282.0,-17356.0,Espanola Basin,,2242,,,0x000000002C39FFF9,1,,13
ADAA4959-5259-4090-B946-04A3B8FA8D39,2014-06-10 00:00:00.000,AS-056,SiteNames_a2e884ea,SiteID_38a98847,AlternateSiteID_92bb9875,AlternateSiteID2_2788856f,,U,0,GW,0,1,0,0.0,0.0,0.0,0.0,,438993.0,4027838.0,NAD83,CoordinateNotes_f234ad65,7364.56,3.3,N,NAVD88,,,NAD27,,G,,,,,,,,Arroyo Seco,TAOS,NM,LocationNotes_63453ba9,,,WLReportNote_8f130157,ChemistryReportNote_0187137c,-5248.0,-13912.0,Arroyo Seco,,4700,,,0x000000002C39FFFA,1,,13
233E9684-1FC5-4FE8-A851-04A3BA19A3AB,2015-01-27 00:00:00.000,NM-17896,SiteNames_166bbbde,SiteID_eacb49a3,AlternateSiteID_5ce57898,AlternateSiteID2_2788856f,,U,0,GW,0,1,0,0.0,0.0,0.0,0.0,,615889.0,3787094.0,NAD83,CoordinateNotes_68576647,4439.3,5.0,M,NGVD29,,,NAD83,S,M,,,,,,,,Tolar SW,Roosevelt,NM,LocationNotes_63453ba9,,,WLReportNote_8f130157,ChemistryReportNote_0187137c,15028.0,-9866.0,,463527100,13922,34.220080207117114,-103.7684671426126,0x000000002C39FFFB,0,,13
F5FEFA77-EDE5-4ABD-A085-04A3DA2EEB9A,2015-09-14 00:00:00.000,AR-0095,SiteNames_38d1bd0e,SiteID_38a98847,AlternateSiteID_5ce57898,AlternateSiteID2_2788856f,2015-08-19 00:00:00.000,C,0,GW,0,1,0,0.0,0.0,0.0,0.0,,234533.0,4099658.0,NAD83,CoordinateNotes_a08b3890,5755.971,0.52,I,NAVD88,,,NAD27,,G,,,,,,,,Cedar Hill,San Juan,NM,LocationNotes_a1ad2fb1,,,WLReportNote_8f130157,ChemistryReportNote_0187137c,-3894.0,13268.0,,,31531,37.006821531531536,-107.97020108108109,0x000000002C39FFFC,1,,13
F018A595-B608-42C2-AAA1-04A44F153868,2015-01-27 00:00:00.000,NM-12722,SiteNames_440c899c,SiteID_f0f505fe,AlternateSiteID_5ce57898,AlternateSiteID2_2788856f,,U,0,GW,0,1,0,0.0,0.0,0.0,0.0,,658292.0,3688364.0,NAD83,CoordinateNotes_db19d2b7,4130.8,2.5,M,NGVD29,,,NAD83,S,M,,,,,,,,Simanola Valley,Lea,NM,LocationNotes_63453ba9,,,WLReportNote_8f130157,ChemistryReportNote_0187137c,15228.0,7464.0,,463527100,17265,33.32485596324324,-103.3269298708108,0x000000002C39FFFD,0,,13
18A157E5-196C-43E5-88CA-04A76FE3A00D,2016-02-16 00:00:00.000,ED-0317,SiteNames_14e2ee6c,SiteID_38a98847,AlternateSiteID_db34330f,AlternateSiteID2_2788856f,,U,0,GW,0,1,0,0.0,0.0,0.0,0.0,,579660.0,3566650.0,NAD83,CoordinateNotes_6294849d,3101.0,,R,,,,NAD27,,R,23.0,S,28.0,E,29.411,,,Loving,Eddy,NM,LocationNotes_63453ba9,,,WLReportNote_8f130157,ChemistryReportNote_0187137c,-4412.0,-4540.0,,,34984,,,0x000000002C39FFFE,1,,13
E531FE13-32D9-44BE-960F-04AB567859F9,2015-01-27 00:00:00.000,NM-05562,SiteNames_c944de68,SiteID_08d0e439,AlternateSiteID_5ce57898,AlternateSiteID2_2788856f,,U,0,GW,0,1,0,0.0,0.0,0.0,0.0,,356097.0,3584702.0,NAD83,CoordinateNotes_3cb3f564,3940.0,10.0,M,NGVD29,,,NAD83,U,M,,,,,,,,San Miguel,Dona Ana,NM,LocationNotes_63453ba9,,,WLReportNote_8f130157,ChemistryReportNote_0187137c,17346.0,17072.0,,463510500,20350,32.3875085718018,-106.55511894972972,0x000000002C39FFFF,0,,13
4EFC2B7E-E65F-40E6-836A-04ABC0087B23,2015-01-27 00:00:00.000,NM-18605,,SiteID_0a995027,AlternateSiteID_5ce57898,AlternateSiteID2_2788856f,,U,0,GW,0,1,0,0.0,0.0,0.0,0.0,,495858.0,3789068.0,NAD83,CoordinateNotes_39f3c0e7,5590.0,,U,NGVD29,,,NAD83,U,M,,,,,,,,Duoro,Guadalupe,NM,LocationNotes_63453ba9,,,WLReportNote_8f130157,ChemistryReportNote_0187137c,-6900.0,-19112.0,,,18874,34.242893619819824,-105.03215479216216,0x000000002C3A0001,0,,13
55E45DF9-0CEF-4F21-AFD6-04AD1D2EF5D1,2015-01-27 00:00:00.000,NM-08612,SiteNames_083b7931,SiteID_11e0880e,AlternateSiteID_5ce57898,AlternateSiteID2_2788856f,,U,0,GW,0,1,0,0.0,0.0,0.0,0.0,,553218.0,3609650.0,NAD83,CoordinateNotes_2cf54729,3406.0,,U,NGVD29,,,NAD83,T,M,,,,,,,,Dayton,Eddy,NM,LocationNotes_63453ba9,,,WLReportNote_8f130157,ChemistryReportNote_0187137c,-3870.0,-10840.0,,463527100,24125,32.623011842342336,-104.42566012486486,0x000000002C3A0002,0,,13
5170080C-0101-42D2-A3DE-04AEDBA308C1,2015-01-27 00:00:00.000,NM-20331,SiteNames_961ca0e5,SiteID_a60290f2,AlternateSiteID_5ce57898,AlternateSiteID2_2788856f,,U,0,GW,0,1,0,0.0,0.0,0.0,0.0,,383575.0,3836524.0,NAD83,CoordinateNotes_3134509a,6164.0,,U,NGVD29,,,NAD83,T,M,,,,,,,,Mountainair NE,Torrance,NM,LocationNotes_63453ba9,,,WLReportNote_8f130157,ChemistryReportNote_0187137c,-16362.0,-5716.0,,18,19934,34.6657873845045,-106.2402004054054,0x000000002C3A0003,0,,13
DFB596E8-0488-43F4-A985-04AF97CC2F8E,2015-01-27 00:00:00.000,NM-10502,SiteNames_c6fb0c8d,SiteID_93e4c20a,AlternateSiteID_5ce57898,AlternateSiteID2_2788856f,,U,0,GW,0,1,0,0.0,0.0,0.0,0.0,,153440.0,3646680.0,NAD83,CoordinateNotes_3c8ea08a,5896.0,10.0,M,NGVD29,,,NAD83,F,M,,,,,,,,Crookson Peak,Grant,NM,LocationNotes_63453ba9,,,WLReportNote_8f130157,ChemistryReportNote_0187137c,18308.0,-4110.0,,,13874,32.89748656297298,-108.73679007306308,0x000000002C3A0004,0,,13
2FA13362-5D30-4324-A90F-04B00E6B618B,2015-01-27 00:00:00.000,NM-25579,,SiteID_a751faeb,AlternateSiteID_5ce57898,AlternateSiteID2_2788856f,,U,0,GW,0,1,0,0.0,0.0,0.0,0.0,,404180.0,3984840.0,NAD83,CoordinateNotes_bb29209c,5820.0,10.0,M,NGVD29,,,NAD83,S,M,,,,,,,,Espanola,Santa Fe,NM,LocationNotes_63453ba9,,,WLReportNote_8f130157,ChemistryReportNote_0187137c,-4312.0,2780.0,,,30321,36.00368010504505,-106.05386933684684,0x000000002C3A0005,0,,13
A3E3A99C-F1D3-488F-87D4-04B17BF53E8C,2015-01-27 00:00:00.000,NM-10708,SiteNames_28a08ad9,SiteID_c40230aa,AlternateSiteID_5ce57898,AlternateSiteID2_2788856f,,U,0,GW,0,1,0,0.0,0.0,0.0,0.0,,392103.0,3650436.0,NAD83,CoordinateNotes_7a0a84f1,4180.0,25.0,M,NGVD29,,,NAD83,T,M,,,,,,,,Malone Draw,Otero,NM,LocationNotes_63453ba9,,,WLReportNote_8f130157,ChemistryReportNote_0187137c,-8122.0,3776.0,,,30459,32.98771506801802,-106.14066251117116,0x000000002C3A0006,0,,13
61937437-1258-4124-864C-04B32FD70EB6,2014-10-17 00:00:00.000,NM-03563,SiteNames_dfda2a71,SiteID_bdc7b18c,AlternateSiteID_5ce57898,AlternateSiteID2_2788856f,,U,0,GW,0,1,0,0.0,0.0,0.0,0.0,,393532.0,3989108.0,NAD83,CoordinateNotes_ea559120,5870.0,10.0,M,NGVD29,355433.1328648649,1060134.319546531,NAD27,S,M,19.0,N,9.0,E,6.2311,,,Espanola,SANTA FE,NM,LocationNotes_63453ba9,,,WLReportNote_8f130157,ChemistryReportNote_0187137c,-13878.0,14748.0,,,2702,36.042056764864874,-105.70658738909027,0x000000002C3A0007,0,,13
E8D7650E-25C2-4621-B426-04B3C6227A2F,2015-01-27 00:00:00.000,NM-14504,SiteNames_a3f3781b,SiteID_1a2614d3,AlternateSiteID_5ce57898,AlternateSiteID2_2788856f,,U,0,GW,0,1,0,0.0,0.0,0.0,0.0,,603672.0,3688848.0,NAD83,CoordinateNotes_e974f2b1,4045.0,5.0,M,NGVD29,,,NAD83,U,M,,,,,,,,Oasis,Chaves,NM,LocationNotes_63453ba9,,,WLReportNote_8f130157,ChemistryReportNote_0187137c,-86.0,-18072.0,,463500200,30494,33.33395712918919,-103.88378912477478,0x000000002C3A0008,0,,13
AEFDF093-0BC5-448E-A11E-04B4907D8450,2014-10-17 00:00:00.000,NM-02342,SiteNames_99433133,SiteID_cb5c9736,AlternateSiteID_5ce57898,AlternateSiteID2_2788856f,,U,0,GW,0,1,0,0.0,0.0,0.0,0.0,,144931.0,3602562.0,NAD83,CoordinateNotes_341658d2,4230.0,5.0,M,NGVD29,322017.16857657663,1084021.0843827112,NAD27,M,M,23.0,S,18.0,W,2.131,,,Lordsburg,HIDALGO,NM,LocationNotes_63453ba9,,,WLReportNote_8f130157,ChemistryReportNote_0187137c,709701.0,3599012.0,,863700200,4744,32.50671494657659,-108.58817041883265,0x000000002C3A0009,0,,13
D9BE8746-F1C5-487F-BF53-04B7796DC8A6,2015-01-27 00:00:00.000,NM-26268,SiteNames_61aed586,SiteID_5c237c59,AlternateSiteID_5ce57898,AlternateSiteID2_2788856f,,U,0,GW,0,1,0,0.0,0.0,0.0,0.0,,276577.0,4032632.0,NAD83,CoordinateNotes_1be68524,6120.0,20.0,M,NGVD29,,,NAD83,F,M,,,,,,,,Smouse Mesa,Rio Arriba,NM,LocationNotes_63453ba9,,,WLReportNote_8f130157,ChemistryReportNote_0187137c,5740.0,-7998.0,,,21089,36.41156718594595,-107.5063949382883,0x000000002C3A000A,0,,13
869F5B68-8115-4CE4-B58B-04B7BBC44AB7,2015-01-27 00:00:00.000,NM-22143,SiteNames_7a6e6c98,SiteID_ee2e3963,AlternateSiteID_5ce57898,AlternateSiteID2_2788856f,,U,0,GW,0,1,0,0.0,0.0,0.0,0.0,,597703.0,3869724.0,NAD83,CoordinateNotes_f320e078,4359.81,8.0,N,NAVD88,,,NAD83,S,M,,,,,,,,Montoya,Quay,NM,LocationNotes_63453ba9,,,WLReportNote_8f130157,ChemistryReportNote_0187137c,16854.0,-13786.0,,32,9392,34.9669701118018,-103.96119127216215,0x000000002C3A000B,0,,13
59F4AC6A-F5F3-4E12-932F-04B867DD5AE1,2016-03-07 00:00:00.000,TO-0546,SiteNames_14e2ee6c,SiteID_38a98847,AlternateSiteID_c24325b8,AlternateSiteID2_2788856f,,U,0,GW,0,0,1,0.0,0.0,0.0,0.0,,424107.0,3856132.0,NAD83,CoordinateNotes_79920d25,6134.34,3.3,N,NAVD88,,,NAD27,,R,8.0,N,9.0,E,32.31,,,Estancia,Torrance,NM,LocationNotes_182b6cf0,,,WLReportNote_8f130157,ChemistryReportNote_0187137c,17646.0,-3498.0,,,35619,,,0x000000002C3A000C,1,,13
E97167E0-DCDB-4EE1-8A86-04B8E92EAFED,2015-01-27 00:00:00.000,NM-17243,SiteNames_45f90d68,SiteID_d6e3bbe9,AlternateSiteID_5ce57898,AlternateSiteID2_2788856f,,U,0,GW,0,1,0,0.0,0.0,0.0,0.0,,663507.0,3787078.0,NAD83,CoordinateNotes_a7391c66,4022.4,10.0,M,NGVD29,,,NAD83,S,M,,,,,,,,Arch NW,Roosevelt,NM,LocationNotes_63453ba9,,,WLReportNote_8f130157,ChemistryReportNote_0187137c,-4290.0,1328.0,,463527100,15317,34.211211303963964,-103.21748690864868,0x000000002C3A000D,0,,13
70F25423-2EFE-4A0C-96D4-04BBA2D700C5,2015-11-09 00:00:00.000,AR-0136,SiteNames_14e2ee6c,SiteID_38a98847,AlternateSiteID_66bfdc89,AlternateSiteID2_2788856f,,U,0,GW,0,0,1,0.0,0.0,0.0,0.0,,233370.0,4083850.0,NAD83,CoordinateNotes_f384b9a9,5741.699,0.52,I,NAVD88,,,NAD27,,R,,,,,,,,Cedar Hill,San Juan,NM,LocationNotes_63453ba9,,,WLReportNote_8f130157,ChemistryReportNote_0187137c,-5118.0,-3420.0,,,33120,36.86434918918919,-107.98084810810812,0x000000002C3A000E,1,,13
9FEA4FA8-33FF-46FA-9761-04C020E7C242,2015-01-27 00:00:00.000,NM-05882,SiteNames_e967c03f,SiteID_bc57f096,AlternateSiteID_5ce57898,AlternateSiteID2_2788856f,,U,0,GW,0,1,0,0.0,0.0,0.0,0.0,,678666.0,3558504.0,NAD83,CoordinateNotes_b952a34d,3315.4,5.0,M,NGVD29,,,NAD83,S,M,,,,,,,,Rattlesnake Canyon,Lea,NM,LocationNotes_63453ba9,,,WLReportNote_8f130157,ChemistryReportNote_0187137c,6782.0,-13986.0,,463527100,30130,32.149956949999996,-103.1138087709009,0x000000002C3A000F,0,,13
950AF05D-86C2-4693-B4DA-04C22651A180,2015-01-27 00:00:00.000,NM-05845,,SiteID_3f7f785c,AlternateSiteID_5ce57898,AlternateSiteID2_2788856f,,U,0,GW,0,1,0,0.0,0.0,0.0,0.0,,139092.0,3565834.0,NAD83,CoordinateNotes_0f983ac9,4321.0,5.0,M,NGVD29,,,NAD83,S,M,,,,,,,,Mondel,Hidalgo,NM,LocationNotes_63453ba9,,,WLReportNote_8f130157,ChemistryReportNote_0187137c,15138.0,-11266.0,,,21853,32.1660849845045,-108.85506732162165,0x000000002C3A0010,0,,13
73162C19-23A9-447A-9BF3-04C22C706893,2015-01-27 00:00:00.000,NM-21761,,SiteID_102c8e88,AlternateSiteID_5ce57898,AlternateSiteID2_2788856f,,U,0,GW,0,1,0,0.0,0.0,0.0,0.0,,236773.0,3892754.0,NAD83,CoordinateNotes_1ec70ddc,6510.0,10.0,M,NGVD29,,,NAD83,S,M,,,,,,,,San Rafael,Cibola,NM,LocationNotes_63453ba9,,,WLReportNote_8f130157,ChemistryReportNote_0187137c,-434.0,9624.0,,4635246000,9909,35.14340944270271,-107.8853564299099,0x000000002C3A0011,0,,13
BF722974-BE25-4BA1-9731-04C349263F5C,2015-01-27 00:00:00.000,NM-03759,SiteNames_77cfef69,SiteID_55dcd6bc,AlternateSiteID_5ce57898,AlternateSiteID2_2788856f,,U,0,GW,0,1,0,0.0,0.0,0.0,0.0,,156549.0,3508402.0,NAD83,CoordinateNotes_a7ce0395,4388.0,5.0,M,NGVD29,,,NAD83,M,M,,,,,,,,Walnut Wells NE,Hidalgo,NM,LocationNotes_63453ba9,,,WLReportNote_8f130157,ChemistryReportNote_0187137c,-10158.0,-4078.0,,863700200,22238,31.662527011261258,-108.60766870351353,0x000000002C3A0012,0,,13
47DF9137-2AD5-4432-944D-04C4BD33CB8A,2015-01-27 00:00:00.000,NM-05667,SiteNames_87b83ca9,SiteID_83b7b619,AlternateSiteID_5ce57898,AlternateSiteID2_2788856f,,U,0,GW,0,1,0,0.0,0.0,0.0,0.0,,566216.0,3565520.0,NAD83,CoordinateNotes_4b183d00,3780.0,,U,NGVD29,,,NAD83,T,M,,,,,,,,Carlsbad Caverns,Eddy,NM,LocationNotes_63453ba9,,,WLReportNote_8f130157,ChemistryReportNote_0187137c,10656.0,-1960.0,,463527100,28184,32.22495707234235,-104.31422754,0x000000002C3A0013,0,,13
6EE5EBB2-CD05-4846-95A6-04C50B0FE95A,2015-01-27 00:00:00.000,NM-09257,SiteNames_36c49a2c,SiteID_06986c90,AlternateSiteID_5ce57898,AlternateSiteID2_2788856f,,U,0,GW,0,1,0,0.0,0.0,0.0,0.0,,663077.0,3644582.0,NAD83,CoordinateNotes_ee912e48,3902.0,5.0,M,NGVD29,,,NAD83,S,M,,,,,,,,Lovington SW,Lea,NM,LocationNotes_63453ba9,,,WLReportNote_8f130157,ChemistryReportNote_0187137c,15670.0,15092.0,,463527100,23096,32.92941908396396,-103.28460122882882,0x000000002C3A0014,0,,13
8315778D-CBE4-4A35-A962-04C57B1524CA,2015-01-27 00:00:00.000,NM-15402,SiteNames_e93109da,SiteID_716fec62,AlternateSiteID_5ce57898,AlternateSiteID2_2788856f,,U,0,GW,0,1,0,0.0,0.0,0.0,0.0,,677636.0,3748186.0,NAD83,CoordinateNotes_ed890d6a,4063.0,2.5,M,NGVD29,,,NAD83,S,M,,,,,,,,Garrison,Roosevelt,NM,LocationNotes_63453ba9,,,WLReportNote_8f130157,ChemistryReportNote_0187137c,10094.0,5926.0,,463527100,8803,33.86070260738739,-103.09901104306306,0x000000002C3A0015,0,,13
57E20BAA-C0F2-4C31-A27C-04C5B2692F3F,2015-09-14 00:00:00.000,AR-0082,SiteNames_953be4c9,SiteID_38a98847,AlternateSiteID_6fd5deff,AlternateSiteID2_2788856f,2015-08-18 00:00:00.000,C,0,GW,0,1,0,0.0,0.0,0.0,0.0,,219023.0,4076770.0,NAD83,CoordinateNotes_7b162346,5737.03,0.52,I,NAVD88,,,NAD27,,G,,,,,,,,Cedar Hill,San Juan,NM,LocationNotes_2956274b,2017-10-18 00:00:00.000,,WLReportNote_0f4cc4f0,ChemistryReportNote_0187137c,-18820.0,-9540.0,,,31518,36.80045405405405,-108.11118954954956,0x000000002C3A0016,1,,13
E004EC4A-19CA-434F-98AE-04C85737FF23,2014-10-01 00:00:00.000,NM-01321,SiteNames_14e2ee6c,SiteID_4c20d224,AlternateSiteID_5ce57898,AlternateSiteID2_2788856f,,U,0,GW,0,1,0,0.0,0.0,0.0,0.0,,376129.0,3920724.0,NAD83,CoordinateNotes_389f31fe,5286.0,10.0,M,NGVD29,351907.10165765765,1063109.870777532,NAD83,S,G,13.0,N,4.0,E,33.233,,,Bernalillo,SANDOVAL,NM,LocationNotes_63453ba9,,,WLReportNote_8f130157,ChemistryReportNote_0187137c,14236.0,11284.0,,203,6091,35.42032432765765,-106.6485557979291,0x000000002C3A0017,0,,13
13683A28-B058-4881-AABB-04C8EB01A364,2015-01-27 00:00:00.000,NM-04360,SiteNames_838362b3,SiteID_4158b697,AlternateSiteID_5ce57898,AlternateSiteID2_2788856f,,U,0,GW,0,1,0,0.0,0.0,0.0,0.0,,232100.0,3560248.0,NAD83,CoordinateNotes_f29e8d13,4181.0,,U,NGVD29,,,NAD83,T,M,,,,,,,,South Peak,Luna,NM,LocationNotes_63453ba9,,,WLReportNote_8f130157,ChemistryReportNote_0187137c,-12876.0,12548.0,,463527100,10351,32.14980539504504,-107.81658199000002,0x000000002C3A0018,0,,13
08B73926-B7D3-466B-A0A3-04CAD55073EE,2015-01-27 00:00:00.000,NM-25700,,SiteID_cc00ba78,AlternateSiteID_5ce57898,AlternateSiteID2_2788856f,,U,0,GW,0,1,0,0.0,0.0,0.0,0.0,,434794.0,4003748.0,NAD83,CoordinateNotes_c63534e0,8038.0,10.0,M,NGVD29,,,NAD83,S,M,,,,,,,,Truchas,Rio Arriba,NM,LocationNotes_63453ba9,,,WLReportNote_8f130157,ChemistryReportNote_0187137c,7458.0,14508.0,,,25356,36.175727932702706,-105.73949551081084,0x000000002C3A0019,0,,13
59AB69BC-E7B0-4BA9-8655-04CC64349851,2015-01-27 00:00:00.000,NM-09284,SiteNames_f0570993,SiteID_973e56d2,AlternateSiteID_5ce57898,AlternateSiteID2_2788856f,,U,0,GW,0,1,0,0.0,0.0,0.0,0.0,,210960.0,3629066.0,NAD83,CoordinateNotes_1b7a047c,6047.0,10.0,M,NGVD29,,,NAD83,T,M,,,,,,,,Silver City,Grant,NM,LocationNotes_63453ba9,,,WLReportNote_8f130157,ChemistryReportNote_0187137c,19220.0,-4024.0,,463527100,29963,32.75632226774775,-108.11828420684684,0x000000002C3A001A,0,,13
465F1260-E62F-4DEE-AF68-04CD1E081BE5,2015-01-27 00:00:00.000,NM-19109,SiteNames_a8f59c02,SiteID_baabfe39,AlternateSiteID_5ce57898,AlternateSiteID2_2788856f,,U,0,GW,0,1,0,0.0,0.0,0.0,0.0,,655221.0,3820332.0,NAD83,CoordinateNotes_1a80aa58,4368.0,2.5,M,NGVD29,,,NAD83,S,M,,,,,,,,Clovis,Curry,NM,LocationNotes_63453ba9,,,WLReportNote_8f130157,ChemistryReportNote_0187137c,-10372.0,1312.0,,14,28511,34.51133884981982,-103.28977899144142,0x000000002C3A001B,0,,13
AA21AF1C-C81A-4193-8341-04CD55BC4310,2015-01-27 00:00:00.000,NM-19457,SiteNames_b3f2c2cd,SiteID_79b79df6,AlternateSiteID_5ce57898,AlternateSiteID2_2788856f,,U,0,GW,0,1,0,0.0,0.0,0.0,0.0,,679949.0,3810496.0,NAD83,CoordinateNotes_ac8a1eb7,4408.0,5.0,M,NGVD29,,,NAD83,S,M,,,,,,,,Ned Houk Park,Curry,NM,LocationNotes_63453ba9,,,WLReportNote_8f130157,ChemistryReportNote_0187137c,11336.0,-17824.0,,14,23702,34.42227308342343,-103.05948863387388,0x000000002C3A001C,0,,13
1F4251E2-207B-4D69-9FB8-04CF07036762,2015-01-27 00:00:00.000,NM-22926,SiteNames_431f0ecf,SiteID_5f847622,AlternateSiteID_5ce57898,AlternateSiteID2_2788856f,,U,0,GW,0,1,0,0.0,0.0,0.0,0.0,,186642.0,3910188.0,NAD83,CoordinateNotes_8f6a370b,6976.0,10.0,M,NGVD29,,,NAD83,S,M,,,,,,,,Ramah,McKinley,NM,LocationNotes_63453ba9,,,WLReportNote_8f130157,ChemistryReportNote_0187137c,2612.0,12408.0,,46435230000,7815,35.28514936378378,-108.44570919846848,0x000000002C3A001D,0,,13
B24D4446-A7A4-4B55-9764-04D1FEAD0BC5,2015-12-03 00:00:00.000,BW-0707,SiteNames_14e2ee6c,SiteID_38a98847,AlternateSiteID_e9784ed8,AlternateSiteID2_2788856f,,U,0,GW,0,1,1,0.0,0.0,0.0,0.0,,497997.0,3852054.0,NAD83,CoordinateNotes_79920d25,5646.02,3.3,N,NAVD88,,,NAD27,,R,6.0,N,17.0,E,15.122,,,George Ranch,Guadalupe,NM,LocationNotes_63453ba9,,,WLReportNote_8f130157,ChemistryReportNote_0187137c,9452.0,6724.0,,,33991,,,0x000000002C3A001E,1,,13
807F356E-CD78-4A14-A206-04D3FEA09254,2015-01-27 00:00:00.000,NM-25371,SiteNames_4ea74b68,SiteID_593892cd,AlternateSiteID_5ce57898,AlternateSiteID2_2788856f,,U,0,GW,0,1,0,0.0,0.0,0.0,0.0,,378870.0,3970352.0,NAD83,CoordinateNotes_6b051b20,5515.0,10.0,M,NGVD29,,,NAD83,S,M,,,,,,,,Puye,Santa Fe,NM,LocationNotes_63453ba9,,,WLReportNote_8f130157,ChemistryReportNote_0187137c,-18778.0,-1038.0,,,10283,35.87206269864864,-106.30308455117115,0x000000002C3A001F,0,,13
F058766B-E7EC-47AC-81C1-04D57808AF72,2014-10-01 00:00:00.000,NM-00515,SiteNames_5bb56f74,SiteID_4f24d4a2,AlternateSiteID_5ce57898,AlternateSiteID2_2788856f,,U,0,GW,0,1,0,0.0,0.0,0.0,0.0,,663411.0,3633610.0,NAD83,CoordinateNotes_2d19243d,4001.0,4.3,N,NAVD88,325901.8475675676,1032542.2840049808,NAD83,1,G,15.0,S,35.0,E,29.43233,,,Lovington NW,LEA,NM,LocationNotes_63453ba9,,,WLReportNote_8f130157,ChemistryReportNote_0187137c,16472.0,-16920.0,,463527100,6535,32.830873127567564,-104.14341168910543,0x000000002C3A0020,0,,13
023AE775-F9B4-434A-8193-04D703B8CCE6,2015-01-27 00:00:00.000,NM-05492,SiteNames_15b7157b,SiteID_af1eae62,AlternateSiteID_5ce57898,AlternateSiteID2_2788856f,,U,0,GW,0,1,0,0.0,0.0,0.0,0.0,,280691.0,3588380.0,NAD83,CoordinateNotes_1f1c04fa,4138.0,,U,NGVD29,,,NAD83,T,M,,,,,,,,Florida Gap,Luna,NM,LocationNotes_63453ba9,,,WLReportNote_8f130157,ChemistryReportNote_0187137c,19292.0,20000.0,,463527100,15552,32.40693549018019,-107.3581662681982,0x000000002C3A0021,0,,13
2701E205-6BEB-4C8B-89BF-04D8249E00D7,2017-03-01 13:43:30.000,TC-403,SiteNames_14e2ee6c,SiteID_38a98847,AlternateSiteID_5ce57898,AlternateSiteID2_2788856f,,U,0,GW,0,1,0,0.0,0.0,0.0,0.0,,442296.0,4082618.0,NAD83,CoordinateNotes_c9e0bd40,7866.0,3.3,N,NAVD88,,,NAD27,,M,,,,,,,,Costilla,Taos,NM,LocationNotes_63453ba9,,,WLReportNote_8f130157,ChemistryReportNote_0187137c,-11274.0,-8520.0,,,37512,,,0x000000002C3A0022,1,,13
1CCE1823-2042-48BF-A40E-04DE69B8EB61,2015-09-28 00:00:00.000,QY-0418,SiteNames_5ec8850b,SiteID_38a98847,AlternateSiteID_ed76bfd0,AlternateSiteID2_2788856f,,U,0,GW,0,1,0,0.0,0.0,0.0,0.0,,678547.0,3900868.0,NAD83,CoordinateNotes_514b3639,3950.0,10.0,R,,,,NAD27,,R,12.0,N,36.0,E,14.311,,,Martin Draw,Quay,NM,LocationNotes_63453ba9,,,WLReportNote_8f130157,ChemistryReportNote_0187137c,5718.0,-3222.0,,,32236,,,0x000000002C3A0023,1,,13
A016DBFD-7595-486B-B8CC-04DFCB4CE2C9,2004-02-23 00:00:00.000,EB-317,SiteNames_93bf848c,SiteID_38a98847,AlternateSiteID_5ce57898,AlternateSiteID2_2788856f,2004-02-20 00:00:00.000,C,0,GW,0,1,1,0.0,0.0,0.0,0.0,,409728.0,3949431.0,NAD83,CoordinateNotes_5a57b500,6253.68,3.3,N,NAVD88,353460.08870270266,1060323.3289876697,NAD27,5,G,16.0,N,8.0,E,26.44141,,,Turquoise Hill,SANTA FE,NM,LocationNotes_ff47f328,,,WLReportNote_8f130157,ChemistryReportNote_0187137c,5496.0,11178.0,Espanola Basin,,4350,,,0x000000002C3A0024,1,,13
D8A7A61F-D833-A647-8A8C-04E6154B0DAC,2018-10-04 11:25:54.000,NM-28299,SiteNames_6f60e41c,SiteID_38a98847,AlternateSiteID_d75c508b,AlternateSiteID2_2788856f,,U,0,GW,0,0,1,0.0,0.0,0.0,0.0,,450232.0,4023071.0,NAD83,CoordinateNotes_b4a70045,7000.0,,R,,,,NAD27,,R,,,,,,,,Taos,Taos,NM,LocationNotes_63453ba9,,,WLReportNote_8f130157,ChemistryReportNote_0187137c,2996.0,-8820.0,,,38146,,,0x000000002C3A0025,0,,13
CF22F9FB-815A-4E5F-9AD9-04E65E30AFF7,2015-01-27 00:00:00.000,NM-11215,,SiteID_239f22e7,AlternateSiteID_5ce57898,AlternateSiteID2_2788856f,,U,0,GW,0,1,0,0.0,0.0,0.0,0.0,,603192.0,3668198.0,NAD83,CoordinateNotes_0090d99a,4380.01,,U,NGVD29,,,NAD83,T,M,,,,,,,,Cedar Point SE,Lea,NM,LocationNotes_63453ba9,,,WLReportNote_8f130157,ChemistryReportNote_0187137c,-10150.0,13138.0,,407,16100,33.14653224036036,-103.87778318144144,0x000000002C3A0026,0,,13
C172A1B5-64DF-FD42-AC75-04E85CBC2C70,2025-03-04 16:53:04.000,DA-0045,SiteNames_14e2ee6c,SiteID_38a98847,AlternateSiteID_dafc50a8,AlternateSiteID2_2788856f,,U,0,GW,0,1,0,0.0,0.0,0.0,0.0,,274397.0,3603916.0,NAD83,CoordinateNotes_6294849d,4600.0,,R,,,,NAD27,,R,,,,,,,,Lazy E Ranch,DONA ANA,NM,LocationNotes_63453ba9,,,WLReportNote_8f130157,ChemistryReportNote_0187137c,-9916.0,19956.0,,,40617,,,0x000000002C3A0027,0,,13
B7CCD055-A0D7-4FD0-AB1A-04E907C54FA0,2015-10-28 00:00:00.000,SD-0078,SiteNames_77b5793b,SiteID_38a98847,AlternateSiteID_b9751ea0,AlternateSiteID2_2788856f,,U,0,GW,0,1,0,0.0,0.0,0.0,0.0,,392004.0,3865808.0,NAD83,CoordinateNotes_79920d25,7247.56,3.3,N,NAVD88,,,NAD27,,,9.0,N,6.0,E,,,,Sedillo,Bernalillo,NM,LocationNotes_63453ba9,,,WLReportNote_8f130157,ChemistryReportNote_0187137c,14172.0,-10142.0,,,32688,,,0x000000002C3A0028,1,,13
55D4BC4B-474F-4A02-BE42-04EC62548B98,2023-10-16 00:00:00.000,RA-022,SiteNames_1cea0dbc,SiteID_38a98847,AlternateSiteID_5ce57898,AlternateSiteID2_2788856f,2023-09-18 11:18:00.000,C,0,GW,0,0,0,0.0,0.0,0.0,0.0,,363107.0,4100188.0,NAD83,CoordinateNotes_eb8d4a74,7872.366,3.3,N,NAVD88,,,NAD27,,,,,,,,,,,Rio Arriba,NM,LocationNotes_37fabda8,,,WLReportNote_8f130157,ChemistryReportNote_0187137c,4650.0,14494.0,Rio Arriba,,40419,,,0x000000002C3A0029,1,,13
0D2D2DCC-792C-40BA-8C94-04EC6B110D55,2015-01-27 00:00:00.000,NM-19743,SiteNames_d5ca5644,SiteID_14bf5323,AlternateSiteID_5ce57898,AlternateSiteID2_2788856f,,U,0,GW,0,1,0,0.0,0.0,0.0,0.0,,631674.0,3851586.0,NAD83,CoordinateNotes_0b8c3d44,4612.0,5.0,M,NGVD29,,,NAD83,S,M,,,,,,,,Hammond Ranch,Curry,NM,LocationNotes_63453ba9,,,WLReportNote_8f130157,ChemistryReportNote_0187137c,-15810.0,18476.0,,407,17406,34.795688000450454,-103.53349745243244,0x000000002C3A002A,0,,13
23E89B4B-BFE9-4736-90CA-04EDE8FC8D95,2019-10-08 00:00:00.000,SB-0222,SiteNames_14e2ee6c,SiteID_38a98847,AlternateSiteID_fb370838,AlternateSiteID2_2788856f,,U,0,GW,0,1,1,0.0,0.0,0.0,0.0,,461856.0,3533152.0,NAD83,CoordinateNotes_4add0549,3791.0,,R,,,,NAD27,,R,,,,,,,,,Hudspeth,TX,LocationNotes_63453ba9,,,WLReportNote_8f130157,ChemistryReportNote_0187137c,-15836.0,-4506.0,,,38576,31.934127405405405,-105.37877766666664,0x000000002C3A002B,0,,13
D5FE3A8C-E60A-41FF-AAC8-04EE1ECB7EAC,2015-09-28 00:00:00.000,QY-0273,SiteNames_1ed7412a,SiteID_38a98847,AlternateSiteID_655742cb,AlternateSiteID2_2788856f,,U,0,GW,0,1,0,0.0,0.0,0.0,0.0,,601677.0,3908680.0,NAD83,CoordinateNotes_514b3639,4020.0,10.0,R,,,,NAD27,,R,11.0,N,31.0,E,19.212,,,Tucumcari,Quay,NM,LocationNotes_63453ba9,,,WLReportNote_8f130157,ChemistryReportNote_0187137c,-17574.0,15970.0,,,32131,,,0x000000002C3A002C,1,,13
1983C672-03BD-496C-B6AD-04EE7F42810F,2015-01-27 00:00:00.000,NM-25742,SiteNames_3424ea3d,SiteID_d3b8bca4,AlternateSiteID_5ce57898,AlternateSiteID2_2788856f,,U,0,GW,0,1,0,0.0,0.0,0.0,0.0,,421437.0,3994744.0,NAD83,CoordinateNotes_3ef55388,5655.0,10.0,M,NGVD29,,,NAD83,T,M,,,,,,,,San Juan Pueblo,Rio Arriba,NM,LocationNotes_63453ba9,,,WLReportNote_8f130157,ChemistryReportNote_0187137c,19526.0,974.0,,463527100,23570,36.09240828477478,-105.91355800009008,0x000000002C3A002D,0,,13
300EC28A-1647-4EB2-9E73-04F2DE8C7158,2015-01-27 00:00:00.000,NM-25081,SiteNames_4b932964,SiteID_f9bdff61,AlternateSiteID_5ce57898,AlternateSiteID2_2788856f,,U,0,GW,0,1,0,0.0,0.0,0.0,0.0,,427099.0,3961952.0,NAD83,CoordinateNotes_4def9912,7355.0,10.0,U,NGVD29,,,NAD83,S,M,,,,,,,,Santa Fe,Santa Fe,NM,LocationNotes_63453ba9,,,WLReportNote_8f130157,ChemistryReportNote_0187137c,12264.0,7872.0,,,20830,35.797892978918924,-105.83120173351352,0x000000002C3A002E,0,,13
FC2FB735-8A9E-46FB-8212-04F5D2BB1569,2015-01-27 00:00:00.000,NM-15932,SiteNames_051dfbd1,SiteID_491eac33,AlternateSiteID_5ce57898,AlternateSiteID2_2788856f,,U,0,GW,0,1,0,0.0,0.0,0.0,0.0,,640911.0,3754764.0,NAD83,CoordinateNotes_ff47e5d4,4514.0,5.0,M,NGVD29,,,NAD83,S,M,,,,,,,,Badger Lake,Roosevelt,NM,LocationNotes_63453ba9,,,WLReportNote_8f130157,ChemistryReportNote_0187137c,6276.0,884.0,,463527100,24053,33.92471780396396,-103.48702792945946,0x000000002C3A002F,0,,13
AA9941C1-0F1E-4C75-9084-04F5FBA09CE0,2008-02-26 00:00:00.000,SM-4007,SiteNames_d90a52ef,SiteID_38a98847,AlternateSiteID_5ce57898,AlternateSiteID2_2788856f,2007-07-25 00:00:00.000,C,0,PS,0,0,0,1.0,0.0,0.0,0.0,,442669.0,3645464.0,NAD83,CoordinateNotes_fcb8be42,8498.41,3.3,N,NAVD88,324803.3611621622,1054354.5469409558,NAD27,,G,17.0,S,12.0,E,29.242,,,Bluff Spring,OTERO,NM,LocationNotes_bf1eaa71,,,WLReportNote_8f130157,ChemistryReportNote_0187137c,11214.0,16002.0,Sacramento Mtns,,4632,,,0x000000002C3A0030,1,,13
2F3C887C-DBB2-435C-AF19-04F653520086,2015-11-11 00:00:00.000,BW-0255,SiteNames_14e2ee6c,SiteID_38a98847,AlternateSiteID_d5325afa,AlternateSiteID2_2788856f,,M,0,GW,0,1,0,0.0,0.0,0.0,0.0,,418802.0,3650672.0,NAD83,CoordinateNotes_e21b76d0,4395.0,,R,,,,NAD27,,R,15.0,S,9.0,E,1.122,,,Tularosa,Otero,NM,LocationNotes_cd37213c,,,WLReportNote_8f130157,ChemistryReportNote_0187137c,15600.0,-5558.0,,,33444,,,0x000000002C3A0031,1,,13
6BC28806-09A5-4FE6-A84A-04F6F6CDF4FE,2015-01-27 00:00:00.000,NM-05653,SiteNames_b41b6f66,SiteID_884f890a,AlternateSiteID_5ce57898,AlternateSiteID2_2788856f,,U,0,GW,0,1,0,0.0,0.0,0.0,0.0,,145667.0,3587044.0,NAD83,CoordinateNotes_ae2e8350,4251.0,,U,NGVD29,,,NAD83,M,M,,,,,,,,Muir Ranch,Hidalgo,NM,LocationNotes_63453ba9,,,WLReportNote_8f130157,ChemistryReportNote_0187137c,-17836.0,14244.0,,,26042,32.36979711432433,-108.7315696146847,0x000000002C3A0032,0,,13
0D13D6A0-3E0E-4667-BF74-04F7B395DB95,2015-01-27 00:00:00.000,NM-15255,SiteNames_9b4a0bb2,SiteID_80f1a53d,AlternateSiteID_5ce57898,AlternateSiteID2_2788856f,,U,0,GW,0,1,0,0.0,0.0,0.0,0.0,,673065.0,3750402.0,NAD83,CoordinateNotes_4955d9c4,3977.0,2.5,M,NGVD29,,,NAD83,S,M,,,,,,,,Lingo,Roosevelt,NM,LocationNotes_63453ba9,,,WLReportNote_8f130157,ChemistryReportNote_0187137c,-2906.0,11872.0,,463527100,22051,33.87927255495496,-103.12584686018018,0x000000002C3A0033,0,,13
8C6E361B-D0F4-4AA8-A3BE-04F9A4E44D74,2016-09-22 00:00:00.000,NM-28068,,SiteID_f17f4559,AlternateSiteID_5ce57898,AlternateSiteID2_2788856f,,U,0,GW,0,1,0,0.0,0.0,0.0,0.0,,238053.0,3899136.0,NAD83,CoordinateNotes_cd5280d1,6596.0,4.3,N,NAVD88,,,NAD83,T,G,,,,,,,,Grants,Cibola,NM,LocationNotes_63453ba9,,,WLReportNote_8f130157,ChemistryReportNote_0187137c,-2518.0,-2124.0,,,37010,35.20175375486487,-107.87297912468468,0x000000002C3A0034,0,,13
7F45F095-9CC6-4475-A820-04F9F7476A63,2016-02-16 00:00:00.000,CX-0094,SiteNames_14e2ee6c,SiteID_38a98847,AlternateSiteID_ce17442f,AlternateSiteID2_2788856f,,U,0,GW,0,1,0,0.0,0.0,0.0,0.0,,525068.0,4010410.0,NAD83,CoordinateNotes_b442fca5,6020.0,,R,,,,NAD27,,R,23.0,N,22.0,E,6.2,,,Pinon Hills,Colfax,NM,LocationNotes_63453ba9,,,WLReportNote_8f130157,ChemistryReportNote_0187137c,-7372.0,-2160.0,,,34575,,,0x000000002C3A0035,1,,13
DDA2BE09-95D9-4111-8661-04FCA4789C7B,2015-01-27 00:00:00.000,NM-08389,SiteNames_fc985b55,SiteID_96591fa6,AlternateSiteID_5ce57898,AlternateSiteID2_2788856f,,U,0,GW,0,1,0,0.0,0.0,0.0,0.0,,646836.0,3619922.0,NAD83,CoordinateNotes_3a1a46b8,3724.0,,U,NGVD29,,,NAD83,T,M,,,,,,,,Monument North,Lea,NM,LocationNotes_63453ba9,,,WLReportNote_8f130157,ChemistryReportNote_0187137c,-14000.0,1782.0,,463527100,29247,32.70534054405405,-103.41050019612614,0x000000002C3A0036,0,,13
69A03151-E5C0-4BC9-8749-04FDB98CC4EB,2015-01-27 00:00:00.000,NM-24090,SiteNames_2a6f0073,SiteID_b8f39b7b,AlternateSiteID_5ce57898,AlternateSiteID2_2788856f,,U,0,GW,0,1,0,0.0,0.0,0.0,0.0,,430814.0,3941500.0,NAD83,CoordinateNotes_c2179fde,6958.0,10.0,M,NGVD29,,,NAD83,U,M,,,,,,,,Rowe,San Miguel,NM,LocationNotes_63453ba9,,,WLReportNote_8f130157,ChemistryReportNote_0187137c,-7300.0,14390.0,,463510500,28315,35.61523387963963,-105.74800378576576,0x000000002C3A0037,0,,13
6A885BAD-D83D-4ED6-9321-0502E5E1A933,2019-11-07 00:00:00.000,SB-0878,SiteNames_8b18ad64,SiteID_38a98847,AlternateSiteID_d068c9c6,AlternateSiteID2_2788856f,,M,0,GW,0,0,1,0.0,0.0,0.0,0.0,,498335.0,3591957.0,NAD83,CoordinateNotes_7723f5ca,3850.762,3.3,N,NAVD88,,,NAD27,,R,,,,,,,,Gowdy Ranch,Otero,NM,LocationNotes_63453ba9,,,WLReportNote_8f130157,ChemistryReportNote_0187137c,8504.0,16286.0,,,39238,,,0x000000002C3A0038,0,,13
4F72FBE8-35FB-4047-8891-050310DA7EBD,2015-01-27 00:00:00.000,NM-04737,SiteNames_e6d645ff,SiteID_c2124166,AlternateSiteID_5ce57898,AlternateSiteID2_2788856f,,U,0,GW,0,1,0,0.0,0.0,0.0,0.0,,667363.0,3562294.0,NAD83,CoordinateNotes_6d131275,3080.4,,U,NGVD29,,,NAD83,T,M,,,,,,,,Jal SE,Lea,NM,LocationNotes_63453ba9,,,WLReportNote_8f130157,ChemistryReportNote_0187137c,-12736.0,7224.0,,463527100,15775,32.182703291081076,-103.20574693873874,0x000000002C3A0039,0,,13
A0229C5C-29D2-4177-9344-050389D3CB54,2014-10-01 00:00:00.000,NM-00299,SiteNames_14e2ee6c,SiteID_4c05bb12,AlternateSiteID_5ce57898,AlternateSiteID2_2788856f,,U,0,GW,0,1,0,0.0,0.0,0.0,0.0,,373602.0,3593994.0,NAD83,CoordinateNotes_fe780f5b,3961.39,0.01,U,NAVD88,323751.8451711711,1062007.0274139785,NAD83,S,G,19.0,S,6.0,E,28.141,,,Lake Lucero NE,OTERO,NM,LocationNotes_63453ba9,,,WLReportNote_8f130157,ChemistryReportNote_0187137c,-1138.0,-17186.0,,463510903,4352,32.476293391171176,-106.3078888013167,0x000000002C3A003A,0,,13
DCA9B1BE-7C44-40C5-86CB-050588B96D21,2015-01-27 00:00:00.000,NM-20105,SiteNames_a2fe75e9,SiteID_0766072f,AlternateSiteID_5ce57898,AlternateSiteID2_2788856f,,U,0,GW,0,1,0,0.0,0.0,0.0,0.0,,569242.0,3823830.0,NAD83,CoordinateNotes_88be72e6,4585.0,,U,NGVD29,,,NAD83,T,M,,,,,,,,Twin Mesa NW,De Baca,NM,LocationNotes_63453ba9,,,WLReportNote_8f130157,ChemistryReportNote_0187137c,-7022.0,-14110.0,,463527100,28210,34.553501952882876,-104.23073529126124,0x000000002C3A003B,0,,13
A5185974-C5B6-41A9-99B1-050698D28235,2015-01-27 00:00:00.000,NM-10555,SiteNames_47f3bec7,SiteID_82b3780a,AlternateSiteID_5ce57898,AlternateSiteID2_2788856f,,U,0,GW,0,1,0,0.0,0.0,0.0,0.0,,631319.0,3652408.0,NAD83,CoordinateNotes_28121ebb,4060.2,2.5,M,NGVD29,,,NAD83,R,M,,,,,,,,Buckeye NE,Lea,NM,LocationNotes_63453ba9,,,WLReportNote_8f130157,ChemistryReportNote_0187137c,-8152.0,6368.0,,463527100,19306,33.001102319369366,-103.58144348144144,0x000000002C3A003C,0,,13
34062A52-83B3-4EF4-892B-0506FBEC47EB,2015-01-27 00:00:00.000,NM-25746,SiteNames_aa3c4f1b,SiteID_c4cf0ee3,AlternateSiteID_5ce57898,AlternateSiteID2_2788856f,,U,0,GW,0,1,0,0.0,0.0,0.0,0.0,,404626.0,3999640.0,NAD83,CoordinateNotes_30444395,5680.0,10.0,M,NGVD29,,,NAD83,S,M,,,,,,,,San Juan Pueblo,Rio Arriba,NM,LocationNotes_63453ba9,,,WLReportNote_8f130157,ChemistryReportNote_0187137c,-90.0,5530.0,,,24299,36.13678690981982,-106.0591670808108,0x000000002C3A003D,0,,13
D2B2F74E-C2A3-4181-81F4-050801704B80,2015-01-27 00:00:00.000,NM-12071,SiteNames_e5235aaa,SiteID_f35e1469,AlternateSiteID_5ce57898,AlternateSiteID2_2788856f,,U,0,GW,0,1,0,0.0,0.0,0.0,0.0,,676561.0,3656172.0,NAD83,CoordinateNotes_f157c481,3831.4,5.0,M,NGVD29,,,NAD83,R,M,,,,,,,,Prairieview NE,Lea,NM,LocationNotes_63453ba9,,,WLReportNote_8f130157,ChemistryReportNote_0187137c,290.0,-13558.0,,463527100,15156,33.029908815855855,-103.1073312073874,0x000000002C3A003E,0,,13
A663F781-4CE5-4810-8A5D-0509E13D7EA9,2015-01-27 00:00:00.000,NM-20023,SiteNames_02394618,SiteID_55c66fe5,AlternateSiteID_5ce57898,AlternateSiteID2_2788856f,,U,0,GW,0,1,0,0.0,0.0,0.0,0.0,,319687.0,3827472.0,NAD83,CoordinateNotes_3ce05d0d,4920.0,10.0,M,NGVD29,,,NAD83,R,G,,,,,,,,Belen NW,Valencia,NM,LocationNotes_63453ba9,,,WLReportNote_8f130157,ChemistryReportNote_0187137c,-5164.0,-9728.0,,,20622,34.57419369036037,-106.9579669625225,0x000000002C3A003F,0,,13
098008F9-8C05-4B9A-927A-050DDDBA83DF,2015-01-27 00:00:00.000,NM-19511,SiteNames_f182916f,SiteID_d8795ed5,AlternateSiteID_5ce57898,AlternateSiteID2_2788856f,,U,0,GW,0,1,0,0.0,0.0,0.0,0.0,,561074.0,3827310.0,NAD83,CoordinateNotes_9bf1e0bb,4259.0,,U,NGVD29,,,NAD83,T,M,,,,,,,,Alamogordo Dam,De Baca,NM,LocationNotes_63453ba9,,,WLReportNote_8f130157,ChemistryReportNote_0187137c,10226.0,-260.0,,463527100,18391,34.58633404765766,-104.35341079387388,0x000000002C3A0040,0,,13
FEC283F3-D9C2-4FE1-AEFB-050F598EE363,2015-01-27 00:00:00.000,NM-19232,SiteNames_eb590028,SiteID_fdc5a8a5,AlternateSiteID_5ce57898,AlternateSiteID2_2788856f,,U,0,GW,0,1,0,0.0,0.0,0.0,0.0,,245269.0,3824452.0,NAD83,CoordinateNotes_c78866ba,7440.0,5.0,M,NGVD29,,,NAD83,S,M,,,,,,,,Bonine Canyon,Catron,NM,LocationNotes_63453ba9,,,WLReportNote_8f130157,ChemistryReportNote_0187137c,18352.0,-808.0,,4635233000,24812,34.525551100720726,-107.81000231666668,0x000000002C3A0041,0,,13
D5E60BD2-34BF-4804-8A7D-0510AFFFEF10,2015-01-27 00:00:00.000,NM-15151,SiteNames_70535a5b,SiteID_eccededa,AlternateSiteID_5ce57898,AlternateSiteID2_2788856f,,U,0,GW,0,1,0,0.0,0.0,0.0,0.0,,669687.0,3746148.0,NAD83,CoordinateNotes_31c340c9,4140.0,2.5,M,NGVD29,,,NAD83,S,M,,,,,,,,Bluit,Roosevelt,NM,LocationNotes_63453ba9,,,WLReportNote_8f130157,ChemistryReportNote_0187137c,7348.0,12568.0,,463527100,27049,33.843042545225224,-103.1815296418018,0x000000002C3A0042,0,,13
AE1E9A13-D0AE-44F4-B7AE-051122575C30,2013-06-08 00:00:00.000,UC-0126,SiteNames_14e2ee6c,SiteID_63c83381,AlternateSiteID_5ce57898,AlternateSiteID2_2788856f,2013-06-08 00:00:00.000,U,0,GW,0,1,0,0.0,0.0,0.0,0.0,,671442.0,4006035.0,NAD83,CoordinateNotes_c8a9f370,4459.17,3.3,N,NAVD88,360351.8192252252,1030442.7580502346,NAD27,5,U,21.0,N,36.0,E,10.4224,,,Sedan SE,UNION,NM,LocationNotes_aa177f1e,,,WLReportNote_8f130157,,-4608.0,13234.0,Union County,BASIN011,4718,,,0x000000002C3A0043,0,,13
873D8911-B6E7-451D-878B-0512B860610C,2011-12-14 00:00:00.000,SA-0313,SiteNames_6b021633,SiteID_2a7c582c,AlternateSiteID_5ce57898,AlternateSiteID2_2788856f,,U,0,GW,0,1,0,0.0,0.0,0.0,0.0,,225634.0,3734371.0,NAD83,CoordinateNotes_5a57b500,7164.08,3.3,N,NAVD88,,,NAD27,,,8.0,S,9.0,W,4.344,,,Paddys Hole,CATRON,NM,LocationNotes_63453ba9,,,WLReportNote_8f130157,ChemistryReportNote_0187137c,-17154.0,9038.0,San Agustin Plains Alamosa Creek,,3725,,,0x000000002C3A0044,1,,13
E747DDC8-6BF2-48BF-B6F3-0513B3D04310,2015-09-28 00:00:00.000,QY-0074,SiteNames_de604e76,SiteID_38a98847,AlternateSiteID_f3881732,AlternateSiteID2_2788856f,,U,0,GW,0,1,0,0.0,0.0,0.0,0.0,,620652.0,3895830.0,NAD83,CoordinateNotes_514b3639,4140.0,10.0,R,,,,NAD27,,R,10.0,N,31.0,E,25.331,,,Tucumcari SE,Quay,NM,LocationNotes_63453ba9,,,WLReportNote_8f130157,ChemistryReportNote_0187137c,-6002.0,15450.0,,,31590,,,0x000000002C3A0045,1,,13
A007648E-6197-48F2-9A18-05162F6D31C6,2015-01-27 00:00:00.000,NM-15350,SiteNames_3d706317,SiteID_0c634ab6,AlternateSiteID_5ce57898,AlternateSiteID2_2788856f,,U,0,GW,0,1,0,0.0,0.0,0.0,0.0,,689268.0,3756034.0,NAD83,CoordinateNotes_b3b40bf5,3983.0,2.5,M,NGVD29,,,NAD83,S,M,,,,,,,,Lingo,Roosevelt,NM,LocationNotes_63453ba9,,,WLReportNote_8f130157,ChemistryReportNote_0187137c,15198.0,14854.0,,463527100,17242,33.93030283981982,-102.98274863108108,0x000000002C3A0046,0,,13
A270F300-0368-4993-AA0E-0516496F41FC,2014-11-17 00:00:00.000,AB-0196,SiteNames_155b3278,SiteID_c0f7fffd,AlternateSiteID_95beda1e,AlternateSiteID2_2788856f,,U,0,GW,0,1,1,0.0,0.0,0.0,0.0,,375839.0,3911080.0,NAD83,CoordinateNotes_c82c862d,6610.0,40.0,M,NGVD29,351229.1256756757,1062904.848357775,NAD27,S,M,11.0,N,4.0,E,2.414,,,Sandia Crest,BERNALILLO,NM,LocationNotes_63453ba9,,,WLReportNote_8f130157,ChemistryReportNote_0187137c,11036.0,13950.0,,,4410,35.33377452567568,-106.63694358503304,0x000000002C3A0047,1,,13
9E3FCEE0-A86B-49BA-8F31-05172FA52BDC,2016-02-16 00:00:00.000,ED-0265,SiteNames_14e2ee6c,SiteID_38a98847,AlternateSiteID_ddaa2dc4,AlternateSiteID2_2788856f,,U,0,GW,0,1,0,0.0,0.0,0.0,0.0,,601888.0,3578140.0,NAD83,CoordinateNotes_6294849d,3155.0,,R,,,,NAD27,,R,22.0,S,30.0,E,8.241,,,Tower Hill South,Eddy,NM,LocationNotes_63453ba9,,,WLReportNote_8f130157,ChemistryReportNote_0187137c,-1740.0,-8500.0,,,34932,,,0x000000002C3A0048,1,,13
A1D299AC-ECDF-4230-B4D3-0517C36A54C2,2015-01-27 00:00:00.000,NM-07926,,SiteID_0e74e739,AlternateSiteID_5ce57898,AlternateSiteID2_2788856f,,U,0,GW,0,1,0,0.0,0.0,0.0,0.0,,285448.0,3611496.0,NAD83,CoordinateNotes_2f711964,4500.0,10.0,A,NGVD29,,,NAD83,F,M,,,,,,,,Hockett,Sierra,NM,LocationNotes_63453ba9,,,WLReportNote_8f130157,ChemistryReportNote_0187137c,7258.0,-634.0,,,7951,32.61881372828829,-107.29880247261262,0x000000002C3A0049,0,,13
D7FBAB56-54F8-4F06-8F4F-051AA570DC47,2015-10-28 00:00:00.000,SD-0247,SiteNames_2cf3e8e8,SiteID_38a98847,AlternateSiteID_094b3311,AlternateSiteID2_2788856f,,U,0,GW,0,1,0,0.0,0.0,0.0,0.0,,361523.0,3879228.0,NAD83,CoordinateNotes_79920d25,7027.55,3.3,N,NAVD88,,,NAD27,,,11.0,N,5.0,E,,,,Sandia Park,Bernalillo,NM,LocationNotes_63453ba9,,,WLReportNote_8f130157,ChemistryReportNote_0187137c,-14520.0,-11832.0,,,32853,,,0x000000002C3A004A,1,,13
CE22C384-6E85-4C87-A43D-051BC4CA610F,2015-10-13 00:00:00.000,EM-0006,SiteNames_9b3a2544,SiteID_38a98847,AlternateSiteID_5ce57898,AlternateSiteID2_2788856f,2015-02-14 00:00:00.000,C,0,GW,0,1,0,0.0,0.0,0.0,0.0,,211044.0,3893690.0,NAD83,CoordinateNotes_2655ba8b,7201.17,3.3,N,NAVD88,,,NAD27,,G,,,,,,,,El Morro,Cibola,NM,LocationNotes_2e7fd426,,,WLReportNote_8f130157,ChemistryReportNote_0187137c,16614.0,10950.0,,,32609,,,0x000000002C3A004B,1,,13
94F2DDB0-6691-495D-B19E-051CDBA70D53,2015-01-27 00:00:00.000,NM-15694,SiteNames_a0d90753,SiteID_58a43259,AlternateSiteID_5ce57898,AlternateSiteID2_2788856f,,U,0,GW,0,1,0,0.0,0.0,0.0,0.0,,663739.0,3735336.0,NAD83,CoordinateNotes_e0037f4a,4016.2,2.5,M,NGVD29,,,NAD83,S,M,,,,,,,,Lingo,Roosevelt,NM,LocationNotes_63453ba9,,,WLReportNote_8f130157,ChemistryReportNote_0187137c,-12840.0,-13444.0,,463527100,22622,33.74341880288288,-103.20673142567568,0x000000002C3A004C,0,,13
778E6292-000B-4C43-BEE5-051D23A9A7A8,2015-01-27 00:00:00.000,NM-11532,SiteNames_e631052e,SiteID_c73e374a,AlternateSiteID_5ce57898,AlternateSiteID2_2788856f,,U,0,GW,0,1,0,0.0,0.0,0.0,0.0,,579029.0,3666948.0,NAD83,CoordinateNotes_ebc2aee7,3462.0,,U,NGVD29,,,NAD83,T,M,,,,,,,,Hagerman,Chaves,NM,LocationNotes_63453ba9,,,WLReportNote_8f130157,ChemistryReportNote_0187137c,18462.0,6778.0,,463527100,21787,33.13950487306306,-104.18474977567568,0x000000002C3A004D,0,,13
DEE3A403-4B92-594F-84D2-051EE380DE6A,2025-02-27 13:59:59.000,RA-101,SiteNames_14e2ee6c,SiteID_38a98847,AlternateSiteID_5ce57898,AlternateSiteID2_2788856f,2025-02-05 00:00:00.000,,0,GW,0,1,0,0.0,0.0,0.0,0.0,,365355.0,4077699.0,NAD83,CoordinateNotes_b4a70045,7374.843,3.3,N,NAVD88,,,NAD27,,G,,,,,,,,,,NM,LocationNotes_54fbd650,,,WLReportNote_8f130157,ChemistryReportNote_0187137c,5392.0,10294.0,,,40604,,,0x000000002C3A004E,0,,13
D6B99553-FEA6-4E00-91E9-0520135EF24E,2019-10-08 00:00:00.000,SB-0207,SiteNames_4bdde012,SiteID_38a98847,AlternateSiteID_844223ed,AlternateSiteID2_2788856f,,U,0,GW,0,1,1,0.0,0.0,0.0,0.0,,476729.0,3540236.0,NAD83,CoordinateNotes_4add0549,3900.0,,R,,,,NAD27,,R,,,,,,,,,Hudspeth,TX,LocationNotes_63453ba9,,,WLReportNote_8f130157,ChemistryReportNote_0187137c,3088.0,6232.0,,,38561,31.99781114414414,-105.25106918018018,0x000000002C3A004F,0,,13
FB5BC669-6845-4BA8-BE11-0521A5C877A3,2003-02-05 00:00:00.000,EB-134,SiteNames_89562311,SiteID_38a98847,AlternateSiteID_5ce57898,AlternateSiteID2_2788856f,,U,0,GW,0,1,1,0.0,1.0,0.0,0.0,,394634.0,3929560.0,NAD83,CoordinateNotes_5a57b500,6188.53,3.3,N,NAVD88,353499.9914414414,1060452.6385950143,NAD27,S,M,16.0,N,8.0,E,27.342,,,Turquoise Hill,SANTA FE,NM,LocationNotes_63453ba9,,,WLReportNote_8f130157,ChemistryReportNote_0187137c,-7346.0,-8720.0,Espanola Basin,,6831,,,0x000000002C3A0050,1,,13
C8F09FC2-8523-4CBD-91E9-052213538939,2015-02-26 00:00:00.000,NM-27007,SiteNames_7ed8bb68,SiteID_38a98847,AlternateSiteID_5ce57898,AlternateSiteID2_2788856f,,U,0,GW,0,0,1,0.0,0.0,0.0,0.0,,333351.0,3734614.0,NAD83,CoordinateNotes_f8c707dc,4550.0,,R,,,,NAD27,,R,,,,,,,,San Antonio,Socorro,NM,LocationNotes_63453ba9,,,WLReportNote_8f130157,ChemistryReportNote_0187137c,5772.0,-18376.0,,,30769,,,0x000000002C3A0051,1,,13
1019FEAA-3BC6-4C59-953F-052524EBE379,2015-01-27 00:00:00.000,NM-26358,,SiteID_c1ecb671,AlternateSiteID_5ce57898,AlternateSiteID2_2788856f,,U,0,GW,0,1,0,0.0,0.0,0.0,0.0,,598615.0,4057826.0,NAD83,CoordinateNotes_8ac16f37,6920.0,,U,NGVD29,,,NAD83,U,M,,,,,,,,Palo Blanco Mountain,Colfax,NM,LocationNotes_63453ba9,,,WLReportNote_8f130157,ChemistryReportNote_0187137c,10372.0,6096.0,,,21086,36.66188975891892,-103.91986437855856,0x000000002C3A0052,0,,13
9DA0C63E-B5A8-47BA-8476-0529617FEB32,2015-01-27 00:00:00.000,NM-10397,SiteNames_6a6ba0f3,SiteID_00d72924,AlternateSiteID_5ce57898,AlternateSiteID2_2788856f,,U,0,GW,0,1,0,0.0,0.0,0.0,0.0,,662903.0,3633178.0,NAD83,CoordinateNotes_d318e56d,3985.0,2.5,M,NGVD29,,,NAD83,S,M,,,,,,,,Lovington NW,Lea,NM,LocationNotes_63453ba9,,,WLReportNote_8f130157,ChemistryReportNote_0187137c,16778.0,-10862.0,,463527100,30339,32.82698717414414,-103.28601334684684,0x000000002C3A0053,0,,13
9A3C3C7C-A3A5-4FD5-B668-0529D2F317CB,2015-01-27 00:00:00.000,NM-25525,,SiteID_5bd9781f,AlternateSiteID_5ce57898,AlternateSiteID2_2788856f,,U,0,GW,0,1,0,0.0,0.0,0.0,0.0,,300351.0,3982610.0,NAD83,CoordinateNotes_f1fdf3fe,6670.0,10.0,M,NGVD29,,,NAD83,S,M,,,,,,,,Johnson Trading Post,Sandoval,NM,LocationNotes_63453ba9,,,WLReportNote_8f130157,ChemistryReportNote_0187137c,-4224.0,1230.0,,463542300,17587,35.96832143108109,-107.20504063405404,0x000000002C3A0054,0,,13
D6AE06C8-E8FC-4FA3-893A-052C2B6C24DC,2015-01-27 00:00:00.000,NM-13473,SiteNames_6f8fad73,SiteID_25233f7a,AlternateSiteID_5ce57898,AlternateSiteID2_2788856f,,U,0,GW,0,1,0,0.0,0.0,0.0,0.0,,534272.0,3675828.0,NAD83,CoordinateNotes_f7e49c6f,3591.0,,U,NGVD29,,,NAD83,T,M,,,,,,,,South Spring,Chaves,NM,LocationNotes_63453ba9,,,WLReportNote_8f130157,ChemistryReportNote_0187137c,-13568.0,-15222.0,,463527100,12151,33.22046510486486,-104.60803527423424,0x000000002C3A0055,0,,13
0BC77314-7E69-4C2E-9C1E-0535DAD2421B,2015-11-11 00:00:00.000,BW-0063,SiteNames_7bf64e24,SiteID_38a98847,AlternateSiteID_04fb93a9,AlternateSiteID2_2788856f,,M,0,GW,0,1,1,0.0,0.0,0.0,0.0,,377247.0,3543210.0,NAD83,CoordinateNotes_e21b76d0,4068.0,,R,,,,NAD27,,R,25.0,S,5.0,E,36.111,,,Newman SW,Dona Ana,NM,LocationNotes_cd37213c,,,WLReportNote_8f130157,ChemistryReportNote_0187137c,8606.0,-8560.0,,,33253,,,0x000000002C3A0056,1,,13
56C3E835-E801-F44A-A03E-053689AD4538,2017-11-16 12:18:28.000,TC-435,SiteNames_de6b56ff,SiteID_38a98847,AlternateSiteID_5ce57898,AlternateSiteID2_2788856f,2017-11-08 00:00:00.000,C,0,GW,0,1,0,0.0,0.0,0.0,0.0,,466966.0,4099183.0,NAD83,CoordinateNotes_6169aec4,7775.78,3.3,N,NAVD88,,,NAD27,,G,,,,,,,,Costilla,Taos,NM,LocationNotes_098ac6b3,,,WLReportNote_8f130157,ChemistryReportNote_0187137c,15698.0,9854.0,,,37684,,,0x000000002C3A0057,1,,13
37074046-F938-49CE-9833-05380E315C5F,2015-09-28 00:00:00.000,QY-0727,SiteNames_95c04aad,SiteID_38a98847,AlternateSiteID_649e97de,AlternateSiteID2_2788856f,,U,0,GW,0,1,0,0.0,0.0,0.0,0.0,,609723.0,3836162.0,NAD83,CoordinateNotes_514b3639,4690.0,10.0,R,,,,NAD27,,R,6.0,N,31.0,E,22.311,,,Weber City,Quay,NM,LocationNotes_63453ba9,,,WLReportNote_8f130157,ChemistryReportNote_0187137c,-13694.0,-7578.0,,,32421,,,0x000000002C3A0058,1,,13
12EBB842-4DF3-44B1-9F5C-053C58D9101C,2014-10-01 00:00:00.000,NM-01552,SiteNames_08b45d39,SiteID_89214621,AlternateSiteID_5ce57898,AlternateSiteID2_2788856f,,U,0,GW,0,1,0,0.0,0.0,0.0,0.0,,592601.0,3987924.0,NAD83,CoordinateNotes_a0ad6a0e,5840.0,,U,NGVD29,355914.04562162166,1040929.7435389524,NAD83,T,M,20.0,N,26.0,E,3.434113,,,Roy,HARDING,NM,LocationNotes_63453ba9,,,WLReportNote_8f130157,ChemistryReportNote_0187137c,16728.0,5064.0,,30,567,36.03287835162162,-104.41477109769647,0x000000002C3A0059,0,,13
45E17FA1-B576-4CAF-97B0-053D51A79214,2015-01-27 00:00:00.000,NM-19757,SiteNames_7a5308a9,SiteID_5e4b4c21,AlternateSiteID_5ce57898,AlternateSiteID2_2788856f,,U,0,GW,0,1,0,0.0,0.0,0.0,0.0,,682521.0,3851584.0,NAD83,CoordinateNotes_30401e64,4377.0,2.5,M,NGVD29,,,NAD83,S,M,,,,,,,,Pleasant Hill NE,Curry,NM,LocationNotes_63453ba9,,,WLReportNote_8f130157,ChemistryReportNote_0187137c,7072.0,18114.0,,14,20321,34.791314839189184,-103.02234614828828,0x000000002C3A005A,0,,13
C5804433-EB04-4EBB-B8F6-05436D9794F0,2015-01-27 00:00:00.000,NM-04425,SiteNames_53b5af1a,SiteID_79e1f71d,AlternateSiteID_5ce57898,AlternateSiteID2_2788856f,,U,0,GW,0,1,0,0.0,0.0,0.0,0.0,,116546.0,3547392.0,NAD83,CoordinateNotes_dd720fd3,4257.0,10.0,M,NGVD29,,,NAD83,M,M,,,,,,,,Cotton City,Hidalgo,NM,LocationNotes_63453ba9,,,WLReportNote_8f130157,ChemistryReportNote_0187137c,-16210.0,-5558.0,,863700200,19185,32.00307140792793,-109.03498229603603,0x000000002C3A005B,0,,13
5B34A2EF-90C5-4D3C-8BD0-054454F27D0C,2015-01-27 00:00:00.000,NM-03970,,SiteID_8d581e13,AlternateSiteID_5ce57898,AlternateSiteID2_2788856f,,U,0,GW,0,1,0,0.0,0.0,0.0,0.0,,224121.0,3515764.0,NAD83,CoordinateNotes_fa32622f,4658.0,,U,NGVD29,,,NAD83,U,M,,,,,,,,Victorio Ranch SE,Luna,NM,LocationNotes_63453ba9,,,WLReportNote_8f130157,ChemistryReportNote_0187137c,17954.0,-12996.0,,,19355,31.739683608918916,-107.94356618225224,0x000000002C3A005C,0,,13
B35D1862-95E8-4236-BDBC-054526F4A1C0,2015-01-27 00:00:00.000,NM-10105,SiteNames_eb1b0107,SiteID_5e4c6fcf,AlternateSiteID_5ce57898,AlternateSiteID2_2788856f,,U,0,GW,0,1,0,0.0,0.0,0.0,0.0,,624306.0,3657432.0,NAD83,CoordinateNotes_d5a249c9,4149.2,2.5,M,NGVD29,,,NAD83,S,M,,,,,,,,Buckeye NE,Lea,NM,LocationNotes_63453ba9,,,WLReportNote_8f130157,ChemistryReportNote_0187137c,-5670.0,18182.0,,463527100,11360,33.047533931801794,-103.6615835710811,0x000000002C3A005D,0,,13
E59A7F26-CFC3-453B-AFD8-054711651C76,2014-10-17 00:00:00.000,NM-01771,SiteNames_07efafa2,SiteID_6d135d89,AlternateSiteID_5ce57898,AlternateSiteID2_2788856f,,U,0,GW,0,1,0,0.0,0.0,0.0,0.0,,160677.0,3499576.0,NAD83,CoordinateNotes_68bf1230,4330.0,,U,NGVD29,314540.82086486486,1083225.2270553932,NAD27,M,M,29.0,S,17.0,W,26.211,,,Playas Lake South,HIDALGO,NM,LocationNotes_63453ba9,,,WLReportNote_8f130157,ChemistryReportNote_0187137c,728999.0,3496746.0,,,6235,31.582350824864868,-108.3132680768324,0x000000002C3A005E,0,,13
C4597125-439E-490D-A233-0547C5C825BC,2006-06-06 00:00:00.000,SM-0047,SiteNames_5e95acec,SiteID_38a98847,AlternateSiteID_5ce57898,AlternateSiteID2_2788856f,2006-06-15 00:00:00.000,C,0,GW,0,1,0,0.0,0.0,0.0,0.0,,449800.0,3645375.0,NAD83,CoordinateNotes_5a57b500,7705.42,3.3,N,NAVD88,325928.630981982,1053452.741985362,NAD27,5,G,15.0,S,14.0,E,21.0,,,Harvey Ranch,OTERO,NM,LocationNotes_2458a530,,,WLReportNote_8f130157,ChemistryReportNote_0187137c,4162.0,-5108.0,Sacramento Mtns,,5321,,,0x000000002C3A005F,1,,13
A735DDDE-3805-4910-B4CF-0548C750411B,2015-01-27 00:00:00.000,NM-10653,SiteNames_17426e52,SiteID_9a9034ab,AlternateSiteID_5ce57898,AlternateSiteID2_2788856f,,U,0,GW,0,1,0,0.0,0.0,0.0,0.0,,282820.0,3658028.0,NAD83,CoordinateNotes_afb57128,4300.0,20.0,M,NGVD29,,,NAD83,T,M,,,,,,,,Caballo,Sierra,NM,LocationNotes_63453ba9,,,WLReportNote_8f130157,ChemistryReportNote_0187137c,-538.0,9988.0,,463527100,18127,33.039220451981976,-107.32237162684685,0x000000002C3A0060,0,,13
75220364-8DD9-49EF-833C-0548FC5E0261,2015-01-27 00:00:00.000,NM-07069,SiteNames_2c221d97,SiteID_2a4719cd,AlternateSiteID_5ce57898,AlternateSiteID2_2788856f,,U,0,GW,0,1,0,0.0,0.0,0.0,0.0,,639406.0,3594990.0,NAD83,CoordinateNotes_f90be991,3883.0,4.3,N,NAVD88,,,NAD83,1,G,,,,,,,,Grama Ridge,Lea,NM,LocationNotes_63453ba9,,,WLReportNote_8f130157,ChemistryReportNote_0187137c,9446.0,-70.0,,463527100,28023,32.484536039369374,-103.53173423090092,0x000000002C3A0061,0,,13
F566392C-752F-4862-BEDC-0549806B7E9C,2015-01-27 00:00:00.000,NM-03838,,SiteID_edca58d1,AlternateSiteID_5ce57898,AlternateSiteID2_2788856f,,U,0,GW,0,1,0,0.0,0.0,0.0,0.0,,325851.0,3508022.0,NAD83,CoordinateNotes_021ff088,4125.0,5.0,M,NGVD29,,,NAD83,F,M,,,,,,,,Noria,Dona Ana,NM,LocationNotes_63453ba9,,,WLReportNote_8f130157,ChemistryReportNote_0187137c,1768.0,-12128.0,,,19155,31.69417708873874,-106.84240321207209,0x000000002C3A0062,0,,13
ADCAF227-41C5-478C-8E57-0549833AAC57,2015-01-27 00:00:00.000,NM-07710,SiteNames_2b01c3f0,SiteID_e0e43067,AlternateSiteID_5ce57898,AlternateSiteID2_2788856f,,U,0,GW,0,1,0,0.0,0.0,0.0,0.0,,311519.0,3590648.0,NAD83,CoordinateNotes_2bccd706,4008.0,10.0,M,NGVD29,,,NAD83,S,M,,,,,,,,Sierra Alta,Dona Ana,NM,LocationNotes_63453ba9,,,WLReportNote_8f130157,ChemistryReportNote_0187137c,468.0,-17542.0,,,8879,32.43704760396396,-107.0091317837838,0x000000002C3A0063,0,,13
FB2F73B7-FE0F-4C13-BC9C-054A6EFF0B3D,2015-01-27 00:00:00.000,NM-18906,SiteNames_ca13b2c7,SiteID_60775c7c,AlternateSiteID_5ce57898,AlternateSiteID2_2788856f,,U,0,GW,0,1,0,0.0,0.0,0.0,0.0,,593368.0,3830042.0,NAD83,CoordinateNotes_0660c134,4032.9,,U,NGVD29,,,NAD83,T,M,,,,,,,,Fort Sumner East,De Baca,NM,LocationNotes_63453ba9,,,WLReportNote_8f130157,ChemistryReportNote_0187137c,19658.0,16462.0,,463527100,22746,34.60948462630631,-104.0203742809009,0x000000002C3A0064,0,,13
C12E509F-B77F-4089-9507-054B2CE65A9E,2015-01-27 00:00:00.000,NM-26203,SiteNames_6500e26b,SiteID_32343008,AlternateSiteID_5ce57898,AlternateSiteID2_2788856f,,U,0,GW,0,1,0,0.0,0.0,0.0,0.0,,483462.0,4013448.0,NAD83,CoordinateNotes_98f3c3e6,8380.0,10.0,M,NGVD29,,,NAD83,U,M,,,,,,,,Palo Flechado,Colfax,NM,LocationNotes_63453ba9,,,WLReportNote_8f130157,ChemistryReportNote_0187137c,9586.0,-16672.0,,463510500,26040,36.2656671918018,-105.20503742963965,0x000000002C3A0065,0,,13
0413C8C0-CEDC-4990-8679-054BB36E6444,2016-09-22 00:00:00.000,NM-27541,SiteNames_53b5af1a,SiteID_6cf6f5d3,AlternateSiteID_5ce57898,AlternateSiteID2_2788856f,,U,0,GW,0,1,0,0.0,0.0,0.0,0.0,,645969.0,3790288.0,NAD83,CoordinateNotes_cd5280d1,3976.0,2.5,M,NGVD29,,,NAD83,S,M,2.0,S,35.0,E,9.122,,,Portales,Roosevelt,NM,LocationNotes_63453ba9,,,WLReportNote_8f130157,ChemistryReportNote_0187137c,-12846.0,9408.0,,,36483,34.24150531675676,-103.39290365972974,0x000000002C3A0066,0,,13
F789C653-D0AD-4E6D-8CE0-054E1615966C,2015-09-28 00:00:00.000,QY-0078,,SiteID_38a98847,AlternateSiteID_a35a8ea0,AlternateSiteID2_2788856f,,U,0,GW,0,1,0,0.0,0.0,0.0,0.0,,627021.0,3884788.0,NAD83,CoordinateNotes_514b3639,4140.0,10.0,R,,,,NAD27,,R,10.0,N,31.0,E,35.442,,,Tucumcari SE,Quay,NM,LocationNotes_63453ba9,,,WLReportNote_8f130157,ChemistryReportNote_0187137c,710.0,5948.0,,,31562,,,0x000000002C3A0067,1,,13
A899E99A-CA8F-40C9-9B57-054F0D6789F0,2015-01-27 00:00:00.000,NM-16788,SiteNames_f9066c3f,SiteID_c0edf671,AlternateSiteID_5ce57898,AlternateSiteID2_2788856f,,U,0,GW,0,1,0,0.0,0.0,0.0,0.0,,678099.0,3790882.0,NAD83,CoordinateNotes_25c4c2d6,3951.0,10.0,M,NGVD29,,,NAD83,S,M,,,,,,,,Portales,Roosevelt,NM,LocationNotes_63453ba9,,,WLReportNote_8f130157,ChemistryReportNote_0187137c,18248.0,12142.0,,463527100,17290,34.246691987387386,-103.1019438436036,0x000000002C3A0068,0,,13
A2E5C3CF-A03E-422D-A903-054FD9047111,2015-01-27 00:00:00.000,NM-06552,SiteNames_2e9ed895,SiteID_094e6743,AlternateSiteID_5ce57898,AlternateSiteID2_2788856f,,U,0,GW,0,1,0,0.0,0.0,0.0,0.0,,190427.0,3597890.0,NAD83,CoordinateNotes_9fcc8daa,4913.0,10.0,M,NGVD29,,,NAD83,T,M,,,,,,,,Cow Springs Mountain,Luna,NM,LocationNotes_63453ba9,,,WLReportNote_8f130157,ChemistryReportNote_0187137c,-14628.0,9700.0,,463527100,26464,32.47913847738738,-108.2671020337838,0x000000002C3A0069,0,,13
2E2C7628-5929-4C1F-A04F-0552AA11B231,2015-01-27 00:00:00.000,NM-15480,,SiteID_49fcea52,AlternateSiteID_5ce57898,AlternateSiteID2_2788856f,,U,0,GW,0,1,0,0.0,0.0,0.0,0.0,,119053.0,3767716.0,NAD83,CoordinateNotes_14f066b9,6930.0,,U,NGVD29,,,NAD83,S,M,,,,,,,,Luna,Catron,NM,LocationNotes_63453ba9,,,WLReportNote_8f130157,ChemistryReportNote_0187137c,-17438.0,18876.0,,254,15989,33.98732936405405,-109.0838357190991,0x000000002C3A006A,0,,13
DC1559E8-5699-4458-92FC-0553BEBF258D,2016-04-26 00:00:00.000,SA-0491,SiteNames_14e2ee6c,SiteID_38a98847,AlternateSiteID_40d9a0b5,AlternateSiteID2_2788856f,,U,0,GW,0,1,1,0.0,0.0,0.0,0.0,,183091.0,3764372.0,NAD83,CoordinateNotes_6294849d,6980.0,,R,,,,NAD27,,R,4.0,S,13.0,W,29.331,,,Horse Mountain West,Catron,NM,LocationNotes_63453ba9,,,WLReportNote_8f130157,ChemistryReportNote_0187137c,-18672.0,5792.0,,,35871,,,0x000000002C3A006B,1,,13
FF1D0E27-24FB-4FA2-9F2B-0556CCA7C488,2015-11-11 00:00:00.000,BW-0564,SiteNames_14e2ee6c,SiteID_38a98847,AlternateSiteID_771caae4,AlternateSiteID2_2788856f,,M,0,GW,0,0,1,0.0,0.0,0.0,0.0,,402261.0,3648362.0,NAD83,CoordinateNotes_fce4e842,4128.1,3.3,N,NAVD88,,,NAD27,,R,17.0,S,9.0,E,8.4,,,Holloman,Otero,NM,LocationNotes_cd37213c,,,WLReportNote_8f130157,ChemistryReportNote_0187137c,-674.0,13452.0,,,33752,,,0x000000002C3A006C,1,,13
34C09B36-6A4F-472E-B56B-0557FEDCC983,2014-10-17 00:00:00.000,NM-03075,,SiteID_1efea211,AlternateSiteID_5ce57898,AlternateSiteID2_2788856f,,U,0,GW,0,1,0,0.0,0.0,0.0,0.0,,329789.0,3797400.0,NAD83,CoordinateNotes_cebf6175,4980.0,10.0,M,NGVD29,342032.96027027024,1065519.07063152,NAD27,F,M,1.0,N,1.0,W,2.133,,,San Acacia,SOCORRO,NM,LocationNotes_63453ba9,,,WLReportNote_8f130157,ChemistryReportNote_0187137c,6576.0,-4410.0,,,1440,34.30283551027027,-106.85134232988796,0x000000002C3A006D,0,,13
6A0F2E8E-A7FD-4E2F-8D63-055AAA9A0FF7,2011-06-30 00:00:00.000,TV-227,SiteNames_a3c63c1b,SiteID_38a98847,AlternateSiteID_5ce57898,AlternateSiteID2_2788856f,2011-06-01 00:00:00.000,C,0,GW,0,1,0,0.0,0.0,0.0,0.0,,430818.0,4041752.0,NAD83,CoordinateNotes_5a57b500,6722.38,3.3,N,NAVD88,,,NAD27,,G,25.0,N,12.0,E,28.323,,,Taos SW,TAOS,NM,LocationNotes_aa280362,2014-06-24 00:00:00.000,,WLReportNote_e1f8ffed,ChemistryReportNote_0187137c,-8580.0,16666.0,S.Taos Valley,,2885,,,0x000000002C3A006E,1,,13
67840286-C68E-4E4D-A408-055C16AA3D7E,2015-01-27 00:00:00.000,NM-05585,SiteNames_2bf6b9f7,SiteID_b348717d,AlternateSiteID_5ce57898,AlternateSiteID2_2788856f,,U,0,GW,0,1,0,0.0,0.0,0.0,0.0,,572036.0,3562792.0,NAD83,CoordinateNotes_54cedf1b,3065.0,,U,NGVD29,,,NAD83,T,M,,,,,,,,Malaga,Eddy,NM,LocationNotes_63453ba9,,,WLReportNote_8f130157,ChemistryReportNote_0187137c,-10538.0,-4168.0,,463527100,16547,32.19868221045045,-104.21848721693694,0x000000002C3A006F,0,,13
358EEB7F-6B9D-4682-94E5-055CBA326F51,2015-01-27 00:00:00.000,NM-07387,SiteNames_1250f4ce,SiteID_dda05fd1,AlternateSiteID_5ce57898,AlternateSiteID2_2788856f,,U,0,GW,0,1,0,0.0,0.0,0.0,0.0,,185154.0,3610704.0,NAD83,CoordinateNotes_f76bb82f,5420.0,10.0,M,NGVD29,,,NAD83,T,M,,,,,,,,Whitewater,Grant,NM,LocationNotes_63453ba9,,,WLReportNote_8f130157,ChemistryReportNote_0187137c,-12538.0,5524.0,,463500200,28558,32.59262447576577,-108.33188850495496,0x000000002C3A0070,0,,13
0CD31EB0-5F38-4C9D-967B-055ED12D0AA3,2015-08-24 00:00:00.000,AR-0017,SiteNames_c69d7bbb,SiteID_38a98847,AlternateSiteID_2f0f40e4,AlternateSiteID2_d4ae9a7f,2015-08-19 00:00:00.000,C,0,GW,0,1,1,0.0,0.0,0.0,0.0,,226462.0,4081750.0,NAD83,CoordinateNotes_8f522866,5571.02,0.52,I,NAVD88,,,NAD27,,G,,,,,,,,Flora Vista,San Juan,NM,LocationNotes_635f00b1,2019-07-23 00:00:00.000,2019-07-23 00:00:00.000,WLReportNote_eda6a9ba,ChemistryReportNote_30676dfd,-4522.0,3010.0,,,31453,36.84338711711712,-108.05656873873872,0x000000002C3A0071,1,,13
D3E993CE-E1E3-45CF-AAFA-055EE469AB72,2015-01-27 00:00:00.000,NM-18209,SiteNames_6c070c6e,SiteID_d8bccbdf,AlternateSiteID_5ce57898,AlternateSiteID2_2788856f,,U,0,GW,0,1,0,0.0,0.0,0.0,0.0,,561580.0,3797026.0,NAD83,CoordinateNotes_cb00dd07,4162.0,,U,NGVD29,,,NAD83,T,M,,,,,,,,Alamo Ranch,De Baca,NM,LocationNotes_63453ba9,,,WLReportNote_8f130157,ChemistryReportNote_0187137c,194.0,-4914.0,,463527100,24108,34.31274499972972,-104.33072752225226,0x000000002C3A0072,0,,13
E3A35BD6-1BBA-4F63-A47E-055EF1BBF70E,2015-01-27 00:00:00.000,NM-17578,SiteNames_97e75f65,SiteID_1b82c7ca,AlternateSiteID_5ce57898,AlternateSiteID2_2788856f,,U,0,GW,0,1,0,0.0,0.0,0.0,0.0,,613274.0,3804626.0,NAD83,CoordinateNotes_643a8f9e,4279.27,0.01,G,NAVD88,,,NAD83,H,G,,,,,,,,Upton,Roosevelt,NM,LocationNotes_63453ba9,,,WLReportNote_8f130157,ChemistryReportNote_0187137c,-7636.0,14606.0,,463538100,19385,34.37588002558558,-103.7557789027928,0x000000002C3A0073,0,,13
FD365756-66D9-4666-AF89-055FEE69926C,2015-01-27 00:00:00.000,NM-11793,SiteNames_8e9e1999,SiteID_9e6dc9ce,AlternateSiteID_5ce57898,AlternateSiteID2_2788856f,,U,0,GW,0,1,0,0.0,0.0,0.0,0.0,,554531.0,3662724.0,NAD83,CoordinateNotes_a3e9f3c5,3503.0,,U,NGVD29,,,NAD83,T,M,,,,,,,,Hagerman SW,Chaves,NM,LocationNotes_63453ba9,,,WLReportNote_8f130157,ChemistryReportNote_0187137c,-1010.0,-1296.0,,463527100,9252,33.10176508432433,-104.4137856690991,0x000000002C3A0074,0,,13
EF20CC2C-ECB9-4274-B9EB-055FF9972E56,2015-05-28 00:00:00.000,SR-0028,SiteNames_c2cc78be,SiteID_38a98847,AlternateSiteID_5ce57898,AlternateSiteID2_2788856f,2015-05-23 00:00:00.000,C,0,SP,0,0,1,1.0,0.0,0.0,0.0,,433579.0,3946584.0,NAD83,CoordinateNotes_5ff382eb,10262.2,3.3,N,NAVD88,,,WGS84,,G,,,,,,,,Aspen Basin,Santa Fe,NM,LocationNotes_2c0bcdf3,,,WLReportNote_8f130157,ChemistryReportNote_0187137c,6354.0,-13896.0,,,31036,35.660540810810815,-105.74805575675676,0x000000002C3A0075,1,,13
6F2CA66F-C42E-4937-A4D9-0562EE164170,2015-12-03 00:00:00.000,BW-0687,SiteNames_14e2ee6c,SiteID_38a98847,AlternateSiteID_02e91942,AlternateSiteID2_2788856f,,U,0,GW,0,1,1,0.0,0.0,0.0,0.0,,507318.0,3780340.0,NAD83,CoordinateNotes_79920d25,5355.25,3.3,N,NAVD88,,,NAD27,,R,2.0,S,18.0,E,30.33,,,Cowboy Mesa,Lincoln,NM,LocationNotes_63453ba9,,,WLReportNote_8f130157,ChemistryReportNote_0187137c,16256.0,6200.0,,,34039,,,0x000000002C3A0076,1,,13
57847200-934A-475B-8DE7-0563BF80F39A,2015-01-27 00:00:00.000,NM-07461,SiteNames_08ae5a08,SiteID_46afe825,AlternateSiteID_5ce57898,AlternateSiteID2_2788856f,,U,0,GW,0,1,0,0.0,0.0,0.0,0.0,,679898.0,3588084.0,NAD83,CoordinateNotes_d981d9b5,3543.7,,U,NGVD29,,,NAD83,T,M,,,,,,,,Hobbs SW,Lea,NM,LocationNotes_63453ba9,,,WLReportNote_8f130157,ChemistryReportNote_0187137c,8756.0,-15566.0,,463527100,25618,32.416829575765775,-103.09825881711711,0x000000002C3A0077,0,,13
13A20C80-5AD0-40E9-871A-056583911823,2015-11-11 00:00:00.000,BW-0544,SiteNames_14e2ee6c,SiteID_38a98847,AlternateSiteID_bca67056,AlternateSiteID2_2788856f,,M,0,GW,0,0,1,0.0,0.0,0.0,0.0,,397928.0,3654608.0,NAD83,CoordinateNotes_fce4e842,4302.44,3.3,N,NAVD88,,,NAD27,,R,16.0,S,9.0,E,25.1,,,Alamogordo North,Otero,NM,LocationNotes_cd37213c,,,WLReportNote_8f130157,ChemistryReportNote_0187137c,-10794.0,14068.0,,,33733,,,0x000000002C3A0078,1,,13
76B0DC57-310B-4692-A451-056905440D39,2015-01-27 00:00:00.000,NM-14972,SiteNames_8dcca09f,SiteID_3802d488,AlternateSiteID_5ce57898,AlternateSiteID2_2788856f,,U,0,GW,0,1,0,0.0,0.0,0.0,0.0,,468203.0,3710888.0,NAD83,CoordinateNotes_f6d76632,6382.0,10.0,M,NGVD29,,,NAD83,U,M,,,,,,,,Jacob Spring,Lincoln,NM,LocationNotes_63453ba9,,,WLReportNote_8f130157,ChemistryReportNote_0187137c,19600.0,-14982.0,,463500200,28464,33.536494797027025,-105.37785057342344,0x000000002C3A0079,0,,13
AB9A8879-539C-4C65-A52C-056918505831,2015-01-27 00:00:00.000,NM-06498,SiteNames_6467410c,SiteID_42839042,AlternateSiteID_5ce57898,AlternateSiteID2_2788856f,,U,0,GW,0,1,0,0.0,0.0,0.0,0.0,,517077.0,3570448.0,NAD83,CoordinateNotes_56ea86f2,4162.5,,U,NGVD29,,,NAD83,T,M,,,,,,,,Martha Creek,Eddy,NM,LocationNotes_63453ba9,,,WLReportNote_8f130157,ChemistryReportNote_0187137c,-18984.0,-12402.0,,463527100,12831,32.270324270270265,-104.78765398702704,0x000000002C3A007A,0,,13
F813F4F5-BFC9-446D-A9F4-056B8ED6A3A8,2015-01-27 00:00:00.000,NM-18598,SiteNames_f56db001,SiteID_05f36f1e,AlternateSiteID_5ce57898,AlternateSiteID2_2788856f,,U,0,GW,0,1,0,0.0,0.0,0.0,0.0,,610021.0,3812124.0,NAD83,CoordinateNotes_12b59ae7,4384.0,5.0,M,NGVD29,,,NAD83,S,M,,,,,,,,Melrose East,Curry,NM,LocationNotes_63453ba9,,,WLReportNote_8f130157,ChemistryReportNote_0187137c,-19610.0,2884.0,,407,19266,34.442446441981986,-103.76607028666668,0x000000002C3A007B,0,,13
20FF55D4-F8B3-47CE-B2AD-056CADCA02EC,2015-01-27 00:00:00.000,NM-13024,SiteNames_7174bc9b,SiteID_28382194,AlternateSiteID_5ce57898,AlternateSiteID2_2788856f,,U,0,GW,0,1,0,0.0,0.0,0.0,0.0,,552805.0,3671160.0,NAD83,CoordinateNotes_bcf7f801,3746.0,,U,NGVD29,,,NAD83,T,M,,,,,,,,Bottomless Lakes,Chaves,NM,LocationNotes_63453ba9,,,WLReportNote_8f130157,ChemistryReportNote_0187137c,-13506.0,-13590.0,,463527100,26015,33.177393497567564,-104.40941782567567,0x000000002C3A007C,0,,13
1E43225D-1719-45F1-983A-056F70E46494,2015-01-27 00:00:00.000,NM-05860,SiteNames_0907da8d,SiteID_15a8ee06,AlternateSiteID_5ce57898,AlternateSiteID2_2788856f,,U,0,GW,0,1,0,0.0,0.0,0.0,0.0,,250486.0,3558636.0,NAD83,CoordinateNotes_4b31f975,4210.0,5.0,M,NGVD29,,,NAD83,T,M,,,,,,,,Carne,Luna,NM,LocationNotes_63453ba9,,,WLReportNote_8f130157,ChemistryReportNote_0187137c,-3328.0,-14614.0,,463527100,9208,32.137318742342345,-107.643618931982,0x000000002C3A007D,0,,13
5BCECC75-050F-4AD2-A8C5-05723E3B270E,2015-11-11 00:00:00.000,BW-0459,SiteNames_0611fa7e,SiteID_38a98847,AlternateSiteID_f6812046,AlternateSiteID2_2788856f,,M,0,GW,0,1,1,0.0,0.0,0.0,0.0,,381969.0,3543848.0,NAD83,CoordinateNotes_e21b76d0,4070.5,,R,,,,NAD27,,R,24.0,S,7.0,E,34.144,,,Desert,Otero,NM,LocationNotes_cd37213c,,,WLReportNote_8f130157,ChemistryReportNote_0187137c,-3218.0,-16812.0,,,33648,,,0x000000002C3A007E,1,,13
5045100B-9D1E-47D7-A212-05735B244FA4,2014-10-17 00:00:00.000,NM-01831,SiteNames_225e543c,SiteID_13956fae,AlternateSiteID_5ce57898,AlternateSiteID2_2788856f,,U,0,GW,0,1,0,0.0,0.0,0.0,0.0,,328807.0,3524960.0,NAD83,CoordinateNotes_85a4425b,4082.0,1.0,L,NGVD29,315129.9908108108,1064058.1680822675,NAD27,S,M,28.0,S,3.0,E,19.133,,,Strauss,DONA ANA,NM,LocationNotes_63453ba9,,,WLReportNote_8f130157,ChemistryReportNote_0187137c,-11992.0,-1020.0,,463500208,2244,31.849248990810818,-106.51468753230913,0x000000002C3A007F,0,,13
83FB8831-F08B-423F-8520-0573D2588285,2015-01-27 00:00:00.000,NM-16572,,SiteID_65534ea5,AlternateSiteID_5ce57898,AlternateSiteID2_2788856f,,U,0,GW,0,1,0,0.0,0.0,0.0,0.0,,192148.0,3767674.0,NAD83,CoordinateNotes_702e834e,7620.0,10.0,M,NGVD29,,,NAD83,S,M,,,,,,,,Wallace Mesa,Catron,NM,LocationNotes_63453ba9,,,WLReportNote_8f130157,ChemistryReportNote_0187137c,-16656.0,-10326.0,,,16366,34.009250682972976,-108.30650239405406,0x000000002C3A0080,0,,13
D4EAEAC8-E612-47BF-B4AA-057464E7C90E,2015-01-27 00:00:00.000,NM-25935,SiteNames_19b33a50,SiteID_41682d61,AlternateSiteID_5ce57898,AlternateSiteID2_2788856f,,U,0,GW,0,1,0,0.0,0.0,0.0,0.0,,427389.0,4023138.0,NAD83,CoordinateNotes_86ab4fde,6160.0,10.0,M,NGVD29,,,NAD83,S,M,,,,,,,,Trampas,Rio Arriba,NM,LocationNotes_63453ba9,,,WLReportNote_8f130157,ChemistryReportNote_0187137c,3742.0,17928.0,,,20331,36.35014824351351,-105.8154730682883,0x000000002C3A0081,0,,13
86C0255F-0298-4CA7-B499-057644798621,2015-01-27 00:00:00.000,NM-24008,SiteNames_9e06f56b,SiteID_77bb7b7b,AlternateSiteID_5ce57898,AlternateSiteID2_2788856f,,U,0,GW,0,1,0,0.0,0.0,0.0,0.0,,483568.0,3919460.0,NAD83,CoordinateNotes_8eab1493,6300.0,10.0,M,NGVD29,,,NAD83,U,M,,,,,,,,Tecolote,San Miguel,NM,LocationNotes_63453ba9,,,WLReportNote_8f130157,ChemistryReportNote_0187137c,8776.0,-3990.0,,463510500,24357,35.41826531405406,-105.19872311693692,0x000000002C3A0082,0,,13
CBFD7988-0BC7-4015-A9C9-057D6D689951,2015-01-27 00:00:00.000,NM-11001,SiteNames_73b5244e,SiteID_bbe0ef56,AlternateSiteID_5ce57898,AlternateSiteID2_2788856f,,U,0,GW,0,1,0,0.0,0.0,0.0,0.0,,603619.0,3656522.0,NAD83,CoordinateNotes_b388a4bd,4334.0,2.5,M,NGVD29,,,NAD83,T,M,,,,,,,,Buckeye NW,Lea,NM,LocationNotes_63453ba9,,,WLReportNote_8f130157,ChemistryReportNote_0187137c,-13500.0,4862.0,,463527100,18435,33.04086399180181,-103.8679627816216,0x000000002C3A0083,0,,13
EC114C74-BC5C-49F3-812D-057DA43018D2,2019-10-08 00:00:00.000,SB-0560,SiteNames_14e2ee6c,SiteID_38a98847,AlternateSiteID_5dd6cce0,AlternateSiteID2_2788856f,,U,0,GW,0,1,1,0.0,0.0,0.0,0.0,,446547.0,3450841.0,NAD83,CoordinateNotes_4add0549,4530.0,,R,,,,NAD27,,R,,,,,,,,,Hudspeth,TX,LocationNotes_63453ba9,,,WLReportNote_8f130157,ChemistryReportNote_0187137c,-18542.0,1048.0,,,38914,31.19110844144144,-105.53343404504506,0x000000002C3A0084,0,,13
701B8774-F6A9-40C8-BF98-057ED5D0119F,2015-09-28 00:00:00.000,QY-0940,SiteNames_3e6616b2,SiteID_38a98847,AlternateSiteID_6d9ac2ec,AlternateSiteID2_2788856f,,U,0,GW,0,1,1,0.0,0.0,0.0,0.0,,604225.0,3878672.0,NAD83,CoordinateNotes_514b3639,4350.0,10.0,R,,,,NAD27,,R,9.0,N,28.0,E,23.212,,,Circle S Mesa,Quay,NM,LocationNotes_63453ba9,,,WLReportNote_8f130157,ChemistryReportNote_0187137c,7314.0,5552.0,,,32318,,,0x000000002C3A0085,1,,13
8CB64A4D-E5D1-4249-9510-057FDAEC8281,2015-01-27 00:00:00.000,NM-07479,SiteNames_852aa328,SiteID_5048d3f7,AlternateSiteID_5ce57898,AlternateSiteID2_2788856f,,U,0,GW,0,1,0,0.0,0.0,0.0,0.0,,641020.0,3613540.0,NAD83,CoordinateNotes_6b725ba9,3633.0,,U,NGVD29,,,NAD83,T,M,,,,,,,,Lea,Lea,NM,LocationNotes_63453ba9,,,WLReportNote_8f130157,ChemistryReportNote_0187137c,11354.0,10210.0,,463527100,28261,32.65182695198199,-103.51653686171171,0x000000002C3A0086,0,,13
20553E9D-B7F2-46D7-9A9E-0581D81E1BB7,2014-10-17 00:00:00.000,NM-03347,SiteNames_704a96a9,SiteID_5d4f8e3b,AlternateSiteID_5ce57898,AlternateSiteID2_2788856f,,U,0,GW,0,1,0,0.0,0.0,0.0,0.0,,604396.0,3895250.0,NAD83,CoordinateNotes_a83190ec,4110.0,,M,NGVD29,350239.1491891892,1034323.8562874636,NAD27,U,M,10.0,N,30.0,E,35.43222,,,Bulldog Mesa,QUAY,NM,LocationNotes_63453ba9,,,WLReportNote_8f130157,ChemistryReportNote_0187137c,-12046.0,16560.0,,463500200,899,35.193414969189185,-103.86701072643632,0x000000002C3A0087,0,,13
65C3B309-8321-4EE6-BACE-05823F852483,2014-04-03 00:00:00.000,EB-150,SiteNames_2ff0b6a8,SiteID_38a98847,AlternateSiteID_5ce57898,AlternateSiteID2_2788856f,2003-03-27 00:00:00.000,C,0,GW,0,1,1,0.0,0.0,0.0,0.0,,407916.0,3959509.0,NAD83,CoordinateNotes_3678a93f,7022.86,0.01,L,NGVD29,354150.4933423424,1055750.4317334597,NAD27,5,G,17.0,N,9.0,E,15.4443,,,Santa Fe,SANTA FE,NM,LocationNotes_8650bb6c,,,WLReportNote_8f130157,ChemistryReportNote_0187137c,-4676.0,8696.0,Espanola Basin,,2799,,,0x000000002C3A0088,1,,13
812079E0-33FB-460C-BDD1-05841B9DCBF7,2015-09-28 00:00:00.000,QY-0532,SiteNames_75e91a12,SiteID_38a98847,AlternateSiteID_eb1626c8,AlternateSiteID2_2788856f,,U,0,GW,0,1,0,0.0,0.0,0.0,0.0,,684258.0,3964248.0,NAD83,CoordinateNotes_514b3639,4360.0,10.0,R,,,,NAD27,,R,17.0,N,35.0,E,24.322,,,Kerlin Hill,Quay,NM,LocationNotes_63453ba9,,,WLReportNote_8f130157,ChemistryReportNote_0187137c,18844.0,13288.0,,,32167,,,0x000000002C3A0089,1,,13
3F9BBF04-FDFF-476A-B7B1-05867F496161,2012-11-14 00:00:00.000,QU-084,SiteNames_21ed3680,SiteID_38a98847,AlternateSiteID_3dcc9006,AlternateSiteID2_2788856f,2012-11-06 00:00:00.000,C,0,GW,0,1,1,0.0,0.0,1.0,0.0,LL,427876.0,4075870.0,NAD83,CoordinateNotes_5a57b500,7347.75,3.3,N,NAVD88,,,NAD27,,G,,,,,,,,Guadalupe Mountain,TAOS,NM,LocationNotes_85f1b96b,,,WLReportNote_8f130157,ChemistryReportNote_0187137c,-15384.0,14592.0,Questa Red River,,1740,,,0x000000002C3A008A,1,,13
5295CF76-EB53-46EF-ACAF-058F6D88555F,2015-01-27 00:00:00.000,NM-08869,SiteNames_05e8ad20,SiteID_f7a63ea4,AlternateSiteID_5ce57898,AlternateSiteID2_2788856f,,U,0,GW,0,1,0,0.0,0.0,0.0,0.0,,222810.0,3642578.0,NAD83,CoordinateNotes_2f8a7c14,5830.0,12.0,M,NGVD29,,,NAD83,T,M,,,,,,,,Hurley West,Grant,NM,LocationNotes_63453ba9,,,WLReportNote_8f130157,ChemistryReportNote_0187137c,18148.0,14688.0,,463527100,17860,32.88156708432433,-107.98849296450452,0x000000002C3A008B,0,,13
28A492B2-E695-46D2-BEBA-0590BA93079D,2016-03-07 00:00:00.000,TO-0020,SiteNames_14e2ee6c,SiteID_38a98847,AlternateSiteID_433a43f3,AlternateSiteID2_2788856f,,U,0,GW,0,1,1,0.0,0.0,0.0,0.0,,398745.0,3820020.0,NAD83,CoordinateNotes_79920d25,6484.18,3.3,N,NAVD88,,,NAD27,,R,2.0,N,8.0,E,15.442,,,Round Top,Torrance,NM,LocationNotes_63453ba9,,,WLReportNote_8f130157,ChemistryReportNote_0187137c,-1392.0,13590.0,,,35093,,,0x000000002C3A008C,1,,13
85D7203A-EC99-4C0A-8A17-0591B1D6923F,2015-01-27 00:00:00.000,NM-07427,SiteNames_9149c56b,SiteID_bec75467,AlternateSiteID_5ce57898,AlternateSiteID2_2788856f,,U,0,GW,0,1,0,0.0,0.0,0.0,0.0,,288495.0,3617204.0,NAD83,CoordinateNotes_c6fa02d3,4525.0,10.0,M,NGVD29,,,NAD83,T,M,,,,,,,,Nutt,Luna,NM,LocationNotes_63453ba9,,,WLReportNote_8f130157,ChemistryReportNote_0187137c,14480.0,13204.0,,863700200,18804,32.66931678495496,-107.27623971954957,0x000000002C3A008D,0,,13
D7FC5053-509C-4989-AAA4-05942ADE61BB,2014-04-03 00:00:00.000,EB-395,SiteNames_ba786337,SiteID_38a98847,AlternateSiteID_5ce57898,AlternateSiteID2_2788856f,,U,0,GW,0,1,0,0.0,0.0,0.0,0.0,,405084.0,3936195.0,NAD83,CoordinateNotes_5a57b500,6196.09,3.3,N,NAVD88,353017.52487387386,1060323.1672831804,NAD27,R,M,15.0,N,8.0,E,26.224,,,Turquoise Hill,SANTA FE,NM,LocationNotes_63453ba9,,,WLReportNote_8f130157,ChemistryReportNote_0187137c,944.0,6646.0,Espanola Basin,,5859,,,0x000000002C3A008E,1,,13
D510ADF4-FF43-4185-8348-059588906E9D,2015-01-27 00:00:00.000,NM-20934,SiteNames_161d3629,SiteID_5dfa34a7,AlternateSiteID_5ce57898,AlternateSiteID2_2788856f,,U,0,GW,0,1,0,0.0,0.0,0.0,0.0,,584491.0,3844296.0,NAD83,CoordinateNotes_0352a2f9,4588.0,,U,NGVD29,,,NAD83,T,M,,,,,,,,Cunavea Basin,Quay,NM,LocationNotes_63453ba9,,,WLReportNote_8f130157,ChemistryReportNote_0187137c,-16786.0,-12614.0,,407,8402,34.735867410360356,-104.04341478522524,0x000000002C3A008F,0,,13
264F4F99-11FD-4264-8EE4-0596366BD6D5,2015-01-27 00:00:00.000,NM-24738,SiteNames_27460ebd,SiteID_a7c549b1,AlternateSiteID_5ce57898,AlternateSiteID2_2788856f,,U,0,GW,0,1,0,0.0,0.0,0.0,0.0,,418027.0,3960800.0,NAD83,CoordinateNotes_bdfacc09,6565.0,10.0,M,NGVD29,,,NAD83,S,M,,,,,,,,Agua Fria,Santa Fe,NM,LocationNotes_63453ba9,,,WLReportNote_8f130157,ChemistryReportNote_0187137c,9850.0,16490.0,,,22111,35.78692345855856,-105.92545016126128,0x000000002C3A0090,0,,13
536A03A2-9680-460C-B165-0597540526E9,2015-01-27 00:00:00.000,NM-19716,SiteNames_a9b377cc,SiteID_535753d5,AlternateSiteID_5ce57898,AlternateSiteID2_2788856f,,U,0,GW,0,1,0,0.0,0.0,0.0,0.0,,549628.0,3812732.0,NAD83,CoordinateNotes_0512af37,4331.0,,U,NGVD29,,,NAD83,T,M,,,,,,,,Alamogordo Dam,De Baca,NM,LocationNotes_63453ba9,,,WLReportNote_8f130157,ChemistryReportNote_0187137c,-7542.0,-18358.0,,463527100,16018,34.45467699261262,-104.44431462594596,0x000000002C3A0091,0,,13
C326E563-C9CD-4774-8DAA-0597FA7A0E88,2019-10-08 00:00:00.000,SB-0513,SiteNames_65519a0f,SiteID_38a98847,AlternateSiteID_e63c276b,AlternateSiteID2_2788856f,,U,0,GW,0,1,1,0.0,0.0,0.0,0.0,,407095.0,3487295.0,NAD83,CoordinateNotes_4add0549,3885.0,,R,,,,NAD27,,R,,,,,,,,,Hudspeth,TX,LocationNotes_63453ba9,,,WLReportNote_8f130157,ChemistryReportNote_0187137c,-12284.0,16376.0,,,38867,31.517531531531535,-105.95844466666668,0x000000002C3A0092,0,,13
DE7F169C-5541-41BD-B519-059900F2766B,2022-03-08 00:00:00.000,DE-0347,SiteNames_3abf6e4d,SiteID_38a98847,AlternateSiteID_5ce57898,AlternateSiteID2_2788856f,,U,0,GW,0,1,1,0.0,0.0,0.0,0.0,,553061.0,3641731.0,NAD83,CoordinateNotes_b4a70045,3540.3,,R,,,,NAD27,,R,,,,,,,,,Eddy,NM,LocationNotes_63453ba9,,,WLReportNote_8f130157,ChemistryReportNote_0187137c,-16292.0,15132.0,,,39860,,,0x000000002C3A0093,0,,13
5EFD7535-BDD7-41FD-BFB2-059CC32B9805,2015-02-26 00:00:00.000,NM-27079,SiteNames_858a38f1,SiteID_38a98847,AlternateSiteID_5ce57898,AlternateSiteID2_2788856f,,U,0,GW,0,0,1,0.0,0.0,0.0,0.0,,325796.0,3744548.0,NAD83,CoordinateNotes_dab53812,4799.0,,R,,,,NAD27,,R,,,,,,,,Socorro,Socorro,NM,LocationNotes_63453ba9,,,WLReportNote_8f130157,ChemistryReportNote_0187137c,1384.0,-19432.0,,,30841,,,0x000000002C3A0094,1,,13
AC204FC6-6448-4431-8362-059F3EAEC68A,2015-01-27 00:00:00.000,NM-05656,,SiteID_787ab7de,AlternateSiteID_5ce57898,AlternateSiteID2_2788856f,,U,0,GW,0,1,0,0.0,0.0,0.0,0.0,,321385.0,3557672.0,NAD83,CoordinateNotes_55c3d047,3964.0,10.0,M,NGVD29,,,NAD83,F,M,,,,,,,,San Miguel,Dona Ana,NM,LocationNotes_63453ba9,,,WLReportNote_8f130157,ChemistryReportNote_0187137c,-16464.0,-10858.0,,,13340,32.14394236018018,-106.86943634432434,0x000000002C3A0095,0,,13
E06AB007-AC5E-49C7-AAA6-05A00F8774F9,2015-01-27 00:00:00.000,NM-25862,SiteNames_5eefd48a,SiteID_5a2490a2,AlternateSiteID_5ce57898,AlternateSiteID2_2788856f,,U,0,GW,0,1,0,0.0,0.0,0.0,0.0,,233111.0,4008060.0,NAD83,CoordinateNotes_b2b8a0e0,6290.0,10.0,M,NGVD29,,,NAD83,S,M,,,,,,,,Pueblo Bonito NW,San Juan,NM,LocationNotes_63453ba9,,,WLReportNote_8f130157,ChemistryReportNote_0187137c,-7172.0,3700.0,,463532100,7541,36.18251372333333,-107.95134113261264,0x000000002C3A0096,0,,13
91296D64-C921-4E59-B01B-05A04C8D01A2,2015-11-11 00:00:00.000,BW-0165,SiteNames_14e2ee6c,SiteID_38a98847,AlternateSiteID_934c4bb7,AlternateSiteID2_2788856f,,M,0,GW,0,1,0,0.0,0.0,0.0,0.0,,393074.0,3660662.0,NAD83,CoordinateNotes_e21b76d0,4535.0,,R,,,,NAD27,,R,13.0,S,9.0,E,36.424,,,Tularosa NE,Otero,NM,LocationNotes_cd37213c,,,WLReportNote_8f130157,ChemistryReportNote_0187137c,-10822.0,-6678.0,,,33355,,,0x000000002C3A0097,1,,13
25BF3AFC-5A6D-4DE3-A1C5-05A0F48FBF8F,2015-01-27 00:00:00.000,NM-03828,SiteNames_7fce713b,SiteID_261b6bf6,AlternateSiteID_5ce57898,AlternateSiteID2_2788856f,,U,0,GW,0,1,0,0.0,0.0,0.0,0.0,,235537.0,3510376.0,NAD83,CoordinateNotes_46af697f,4348.0,,U,NGVD29,,,NAD83,T,M,,,,,,,,Columbus,Luna,NM,LocationNotes_63453ba9,,,WLReportNote_8f130157,ChemistryReportNote_0187137c,-4102.0,-11224.0,,463527100,21869,31.69926143288288,-107.78698052495496,0x000000002C3A0098,0,,13
DA4EA3D1-D906-FE4B-9A79-05A36CDFA9FF,2018-09-24 15:42:25.000,WL-0130,SiteNames_3f21e04e,SiteID_38a98847,AlternateSiteID_5ce57898,AlternateSiteID2_2788856f,2018-09-06 00:00:00.000,C,0,GW,1,1,0,0.0,0.0,0.0,0.0,,339906.0,3780741.0,NAD83,CoordinateNotes_9ca46933,4608.45,3.3,N,NAVD88,,,NAD27,,G,,,,,,,,Socorro,Socorro,NM,LocationNotes_276df59e,,,WLReportNote_8f130157,ChemistryReportNote_0187137c,14988.0,10142.0,,,38114,,,0x000000002C3A0099,1,,13
798F1D47-3AB2-4859-B888-05A45447A8D6,2015-01-27 00:00:00.000,NM-04900,SiteNames_26677ce2,SiteID_a1177d1c,AlternateSiteID_5ce57898,AlternateSiteID2_2788856f,,U,0,GW,0,1,0,0.0,0.0,0.0,0.0,,251526.0,3551498.0,NAD83,CoordinateNotes_8331f7c0,4078.0,5.0,M,NGVD29,,,NAD83,T,M,,,,,,,,Akela,Luna,NM,LocationNotes_63453ba9,,,WLReportNote_8f130157,ChemistryReportNote_0187137c,-14878.0,-7862.0,,863700200,15786,32.075651451171176,-107.61072434603604,0x000000002C3A009A,0,,13
13E0CEEC-39A6-4D2E-97FB-05A7D0D1092D,2015-01-27 00:00:00.000,NM-13149,SiteNames_6e37fc2a,SiteID_017217f4,AlternateSiteID_5ce57898,AlternateSiteID2_2788856f,,U,0,GW,0,1,0,0.0,0.0,0.0,0.0,,647894.0,3668284.0,NAD83,CoordinateNotes_f23759ce,3947.1,2.5,L,NGVD29,,,NAD83,S,M,,,,,,,,Gladiola,Lea,NM,LocationNotes_63453ba9,,,WLReportNote_8f130157,ChemistryReportNote_0187137c,-17232.0,-19746.0,,463500200,28000,33.14082828810811,-103.38130303324324,0x000000002C3A009B,0,,13
C49FCF0E-99EF-4D0F-BC6F-05A8393087C0,2014-09-03 00:00:00.000,QU-172,SiteNames_b994bf49,SiteID_38a98847,AlternateSiteID_5ce57898,AlternateSiteID2_2788856f,,U,0,GW,0,0,1,0.0,0.0,0.0,0.0,,438254.0,4057099.0,NAD83,CoordinateNotes_7b579fc3,7559.13,3.3,N,NAVD88,,,NAD27,,U,,,,,,,,Questa,TAOS,NM,LocationNotes_63453ba9,,,WLReportNote_8f130157,ChemistryReportNote_0187137c,-7620.0,-5200.0,,,4853,,,0x000000002C3A009C,1,,13
49E67BCD-D9BE-4260-8749-05A888F5FB24,2016-09-22 00:00:00.000,NM-27493,SiteNames_ad1ec6ed,SiteID_89549d8f,AlternateSiteID_5ce57898,AlternateSiteID2_2788856f,,U,0,GW,0,1,0,0.0,0.0,0.0,0.0,,552525.0,3726128.0,NAD83,CoordinateNotes_cd5280d1,3606.6,,U,NGVD29,,,NAD83,T,M,7.0,S,26.0,E,4.312,,,Eightmile Draw,Chaves,NM,LocationNotes_63453ba9,,,WLReportNote_8f130157,ChemistryReportNote_0187137c,-11678.0,-7052.0,,,36435,33.67322274846846,-104.4121197272072,0x000000002C3A009D,0,,13
9EFD2FB3-4016-43D4-B2D6-05A8A08A7E2E,2015-01-27 00:00:00.000,NM-04925,SiteNames_39b25875,SiteID_866a1092,AlternateSiteID_5ce57898,AlternateSiteID2_2788856f,,U,0,GW,0,1,0,0.0,0.0,0.0,0.0,,118872.0,3573786.0,NAD83,CoordinateNotes_a424207c,4208.0,5.0,M,NGVD29,,,NAD83,M,M,,,,,,,,Swallow Fork Peak,Hidalgo,NM,LocationNotes_63453ba9,,,WLReportNote_8f130157,ChemistryReportNote_0187137c,-19552.0,10766.0,,863700200,19441,32.24263192099099,-109.00897772414412,0x000000002C3A009E,0,,13
B5859298-8301-42ED-86CA-05AAEE1F88CE,2015-01-27 00:00:00.000,NM-22119,,SiteID_05e6b098,AlternateSiteID_5ce57898,AlternateSiteID2_2788856f,,U,0,GW,0,1,0,0.0,0.0,0.0,0.0,,384145.0,3877648.0,NAD83,CoordinateNotes_52cbd5d9,6400.0,20.0,M,NGVD29,,,NAD83,R,G,,,,,,,,Sedillo,Bernalillo,NM,LocationNotes_63453ba9,,,WLReportNote_8f130157,ChemistryReportNote_0187137c,9392.0,-6182.0,,,15131,35.0337507463063,-106.2893873873874,0x000000002C3A009F,0,,13
50930176-336A-4C40-9E62-05AB8FD40508,2015-01-27 00:00:00.000,NM-12080,SiteNames_a2146a38,SiteID_319e735b,AlternateSiteID_5ce57898,AlternateSiteID2_2788856f,,U,0,GW,0,1,0,0.0,0.0,0.0,0.0,,646143.0,3656326.0,NAD83,CoordinateNotes_2d52b68a,3906.2,2.5,M,NGVD29,,,NAD83,S,M,,,,,,,,Prairieview NW,Lea,NM,LocationNotes_63453ba9,,,WLReportNote_8f130157,ChemistryReportNote_0187137c,-17200.0,-13124.0,,463527100,13425,33.03326852576576,-103.40351298495494,0x000000002C3A00A0,0,,13
EBE2DB85-AEBF-4ACA-B8B3-05ACDA61A5A3,2015-01-27 00:00:00.000,NM-05961,,SiteID_2fa9b45f,AlternateSiteID_5ce57898,AlternateSiteID2_2788856f,,U,0,GW,0,1,0,0.0,0.0,0.0,0.0,,326325.0,3570642.0,NAD83,CoordinateNotes_41b880c5,3883.0,10.0,M,NGVD29,,,NAD83,T,M,,,,,,,,Las Cruces,Dona Ana,NM,LocationNotes_63453ba9,,,WLReportNote_8f130157,ChemistryReportNote_0187137c,-2382.0,-2258.0,,,28817,32.25947393765765,-106.84035328945946,0x000000002C3A00A1,0,,13
7986C220-1AF1-4DAB-94C5-05AD863DD053,2016-09-22 00:00:00.000,NM-27232,SiteNames_92b4db44,SiteID_7e25ae97,AlternateSiteID_5ce57898,AlternateSiteID2_2788856f,,U,0,GW,0,1,0,0.0,0.0,0.0,0.0,,605655.0,3553628.0,NAD83,CoordinateNotes_cd5280d1,3210.8,,U,NGVD29,,,NAD83,T,M,25.0,S,30.0,E,21.333,,,Ross Ranch,Eddy,NM,LocationNotes_63453ba9,,,WLReportNote_8f130157,ChemistryReportNote_0187137c,1132.0,698.0,,,36174,32.11419033828829,-103.8819500918018,0x000000002C3A00A2,0,,13
815A70A3-5BCA-41F8-8EF4-05AE8CA3109C,2014-10-01 00:00:00.000,NM-00801,SiteNames_896662e3,SiteID_34cfda98,AlternateSiteID_5ce57898,AlternateSiteID2_2788856f,,U,0,GW,0,1,0,0.0,0.0,0.0,0.0,,447827.0,3692890.0,NAD83,CoordinateNotes_b6e80635,5987.4,20.0,M,NGVD29,333114.85360360355,1052818.1787976285,NAD83,R,G,9.0,S,15.0,E,15.33133,,,Capitan Pass,LINCOLN,NM,LocationNotes_63453ba9,,,WLReportNote_8f130157,ChemistryReportNote_0187137c,-8376.0,-16250.0,,463527100,3566,33.374573043603604,-105.29283293132592,0x000000002C3A00A3,0,,13
DCA57D66-FC11-4DE3-8869-05B0F81C10B3,2015-01-27 00:00:00.000,NM-07632,SiteNames_ef079b17,SiteID_61b25c63,AlternateSiteID_5ce57898,AlternateSiteID2_2788856f,,U,0,GW,0,1,0,0.0,0.0,0.0,0.0,,655657.0,3605252.0,NAD83,CoordinateNotes_de2c2508,3553.0,,U,NGVD29,,,NAD83,T,M,,,,,,,,Monument South,Lea,NM,LocationNotes_63453ba9,,,WLReportNote_8f130157,ChemistryReportNote_0187137c,-4036.0,-1318.0,,463527100,16518,32.573248756126134,-103.33489561036036,0x000000002C3A00A4,0,,13
A6DF5517-6E91-4B15-8A5B-05B2BEC2BF64,2015-01-27 00:00:00.000,NM-21922,SiteNames_6389d510,SiteID_0973f806,AlternateSiteID_5ce57898,AlternateSiteID2_2788856f,,U,0,GW,0,1,0,0.0,0.0,0.0,0.0,,356587.0,3892608.0,NAD83,CoordinateNotes_881f972d,6120.0,20.0,M,NGVD29,,,NAD83,S,M,,,,,,,,Tijeras,Bernalillo,NM,LocationNotes_63453ba9,,,WLReportNote_8f130157,ChemistryReportNote_0187137c,-11710.0,10878.0,,463524800,24980,35.16776959,-106.54996309549549,0x000000002C3A00A5,0,,13
5881FBC3-A046-41B5-931A-05B4D0D333F8,2015-01-27 00:00:00.000,NM-15071,SiteNames_50e82dde,SiteID_41ac76e9,AlternateSiteID_5ce57898,AlternateSiteID2_2788856f,,U,0,GW,0,1,0,0.0,0.0,0.0,0.0,,432459.0,3722252.0,NAD83,CoordinateNotes_5556c3a2,5514.55,8.0,N,NAVD88,,,NAD83,T,M,,,,,,,,Carrizozo East,Lincoln,NM,LocationNotes_63453ba9,,,WLReportNote_8f130157,ChemistryReportNote_0187137c,12434.0,-7688.0,,463527100,14606,33.63720102873874,-105.751026521982,0x000000002C3A00A6,0,,13
674C6211-C8BB-40C3-AE9B-05B554844C04,2015-01-27 00:00:00.000,NM-06882,SiteNames_3322ed5b,SiteID_c6c9b4e3,AlternateSiteID_5ce57898,AlternateSiteID2_2788856f,,U,0,GW,0,1,0,0.0,0.0,0.0,0.0,,661053.0,3608374.0,NAD83,CoordinateNotes_e8baa743,3637.0,,U,NGVD29,,,NAD83,T,M,,,,,,,,Oil Center,Lea,NM,LocationNotes_63453ba9,,,WLReportNote_8f130157,ChemistryReportNote_0187137c,-400.0,17084.0,,463527100,15237,32.600979549909916,-103.2860206036036,0x000000002C3A00A7,0,,13
D8A24730-6974-48CF-B82E-05B56B87F072,2015-09-28 00:00:00.000,QY-0341,,SiteID_38a98847,AlternateSiteID_f5064002,AlternateSiteID2_2788856f,,U,0,GW,0,1,0,0.0,0.0,0.0,0.0,,663233.0,3876222.0,NAD83,CoordinateNotes_5c5ad419,4117.31,3.3,N,NAVD88,,,NAD27,,R,11.0,N,34.0,E,22.333,,,Porter,Quay,NM,LocationNotes_63453ba9,,,WLReportNote_8f130157,ChemistryReportNote_0187137c,11058.0,-15788.0,,,31696,,,0x000000002C3A00A8,1,,13
A68FDF3C-C223-4ACF-9D74-05B6696956E9,2015-01-27 00:00:00.000,NM-21242,SiteNames_213cb375,SiteID_1601332c,AlternateSiteID_5ce57898,AlternateSiteID2_2788856f,,U,0,GW,0,1,0,0.0,0.0,0.0,0.0,,330571.0,3870048.0,NAD83,CoordinateNotes_84b7516b,4900.97,0.01,L,NAVD88,,,NAD83,S,D,,,,,,,,Isleta,Bernalillo,NM,LocationNotes_63453ba9,,,WLReportNote_8f130157,ChemistryReportNote_0187137c,-15418.0,1158.0,,,25509,34.96126299243244,-106.8255703409009,0x000000002C3A00A9,0,,13
070A63F1-2631-384D-AF76-05B795C39A90,2018-03-26 14:36:32.000,WL-0099,SiteNames_79e2feaa,SiteID_38a98847,AlternateSiteID_aaf87b42,AlternateSiteID2_2788856f,,U,0,GW,0,1,0,0.0,0.0,0.0,0.0,,606642.0,3623364.0,NAD83,CoordinateNotes_b4a70045,3577.0,,R,,,,NAD27,,R,,,,,,,,Laguna Gatuna,Lea,NM,LocationNotes_63453ba9,,,WLReportNote_8f130157,ChemistryReportNote_0187137c,-10848.0,14004.0,,,38040,,,0x000000002C3A00AA,1,,13
B1D2E5CD-A7E6-4121-9337-05B81ADCF6E2,2016-09-22 00:00:00.000,NM-27408,SiteNames_c57c4771,SiteID_d958bb39,AlternateSiteID_5ce57898,AlternateSiteID2_2788856f,,U,0,GW,0,1,0,0.0,0.0,0.0,0.0,,547836.0,3655084.0,NAD83,CoordinateNotes_cd5280d1,3575.0,,U,NGVD29,,,NAD83,T,M,16.0,S,24.0,E,11.344,,,Hope NE,Eddy,NM,LocationNotes_63453ba9,,,WLReportNote_8f130157,ChemistryReportNote_0187137c,6542.0,11334.0,,,36350,33.03332850810811,-104.49936325306308,0x000000002C3A00AB,0,,13
00CC3172-4F1C-4C48-B043-05B87EAAC9AD,2015-01-27 00:00:00.000,NM-19685,SiteNames_6c408e4c,SiteID_54ed136f,AlternateSiteID_5ce57898,AlternateSiteID2_2788856f,,U,0,GW,0,1,0,0.0,0.0,0.0,0.0,,612617.0,3842774.0,NAD83,CoordinateNotes_4f3aca9d,4584.74,,U,NGVD29,,,NAD83,T,M,,,,,,,,House SE,Quay,NM,LocationNotes_63453ba9,,,WLReportNote_8f130157,ChemistryReportNote_0187137c,-660.0,11564.0,,407,16254,34.72063751018018,-103.77035348594592,0x000000002C3A00AC,0,,13
FD7A4A46-EEEA-4644-9668-05B96576DF85,2015-01-27 00:00:00.000,NM-05404,SiteNames_e68b01f5,SiteID_ded5c153,AlternateSiteID_5ce57898,AlternateSiteID2_2788856f,,U,0,GW,0,1,0,0.0,0.0,0.0,0.0,,213487.0,3580218.0,NAD83,CoordinateNotes_502c5136,4381.0,,U,NGVD29,,,NAD83,T,M,,,,,,,,Red Mountain,Luna,NM,LocationNotes_63453ba9,,,WLReportNote_8f130157,ChemistryReportNote_0187137c,-10252.0,11988.0,,463527100,26406,32.32475481,-108.02350557036036,0x000000002C3A00AD,0,,13
04C56388-A3CA-4B38-A55E-05B9BAECCEB6,2015-11-11 00:00:00.000,BW-0386,SiteNames_14e2ee6c,SiteID_38a98847,AlternateSiteID_e030b633,AlternateSiteID2_2788856f,,M,0,GW,0,0,1,0.0,0.0,0.0,0.0,,391330.0,3652654.0,NAD83,CoordinateNotes_fce4e842,4292.26,3.3,N,NAVD88,,,NAD27,,R,17.0,S,10.0,E,6.311,,,Alamogordo South,Otero,NM,LocationNotes_cd37213c,,,WLReportNote_8f130157,ChemistryReportNote_0187137c,-18766.0,17394.0,,,33575,,,0x000000002C3A00AE,1,,13
382EE0E1-3370-4394-9486-05BE072FC2EB,2015-11-11 00:00:00.000,BW-0322,SiteNames_8dcaece6,SiteID_38a98847,AlternateSiteID_6ec6cc53,AlternateSiteID2_2788856f,,M,0,GW,0,0,1,0.0,0.0,0.0,0.0,,393985.0,3661610.0,NAD83,CoordinateNotes_e21b76d0,4670.0,,R,,,,NAD27,,R,16.0,S,10.0,E,5.244,,,Alamogordo North,Otero,NM,LocationNotes_cd37213c,,,WLReportNote_8f130157,ChemistryReportNote_0187137c,-17798.0,15810.0,,,33511,,,0x000000002C3A00AF,1,,13
3F0B9D4D-2637-449D-970C-05C106161710,2014-12-12 00:00:00.000,BC-0113,SiteNames_7b36d0b8,SiteID_38a98847,AlternateSiteID_856bf98d,AlternateSiteID2_2788856f,,U,0,GW,0,1,0,0.0,0.0,0.0,0.0,,361537.0,3876690.0,NAD83,CoordinateNotes_37d74907,6320.0,,R,,,,NAD27,,R,,,,,,,,Tijeras,BERNALILLO,NM,LocationNotes_63453ba9,,,WLReportNote_8f130157,ChemistryReportNote_0187137c,-12236.0,-5970.0,,,7265,,,0x000000002C3A00B0,1,,13
55FF7D47-C1DD-4D71-9AF9-05C3B37C4562,2015-01-27 00:00:00.000,NM-17409,SiteNames_68357c37,SiteID_a1488198,AlternateSiteID_5ce57898,AlternateSiteID2_2788856f,2015-04-21 00:00:00.000,C,0,GW,0,1,1,0.0,0.0,0.0,0.0,,671329.0,3778340.0,NAD83,CoordinateNotes_fc4b8a34,4017.2,15.0,M,NGVD29,,,NAD83,F,M,,,,,,,,Arch NW,Roosevelt,NM,LocationNotes_63453ba9,,2015-07-22 00:00:00.000,WLReportNote_8f130157,ChemistryReportNote_aa9b1e45,4472.0,-9860.0,,463527100,27226,34.13264021117118,-103.14827257171171,0x000000002C3A00B1,1,,13
A597DF07-11D9-4404-A049-05C47F593988,2019-10-08 00:00:00.000,SB-0817,SiteNames_14e2ee6c,SiteID_38a98847,AlternateSiteID_7aebb57f,AlternateSiteID2_2788856f,,U,0,GW,0,1,0,0.0,0.0,0.0,0.0,,529294.0,3432620.0,NAD83,CoordinateNotes_4add0549,4038.0,,R,,,,NAD27,,R,,,,,,,,,Culberson,TX,LocationNotes_63453ba9,,,WLReportNote_8f130157,ChemistryReportNote_0187137c,16432.0,3626.0,,,39171,31.027111666666663,-104.71724196396396,0x000000002C3A00B2,0,,13
9F44DFEB-06CA-4347-923E-05C57F3B315F,2016-09-22 00:00:00.000,NM-28152,SiteNames_dec5b3d3,SiteID_c17f8a36,AlternateSiteID_5ce57898,AlternateSiteID2_2788856f,,U,0,GW,0,1,0,0.0,0.0,0.0,0.0,,162654.0,3980314.0,NAD83,CoordinateNotes_cd5280d1,6014.0,10.0,M,NGVD29,,,NAD83,S,M,,,,,,,,Chuska Lake,San Juan,NM,LocationNotes_63453ba9,,,WLReportNote_8f130157,ChemistryReportNote_0187137c,-8174.0,7764.0,,,37094,35.91190632594595,-108.71788930963965,0x000000002C3A00B3,0,,13
BF109D55-B10D-4165-8117-05C6FDF6E107,2016-02-16 00:00:00.000,ED-0091,SiteNames_14e2ee6c,SiteID_38a98847,AlternateSiteID_fee7c2dc,AlternateSiteID2_2788856f,,U,0,GW,0,1,0,0.0,0.0,0.0,0.0,,551754.0,3587724.0,NAD83,CoordinateNotes_6294849d,3360.0,,R,,,,NAD27,,R,21.0,S,25.0,E,9.342,,,Azotea Peak,Eddy,NM,LocationNotes_63453ba9,,,WLReportNote_8f130157,ChemistryReportNote_0187137c,-4856.0,-7306.0,,,34758,,,0x000000002C3A00B4,1,,13
A5205583-51C4-441B-9839-05C7EBD9F2FD,2010-08-13 00:00:00.000,SA-0206,SiteNames_a71c145e,SiteID_38a98847,AlternateSiteID_5ce57898,AlternateSiteID2_2788856f,2010-07-23 00:00:00.000,C,0,GW,0,1,0,0.0,0.0,0.0,0.0,,227292.0,3753985.0,NAD83,CoordinateNotes_5a57b500,7445.06,3.3,N,NAVD88,,,NAD27,,G,6.0,S,9.0,W,17.134,,,Luera Mountains East,CATRON,NM,LocationNotes_06d74a51,,,WLReportNote_1793a7eb,ChemistryReportNote_0187137c,-13764.0,11540.0,San Agustin Plains Alamosa Creek,,4471,,,0x000000002C3A00B5,1,,13
0D304092-BDC4-445B-AF74-05C9811A8513,2016-03-07 00:00:00.000,TO-0291,SiteNames_14e2ee6c,SiteID_38a98847,AlternateSiteID_999bcae2,AlternateSiteID2_2788856f,,U,0,GW,0,1,0,0.0,0.0,0.0,0.0,,392582.0,3871680.0,NAD83,CoordinateNotes_6294849d,6320.0,,R,,,,NAD27,,R,7.0,N,8.0,E,19.422,,,Milbourn Ranch,Torrance,NM,LocationNotes_63453ba9,,,WLReportNote_8f130157,ChemistryReportNote_0187137c,-3894.0,18340.0,,,35364,,,0x000000002C3A00B6,1,,13
62FF5409-B9C1-4C79-A0AE-05D230EEFE32,2015-01-27 00:00:00.000,NM-26179,,SiteID_b1264c4d,AlternateSiteID_5ce57898,AlternateSiteID2_2788856f,,U,0,GW,0,1,0,0.0,0.0,0.0,0.0,,420396.0,4024538.0,NAD83,CoordinateNotes_23744b8d,6520.0,10.0,M,NGVD29,,,NAD83,S,M,,,,,,,,La Madera,Rio Arriba,NM,LocationNotes_63453ba9,,,WLReportNote_8f130157,ChemistryReportNote_0187137c,13492.0,-3352.0,,,29739,36.36148824180181,-105.91652647045046,0x000000002C3A00B7,0,,13
AEAA7D49-A9DB-46C3-A7D2-05D68560A92E,2014-12-12 00:00:00.000,BC-0100,SiteNames_0e4572b9,SiteID_38a98847,AlternateSiteID_7fe8db70,AlternateSiteID2_2788856f,,U,0,GW,0,1,0,0.0,0.0,0.0,0.0,,392259.0,3890820.0,NAD83,CoordinateNotes_b1a1b34a,6726.0,,R,,,,NAD27,,R,,,,,,,,Tijeras,BERNALILLO,NM,LocationNotes_63453ba9,,,WLReportNote_8f130157,ChemistryReportNote_0187137c,18348.0,5530.0,,,7252,,,0x000000002C3A00B8,1,,13
7E3A165D-B6DF-43FE-9DD4-05D69EC65D76,2015-07-15 00:00:00.000,MI-0057,SiteNames_a9522d21,SiteID_38a98847,AlternateSiteID_5ce57898,AlternateSiteID2_2788856f,,U,0,GW,0,1,1,0.0,0.0,0.0,0.0,,473324.0,3919435.0,NAD83,CoordinateNotes_97b32636,6016.15,3.3,N,NAVD88,,,NAD27,,R,13.0,N,16.0,E,6.2,,,Tecolote,San Miguel,NM,LocationNotes_68e1fdb6,,,WLReportNote_8f130157,ChemistryReportNote_0187137c,-1536.0,3736.0,,,31163,,,0x000000002C3A00B9,1,,13
F05953EC-7670-4C64-BFDA-05D80C202C88,2015-01-27 00:00:00.000,NM-04710,SiteNames_95d3e406,SiteID_55608085,AlternateSiteID_5ce57898,AlternateSiteID2_2788856f,,U,0,GW,0,1,0,0.0,0.0,0.0,0.0,,656324.0,3535258.0,NAD83,CoordinateNotes_6b7346d3,3071.7,5.0,M,NGVD29,,,NAD83,S,M,,,,,,,,Jal,Lea,NM,LocationNotes_63453ba9,,,WLReportNote_8f130157,ChemistryReportNote_0187137c,-14966.0,-19722.0,,463527100,15851,31.940505314324326,-103.31917458882884,0x000000002C3A00BA,0,,13
63709146-1D2A-4C78-B225-05D81AA651C2,2015-01-27 00:00:00.000,NM-05659,SiteNames_3d48edae,SiteID_73a4f586,AlternateSiteID_5ce57898,AlternateSiteID2_2788856f,,U,0,GW,0,1,0,0.0,0.0,0.0,0.0,,262655.0,3588750.0,NAD83,CoordinateNotes_cf5dfb23,4152.0,20.0,M,NGVD29,,,NAD83,T,M,,,,,,,,Florida Gap,Luna,NM,LocationNotes_63453ba9,,,WLReportNote_8f130157,ChemistryReportNote_0187137c,2552.0,18670.0,,463527100,9518,32.4099530081982,-107.523144199009,0x000000002C3A00BB,0,,13
3F31DA6C-0E51-4A3C-90FA-05DABB7473AF,2016-03-07 00:00:00.000,TO-0091,SiteNames_14e2ee6c,SiteID_38a98847,AlternateSiteID_9117709e,AlternateSiteID2_2788856f,,U,0,GW,0,1,0,0.0,0.0,0.0,0.0,,408741.0,3831986.0,NAD83,CoordinateNotes_6294849d,6130.0,,R,,,,NAD27,,R,4.0,N,8.0,E,13.233,,,Willard,Torrance,NM,LocationNotes_63453ba9,,,WLReportNote_8f130157,ChemistryReportNote_0187137c,5546.0,5586.0,,,35164,,,0x000000002C3A00BC,1,,13
A78C0DA9-B321-49BA-82D3-05DAEA3D2953,2015-01-27 00:00:00.000,NM-14888,SiteNames_b551b3ae,SiteID_003349cc,AlternateSiteID_5ce57898,AlternateSiteID2_2788856f,,U,0,GW,0,1,0,0.0,0.0,0.0,0.0,,637366.0,3718428.0,NAD83,CoordinateNotes_c02956ac,4150.0,2.5,M,NGVD29,,,NAD83,S,M,,,,,,,,Milnesand,Roosevelt,NM,LocationNotes_63453ba9,,,WLReportNote_8f130157,ChemistryReportNote_0187137c,-19934.0,-5332.0,,463527100,30133,33.59400617396396,-103.48342562558558,0x000000002C3A00BD,0,,13
CDD6A497-0C32-4FEF-8C79-05DC453C0570,2015-01-27 00:00:00.000,NM-25850,SiteNames_9ce6924d,SiteID_8125386d,AlternateSiteID_5ce57898,AlternateSiteID2_2788856f,,U,0,GW,0,1,0,0.0,0.0,0.0,0.0,,595876.0,3985976.0,NAD83,CoordinateNotes_97de9b5b,5808.0,,U,NGVD29,,,NAD83,T,M,,,,,,,,Divine Lake,Harding,NM,LocationNotes_63453ba9,,,WLReportNote_8f130157,ChemistryReportNote_0187137c,11858.0,-14464.0,,30,16150,36.01472562369369,-103.95925630117117,0x000000002C3A00BE,0,,13
D73E28EC-7CA5-401C-B7BB-05DF9126F77B,2015-01-27 00:00:00.000,NM-08498,SiteNames_8274746b,SiteID_81936392,AlternateSiteID_5ce57898,AlternateSiteID2_2788856f,,U,0,GW,0,1,0,0.0,0.0,0.0,0.0,,689216.0,3619766.0,NAD83,CoordinateNotes_d6e3293d,3652.0,,U,NGVD29,,,NAD83,T,M,,,,,,,,Hobbs West,Lea,NM,LocationNotes_63453ba9,,,WLReportNote_8f130157,ChemistryReportNote_0187137c,19918.0,-184.0,,463527100,8781,32.70262417234234,-103.01437673855855,0x000000002C3A00BF,0,,13
A9B1F388-0FB7-49B0-B647-05E0B2B2930F,2015-01-27 00:00:00.000,NM-05999,SiteNames_b41e77b1,SiteID_dedf5108,AlternateSiteID_5ce57898,AlternateSiteID2_2788856f,,U,0,GW,0,1,0,0.0,0.0,0.0,0.0,,582927.0,3561660.0,NAD83,CoordinateNotes_1d01de8d,3126.4,,U,NGVD29,,,NAD83,T,M,,,,,,,,Otis,Eddy,NM,LocationNotes_63453ba9,,,WLReportNote_8f130157,ChemistryReportNote_0187137c,3016.0,-11000.0,,463527100,11212,32.18879848090091,-104.12415959882884,0x000000002C3A00C0,0,,13
871158EF-FC18-416B-8658-05E34851B0B0,2015-01-27 00:00:00.000,NM-03792,SiteNames_19ab2f35,SiteID_3d6447ea,AlternateSiteID_5ce57898,AlternateSiteID2_2788856f,,U,0,GW,0,1,0,0.0,0.0,0.0,0.0,,347959.0,3501100.0,NAD83,CoordinateNotes_198e5944,3769.0,10.0,M,NGVD29,,,NAD83,S,M,,,,,,,,Smeltertown,Dona Ana,NM,LocationNotes_63453ba9,,,WLReportNote_8f130157,ChemistryReportNote_0187137c,-4194.0,-17320.0,,,22967,31.635737983963963,-106.5994391937838,0x000000002C3A00C1,0,,13
630EAA5F-D944-7A45-8D69-05EA3C3F9F19,2018-02-20 13:49:46.000,WL-0088,SiteNames_84af94a2,SiteID_38a98847,AlternateSiteID_85696b11,AlternateSiteID2_2788856f,2018-02-14 00:00:00.000,C,0,GW,0,1,0,0.0,0.0,0.0,0.0,,208016.0,3644388.0,NAD83,CoordinateNotes_14d9142e,5823.12,3.3,N,NAVD88,,,NAD27,,G,,,,,,,,Hurley West,Grant,NM,LocationNotes_21deb94a,,,WLReportNote_8f130157,ChemistryReportNote_0187137c,770209.0,3643579.0,,,38010,32.89789025225226,-108.12166707207209,0x000000002C3A00C2,1,,13
851D55EF-37FB-4480-9A52-05EA429ED21E,2015-11-11 00:00:00.000,BW-0007,SiteNames_d47e626e,SiteID_38a98847,AlternateSiteID_04ddf36c,AlternateSiteID2_2788856f,,M,0,GW,0,1,1,0.0,0.0,0.0,0.0,,377469.0,3591260.0,NAD83,CoordinateNotes_e21b76d0,5437.3,,R,,,,NAD27,,R,21.0,S,4.0,E,11.333,,,Organ,Dona Ana,NM,LocationNotes_cd37213c,,,WLReportNote_8f130157,ChemistryReportNote_0187137c,19538.0,-4440.0,,,33197,,,0x000000002C3A00C3,1,,13
A05F62C2-FA54-4602-A823-05EAEB03A18C,2014-10-17 00:00:00.000,NM-02161,SiteNames_5150cb65,SiteID_ddf8630b,AlternateSiteID_ba9cc58d,AlternateSiteID2_2788856f,2020-01-07 00:00:00.000,C,0,GW,0,1,0,0.0,0.0,0.0,0.0,,269164.0,3567468.0,NAD83,CoordinateNotes_a54481ef,4268.0,3.3,N,NAVD88,321234.00551351346,1073909.5740883288,NAD27,5m,G,24.0,S,8.0,W,22.212,,,Capitol Dome,LUNA,NM,LocationNotes_cf763165,,,WLReportNote_8f130157,ChemistryReportNote_0187137c,19230.0,612.0,,463527100,4358,32.21601351351352,-108.07891167128476,0x000000002C3A00C4,0,,13
2BEDE353-11B7-C846-809F-05EB4C5A1612,2017-12-06 00:00:00.000,PP-084,SiteNames_5c70d9c3,SiteID_38a98847,AlternateSiteID_9c0596c5,AlternateSiteID2_2788856f,,C,0,PS,0,0,1,0.0,0.0,0.0,0.0,,417486.0,3997755.0,NAD83,CoordinateNotes_b4a70045,7159.0,,R,,,,NAD27,,R,,,,,,,,Penasco,Taos,NM,LocationNotes_63453ba9,,,WLReportNote_8f130157,ChemistryReportNote_0187137c,-16376.0,-8368.0,,,37801,,,0x000000002C3A00C5,1,,13
D1976A48-952A-451D-9792-05ED2E1858FB,2015-09-28 00:00:00.000,QY-0708,SiteNames_c1fcb189,SiteID_38a98847,AlternateSiteID_55716a3b,AlternateSiteID2_2788856f,,U,0,GW,0,1,0,0.0,0.0,0.0,0.0,,601156.0,3859796.0,NAD83,CoordinateNotes_514b3639,4730.0,10.0,R,,,,NAD27,,R,6.0,N,29.0,E,35.314,,,McAlister,Quay,NM,LocationNotes_63453ba9,,,WLReportNote_8f130157,ChemistryReportNote_0187137c,-4612.0,19686.0,,,31966,,,0x000000002C3A00C6,1,,13
548030AF-8E43-4C46-B877-05EF60A051B9,2015-01-27 00:00:00.000,NM-12622,SiteNames_0029df15,SiteID_ccd18fc2,AlternateSiteID_5ce57898,AlternateSiteID2_2788856f,,U,0,GW,0,1,0,0.0,0.0,0.0,0.0,,539675.0,3671394.0,NAD83,CoordinateNotes_9f764887,3492.0,,U,NGVD29,,,NAD83,T,M,,,,,,,,Dexter West,Chaves,NM,LocationNotes_63453ba9,,,WLReportNote_8f130157,ChemistryReportNote_0187137c,-17316.0,-6186.0,,463527100,20069,33.179930730270264,-104.54429868,0x000000002C3A00C7,0,,13
81B0F411-F81D-4A7E-B001-05F1183C55C8,2015-01-27 00:00:00.000,NM-22258,SiteNames_cb941e8e,SiteID_105f7544,AlternateSiteID_5ce57898,AlternateSiteID2_2788856f,,U,0,GW,0,1,0,0.0,0.0,0.0,0.0,,617633.0,3869880.0,NAD83,CoordinateNotes_328855f0,4430.0,,U,NGVD29,,,NAD83,S,M,,,,,,,,Quemado Hills,Quay,NM,LocationNotes_63453ba9,,,WLReportNote_8f130157,ChemistryReportNote_0187137c,18516.0,-15050.0,,32,23704,34.96669428441441,-103.7456587791892,0x000000002C3A00C8,0,,13
B1119291-912E-43CA-921C-05FB2EBA4746,2015-01-27 00:00:00.000,NM-05274,SiteNames_6a9e087d,SiteID_ea356ad3,AlternateSiteID_5ce57898,AlternateSiteID2_2788856f,,U,0,GW,0,1,0,0.0,0.0,0.0,0.0,,233737.0,3556650.0,NAD83,CoordinateNotes_d11c0a35,4372.0,5.0,M,NGVD29,,,NAD83,T,M,,,,,,,,Gage,Luna,NM,LocationNotes_63453ba9,,,WLReportNote_8f130157,ChemistryReportNote_0187137c,17240.0,-9440.0,,463527100,26785,32.11059921495495,-107.85194306468468,0x000000002C3A00C9,0,,13
61CD6E5A-C516-4078-B1DB-05FCE0B4ED18,2015-01-27 00:00:00.000,NM-24744,SiteNames_bf562967,SiteID_7808fed5,AlternateSiteID_5ce57898,AlternateSiteID2_2788856f,,U,0,GW,0,1,0,0.0,0.0,0.0,0.0,,399043.0,3935226.0,NAD83,CoordinateNotes_7c4c7935,6930.0,10.0,M,NGVD29,,,NAD83,S,M,,,,,,,,Santa Fe,Santa Fe,NM,LocationNotes_63453ba9,,,WLReportNote_8f130157,ChemistryReportNote_0187137c,-15020.0,-9124.0,,,19329,35.5570004618018,-106.08450312531532,0x000000002C3A00CA,0,,13
315BEF1A-D758-480D-8E6C-05FE0CC81529,2014-10-17 00:00:00.000,NM-01889,SiteNames_9ff5f5d1,SiteID_3c5829bd,AlternateSiteID_5ce57898,AlternateSiteID2_2788856f,,U,0,GW,0,1,0,0.0,0.0,0.0,0.0,,353578.0,3549390.0,NAD83,CoordinateNotes_d6492606,3775.21,0.1,L,NAVD88,315713.1167567568,1063621.048484525,NAD27,S,G,,,,,,,,Canutillo,EL PASO,TX,LocationNotes_63453ba9,,,WLReportNote_8f130157,ChemistryReportNote_0187137c,5342.0,12960.0,,463526701,1355,32.070470136756754,-106.55734044511216,0x000000002C3A00CB,0,,13
A34E018D-A354-4947-91BF-05FE638B0C3B,2015-01-27 00:00:00.000,NM-05677,SiteNames_a3aeac49,SiteID_59cd97a0,AlternateSiteID_5ce57898,AlternateSiteID2_2788856f,,U,0,GW,0,1,0,0.0,0.0,0.0,0.0,,229613.0,3565598.0,NAD83,CoordinateNotes_41c4df41,4327.0,,U,NGVD29,,,NAD83,T,M,,,,,,,,Bowlin Ranch,Luna,NM,LocationNotes_63453ba9,,,WLReportNote_8f130157,ChemistryReportNote_0187137c,-9862.0,-5112.0,,463527100,20192,32.19681110594595,-107.85387622684684,0x000000002C3A00CC,0,,13
5972C24F-8D0B-42E4-9F6E-05FFA12F9E51,2016-04-26 00:00:00.000,SA-0482,SiteNames_bf994d71,SiteID_38a98847,AlternateSiteID_b81c176c,AlternateSiteID2_2788856f,,U,0,SP,0,0,1,1.0,0.0,0.0,0.0,,188406.0,3748502.0,NAD83,CoordinateNotes_e21b76d0,7600.0,,R,,,,NAD27,,R,5.0,S,15.0,W,22.33,,,John Kerr Peak,Catron,NM,LocationNotes_63453ba9,,,WLReportNote_8f130157,ChemistryReportNote_0187137c,2562.0,-2648.0,,,35869,,,0x000000002C3A00CD,1,,13
009903D6-4E73-4B87-8964-06007B54B5AC,2016-03-07 00:00:00.000,TO-0377,SiteNames_14e2ee6c,SiteID_38a98847,AlternateSiteID_1f243af0,AlternateSiteID2_2788856f,,U,0,GW,0,1,1,0.0,0.0,0.0,0.0,,413754.0,3853044.0,NAD83,CoordinateNotes_6294849d,6185.0,,R,,,,NAD27,,R,8.0,N,10.0,E,32.341,,,Lobo Hill SW,Torrance,NM,LocationNotes_63453ba9,,,WLReportNote_8f130157,ChemistryReportNote_0187137c,-3774.0,-6116.0,,,35450,,,0x000000002C3A00CE,1,,13
4BFF4041-FA57-4AC0-94A7-06024BAE1903,2015-01-27 00:00:00.000,NM-13383,SiteNames_b02fd4ea,SiteID_99388b59,AlternateSiteID_5ce57898,AlternateSiteID2_2788856f,,U,0,GW,0,1,0,0.0,0.0,0.0,0.0,,537028.0,3685610.0,NAD83,CoordinateNotes_8b3f81f8,3571.0,,U,NGVD29,,,NAD83,T,M,,,,,,,,South Spring,Chaves,NM,LocationNotes_63453ba9,,,WLReportNote_8f130157,ChemistryReportNote_0187137c,-11618.0,-4550.0,,463527100,27882,33.30855402900901,-104.58185642666668,0x000000002C3A00CF,0,,13
BDBD1F70-B10F-48A3-8817-06033E3C460B,2014-04-03 00:00:00.000,EB-109,SiteNames_19793509,SiteID_38a98847,AlternateSiteID_5ce57898,AlternateSiteID2_2788856f,2005-06-02 00:00:00.000,C,0,GW,0,1,0,0.0,1.0,0.0,0.0,,422563.0,3963655.0,NAD83,CoordinateNotes_5a57b500,6686.44,3.3,N,NAVD88,354036.76769369363,1060124.7144337553,NAD27,5,G,17.0,N,9.0,E,30.233,,,Agua Fria,SANTA FE,NM,LocationNotes_63453ba9,,,WLReportNote_8f130157,ChemistryReportNote_0187137c,15244.0,15062.0,Espanola Basin,,5142,,,0x000000002C3A00D0,1,,13
210A536B-5F0B-488A-99E1-06040DB263F5,2015-01-27 00:00:00.000,NM-21485,,SiteID_acc4857e,AlternateSiteID_5ce57898,AlternateSiteID2_2788856f,,U,0,GW,0,1,0,0.0,0.0,0.0,0.0,,326244.0,3895284.0,NAD83,CoordinateNotes_dc0ceb9d,4925.0,10.0,M,NGVD29,,,NAD83,S,M,,,,,,,,Albuquerque West,Bernalillo,NM,LocationNotes_63453ba9,,,WLReportNote_8f130157,ChemistryReportNote_0187137c,-18230.0,19864.0,,,21531,35.18844796495496,-106.86870459423425,0x000000002C3A00D1,0,,13
E2C978F8-1AAE-44E3-8C7A-060798F64714,2015-01-27 00:00:00.000,NM-06489,SiteNames_c1916343,SiteID_74283c67,AlternateSiteID_5ce57898,AlternateSiteID2_2788856f,,U,0,GW,0,1,0,0.0,0.0,0.0,0.0,,147993.0,3606898.0,NAD83,CoordinateNotes_62d10b4e,4360.0,5.0,M,NGVD29,,,NAD83,S,G,,,,,,,,Culberson Ranch,Hidalgo,NM,LocationNotes_63453ba9,,,WLReportNote_8f130157,ChemistryReportNote_0187137c,-9602.0,18458.0,,201,10348,32.54681050828829,-108.72561561450452,0x000000002C3A00D2,0,,13
0A1D2B73-6715-4987-9A17-060A43103E5E,2015-01-27 00:00:00.000,NM-14440,SiteNames_c7a4050e,SiteID_f181bba6,AlternateSiteID_5ce57898,AlternateSiteID2_2788856f,,U,0,GW,0,1,0,0.0,0.0,0.0,0.0,,467464.0,3723950.0,NAD83,CoordinateNotes_641b383e,5498.0,,U,NGVD29,,,NAD83,T,M,,,,,,,,Nelson Canyon West,Lincoln,NM,LocationNotes_63453ba9,,,WLReportNote_8f130157,ChemistryReportNote_0187137c,-18086.0,19240.0,,463527100,25948,33.655088283333335,-105.31847526693694,0x000000002C3A00D3,0,,13
75CAFC1C-2A6C-42FF-B4FD-060BA64BAEBB,2015-01-27 00:00:00.000,NM-09200,SiteNames_a0378044,SiteID_cf9354aa,AlternateSiteID_5ce57898,AlternateSiteID2_2788856f,,U,0,GW,0,1,0,0.0,0.0,0.0,0.0,,550477.0,3615376.0,NAD83,CoordinateNotes_ea91b9e9,3348.0,,U,NGVD29,,,NAD83,T,M,,,,,,,,Artesia,Eddy,NM,LocationNotes_63453ba9,,,WLReportNote_8f130157,ChemistryReportNote_0187137c,-7768.0,-12104.0,,463527100,10136,32.67467949495495,-104.447999541982,0x000000002C3A00D4,0,,13
8A420366-924B-4C72-8B73-060DEF43A1E7,2015-01-27 00:00:00.000,NM-12888,,SiteID_3c34f3fe,AlternateSiteID_5ce57898,AlternateSiteID2_2788856f,,U,0,GW,0,1,0,0.0,0.0,0.0,0.0,,472699.0,3662678.0,NAD83,CoordinateNotes_8cfb077a,5743.0,20.0,A,NGVD29,,,NAD83,F,M,,,,,,,,Tinnie,Lincoln,NM,LocationNotes_63453ba9,,,WLReportNote_8f130157,ChemistryReportNote_0187137c,-8652.0,-19402.0,,,18832,33.10280099720721,-105.27820600594596,0x000000002C3A00D5,0,,13
442FA16C-25DC-4E0E-A237-060E3A132B78,2008-02-26 00:00:00.000,SM-4036,SiteNames_99ae3073,SiteID_38a98847,AlternateSiteID_5ce57898,AlternateSiteID2_2788856f,2007-11-15 00:00:00.000,C,0,PS,0,0,0,1.0,0.0,0.0,0.0,,445850.0,3632738.0,NAD83,CoordinateNotes_5a57b500,6344.14,3.3,N,NAVD88,325124.94502702705,1052408.4545740092,NAD27,,G,17.0,S,15.0,E,3.331,,,Woodson Canyon,OTERO,NM,LocationNotes_bf1eaa71,,,WLReportNote_8f130157,ChemistryReportNote_0187137c,-16448.0,-2772.0,Sacramento Mtns,,1913,,,0x000000002C3A00D6,1,,13
AB54A1DE-00A5-4DB0-9E6D-060EAA2CF757,2015-01-27 00:00:00.000,NM-23392,,SiteID_75f4a04c,AlternateSiteID_5ce57898,AlternateSiteID2_2788856f,,U,0,GW,0,1,0,0.0,0.0,0.0,0.0,,363302.0,3901180.0,NAD83,CoordinateNotes_9644b10b,7326.0,10.0,M,NGVD29,,,NAD83,R,M,,,,,,,,Placitas,Sandoval,NM,LocationNotes_63453ba9,,,WLReportNote_8f130157,ChemistryReportNote_0187137c,-9262.0,-1140.0,,,11414,35.245604819729735,-106.48429883144144,0x000000002C3A00D7,0,,13
B1F4DC08-B140-48B6-8FA8-060F37E3BF37,2015-01-27 00:00:00.000,NM-12591,SiteNames_6cff7428,SiteID_b079adc3,AlternateSiteID_5ce57898,AlternateSiteID2_2788856f,,U,0,GW,0,1,0,0.0,0.0,0.0,0.0,,613948.0,3664056.0,NAD83,CoordinateNotes_4d788af9,4385.7,5.0,M,NGVD29,,,NAD83,S,M,,,,,,,,Caudill Ranch,Lea,NM,LocationNotes_63453ba9,,,WLReportNote_8f130157,ChemistryReportNote_0187137c,-1924.0,-13954.0,,463527100,25890,33.109122398288285,-103.77367646333336,0x000000002C3A00D8,0,,13
DCB77978-2844-43B0-842F-0611254FBB5C,2015-01-27 00:00:00.000,NM-11993,SiteNames_50a355bc,SiteID_b2376199,AlternateSiteID_5ce57898,AlternateSiteID2_2788856f,,U,0,GW,0,1,0,0.0,0.0,0.0,0.0,,671898.0,3672562.0,NAD83,CoordinateNotes_873fbda1,3951.2,2.5,M,NGVD29,,,NAD83,S,M,,,,,,,,Tatum South,Lea,NM,LocationNotes_63453ba9,,,WLReportNote_8f130157,ChemistryReportNote_0187137c,13796.0,4402.0,,463527100,17644,33.180327907657656,-103.18065933171172,0x000000002C3A00D9,0,,13
6989D56F-2C98-44F9-BDD9-061334B20DD7,2015-01-27 00:00:00.000,NM-04870,SiteNames_e10bde43,SiteID_f2aabe40,AlternateSiteID_5ce57898,AlternateSiteID2_2788856f,,U,0,GW,0,1,0,0.0,0.0,0.0,0.0,,686168.0,3542958.0,NAD83,CoordinateNotes_97c5b586,3092.8,,U,NGVD29,,,NAD83,T,M,,,,,,,,Jal NE,Lea,NM,LocationNotes_63453ba9,,,WLReportNote_8f130157,ChemistryReportNote_0187137c,7764.0,-14542.0,,463527100,22503,32.008835730990995,-103.03856409405408,0x000000002C3A00DA,0,,13
3F0A9D03-DB39-4684-B495-06166EB107E8,2015-01-27 00:00:00.000,NM-25633,SiteNames_3e9aac18,SiteID_0a2fb5f2,AlternateSiteID_5ce57898,AlternateSiteID2_2788856f,,U,0,GW,0,1,0,0.0,0.0,0.0,0.0,,484011.0,3971066.0,NAD83,CoordinateNotes_697be266,7510.0,20.0,M,NGVD29,,,NAD83,U,M,,,,,,,,Gascon,Mora,NM,LocationNotes_63453ba9,,,WLReportNote_8f130157,ChemistryReportNote_0187137c,18962.0,-12924.0,,463510500,29377,35.88332214756757,-105.21696271117116,0x000000002C3A00DB,0,,13
9A1B9E80-B501-4350-8DFD-0616BB70698E,2015-01-27 00:00:00.000,NM-21185,,SiteID_63bcb6cd,AlternateSiteID_5ce57898,AlternateSiteID2_2788856f,,U,0,GW,0,1,0,0.0,0.0,0.0,0.0,,393410.0,3878112.0,NAD83,CoordinateNotes_ea17987b,7460.0,10.0,M,NGVD29,,,NAD83,S,M,,,,,,,,Escabosa,Bernalillo,NM,LocationNotes_63453ba9,,,WLReportNote_8f130157,ChemistryReportNote_0187137c,11350.0,11512.0,,,21653,35.038762391711714,-106.18916128774777,0x000000002C3A00DC,0,,13
1CDACAC3-B320-4936-AB63-0617FBEBDBEA,2015-01-27 00:00:00.000,NM-17071,SiteNames_5c1a2c9a,SiteID_e2b03be5,AlternateSiteID_5ce57898,AlternateSiteID2_2788856f,,U,0,GW,0,1,0,0.0,0.0,0.0,0.0,,637943.0,3775670.0,NAD83,CoordinateNotes_104df743,4000.0,5.0,M,NGVD29,,,NAD83,S,M,,,,,,,,Portales,Roosevelt,NM,LocationNotes_63453ba9,,,WLReportNote_8f130157,ChemistryReportNote_0187137c,-15918.0,-7400.0,,463527100,18994,34.11063686333334,-103.4739141254054,0x000000002C3A00DD,0,,13
0C076904-8BFB-4AB4-9768-061946F5CA7C,2015-01-27 00:00:00.000,NM-19225,SiteNames_4dce7aa3,SiteID_aeb84b1d,AlternateSiteID_5ce57898,AlternateSiteID2_2788856f,,U,0,GW,0,1,0,0.0,0.0,0.0,0.0,,656842.0,3812138.0,NAD83,CoordinateNotes_c76dd5d6,4580.0,2.5,M,NGVD29,,,NAD83,S,M,,,,,,,,Hammond Ranch SW,Curry,NM,LocationNotes_63453ba9,,,WLReportNote_8f130157,ChemistryReportNote_0187137c,18652.0,-10502.0,,407,20342,34.441572547387395,-103.32608758396395,0x000000002C3A00DE,0,,13
FCA89657-4E8C-47ED-A9BC-06198FA3FF5B,2015-01-27 00:00:00.000,NM-19250,SiteNames_52d5e7cb,SiteID_bd8328d7,AlternateSiteID_5ce57898,AlternateSiteID2_2788856f,,U,0,GW,0,1,0,0.0,0.0,0.0,0.0,,655921.0,3837896.0,NAD83,CoordinateNotes_0b9dcff1,4333.0,2.5,M,NGVD29,,,NAD83,S,M,,,,,,,,Ned Houk Park,Curry,NM,LocationNotes_63453ba9,,,WLReportNote_8f130157,ChemistryReportNote_0187137c,-14914.0,13976.0,,407,24250,34.66876048990991,-103.27264132036036,0x000000002C3A00DF,0,,13
640FA27D-5C0E-4822-9F91-061A12113DA8,2015-01-27 00:00:00.000,NM-10628,SiteNames_8ecee7d8,SiteID_fcc7a5c6,AlternateSiteID_5ce57898,AlternateSiteID2_2788856f,,U,0,GW,0,1,0,0.0,0.0,0.0,0.0,,680536.0,3654876.0,NAD83,CoordinateNotes_290d433f,3812.0,,U,NGVD29,,,NAD83,T,M,,,,,,,,Humble City NW,Lea,NM,LocationNotes_63453ba9,,,WLReportNote_8f130157,ChemistryReportNote_0187137c,16376.0,7906.0,,463527100,17029,33.01995270522522,-103.09629851846846,0x000000002C3A00E0,0,,13
F406A2E3-195C-4AA1-81EF-061C0235F113,2015-01-27 00:00:00.000,NM-13540,SiteNames_2a7f54e1,SiteID_0681f533,AlternateSiteID_5ce57898,AlternateSiteID2_2788856f,,U,0,GW,0,1,0,0.0,0.0,0.0,0.0,,530314.0,3690940.0,NAD83,CoordinateNotes_aa889173,3605.0,,U,NGVD29,,,NAD83,T,M,,,,,,,,Roswell South,Chaves,NM,LocationNotes_63453ba9,,,WLReportNote_8f130157,ChemistryReportNote_0187137c,-15764.0,-960.0,,463527100,17909,33.35672897135135,-104.646708298018,0x000000002C3A00E1,0,,13
3A8BCA6F-E68B-4BBF-AAC1-06207199B4F6,2015-01-27 00:00:00.000,NM-23011,SiteNames_3b338260,SiteID_85be1333,AlternateSiteID_5ce57898,AlternateSiteID2_2788856f,,U,0,GW,0,1,0,0.0,0.0,0.0,0.0,,690082.0,3887554.0,NAD83,CoordinateNotes_13061250,3764.0,,U,NGVD29,,,NAD83,M,M,,,,,,,,Glenrio,Quay,NM,LocationNotes_63453ba9,,,WLReportNote_8f130157,ChemistryReportNote_0187137c,13004.0,-7586.0,,32,25691,35.115326157657655,-102.93807110684686,0x000000002C3A00E2,0,,13
6B0A875A-7E4D-4CD6-8679-06238063C627,2014-10-17 00:00:00.000,NM-02877,SiteNames_0c47fefc,SiteID_e2c7ed16,AlternateSiteID_5ce57898,AlternateSiteID2_2788856f,,U,0,GW,0,1,0,0.0,0.0,0.0,0.0,,687569.0,3708764.0,NAD83,CoordinateNotes_ee952475,4021.0,5.0,M,NGVD29,333737.87751351355,1030911.1539036034,NAD27,S,M,8.0,S,37.0,E,16.22141,,,Bluit,ROOSEVELT,NM,LocationNotes_63453ba9,,,WLReportNote_8f130157,ChemistryReportNote_0187137c,16250.0,-13596.0,,463527100,2918,33.50483469351352,-102.99909845661378,0x000000002C3A00E3,0,,13
3BD683C3-050F-44B2-8884-0623944A1E78,2015-01-27 00:00:00.000,NM-11211,SiteNames_9c008d7a,SiteID_fdd9418f,AlternateSiteID_5ce57898,AlternateSiteID2_2788856f,,U,0,GW,0,1,0,0.0,0.0,0.0,0.0,,655494.0,3662572.0,NAD83,CoordinateNotes_ab156bc3,3785.8,2.5,M,NGVD29,,,NAD83,S,M,,,,,,,,Prairieview,Lea,NM,LocationNotes_63453ba9,,,WLReportNote_8f130157,ChemistryReportNote_0187137c,-16246.0,6442.0,,463527100,11508,33.088147686036045,-103.30741445036034,0x000000002C3A00E4,0,,13
2524B05E-8A2D-40EB-B008-062619AE1D04,2015-01-27 00:00:00.000,NM-16536,,SiteID_fd502bd9,AlternateSiteID_5ce57898,AlternateSiteID2_2788856f,,U,0,GW,0,1,0,0.0,0.0,0.0,0.0,,205044.0,3766762.0,NAD83,CoordinateNotes_c19ece76,7242.0,10.0,M,NGVD29,,,NAD83,S,M,,,,,,,,Log Canyon,Catron,NM,LocationNotes_63453ba9,,,WLReportNote_8f130157,ChemistryReportNote_0187137c,-7742.0,-10558.0,,,11861,34.00216104288289,-108.18286184774776,0x000000002C3A00E5,0,,13
97D41221-188E-446F-80DB-0627123E6D10,2015-01-27 00:00:00.000,NM-12392,SiteNames_2e4a4f49,SiteID_3b3c7831,AlternateSiteID_5ce57898,AlternateSiteID2_2788856f,,U,0,GW,0,1,0,0.0,0.0,0.0,0.0,,507237.0,3657728.0,NAD83,CoordinateNotes_ec7ec8e2,4524.0,,U,NGVD29,,,NAD83,T,M,,,,,,,,Skunk Canyon,Lincoln,NM,LocationNotes_63453ba9,,,WLReportNote_8f130157,ChemistryReportNote_0187137c,-1568.0,-15412.0,,463527100,25310,33.058197203153156,-104.91965727612612,0x000000002C3A00E6,0,,13
C649DD24-957C-4CDC-8998-0627CD619AF1,2014-10-01 00:00:00.000,NM-00189,SiteNames_560b7a7e,SiteID_adb636e0,AlternateSiteID_5ce57898,AlternateSiteID2_2788856f,,U,0,GW,0,1,0,0.0,0.0,0.0,0.0,,573848.0,3564400.0,NAD83,CoordinateNotes_ce16a1f2,2980.8,,U,NGVD29,321829.90432432434,1040304.8585616766,NAD83,T,M,23.0,S,28.0,E,14.24114,,,Loving,EDDY,NM,LocationNotes_63453ba9,,,WLReportNote_8f130157,ChemistryReportNote_0187137c,-15460.0,-10620.0,,463527100,5440,32.21277878432432,-104.1927659833784,0x000000002C3A00E7,0,,13
5D84544A-F541-42C2-A93A-0628BBCD34F3,2015-01-27 00:00:00.000,NM-15951,SiteNames_0a50113a,SiteID_92f67881,AlternateSiteID_5ce57898,AlternateSiteID2_2788856f,,U,0,GW,0,1,0,0.0,0.0,0.0,0.0,,532633.0,3751560.0,NAD83,CoordinateNotes_1de9c55d,4084.0,,U,NGVD29,,,NAD83,T,M,,,,,,,,Swallow Nest Canyon,Chaves,NM,LocationNotes_63453ba9,,,WLReportNote_8f130157,ChemistryReportNote_0187137c,-16692.0,-2140.0,,463527100,7487,33.90330362072073,-104.61673989837838,0x000000002C3A00E8,0,,13
