OwnerKey,Company,LastName,FirstName,Phone,CellPhone,Email,MailingAddress,MailCity,MailState,MailZipCode,PhysicalAddress,PhysicalCity,PhysicalState,PhysicalZipCode,SecondLastName,SecondFirstName,SecondCtctPhone,SecondCtctEmail,OwnerComment,OBJECTID,GlobalID
OWNER_b1a7944d1978,Company_9d6fc041,Last_e7cc6294,First_e62390f3,5050375952,5057977335,user_61ad425f9d@example.com,Address_f05df871,City_e708c712,ZZ,72477,Address_1369f5fb,City_a4384e88,ZZ,87851,Last_d178528e,First_831d4b90,5051928621,user_715c4f12e0@example.com,Note_2168f0cd,1458,C1698D00-F38F-4871-99F8-0023CC22E71F
OWNER_d2bf90cc310e,Company_9d6fc041,Last_7a46e0d1,First_35798c05,5058217643,5050375952,user_efa03cffa5@example.com,Address_f05df871,City_e708c712,ZZ,72477,Address_f6d49341,City_81793998,ZZ,05295,Last_d178528e,First_72cae815,5050375952,user_715c4f12e0@example.com,Note_2168f0cd,1729,616E6996-5F32-C84D-8A53-0080ADC5925D
OWNER_ce2d3a6f5660,Company_9d6fc041,Last_3c0d67de,First_667d7a29,5059046791,5050375952,user_715c4f12e0@example.com,Address_f05df871,City_e708c712,ZZ,72477,Address_a226cdca,City_c05d421a,ZZ,72477,Last_d178528e,First_72cae815,5050375952,user_715c4f12e0@example.com,Note_c2814c13,288,78BBD091-96A1-42BC-A3BB-0081994B9473
OWNER_f80bd9da45f6,Company_57a603ad,Last_e5f5dddf,First_7384e837,5058662176,5050375952,user_715c4f12e0@example.com,Address_f05df871,City_e708c712,ZZ,72477,Address_a226cdca,City_c05d421a,ZZ,72477,Last_4fc6d271,First_72cae815,5050375952,user_715c4f12e0@example.com,Note_bd62699f,1058,22844C37-ABBA-4D63-B77A-00CE2BD6E82A
OWNER_9cd67913130a,Company_9d6fc041,Last_e39e0d6b,First_1b8d7e87,5057049342,5057226804,user_59173652aa@example.com,Address_f05df871,City_e708c712,ZZ,72477,Address_6f46975a,City_223baac0,ZZ,83181,Last_646ea07a,First_67b4b0ed,5050375952,user_715c4f12e0@example.com,Note_c64c0968,1370,836C177F-61D8-46A8-8CF4-00DB8EFEF28C
OWNER_9fdc2dad0eca,Company_9d6fc041,Last_5da24d7e,First_3a1e98b5,5058977332,5050375952,user_715c4f12e0@example.com,Address_56ed36fb,City_c0fbf85c,ZZ,75073,Address_7b2e618e,City_76200585,ZZ,75073,Last_d178528e,First_72cae815,5050375952,user_715c4f12e0@example.com,Note_2168f0cd,1322,A1A51244-18A5-43CA-B86C-00EAA8843802
OWNER_74768a486833,Company_a6b5cc7c,Last_e77b03e1,First_1f3e65c3,5055770134,5050375952,user_ef17614e5b@example.com,Address_f05df871,City_e708c712,ZZ,72477,Address_a226cdca,City_c05d421a,ZZ,72477,Last_8b52eb13,First_c8532e7b,5050835615,user_797d330e41@example.com,Note_20dc7d55,1076,4B4A890F-E823-4884-AA51-010F0696D2D1
OWNER_3f065b9ff597,Company_9d6fc041,Last_42217342,First_e8bc681f,5050375952,5050375952,user_715c4f12e0@example.com,Address_f05df871,City_e708c712,ZZ,72477,Address_a226cdca,City_c05d421a,ZZ,72477,Last_d178528e,First_72cae815,5050375952,user_715c4f12e0@example.com,Note_8671cb4a,999,6CE91B61-6445-4AFA-AF2D-013392F01427
OWNER_2502b132ddcc,Company_9d6fc041,Last_0e08832b,First_098b7a78,5053462468,5050375952,user_715c4f12e0@example.com,Address_f89883a1,City_c0fbf85c,ZZ,75073,Address_82ada321,City_76200585,ZZ,75073,Last_d178528e,First_72cae815,5050375952,user_715c4f12e0@example.com,Note_2168f0cd,1238,F50145F2-66F8-4C97-87C7-01477F33A09B
OWNER_9500e91f0236,Company_9d6fc041,Last_e6755df2,First_0711f637,5059516916,5050375952,user_715c4f12e0@example.com,Address_87d5823b,City_c0fbf85c,ZZ,75073,Address_bed4faf7,City_76200585,ZZ,75073,Last_d178528e,First_72cae815,5050375952,user_715c4f12e0@example.com,Note_2168f0cd,1298,F2853AAB-B3AF-4DC1-B23D-01519FDCFBDA
OWNER_08af181ff65f,Company_9d6fc041,Last_0438958b,First_e3d291d3,5050375952,5050375952,user_715c4f12e0@example.com,Address_f05df871,City_e708c712,ZZ,72477,Address_a226cdca,City_c05d421a,ZZ,72477,Last_d178528e,First_72cae815,5050375952,user_715c4f12e0@example.com,Note_2168f0cd,105,34D901DE-BEA8-4319-8097-0211D9DF9236
OWNER_b299bd7151bf,Company_9d6fc041,Last_65913f90,First_980facc0,5050375952,5054041329,user_36d47b902e@example.com,Address_0ba6eca1,City_61a89ac8,ZZ,21478,Address_3ec5299f,City_03ac272d,ZZ,11928,Last_d178528e,First_72cae815,5050375952,user_715c4f12e0@example.com,Note_2168f0cd,1848,0483500F-3E9C-46AD-B6E6-021524F6EBC5
OWNER_20336d249d60,Company_9d6fc041,Last_82e32478,First_e9c51417,5050238427,5050375952,user_205a51daa8@example.com,Address_e3681ab5,City_fb775d72,ZZ,24366,Address_a226cdca,City_c05d421a,ZZ,72477,Last_d178528e,First_72cae815,5050375952,user_715c4f12e0@example.com,Note_84227b74,1002,6BA0E1A1-648C-4B7D-AA50-0234E53132E0
OWNER_102da6bcef7f,Company_9d6fc041,Last_cff23cc4,First_e8a7ac52,5050564793,5050375952,user_a8c0ba90cd@example.com,Address_d5c24a6e,City_ca4bb91c,ZZ,70370,Address_68fe444b,City_17db8506,ZZ,72477,Last_d178528e,First_72cae815,5050375952,user_715c4f12e0@example.com,Note_2168f0cd,582,F33544D1-9DAF-4C8A-99B3-02563EEA7408
OWNER_1812f304f74a,Company_9d6fc041,Last_96b47d03,First_a82d6021,5050380601,5050375952,user_715c4f12e0@example.com,Address_8e321519,City_0b484003,ZZ,17055,Address_a226cdca,City_c05d421a,ZZ,72477,Last_d178528e,First_72cae815,5050375952,user_715c4f12e0@example.com,Note_2168f0cd,467,3CC72994-8B98-4C1F-B77D-029306562D21
OWNER_8a2861d70c28,Company_9d6fc041,Last_da006a9e,First_371275b2,5050710443,5056946006,user_ec0a3aba53@example.com,Address_e6089f20,City_e6b38396,ZZ,72477,Address_a602d055,City_1c973d51,ZZ,72477,Last_d178528e,First_72cae815,5050375952,user_715c4f12e0@example.com,Note_2168f0cd,1168,AE6A13EA-B27B-4DDB-B838-02B5266AAD37
OWNER_e788bbabd6e6,Company_9d6fc041,Last_e0684e26,First_bf2ec069,5057059235,5050375952,user_715c4f12e0@example.com,Address_f05df871,City_e708c712,ZZ,72477,Address_a226cdca,City_c05d421a,ZZ,72477,Last_d178528e,First_72cae815,5050375952,user_715c4f12e0@example.com,Note_56593de9,688,71F7BD36-41E9-4EEC-A4C0-02CB453C6211
OWNER_ee4cf4d71625,Company_9d6fc041,Last_7e3fb7a9,First_92922bdb,5050375952,5059254747,user_715c4f12e0@example.com,Address_0705aea8,City_73ebcd64,ZZ,15642,Address_172b5f30,City_9415c49e,ZZ,72477,Last_d178528e,First_72cae815,5050375952,user_715c4f12e0@example.com,Note_9f2d43a3,372,57BC9049-DB2D-4C35-A631-03A6227602C7
OWNER_788a63ee32da,Company_ea6d0aab,Last_7bd3af51,First_2c24c138,5050375952,5050375952,user_715c4f12e0@example.com,Address_f05df871,City_e708c712,ZZ,72477,Address_a226cdca,City_c05d421a,ZZ,72477,Last_d178528e,First_72cae815,5050375952,user_715c4f12e0@example.com,Note_2168f0cd,184,AE8ABD92-43AE-4A1C-ADDA-03ADC33C1651
OWNER_e050a028b4ac,Company_9d6fc041,Last_55e38dde,First_098b7a78,5050375952,5050375952,user_715c4f12e0@example.com,Address_f05df871,City_e708c712,ZZ,72477,Address_a226cdca,City_c05d421a,ZZ,72477,Last_d178528e,First_72cae815,5050375952,user_715c4f12e0@example.com,Note_2168f0cd,508,77DE7D73-39BB-4EF3-A150-03C14FDE700C
OWNER_0ed11c831e2f,Company_9d6fc041,Last_5dc2cb1b,First_ab9bef00,5055116253,5052678899,user_715c4f12e0@example.com,Address_8c5c8a76,City_eb940fb0,ZZ,28095,Address_a226cdca,City_c05d421a,ZZ,72477,Last_d178528e,First_72cae815,5050375952,user_715c4f12e0@example.com,Note_2168f0cd,867,36B1A093-0FCB-4143-8B2C-03C6E3A1D2C8
OWNER_8e2d95b02959,Company_9d6fc041,Last_a2b98414,First_f0d296c3,5052414465,5050375952,user_715c4f12e0@example.com,Address_29ff5e93,City_013579ea,ZZ,74737,Address_df07350c,City_a37212bc,ZZ,74737,Last_d178528e,First_72cae815,5050375952,user_715c4f12e0@example.com,Note_2168f0cd,27,F09B4CE1-385D-4364-A0A4-03E266D3AFDD
OWNER_ec235cfb8b96,Company_9d6fc041,Last_1598213a,First_98ba3e2b,5050375952,5050132465,user_715c4f12e0@example.com,Address_f05df871,City_e708c712,ZZ,72477,Address_d3c4552b,City_c0cd795e,ZZ,94038,Last_d178528e,First_72cae815,5050375952,user_715c4f12e0@example.com,Note_f871f1bd,1949,FD191AE0-CF33-4DB9-8FD5-042C9A774597
OWNER_8336f54c1cbd,Company_9d6fc041,Last_81e8a7ce,First_c2d18482,5051470193,5050375952,user_715c4f12e0@example.com,Address_b5bee93f,City_c0fbf85c,ZZ,75073,Address_06da1b31,City_76200585,ZZ,75073,Last_d178528e,First_72cae815,5050375952,user_715c4f12e0@example.com,Note_2168f0cd,1186,3D3CF387-7D6D-4B0A-83CE-043022CD457D
OWNER_98c6ca73aa9a,Company_9d6fc041,Last_dd0df30a,First_d81d89e2,5050375952,5050375952,user_715c4f12e0@example.com,Address_f05df871,City_e708c712,ZZ,72477,Address_a226cdca,City_c05d421a,ZZ,72477,Last_d178528e,First_72cae815,5050375952,user_715c4f12e0@example.com,Note_8671cb4a,353,B073D5AF-D9AA-4FC3-9552-046F037082B7
OWNER_26dbd8fb9bda,Company_9d6fc041,Last_c68390ea,First_a7be58cc,5050375952,5050375952,user_715c4f12e0@example.com,Address_f05df871,City_e708c712,ZZ,72477,Address_a226cdca,City_c05d421a,ZZ,72477,Last_d178528e,First_72cae815,5050375952,user_715c4f12e0@example.com,Note_2168f0cd,896,32EA2B66-0EBD-497F-A068-048F5EC4E677
OWNER_18c769a292b0,Company_9d6fc041,Last_3bffe04b,First_a82d6021,5050622360,5050375952,user_715c4f12e0@example.com,Address_612e7cb0,City_a62e8786,ZZ,98066,Address_a226cdca,City_c05d421a,ZZ,72477,Last_d178528e,First_72cae815,5050375952,user_715c4f12e0@example.com,Note_2168f0cd,468,9EC20599-0AF3-4FD0-8FF2-04C53AA65D96
OWNER_952d85f66922,Company_4cb9205b,Last_6b3dd01b,First_bf086bd3,5055496653,5054164903,user_e6e1810049@example.com,Address_f05df871,City_e708c712,ZZ,72477,Address_a226cdca,City_c05d421a,ZZ,72477,Last_d178528e,First_72cae815,5050375952,user_715c4f12e0@example.com,Note_fd07b822,820,D8923429-11DA-4BD9-9799-04E08AE10128
OWNER_db147c8c1f45,Company_9d6fc041,Last_6ca3b2d3,First_098b7a78,5052781769,5054728463,user_715c4f12e0@example.com,Address_f05df871,City_e708c712,ZZ,72477,Address_a2c904ce,City_528281b9,ZZ,45530,Last_d178528e,First_72cae815,5050375952,user_715c4f12e0@example.com,Note_2168f0cd,1584,C5860779-17D6-674B-A23D-04ECE03EDF84
OWNER_f8828a34e7a8,Company_9d6fc041,Last_aa83fcf5,First_abf52d77,5056783196,5050375952,user_715c4f12e0@example.com,Address_f05df871,City_e708c712,ZZ,72477,Address_f297650d,City_9415c49e,ZZ,73247,Last_d178528e,First_72cae815,5050375952,user_715c4f12e0@example.com,Note_2168f0cd,1616,4AE44E11-E8FF-AF45-9523-04F74CDE8C70
OWNER_83315fb30e6a,Company_9d6fc041,Last_30609e5c,First_761bd00f,5050375952,5050375952,user_715c4f12e0@example.com,Address_f05df871,City_e708c712,ZZ,72477,Address_30500c28,City_729a8613,ZZ,39493,Last_d178528e,First_21309967,5059674110,user_42e1fc2338@example.com,Note_2168f0cd,1847,90A5BA8B-B507-4589-B62D-05380C478805
OWNER_0fc533d12424,Company_9d6fc041,Last_5aba2d23,First_2c24c138,5057596389,5050375952,user_715c4f12e0@example.com,Address_f05df871,City_e708c712,ZZ,72477,Address_a226cdca,City_c05d421a,ZZ,72477,Last_d178528e,First_72cae815,5050375952,user_715c4f12e0@example.com,Note_8e264e43,790,3959C72A-D0F1-4991-8C1D-056BCB702392
OWNER_1946ae812817,Company_9d6fc041,Last_9c9572fb,First_35798c05,5056440879,5050375952,user_715c4f12e0@example.com,Address_f05df871,City_e708c712,ZZ,72477,Address_a226cdca,City_c05d421a,ZZ,72477,Last_efdfe256,First_297ae0fd,5050375952,user_715c4f12e0@example.com,Note_2168f0cd,1766,5D7CFCD9-7C5E-804C-A967-05BD98513560
OWNER_05cc6aadb8ed,Company_9d6fc041,Last_54233283,First_e72311c9,5055360739,5050375952,user_715c4f12e0@example.com,Address_1e925058,City_73ebcd64,ZZ,71254,Address_a226cdca,City_c05d421a,ZZ,72477,Last_d178528e,First_72cae815,5050375952,user_715c4f12e0@example.com,Note_2168f0cd,219,DE011CAD-E5D7-4AA4-B6C6-05D4874CFBCE
OWNER_10e86d25cc69,Company_9d6fc041,Last_657c8485,First_98ba3e2b,5050375952,5050375952,user_715c4f12e0@example.com,Address_f05df871,City_e708c712,ZZ,72477,Address_a226cdca,City_c05d421a,ZZ,72477,Last_d178528e,First_72cae815,5050375952,user_715c4f12e0@example.com,Note_2168f0cd,190,6F9A7EED-82DD-46B2-9DD2-05EA5C660E83
OWNER_067e901a65c9,Company_5be28e23,Last_b8d8acc9,First_e54ab86c,5050375952,5050375952,user_715c4f12e0@example.com,Address_f05df871,City_e708c712,ZZ,72477,Address_a226cdca,City_c05d421a,ZZ,72477,Last_c8e4bf35,First_25bef11c,5050375952,user_715c4f12e0@example.com,Note_efaf36af,591,21E59D32-485E-4812-A983-05F7C564AF09
OWNER_584dab465237,Company_651fe3db,Last_8c9e4bfe,First_b0684081,5050375952,5050375952,user_715c4f12e0@example.com,Address_f05df871,City_e708c712,ZZ,72477,Address_a226cdca,City_c05d421a,ZZ,72477,Last_8ca3b2f4,First_a9da71b6,5050375952,user_489aeeb31f@example.com,Note_2168f0cd,554,5C3E85E7-C42A-42CB-943C-0668EB148B05
OWNER_f04a95d0e387,Company_9d6fc041,Last_14dd8829,First_cd96949e,5050375952,5054953558,user_afeeec8cd7@example.com,Address_f05df871,City_e708c712,ZZ,72477,Address_2926d8de,City_a9666c53,ZZ,72477,Last_529c781a,First_757b3891,5056032035,user_715c4f12e0@example.com,Note_6d47a2dd,1487,5815EE47-76A1-4E4C-969D-066C7041292F
OWNER_62c61f2322f4,Company_9d6fc041,Last_bd78b0a5,First_2b268150,5050375952,5050375952,user_715c4f12e0@example.com,Address_f05df871,City_e708c712,ZZ,72477,Address_229d7793,City_76200585,ZZ,75073,Last_d178528e,First_72cae815,5055210352,user_715c4f12e0@example.com,Note_b2729e1e,1239,EA3766F3-27C1-48F2-81D4-0671FB9D99CA
OWNER_c770d7e60085,Company_9d6fc041,Last_b92bac4a,First_2c24c138,5054086972,5050375952,user_2d308597dd@example.com,Address_f05df871,City_e708c712,ZZ,72477,Address_4983afee,City_17db8506,ZZ,72477,Last_d178528e,First_72cae815,5050375952,user_715c4f12e0@example.com,Note_2168f0cd,25,CF976B37-2329-46F2-A76D-067BEC96EC71
OWNER_1f1db701367e,Company_9d6fc041,Last_4e5ec65a,First_2c24c138,5050375952,5050375952,user_715c4f12e0@example.com,Address_f05df871,City_e708c712,ZZ,72477,Address_a226cdca,City_c05d421a,ZZ,72477,Last_d178528e,First_72cae815,5050375952,user_715c4f12e0@example.com,Note_2168f0cd,196,6B840F0E-EE05-4297-9A13-067DBCA5BD4B
OWNER_6149eef8080e,Company_9d6fc041,Last_0ebcdf12,First_d2cf130e,5050375952,5058168601,user_eda54f1c0f@example.com,Address_f05df871,City_e708c712,ZZ,72477,Address_7c81cf5d,City_3a846ee9,ZZ,52085,Last_d178528e,First_72cae815,5050375952,user_715c4f12e0@example.com,Note_2168f0cd,1972,B7751847-31EF-4C54-A509-068E3630C2BF
OWNER_8b24105ad362,Company_9d6fc041,Last_6aef51af,First_bf2ec069,5055288825,5050375952,user_dc254e3158@example.com,Address_f05df871,City_e708c712,ZZ,72477,Address_687fe83a,City_adce70d4,ZZ,73028,Last_3ea7763e,First_052f577a,5054267233,user_56e6e39cf6@example.com,Note_368d5a93,1539,C4C570FC-DBDB-B44E-AD99-06EFD272D788
OWNER_89b78f966dc6,Company_45aa26b6,Last_7bd3af51,First_057fa61d,5053421143,5055528514,user_715c4f12e0@example.com,Address_f05df871,City_e708c712,ZZ,72477,Address_a226cdca,City_c05d421a,ZZ,72477,Last_d178528e,First_72cae815,5050375952,user_715c4f12e0@example.com,Note_44910a00,187,7DBA1DB2-E396-4615-B25B-06F504A78DD3
OWNER_398ed9533487,Company_9d6fc041,Last_7ad73d0b,First_426b41a3,5050375952,5050375952,user_715c4f12e0@example.com,Address_f05df871,City_e708c712,ZZ,72477,Address_a226cdca,City_c05d421a,ZZ,72477,Last_d178528e,First_72cae815,5050375952,user_715c4f12e0@example.com,Note_2168f0cd,1776,4AFA5C5B-CC74-D645-822B-06F7214F79CB
OWNER_fa00e7883218,Company_1f4ff785,Last_2f0a677c,First_e72311c9,5052717318,5050375952,user_715c4f12e0@example.com,Address_f05df871,City_e708c712,ZZ,72477,Address_a226cdca,City_c05d421a,ZZ,72477,Last_d178528e,First_72cae815,5050375952,user_715c4f12e0@example.com,Note_2168f0cd,1769,3A069703-8F78-8C40-B892-0736D363A8F1
OWNER_08cc0d7e32e8,Company_9d6fc041,Last_fad40c99,First_bf2ec069,5050375952,5051256810,user_376798b4a7@example.com,Address_f824b673,City_c0fbf85c,ZZ,75073,Address_00584590,City_76200585,ZZ,75073,Last_d178528e,First_72cae815,5050375952,user_715c4f12e0@example.com,Note_2168f0cd,1326,B8D38236-90E4-4F7E-9B2D-0765208979D2
OWNER_23e938c40aab,Company_9d6fc041,Last_5a95f6ba,First_ab9bef00,5050817098,5050375952,user_715c4f12e0@example.com,Address_c249d736,City_a000d1fb,ZZ,66775,Address_f728395b,City_30bd86a3,ZZ,90053,Last_1546fab4,First_45e1a47c,5053814108,user_87be2b8fe4@example.com,Note_1fb3f030,1380,F5F7B2B2-52CF-4D6B-A123-076CA0F3023F
OWNER_3afef3f65e07,Company_9d6fc041,Last_f2cb9994,First_11a0abe7,5051381618,5057499336,user_715c4f12e0@example.com,Address_f05df871,City_e708c712,ZZ,72477,Address_a226cdca,City_c05d421a,ZZ,72477,Last_7a3d055e,First_142e07c0,5058066286,user_715c4f12e0@example.com,Note_3374f8fd,1106,77AE9FEF-7F3E-46C6-9C6B-0796E68FD65A
OWNER_d89762b4b8fb,Company_9d6fc041,Last_3f84f7a6,First_098b7a78,5050375952,5050375952,user_715c4f12e0@example.com,Address_f05df871,City_e708c712,ZZ,72477,Address_a226cdca,City_c05d421a,ZZ,72477,Last_d178528e,First_72cae815,5050375952,user_715c4f12e0@example.com,Note_8671cb4a,506,CFFCB51D-E088-478E-9828-07EC8D3EC435
OWNER_f0304872832f,Company_9d6fc041,Last_3330887f,First_abf52d77,5059287697,5050375952,user_6b72724368@example.com,Address_6b18af15,City_f194ca26,ZZ,67893,Address_5333dc1b,City_94b6fd86,ZZ,67893,Last_4aac7561,First_3f7a237f,5050169724,user_544e69bb04@example.com,Note_2168f0cd,1613,39C490CE-1F4E-3345-BF1F-080993A3D6C8
OWNER_3d48741558f9,Company_9d6fc041,Last_c838309f,First_41f72c5a,5052752117,5050375952,user_715c4f12e0@example.com,Address_3e2f462d,City_fb775d72,ZZ,24366,Address_caafaa6a,City_c05d421a,ZZ,72477,Last_d178528e,First_72cae815,5050375952,user_715c4f12e0@example.com,Note_db70a22e,242,2946A1CB-B748-4CDD-97CC-0816409EDA4D
OWNER_6c5c9bf7fe35,Company_9d6fc041,Last_09cfef5a,First_514fb874,5054363846,5050375952,user_f669dbba0f@example.com,Address_d5c6b6cc,City_bd982042,ZZ,67214,Address_a226cdca,City_c05d421a,ZZ,72477,Last_d178528e,First_72cae815,5050375952,user_715c4f12e0@example.com,Note_4783115a,1690,068F8637-908D-B74F-968C-0822D3A761EF
OWNER_c837093bc2cf,Company_0e333e34,Last_30cb1819,First_5c6313fa,5056699144,5051789595,user_75f9137c51@example.com,Address_bd389e0c,City_73ebcd64,ZZ,84738,Address_a226cdca,City_c05d421a,ZZ,72477,Last_047d0d25,First_dc4c5831,5051776684,user_d31a65a9c9@example.com,Note_12e0d031,1696,8A7373A7-35AF-954F-9574-082D8816B6EA
OWNER_e18ba67e2dd5,Company_9d6fc041,Last_44b6e866,First_db18f187,5050375952,5057590356,user_715c4f12e0@example.com,Address_f05df871,City_e708c712,ZZ,72477,Address_b3bc5fe3,City_9fb03833,ZZ,27797,Last_d178528e,First_72cae815,5050375952,user_715c4f12e0@example.com,Note_2168f0cd,1916,14013D17-89D5-46CC-8794-082DFBBB8670
OWNER_f9a1b904acde,Company_9d6fc041,Last_093f8012,First_d8d8de3c,5050375952,5050375952,user_715c4f12e0@example.com,Address_f05df871,City_e708c712,ZZ,72477,Address_a226cdca,City_c05d421a,ZZ,72477,Last_d178528e,First_72cae815,5050375952,user_715c4f12e0@example.com,Note_47472730,1050,82EFDEE3-0EC3-4555-8BC0-085A1FE4F1E6
OWNER_e3773a9ffe82,Company_c51d552f,Last_7bd3af51,First_2c24c138,5050375952,5050375952,user_715c4f12e0@example.com,Address_f05df871,City_e708c712,ZZ,72477,Address_a226cdca,City_c05d421a,ZZ,72477,Last_d178528e,First_72cae815,5050375952,user_715c4f12e0@example.com,Note_2168f0cd,71,A1C26FC3-2EB3-4104-BC58-0875986B6A6D
OWNER_aed5032be8af,Company_9d6fc041,Last_3616f1b2,First_45900d3c,5050375952,5058584464,user_0070731e4a@example.com,Address_0ca9c599,City_1fdf2de6,ZZ,71128,Address_4f07c0ec,City_28cf9b52,ZZ,71128,Last_d178528e,First_72cae815,5050375952,user_715c4f12e0@example.com,Note_2168f0cd,1814,2C1ECFE4-9091-403C-A554-08893874CA28
OWNER_33e9c25a30b6,Company_6e89bf7f,Last_1f7f9531,First_58ac6a37,5058732681,5050375952,user_715c4f12e0@example.com,Address_f05df871,City_e708c712,ZZ,72477,Address_a226cdca,City_c05d421a,ZZ,72477,Last_d178528e,First_72cae815,5050375952,user_715c4f12e0@example.com,Note_2168f0cd,1772,B1C7E499-B357-1242-9133-08AB07CF1845
OWNER_a958771f441b,Company_9d6fc041,Last_c38f4d32,First_8a975cf4,5056014876,5050375952,user_715c4f12e0@example.com,Address_f05df871,City_e708c712,ZZ,72477,Address_9de82926,City_c05d421a,ZZ,72477,Last_d178528e,First_72cae815,5050375952,user_715c4f12e0@example.com,Note_55e950e0,391,DA00D53E-82E5-441A-BE4A-08BB1CC042C7
OWNER_935850344f6c,Company_602fb875,Last_7bd3af51,First_2c24c138,5050375952,5050375952,user_715c4f12e0@example.com,Address_f05df871,City_e708c712,ZZ,72477,Address_a226cdca,City_c05d421a,ZZ,72477,Last_d178528e,First_72cae815,5050375952,user_715c4f12e0@example.com,Note_2168f0cd,150,636B140C-8C6F-4AE8-8868-090FB6D11285
OWNER_3344fcdbd0fd,Company_9d6fc041,Last_b3693364,First_0337f35b,5054239624,5050375952,user_715c4f12e0@example.com,Address_f05df871,City_e708c712,ZZ,72477,Address_49187a5b,City_c05d421a,ZZ,72477,Last_d178528e,First_72cae815,5050375952,user_715c4f12e0@example.com,Note_85ee5be1,1014,E1312392-D13B-40C2-9CCC-091462C80AD8
OWNER_257df581835f,Company_9d6fc041,Last_dbad2cc9,First_9421268a,5054452382,5050375952,user_715c4f12e0@example.com,Address_f05df871,City_e708c712,ZZ,72477,Address_a226cdca,City_c05d421a,ZZ,72477,Last_d178528e,First_72cae815,5050375952,user_715c4f12e0@example.com,Note_2168f0cd,1119,E4325CB7-11C2-4A74-A022-097272F0E4D7
OWNER_a3b586d6fb4a,Company_9d6fc041,Last_9bb2e717,First_4d5db5c4,5059029683,5053634627,user_715c4f12e0@example.com,Address_026f23fb,City_c1d7174e,ZZ,37349,Address_a226cdca,City_c05d421a,ZZ,72477,Last_4d28ce46,First_625647c4,5054787954,user_715c4f12e0@example.com,Note_2168f0cd,1495,2C10D753-346B-FD46-93F9-09A5661E0AF3
OWNER_658cff17feb7,Company_ff811d49,Last_cd72385a,First_685741b1,5055012673,5058829561,user_a273888aa3@example.com,Address_f05df871,City_e708c712,ZZ,72477,Address_a226cdca,City_c05d421a,ZZ,72477,Last_d178528e,First_72cae815,5050375952,user_715c4f12e0@example.com,Note_2168f0cd,34,BEDCB380-D478-44E7-BF87-09C46F2FEC99
OWNER_f254f635c9d5,Company_5bdc28d5,Last_20a7cb28,First_b0684081,5051126528,5050375952,user_993913a45c@example.com,Address_055d7d15,City_6c7ee442,ZZ,53288,Address_a226cdca,City_03db071b,ZZ,72477,Last_1bced015,First_90df7eef,5054534323,user_0a18d7e557@example.com,Note_3f4b8aac,149,CA6CF160-1DD1-49A4-9507-09D470E846DD
OWNER_fefc1378ca98,Company_9d6fc041,Last_3832d0b2,First_526ae813,5059293668,5050375952,user_715c4f12e0@example.com,Address_a905c94c,City_a62e8786,ZZ,98066,Address_a226cdca,City_c05d421a,ZZ,72477,Last_d178528e,First_72cae815,5050375952,user_715c4f12e0@example.com,Note_2168f0cd,906,B42A92D5-9311-4AFC-B25D-09F56A246EE0
OWNER_783ca0a3ab1c,Company_9d6fc041,Last_98bf4669,First_a82d6021,5053795882,5050375952,user_715c4f12e0@example.com,Address_a451b402,City_23604209,ZZ,73028,Address_a226cdca,City_c05d421a,ZZ,72477,Last_d178528e,First_72cae815,5050375952,user_715c4f12e0@example.com,Note_2168f0cd,363,72199968-7DA6-4BB3-A443-0A33C776053A
OWNER_bce4a6d6abb2,Company_9d6fc041,Last_49ea7d28,First_ea0c7375,5050375952,5052810728,user_715c4f12e0@example.com,Address_4de7ac65,City_f5f38e56,ZZ,52085,Address_862bacde,City_3a846ee9,ZZ,52085,Last_d178528e,First_72cae815,5050375952,user_715c4f12e0@example.com,Note_2168f0cd,1931,AEF2C80C-6B9C-4A53-A076-0A70D9AD3292
OWNER_977702267228,Company_9d6fc041,Last_29e9a2f3,First_abf52d77,5050375952,5054259416,user_9bf53301b7@example.com,Address_f05df871,City_e708c712,ZZ,72477,Address_ce0e287b,City_9fb03833,ZZ,27797,Last_d178528e,First_72cae815,5050375952,user_715c4f12e0@example.com,Note_2168f0cd,1963,8D8D34F2-F3F9-4C67-B8B9-0AB1AC9AF0C7
OWNER_df9e12ce9970,Company_9d6fc041,Last_2be40f51,First_2c24c138,5050375952,5050375952,user_715c4f12e0@example.com,Address_f05df871,City_e708c712,ZZ,72477,Address_a226cdca,City_c05d421a,ZZ,72477,Last_d178528e,First_72cae815,5050375952,user_715c4f12e0@example.com,Note_8671cb4a,1113,6DE4A49B-7EC3-42D9-A441-0AE82AE34972
OWNER_1e992d443baa,Company_9d6fc041,Last_fb4c5a24,First_cd96949e,5058439506,5050375952,user_715c4f12e0@example.com,Address_f05df871,City_e708c712,ZZ,72477,Address_a226cdca,City_c05d421a,ZZ,72477,Last_d178528e,First_72cae815,5050375952,user_715c4f12e0@example.com,Note_2168f0cd,966,8A533316-D430-4354-A9CF-0AFC596D9E92
OWNER_5c3ab47ec3fe,Company_9d6fc041,Last_49e285dd,First_4cf9c505,5057053929,5050375952,user_56a6218422@example.com,Address_e418e43d,City_37084ed9,ZZ,45530,Address_cdded09c,City_528281b9,ZZ,45530,Last_d178528e,First_72cae815,5050375952,user_715c4f12e0@example.com,Note_2168f0cd,1216,E0EE9CC0-2B8F-4ABD-A31D-0B8630B46EAC
OWNER_69ff0f909ad5,Company_9d6fc041,Last_4d98514d,First_e9512829,5052916447,5050375952,user_715c4f12e0@example.com,Address_ec3603a4,City_2402b24b,ZZ,48412,Address_a226cdca,City_c05d421a,ZZ,72477,Last_d178528e,First_72cae815,5050375952,user_715c4f12e0@example.com,Note_af81cfbd,403,46F846FB-36D2-4DB2-B94B-0BADC362CAC9
OWNER_9bdf7f3acb76,Company_9d6fc041,Last_eaea4928,First_d8737694,5056119242,5050375952,user_404f313620@example.com,Address_f05df871,City_e708c712,ZZ,72477,Address_e2eef39a,City_30bd86a3,ZZ,72477,Last_44c527db,First_45e1a47c,5053814108,user_87be2b8fe4@example.com,Note_8418e1b5,1389,4CAF68AD-69A8-4428-931D-0BE3AB82FE83
OWNER_cabc5f15f87e,Company_9d6fc041,Last_2d56d39e,First_32643f62,5051765166,5050375952,user_715c4f12e0@example.com,Address_961913ba,City_1c11a706,ZZ,65345,Address_a226cdca,City_c05d421a,ZZ,72477,Last_d178528e,First_72cae815,5050375952,user_715c4f12e0@example.com,Note_2168f0cd,744,F56A13A6-ED11-42F0-A84B-0BFD25F3D688
OWNER_1eef7bbeb588,Company_9d6fc041,Last_71cf3d0b,First_4013c12a,5050569699,5050375952,user_715c4f12e0@example.com,Address_f05df871,City_e708c712,ZZ,72477,Address_ea28885c,City_1304732a,ZZ,72477,Last_d178528e,First_72cae815,5050375952,user_715c4f12e0@example.com,Note_f6ba95b0,624,7ADB0743-1988-486A-B7CB-0BFD2D4534EB
OWNER_1ebaca109768,Company_5b4626d0,Last_a38c13ca,First_b7ffef75,5057251343,5051531293,user_715c4f12e0@example.com,Address_798c0338,City_eb940fb0,ZZ,28095,Address_a226cdca,City_c05d421a,ZZ,72477,Last_d178528e,First_72cae815,5050375952,user_715c4f12e0@example.com,Note_451a4d3a,254,0B23A978-B99E-4204-9F9E-0C298D502FEB
OWNER_079e90eb06c2,Company_9d6fc041,Last_66d393ca,First_93c09cbd,5056347254,5050375952,user_715c4f12e0@example.com,Address_f05df871,City_e708c712,ZZ,72477,Address_a226cdca,City_c05d421a,ZZ,72477,Last_d178528e,First_72cae815,5050375952,user_715c4f12e0@example.com,Note_dcd34e36,412,7832A281-8944-45C3-9636-0C39E5A29E4E
OWNER_ae3bd1278cd3,Company_9d6fc041,Last_f663c54a,First_ed213b71,5057619765,5052102196,user_6eb264e7bc@example.com,Address_18eace29,City_53c8b12c,ZZ,24366,Address_a226cdca,City_c05d421a,ZZ,72477,Last_d178528e,First_72cae815,5050375952,user_715c4f12e0@example.com,Note_2168f0cd,623,A978F1E7-F5E9-489C-837C-0C5805E180F6
OWNER_1020fe5a97a8,Company_9d6fc041,Last_3e81cdcc,First_95c7f19c,5050375952,5050375952,user_715c4f12e0@example.com,Address_a0dfcab3,City_1fdf2de6,ZZ,71128,Address_17ee72c0,City_c05d421a,ZZ,72477,Last_d98b0dbf,First_4288af32,5055195273,user_715c4f12e0@example.com,Note_12606350,518,63C5AD26-573C-4D11-83E5-0C72A0F3F483
OWNER_3d45a86f1478,Company_9d6fc041,Last_202d536a,First_fa157f1b,5052720301,5054199237,user_8b5412c7a9@example.com,Address_c2f34d54,City_14467ad4,ZZ,22245,Address_0573a729,City_1dc7b45a,ZZ,52144,Last_d178528e,First_72cae815,5050375952,user_715c4f12e0@example.com,Note_7a680381,1501,7E086315-66D1-FA44-B419-0CBCEFA50717
OWNER_7fdb023a2e73,Company_9d6fc041,Last_93add23f,First_bf2ec069,5050375952,5050375952,user_715c4f12e0@example.com,Address_f05df871,City_e708c712,ZZ,72477,Address_a226cdca,City_c05d421a,ZZ,72477,Last_fc46b426,First_790fa1c4,5059477158,user_8d9a5fbe69@example.com,Note_7638e6e1,687,4D8C22F4-4B80-4337-821B-0CBD3BC2EADB
OWNER_09e483d30b2e,Company_9d6fc041,Last_750e2057,First_b5f26582,5050375952,5051118622,user_715c4f12e0@example.com,Address_4513ecf3,City_fb775d72,ZZ,24366,Address_4e2d0bcf,City_e29f211c,ZZ,24366,Last_d178528e,First_72cae815,5050375952,user_715c4f12e0@example.com,Note_2168f0cd,359,1B602EB8-D5C1-49C8-8E8C-0CCC980DEAD1
OWNER_561fda679339,Company_9d6fc041,Last_cd72385a,First_e2f7fa12,5050375952,5050375952,user_766e954c1f@example.com,Address_f05df871,City_e708c712,ZZ,72477,Address_973c9175,City_9fb03833,ZZ,27797,Last_d178528e,First_72cae815,5050375952,user_715c4f12e0@example.com,Note_2168f0cd,1955,5D7ECDD6-5A36-4D53-B3A1-0CD4F1ABAC5D
OWNER_9c0dbb793027,Company_9d6fc041,Last_42e0a3be,First_ef7fee84,5051252729,5050375952,user_715c4f12e0@example.com,Address_f05df871,City_e708c712,ZZ,72477,Address_a226cdca,City_c05d421a,ZZ,72477,Last_d178528e,First_72cae815,5050375952,user_715c4f12e0@example.com,Note_2168f0cd,139,A2A90395-1CA5-4D55-9B52-0CFE988E76A0
OWNER_8357cc02da6d,Company_9d6fc041,Last_9bb04cd1,First_d284ad0b,5050375952,5050375952,user_715c4f12e0@example.com,Address_f05df871,City_e708c712,ZZ,72477,Address_a226cdca,City_c05d421a,ZZ,72477,Last_d178528e,First_72cae815,5050375952,user_715c4f12e0@example.com,Note_8671cb4a,806,165F6473-C98A-4211-99E1-0D0EBCAC87E2
OWNER_bbdba4faee74,Company_9d6fc041,Last_86fcb059,First_b4ad789d,5056645839,5059214271,user_715c4f12e0@example.com,Address_4b4f4203,City_6ec3f32a,ZZ,04722,Address_a226cdca,City_c05d421a,ZZ,72477,Last_d178528e,First_72cae815,5050375952,user_715c4f12e0@example.com,Note_d0c0bfba,870,CCE54BAE-611C-43A9-94B6-0D1ECAF22609
OWNER_3a1303c92b80,Company_9d6fc041,Last_52c4ccd0,First_4212ee2b,5058142089,5050375952,user_2f8efb9891@example.com,Address_f20bd999,City_7a6e460b,ZZ,35145,Address_72ededcf,City_2fd9f2b5,ZZ,35145,Last_d178528e,First_72cae815,5050375952,user_715c4f12e0@example.com,Note_23a60fce,1174,90285F71-BA0F-4E07-943A-0D46BDE744F0
OWNER_ab3fe52d9303,Company_9d6fc041,Last_a20c3ede,First_a7be58cc,5051561179,5050375952,user_715c4f12e0@example.com,Address_bd15d2c3,City_f3f6b3f1,ZZ,54162,Address_a226cdca,City_c05d421a,ZZ,72477,Last_d178528e,First_72cae815,5050375952,user_715c4f12e0@example.com,Note_2168f0cd,894,A0699805-D97C-4252-950C-0D5309BF0561
OWNER_c5ba687e3edb,Company_9d6fc041,Last_47d9907d,First_6cd16bc6,5052746240,5051670776,user_715c4f12e0@example.com,Address_f05df871,City_e708c712,ZZ,72477,Address_a226cdca,City_c05d421a,ZZ,72477,Last_d178528e,First_72cae815,5050375952,user_715c4f12e0@example.com,Note_a97018b2,486,2BBE3B0B-A938-4F1F-AE4C-0D6BB8130FB9
OWNER_d104a881e67f,Company_c1f7bd83,Last_53915d62,First_08a56096,5053750518,5050375952,user_6b27eed884@example.com,Address_ed9d600c,City_48bb9354,ZZ,10525,Address_a226cdca,City_c05d421a,ZZ,72477,Last_04a24ef4,First_d25d4a50,5057114276,user_be5bbfa894@example.com,Note_76a0b9ff,1678,30452645-16D6-CE49-9E9B-0D8B1D3B621E
OWNER_ebcdc5f680bc,Company_ebd1b800,Last_b331a2a9,First_db022c7b,5057489518,5058446815,user_d5342cb18c@example.com,Address_0eb8359e,City_fb775d72,ZZ,24366,Address_a226cdca,City_c05d421a,ZZ,72477,Last_d178528e,First_72cae815,5050375952,user_715c4f12e0@example.com,Note_9955016e,3,7E0C05BF-881C-4625-8E3E-0DBB0854064C
OWNER_42c2f80b6a73,Company_9d6fc041,Last_0bafb70f,First_bfd1e636,5051720321,5050375952,user_980f064584@example.com,Address_f05df871,City_e708c712,ZZ,72477,Address_a226cdca,City_c05d421a,ZZ,72477,Last_d178528e,First_72cae815,5050375952,user_715c4f12e0@example.com,Note_2168f0cd,1886,520F2AED-4D7F-4FB1-8CB3-0E07963C184B
OWNER_b8de5519f4d1,Company_9d6fc041,Last_a2b98414,First_fd9b8a03,5050375952,5053972726,user_715c4f12e0@example.com,Address_8ce6637c,City_9b94cfc5,ZZ,58363,Address_000bae2a,City_32d30c4f,ZZ,58363,Last_d178528e,First_72cae815,5050375952,user_715c4f12e0@example.com,Note_2168f0cd,1823,29302D0B-2C04-4FE7-9D93-0E3869831065
OWNER_2286cb158ee4,Company_9d6fc041,Last_3e665e93,First_bb656552,5050047835,5050375952,user_5ecc77f19d@example.com,Address_f05df871,City_e708c712,ZZ,72477,Address_0e903588,City_17db8506,ZZ,72477,Last_d178528e,First_72cae815,5050375952,user_715c4f12e0@example.com,Note_2168f0cd,206,AF20197C-0174-4AD0-8261-0E44D261EE16
OWNER_cf0b2becc41e,Company_2db3730a,Last_7bd3af51,First_2c24c138,5050375952,5050375952,user_715c4f12e0@example.com,Address_f05df871,City_e708c712,ZZ,72477,Address_a226cdca,City_c05d421a,ZZ,72477,Last_d178528e,First_72cae815,5050375952,user_715c4f12e0@example.com,Note_2168f0cd,31,ABF60584-FBD6-4292-AD51-0E6638E2E29A
OWNER_a85d55f0a7b0,Company_9d6fc041,Last_0c9b1d85,First_d78ec84e,5050375952,5050375952,user_715c4f12e0@example.com,Address_f05df871,City_e708c712,ZZ,72477,Address_a226cdca,City_c05d421a,ZZ,72477,Last_d178528e,First_72cae815,5050375952,user_715c4f12e0@example.com,Note_2168f0cd,1116,D6C7A405-E7F5-4A89-A413-0E7FAC06EF67
OWNER_d10437be2394,Company_9d6fc041,Last_fb502755,First_23e24139,5058142142,5050375952,user_715c4f12e0@example.com,Address_4944e8e4,City_c0fbf85c,ZZ,75073,Address_c350b1aa,City_76200585,ZZ,75073,Last_93209108,First_4f6bb3ab,5050375952,user_715c4f12e0@example.com,Note_df7fdfbd,1242,78E95063-0210-4DC0-BD14-0E9E9441124E
OWNER_fb93bff72cd0,Company_9d6fc041,Last_685890fa,First_943f05ba,5058937859,5051038676,user_715c4f12e0@example.com,Address_1dcd19ed,City_1c11a706,ZZ,65345,Address_a226cdca,City_c05d421a,ZZ,72477,Last_d178528e,First_f966de24,5050375952,user_715c4f12e0@example.com,Note_37029955,499,1C57C81C-522B-402C-AE3C-0EA729007C98
OWNER_8b972c83fcf7,Company_9d6fc041,Last_c6129fcb,First_cc29d102,5050302143,5050375952,user_715c4f12e0@example.com,Address_f05df871,City_e708c712,ZZ,72477,Address_a226cdca,City_c05d421a,ZZ,72477,Last_d178528e,First_72cae815,5050375952,user_715c4f12e0@example.com,Note_2168f0cd,344,FE0976B0-AC42-4099-B470-0EEBF309D13D
OWNER_4c4969507532,Company_9d6fc041,Last_7e293f04,First_70228b25,5050375952,5051793577,user_715c4f12e0@example.com,Address_f05df871,City_e708c712,ZZ,72477,Address_f27dfcb8,City_253be803,ZZ,99337,Last_d178528e,First_72cae815,5050375952,user_715c4f12e0@example.com,Note_2168f0cd,1868,E2A4DF57-2C59-427A-A09D-0F263CF5D460
OWNER_ad8ff40ea3d6,Company_9d6fc041,Last_dc66f8b6,First_c5ea512f,5050375952,5056989503,user_25b75d690e@example.com,Address_f05df871,City_e708c712,ZZ,72477,Address_a226cdca,City_c05d421a,ZZ,72477,Last_d6fd54df,First_fbd707ce,5050358204,user_715c4f12e0@example.com,Note_e3bd7cf5,534,3E97B5AA-D533-4682-808C-0F300ED8FDAD
OWNER_e17edd75ec7a,Company_9d6fc041,Last_a2b98414,First_ca18cd2e,5057143418,5050375952,user_715c4f12e0@example.com,Address_f83157c4,City_013579ea,ZZ,74737,Address_a226cdca,City_c05d421a,ZZ,72477,Last_d178528e,First_72cae815,5050375952,user_715c4f12e0@example.com,Note_2168f0cd,28,0464CEE9-E226-4245-BFB7-0F33280098BD
OWNER_042a06a21e21,Company_9d6fc041,Last_7bd3af51,First_2c24c138,5050375952,5050375952,user_715c4f12e0@example.com,Address_f05df871,City_e708c712,ZZ,72477,Address_a226cdca,City_c05d421a,ZZ,72477,Last_d178528e,First_72cae815,5050375952,user_715c4f12e0@example.com,Note_2168f0cd,1633,7ABF36B3-AFC8-FE48-89D7-0F48A33524BE
OWNER_9d3b789e3bc0,Company_9d6fc041,Last_f44f6e48,First_cf2b6bd7,5050375952,5050375952,user_715c4f12e0@example.com,Address_f05df871,City_e708c712,ZZ,72477,Address_a226cdca,City_c05d421a,ZZ,72477,Last_d178528e,First_72cae815,5050375952,user_715c4f12e0@example.com,Note_2168f0cd,449,819235B8-303F-4CDE-92DD-0F4AE0B46485
OWNER_a56560b5f87c,Company_e47034a9,Last_7bd3af51,First_340be2b4,5059220374,5050375952,user_720d9630aa@example.com,Address_f05df871,City_e708c712,ZZ,72477,Address_a226cdca,City_c05d421a,ZZ,72477,Last_d178528e,First_72cae815,5050375952,user_715c4f12e0@example.com,Note_120f6323,748,CE7303FA-D114-4F2B-A6F8-0F882333645B
OWNER_6ddd6885b573,Company_9d6fc041,Last_78724c94,First_e04896de,5052057230,5054509526,user_b0e98e8d30@example.com,Address_0d9e1b42,City_ca4bb91c,ZZ,70370,Address_e05d4312,City_17db8506,ZZ,72477,Last_d178528e,First_72cae815,5050375952,user_715c4f12e0@example.com,Note_2168f0cd,405,F267C22F-2146-4D14-840C-0FA112A24CE9
OWNER_6b77629f39e8,Company_4d4c3e00,Last_7bd3af51,First_2c24c138,5050375952,5050375952,user_715c4f12e0@example.com,Address_f05df871,City_e708c712,ZZ,72477,Address_a226cdca,City_c05d421a,ZZ,72477,Last_d178528e,First_72cae815,5050375952,user_715c4f12e0@example.com,Note_2168f0cd,298,B044FA7A-9EB7-4295-8C27-0FA7B783A284
OWNER_aa5d58571ba2,Company_9d6fc041,Last_2fb65a10,First_cd2eb916,5054319911,5050375952,user_715c4f12e0@example.com,Address_e6d3f458,City_fb775d72,ZZ,04722,Address_a226cdca,City_c05d421a,ZZ,72477,Last_d178528e,First_72cae815,5050375952,user_715c4f12e0@example.com,Note_8501382c,874,ADBA9D20-6797-4203-9ED2-0FC39B35B6CA
OWNER_68b4d10b6729,Company_9d6fc041,Last_2ecfc0f8,First_9378ab1c,5050375952,5050375952,user_715c4f12e0@example.com,Address_f05df871,City_e708c712,ZZ,72477,Address_a226cdca,City_c05d421a,ZZ,72477,Last_d178528e,First_72cae815,5050375952,user_715c4f12e0@example.com,Note_2168f0cd,342,29CF3322-E924-403B-A07C-10014F7D0672
OWNER_6382906cf85a,Company_9d6fc041,Last_270c8b64,First_558d11ab,5057731921,5050375952,user_b33f98b1b2@example.com,Address_f05df871,City_e708c712,ZZ,72477,Address_b4397f4c,City_f8f31c5f,ZZ,72477,Last_535c76ad,First_3ae28d98,5050375952,user_715c4f12e0@example.com,Note_6bef1d9b,1146,95DA1707-6F2D-48AD-98F0-1022BC8E015D
OWNER_766bae64851f,Company_9d6fc041,Last_4ee8f63e,First_34dc8e59,5050375952,5056280136,user_7a1201308b@example.com,Address_e2ca1b37,City_9b94cfc5,ZZ,58363,Address_42df1b32,City_32d30c4f,ZZ,58363,Last_d178528e,First_72cae815,5050375952,user_715c4f12e0@example.com,Note_2168f0cd,1805,04270717-292D-4CB2-9F1A-106B1D8A1203
OWNER_f7ef24d43243,Company_2199f956,Last_8cd18ced,First_a8fb9d36,5050473294,5050375952,user_715c4f12e0@example.com,Address_3609d0f0,City_eb940fb0,ZZ,28095,Address_a226cdca,City_c05d421a,ZZ,72477,Last_d178528e,First_72cae815,5050375952,user_715c4f12e0@example.com,Note_2168f0cd,517,6C869EF5-F9D6-4D97-B400-107DE346CD9F
OWNER_f0901fdb4709,Company_af1463cf,Last_19d64aba,First_3d59c455,5051970285,5050375952,user_01dc653366@example.com,Address_d15d7557,City_bcb6e37d,ZZ,75186,Address_3fbce249,City_c05d421a,ZZ,72477,Last_d178528e,First_444432ff,5054913111,user_11340b1a52@example.com,Note_ef0bda10,1447,D8FC0136-49BC-4450-A6C6-108FFC5EBB54
OWNER_722fd13d7a25,Company_09d9bc59,Last_7bd3af51,First_2c24c138,5050375952,5050375952,user_715c4f12e0@example.com,Address_f05df871,City_e708c712,ZZ,72477,Address_a226cdca,City_c05d421a,ZZ,72477,Last_d178528e,First_72cae815,5050375952,user_715c4f12e0@example.com,Note_2168f0cd,300,104AB4D3-573B-41A2-A86D-109E96B4570E
OWNER_1888841b0814,Company_9d6fc041,Last_68ed8b9b,First_b538ccf2,5050375952,5050375952,user_715c4f12e0@example.com,Address_f05df871,City_e708c712,ZZ,72477,Address_a226cdca,City_c05d421a,ZZ,72477,Last_d178528e,First_72cae815,5050375952,user_715c4f12e0@example.com,Note_2168f0cd,211,3A627D5F-7857-406D-B85B-10E336F333F8
OWNER_c745e7f7409b,Company_9d6fc041,Last_9bce7c5e,First_1fa5fa7a,5056415112,5056381160,user_b20b5611b5@example.com,Address_c01d2918,City_6ec3f32a,ZZ,04722,Address_8f28f532,City_c05d421a,ZZ,72477,Last_0935cbcf,First_c9975306,5058816460,user_715c4f12e0@example.com,Note_56650cc4,95,D4C2834C-FDB1-4C25-9FF5-10F15AC1A975
OWNER_a0799c64a8a0,Company_9d6fc041,Last_736c97bf,First_6cd16bc6,5055561029,5050375952,user_715c4f12e0@example.com,Address_ee2d09bb,City_c0fbf85c,ZZ,75073,Address_af3e3add,City_76200585,ZZ,75073,Last_d178528e,First_72cae815,5050375952,user_715c4f12e0@example.com,Note_92f40629,1266,8A78A70B-E0A7-4302-B1BF-114845ADA171
OWNER_d920b48925a3,Company_9d6fc041,Last_836dda35,First_d8d8de3c,5051173215,5050375952,user_715c4f12e0@example.com,Address_27e358ec,City_eb940fb0,ZZ,28095,Address_a226cdca,City_c05d421a,ZZ,72477,Last_d178528e,First_72cae815,5050375952,user_715c4f12e0@example.com,Note_2168f0cd,1047,B30F64DF-C7E4-4106-95E5-11F387260D4C
OWNER_b6efc55f50d0,Company_9d6fc041,Last_47d9907d,First_84824638,5050375952,5050375952,user_715c4f12e0@example.com,Address_f05df871,City_e708c712,ZZ,72477,Address_a226cdca,City_c05d421a,ZZ,72477,Last_d178528e,First_72cae815,5050375952,user_715c4f12e0@example.com,Note_2168f0cd,680,8EC3CE2B-C6C1-4FDD-A1A7-1278268D6EEF
OWNER_43e5384d63e2,Company_af396c6d,Last_d6d0fd36,First_e0c3af9a,5058357642,5058651368,user_715c4f12e0@example.com,Address_11651262,City_8fedf203,ZZ,69497,Address_a226cdca,City_c05d421a,ZZ,72477,Last_dd0dd072,First_5c5c14d6,5057645710,user_5d4bdc155e@example.com,Note_7d32e7c5,171,1BD7C934-86FA-490B-954D-129BF5C886E7
OWNER_d020120d3ff7,Company_9d6fc041,Last_21ba0a01,First_abf52d77,5053583562,5050375952,user_97a4b49bae@example.com,Address_f05df871,City_e708c712,ZZ,72477,Address_c0cb769a,City_17db8506,ZZ,72477,Last_d178528e,First_72cae815,5050375952,user_715c4f12e0@example.com,Note_2168f0cd,814,09FB6BF2-121A-44D5-BE45-12A1FDAF4D69
OWNER_360a3ca15b49,Company_9d6fc041,Last_d3865bf6,First_a1b2f27d,5050375952,5054902799,user_25d3d2578d@example.com,Address_f05df871,City_e708c712,ZZ,72477,Address_a93cdbfe,City_4e9d70b8,ZZ,36173,Last_d178528e,First_72cae815,5050375952,user_715c4f12e0@example.com,Note_2168f0cd,1961,32DBBA45-658B-418F-8E4C-12DDC940FB7D
OWNER_cd4527aae282,Company_9d6fc041,Last_351d9c1b,First_cd96949e,5050375952,5050525938,user_bebdfd7cae@example.com,Address_7d7943b1,City_f194ca26,ZZ,67893,Address_b5b52e35,City_94b6fd86,ZZ,67893,Last_d178528e,First_72cae815,5050375952,user_715c4f12e0@example.com,Note_2168f0cd,1892,0A61E38E-B207-44FA-925F-12E806CF17E7
OWNER_d7a78fde28a7,Company_ef2123b9,Last_ff12de44,First_a7be58cc,5053542373,5050375952,user_0261317a09@example.com,Address_efbccc86,City_8fedf203,ZZ,72477,Address_c9c8adc1,City_1304732a,ZZ,72477,Last_d178528e,First_72cae815,5050375952,user_715c4f12e0@example.com,Note_369ec46b,1085,9DAFCA85-04E7-462D-90B2-12EFF8EE8598
OWNER_5a387d50f506,Company_9d6fc041,Last_4ba34244,First_ba8b26d2,5059002121,5050375952,user_c76b498a77@example.com,Address_e67e147d,City_c0fbf85c,ZZ,75073,Address_9e6b0536,City_76200585,ZZ,75073,Last_d178528e,First_72cae815,5050375952,user_715c4f12e0@example.com,Note_2168f0cd,1293,21EB3E10-644E-4A7D-BEE3-12F084BE3AD3
OWNER_e47614de295d,Company_9d6fc041,Last_bc2d0e56,First_258cb898,5050375952,5050375952,user_715c4f12e0@example.com,Address_f05df871,City_e708c712,ZZ,72477,Address_a226cdca,City_c05d421a,ZZ,72477,Last_d178528e,First_72cae815,5050375952,user_715c4f12e0@example.com,Note_2168f0cd,658,7A075A80-0BC5-4176-81CF-137EFB09702B
OWNER_c56f15df91d6,Company_9d6fc041,Last_7808b891,First_b644d0ad,5059983540,5050375952,user_715c4f12e0@example.com,Address_f05df871,City_e708c712,ZZ,72477,Address_a226cdca,City_c05d421a,ZZ,72477,Last_d8b93f3d,First_bccf2c8f,5059983540,user_715c4f12e0@example.com,Note_2168f0cd,961,35452546-30B1-49B1-A53E-1382FB5C0FA5
OWNER_7679a0a84d7b,Company_9d6fc041,Last_0ea0d243,First_7444ca8a,5050375952,5052713431,user_715c4f12e0@example.com,Address_f05df871,City_e708c712,ZZ,72477,Address_02baac63,City_09ce327b,ZZ,72477,Last_d178528e,First_72cae815,5050375952,user_715c4f12e0@example.com,Note_2168f0cd,1566,973B2E8D-9F0E-D54B-803A-13C57D8828CD
OWNER_1f5291816934,Company_9d6fc041,Last_354ebe63,First_6b334da1,5050375952,5055043570,user_f06baf6713@example.com,Address_76835c7e,City_ca4bb91c,ZZ,70370,Address_6af80182,City_17db8506,ZZ,70370,Last_d178528e,First_72cae815,5050375952,user_e2b0da0fa7@example.com,Note_a30d43fa,994,44D96AB0-8208-4257-87E4-143F665C14C3
OWNER_94d6eba1d0b5,Company_9d6fc041,Last_38add8da,First_613caf40,5053688019,5050375952,user_715c4f12e0@example.com,Address_f05df871,City_e708c712,ZZ,72477,Address_8bd4c0f9,City_c05d421a,ZZ,72477,Last_d178528e,First_72cae815,5050375952,user_715c4f12e0@example.com,Note_2168f0cd,833,8C1E99DC-9874-4A00-88C4-147CDE8ECA58
OWNER_1057957215ed,Company_9d6fc041,Last_8890d70f,First_5a53d49c,5052479165,5050375952,user_715c4f12e0@example.com,Address_5cb28b81,City_f3f6b3f1,ZZ,54162,Address_a226cdca,City_c05d421a,ZZ,72477,Last_d178528e,First_72cae815,5050375952,user_715c4f12e0@example.com,Note_2168f0cd,1675,9C3CF7AE-08F1-3842-B6A6-14807E21AC25
OWNER_ace482b3d127,Company_9d6fc041,Last_6646b578,First_86aee43b,5056276065,5052608835,user_a86314c4e3@example.com,Address_f05df871,City_e708c712,ZZ,72477,Address_4ef74f98,City_76200585,ZZ,75073,Last_d178528e,First_72cae815,5050375952,user_715c4f12e0@example.com,Note_2168f0cd,1235,419176FA-1858-4A78-BCCB-148AADC98491
OWNER_c9aedba8b03c,Company_9d6fc041,Last_6b993ece,First_70d5d320,5051100894,5050375952,user_715c4f12e0@example.com,Address_3d16d00e,City_37084ed9,ZZ,45530,Address_19be5f81,City_528281b9,ZZ,45530,Last_a4837883,First_dd77a43a,5051341251,user_715c4f12e0@example.com,Note_076afbde,1208,01B85B32-1244-492F-8B72-14FB9B2B4ABD
OWNER_1a661f5b94d1,Company_9d6fc041,Last_b7961f7c,First_f64f77c7,5050325931,5051972049,user_715c4f12e0@example.com,Address_347c9732,City_fb775d72,ZZ,24366,Address_d2f03bd0,City_e29f211c,ZZ,72477,Last_d178528e,First_72cae815,5050375952,user_715c4f12e0@example.com,Note_2168f0cd,465,C5327224-8D30-441A-B6B3-1502D506DA88
OWNER_ac8be4945b03,Company_9d6fc041,Last_32754ad0,First_eb2fe4f1,5050375952,5050375952,user_715c4f12e0@example.com,Address_f05df871,City_e708c712,ZZ,72477,Address_a226cdca,City_c05d421a,ZZ,72477,Last_d178528e,First_72cae815,5050375952,user_715c4f12e0@example.com,Note_2168f0cd,269,9D41AAC5-1789-4EC1-8FE3-1532F7C53DE7
OWNER_00845fb812c0,Company_9d6fc041,Last_30dbe8a7,First_a82d6021,5050375952,5050375952,user_715c4f12e0@example.com,Address_f05df871,City_e708c712,ZZ,72477,Address_a226cdca,City_c05d421a,ZZ,72477,Last_d178528e,First_72cae815,5050375952,user_715c4f12e0@example.com,Note_2168f0cd,198,555312EA-0913-436E-A8E0-1564ABAD5859
OWNER_b7eb955a3220,Company_9d6fc041,Last_23765fd5,First_2c24c138,5051184174,5050375952,user_715c4f12e0@example.com,Address_f05df871,City_e708c712,ZZ,72477,Address_a226cdca,City_c05d421a,ZZ,72477,Last_d178528e,First_72cae815,5050375952,user_715c4f12e0@example.com,Note_2168f0cd,863,80C4B8C0-9266-465E-9174-157CE9A1FAF6
OWNER_19502d8dda39,Company_9d6fc041,Last_76ac3732,First_ecb134ef,5050375952,5050375952,user_715c4f12e0@example.com,Address_953d46e6,City_e0b2f6f7,ZZ,72477,Address_495608b8,City_90129d13,ZZ,72477,Last_cb2ec9c5,First_632ccf40,5050375952,user_715c4f12e0@example.com,Note_3eaef52c,1654,6F95A6C2-7A19-C547-9B5E-15BAF679946C
OWNER_511edd81ba4d,Company_9d6fc041,Last_7c41e792,First_5391769f,5057857714,5050375952,user_715c4f12e0@example.com,Address_f05df871,City_e708c712,ZZ,72477,Address_a226cdca,City_c05d421a,ZZ,72477,Last_f747de4d,First_7a6d3b02,5050375952,user_715c4f12e0@example.com,Note_2168f0cd,475,E9EF46AF-E93B-4FCC-9CC0-15BD7BF5714D
OWNER_c8a538e89a87,Company_9d6fc041,Last_32b05bb0,First_6ea1b591,5050375952,5057011764,user_0cf7c10aab@example.com,Address_f05df871,City_e708c712,ZZ,72477,Address_677c6305,City_253be803,ZZ,99337,Last_d178528e,First_72cae815,5050375952,user_715c4f12e0@example.com,Note_2168f0cd,1971,3ACBACC5-3A13-48F3-8400-15C658247149
OWNER_52b3b64b6109,Company_9d6fc041,Last_5adde30f,First_6c8ea66d,5050375952,5050375952,user_715c4f12e0@example.com,Address_f05df871,City_e708c712,ZZ,72477,Address_a226cdca,City_c05d421a,ZZ,72477,Last_d178528e,First_72cae815,5050375952,user_715c4f12e0@example.com,Note_8671cb4a,108,D26ED732-2C17-407F-8782-15D6A9CF355E
OWNER_63415543a316,Company_9d6fc041,Last_7c26bc12,First_c3055263,5050375952,5050431182,user_715c4f12e0@example.com,Address_fa8f4c85,City_50cdb0ed,ZZ,00030,Address_a226cdca,City_c05d421a,ZZ,72477,Last_d178528e,First_72cae815,5050375952,user_715c4f12e0@example.com,Note_2168f0cd,1881,B0D951AD-579C-47CE-9B88-1615CB906272
OWNER_7f24db7d2978,Company_9d6fc041,Last_e000a227,First_fa157f1b,5050375952,5050375952,user_715c4f12e0@example.com,Address_d1dd5c40,City_2402b24b,ZZ,48412,Address_a226cdca,City_c05d421a,ZZ,72477,Last_d178528e,First_72cae815,5050375952,user_715c4f12e0@example.com,Note_58aad3c9,812,BC110660-22D9-499C-AA4E-16728A6497B8
OWNER_c6e0a9f346bf,Company_9d6fc041,Last_afd63a7f,First_9a173746,5050375952,5051666399,user_ed60e382e7@example.com,Address_6b6824c5,City_07a388a4,ZZ,61185,Address_a226cdca,City_c05d421a,ZZ,72477,Last_918d0bb7,First_a9da71b6,5054843371,user_715c4f12e0@example.com,Note_20433a49,1440,5A3C829A-4D3B-45BA-8C8F-1676BBD92214
OWNER_7bb9be4fadc2,Company_9d6fc041,Last_ac0aeb5e,First_c8bf6fef,5056234830,5050375952,user_715c4f12e0@example.com,Address_f05df871,City_e708c712,ZZ,72477,Address_a226cdca,City_c05d421a,ZZ,72477,Last_d178528e,First_72cae815,5050375952,user_715c4f12e0@example.com,Note_2168f0cd,691,9EF4CFDC-CE88-455B-8F12-169588519A57
OWNER_27238c15f280,Company_9d6fc041,Last_e0515b23,First_d284ad0b,5050375952,5050375952,user_715c4f12e0@example.com,Address_f05df871,City_e708c712,ZZ,72477,Address_a226cdca,City_c05d421a,ZZ,72477,Last_d178528e,First_72cae815,5050375952,user_715c4f12e0@example.com,Note_2168f0cd,802,639B3E45-FFC4-4BA2-8C74-169C8E5023C1
OWNER_2fe40d176524,Company_9d6fc041,Last_3699fef7,First_4cf9c505,5054101540,5050375952,user_715c4f12e0@example.com,Address_f05df871,City_e708c712,ZZ,72477,Address_a226cdca,City_c05d421a,ZZ,72477,Last_d178528e,First_72cae815,5050375952,user_715c4f12e0@example.com,Note_2168f0cd,51,7513EDBE-A118-44A3-987C-16CDE7BE6136
OWNER_65425aace2e8,Company_9d6fc041,Last_713ec698,First_64adb3ab,5050375952,5050375952,user_715c4f12e0@example.com,Address_637a5706,City_9870ba28,ZZ,26022,Address_a226cdca,City_c05d421a,ZZ,72477,Last_ca606c12,First_f966de24,5059515707,user_715c4f12e0@example.com,Note_93ae0d39,400,C64A7CC2-E6CA-4A84-9C9A-16DC2A4A9234
OWNER_bb31bb9a8a5f,Company_9d6fc041,Last_436a1b21,First_cb628545,5051270039,5056123871,user_85a70681d4@example.com,Address_657441fc,City_c0fbf85c,ZZ,75073,Address_8c2756bb,City_76200585,ZZ,75073,Last_d178528e,First_72cae815,5050375952,user_715c4f12e0@example.com,Note_2168f0cd,1248,7C0D9E68-022D-477E-9F00-173A41FB7468
OWNER_19c89ffd5a07,Company_9d6fc041,Last_f5945a8e,First_9bdbb4c3,5058818365,5050375952,user_715c4f12e0@example.com,Address_4229c8a6,City_f56f2a96,ZZ,16176,Address_a226cdca,City_c05d421a,ZZ,72477,Last_d178528e,First_72cae815,5050375952,user_715c4f12e0@example.com,Note_83076025,126,E5926EA5-9812-4034-B0A1-1770E24535DC
OWNER_8dfd5fa10ae7,Company_9d6fc041,Last_6aef51af,First_bf2ec069,5053255906,5050375952,user_dc254e3158@example.com,Address_a54fbc92,City_23604209,ZZ,73028,Address_0c8297cf,City_adce70d4,ZZ,73028,Last_ca21f817,First_a83280bf,5053366429,user_8e27e3b8fd@example.com,Note_c8eac208,1481,60387026-A227-BA47-8F74-17846BE143A2
OWNER_0db51951d46c,Company_9d6fc041,Last_173cbac7,First_e72311c9,5052920457,5051395273,user_a479119a8a@example.com,Address_1b365272,City_b434c9fb,ZZ,11592,Address_971c8b14,City_73558a8c,ZZ,28255,Last_00a6dc9b,First_c8bbd30a,5050572793,user_c1aa76d7df@example.com,Note_0fe7e81a,1558,82C6A223-57FA-8F4C-B8BB-17D1FFD0B2B6
OWNER_261e277d10e4,Company_b262e458,Last_bf3cff0d,First_eb2fe4f1,5050375952,5050375952,user_715c4f12e0@example.com,Address_f05df871,City_e708c712,ZZ,72477,Address_a226cdca,City_c05d421a,ZZ,72477,Last_d178528e,First_72cae815,5050375952,user_715c4f12e0@example.com,Note_a8360717,859,A4AA9D49-ADD9-45B0-9113-17E2AE6D4B31
OWNER_2c6ca56151b6,Company_3d584f19,Last_7bd3af51,First_2c24c138,5050375952,5050375952,user_715c4f12e0@example.com,Address_f05df871,City_e708c712,ZZ,72477,Address_a226cdca,City_c05d421a,ZZ,72477,Last_d178528e,First_72cae815,5050375952,user_715c4f12e0@example.com,Note_2168f0cd,817,DEC811F3-4F1B-4014-B133-1843449DAD4D
OWNER_59b49be530ea,Company_9d6fc041,Last_a6390582,First_06a80a05,5053675601,5050375952,user_715c4f12e0@example.com,Address_60f46bdb,City_c0fbf85c,ZZ,75073,Address_24ff1395,City_76200585,ZZ,75073,Last_d178528e,First_72cae815,5050375952,user_715c4f12e0@example.com,Note_2168f0cd,1296,786FC4FD-C8A1-4919-8284-1845B0C21CBD
OWNER_090d90f45fc2,Company_07af1be1,Last_7bd3af51,First_2c24c138,5050375952,5050375952,user_715c4f12e0@example.com,Address_f05df871,City_e708c712,ZZ,72477,Address_a226cdca,City_c05d421a,ZZ,72477,Last_d178528e,First_72cae815,5050375952,user_715c4f12e0@example.com,Note_2168f0cd,1088,F3070D80-C3CB-49BA-BB95-185123898141
OWNER_43a247f1ad01,Company_9d6fc041,Last_7bd3af51,First_2c24c138,5050375952,5050375952,user_715c4f12e0@example.com,Address_f05df871,City_e708c712,ZZ,72477,Address_07f550cc,City_f4f05588,ZZ,59580,Last_d178528e,First_72cae815,5050375952,user_715c4f12e0@example.com,Note_2168f0cd,1635,22A47CDB-8A4B-CE43-AD0C-185A94042BC4
OWNER_a7a35e3e5736,Company_9d6fc041,Last_42e3f11e,First_a7be58cc,5050375952,5056214327,user_09c91150cc@example.com,Address_7482ccc4,City_ca4bb91c,ZZ,70370,Address_a226cdca,City_c05d421a,ZZ,72477,Last_d178528e,First_72cae815,5050375952,user_715c4f12e0@example.com,Note_2168f0cd,745,209F5405-FC8E-4762-B824-18642FC593FF
OWNER_84c6a9cf08b0,Company_9d6fc041,Last_341b935b,First_55be1046,5054375639,5058540152,user_9e8bade27e@example.com,Address_f05df871,City_e708c712,ZZ,72477,Address_a226cdca,City_c05d421a,ZZ,72477,Last_d178528e,First_72cae815,5050375952,user_715c4f12e0@example.com,Note_e1c49183,177,4F7B2E90-1BB1-4B9A-A463-186EF9959FFE
OWNER_de21d7ee19a9,Company_9d6fc041,Last_9a8f0a5f,First_69a7c7af,5050375952,5050375952,user_715c4f12e0@example.com,Address_f05df871,City_e708c712,ZZ,72477,Address_a226cdca,City_c05d421a,ZZ,72477,Last_d178528e,First_72cae815,5050375952,user_715c4f12e0@example.com,Note_2168f0cd,992,A541B328-2A26-44AA-8E06-186FEFF6602B
OWNER_b927e09f47dc,Company_9d6fc041,Last_6ea70537,First_de79779f,5050375952,5059967160,user_8df0338f60@example.com,Address_f05df871,City_e708c712,ZZ,72477,Address_5e64aa47,City_28cf9b52,ZZ,71128,Last_d178528e,First_72cae815,5050375952,user_715c4f12e0@example.com,Note_2168f0cd,1816,7EB3B13A-C39C-4510-AC17-1894D6042A01
OWNER_827dcd11788a,Company_9d6fc041,Last_17bc9cdb,First_97959d73,5055779493,5050375952,user_715c4f12e0@example.com,Address_f05df871,City_e708c712,ZZ,72477,Address_a226cdca,City_c05d421a,ZZ,72477,Last_d178528e,First_72cae815,5050375952,user_715c4f12e0@example.com,Note_2168f0cd,671,5E106566-D6E0-42DB-9933-18C2ADD73B54
OWNER_92704fd26fca,Company_61aaf355,Last_3aec9f8d,First_e616a6ad,5052446888,5050375952,user_3085a1a3e2@example.com,Address_f05df871,City_e708c712,ZZ,72477,Address_a226cdca,City_c05d421a,ZZ,72477,Last_d178528e,First_72cae815,5050375952,user_715c4f12e0@example.com,Note_2168f0cd,1702,43C14B10-0C5E-5249-A2C2-18C44E541395
OWNER_71b6cd35f314,Company_9d6fc041,Last_eaada6c5,First_e5551fb9,5050375952,5050375952,user_715c4f12e0@example.com,Address_f05df871,City_e708c712,ZZ,72477,Address_a226cdca,City_c05d421a,ZZ,72477,Last_d178528e,First_72cae815,5050375952,user_715c4f12e0@example.com,Note_8671cb4a,442,A45274FA-0629-4E14-ACCD-18C7F26D37B0
OWNER_8c39d0cb7796,Company_9d6fc041,Last_1cb21858,First_0711f637,5057365211,5050375952,user_715c4f12e0@example.com,Address_f05df871,City_e708c712,ZZ,72477,Address_a226cdca,City_c05d421a,ZZ,72477,Last_d178528e,First_72cae815,5050375952,user_715c4f12e0@example.com,Note_2168f0cd,69,DD1B0E7A-661B-41D5-9224-18E5B86D356E
OWNER_f8fa91b738c6,Company_9d6fc041,Last_bd3831f4,First_d8d8de3c,5050375952,5050375952,user_715c4f12e0@example.com,Address_f05df871,City_e708c712,ZZ,72477,Address_a226cdca,City_c05d421a,ZZ,72477,Last_d178528e,First_72cae815,5050375952,user_715c4f12e0@example.com,Note_2168f0cd,1135,874222BB-AEFC-4C4C-97A6-18E6CF37A5BE
OWNER_a6775ea7d09c,Company_9d6fc041,Last_7bd3af51,First_a42e34a0,5050375952,5050375952,user_715c4f12e0@example.com,Address_c45610a0,City_a000d1fb,ZZ,66775,Address_829097df,City_30bd86a3,ZZ,66775,Last_1546fab4,First_45e1a47c,5053814108,user_87be2b8fe4@example.com,Note_c3d0eff5,1377,C15FFA0F-A794-49E4-BB96-19070784D0A7
OWNER_97a765eda003,Company_9d6fc041,Last_da5c51e8,First_984a2cfb,5051348757,5050375952,user_a9b8c994b4@example.com,Address_4d7f452a,City_03403c03,ZZ,13416,Address_189e044a,City_282e7459,ZZ,72477,Last_d178528e,First_72cae815,5050375952,user_715c4f12e0@example.com,Note_2168f0cd,1187,B2F6B38A-51E6-4688-A91A-1915F80914F2
OWNER_b87c299ff8e6,Company_ab873424,Last_706b5d15,First_b4a8e884,5055931129,5056135831,user_715c4f12e0@example.com,Address_1bc521c6,City_9bb0076f,ZZ,94763,Address_a226cdca,City_c05d421a,ZZ,72477,Last_d178528e,First_72cae815,5050375952,user_715c4f12e0@example.com,Note_78d27f39,949,40DFBBDF-C8D8-499F-8767-196E43E71406
OWNER_fc3960e0850e,Company_9d6fc041,Last_cba2ef5d,First_05efaa9c,5050375952,5050375952,user_715c4f12e0@example.com,Address_f05df871,City_e708c712,ZZ,72477,Address_a226cdca,City_c05d421a,ZZ,72477,Last_d178528e,First_72cae815,5050375952,user_715c4f12e0@example.com,Note_2168f0cd,1087,348F7F94-52FC-47BA-915B-1978F5C1B27D
OWNER_a629b4706417,Company_9d6fc041,Last_2f0a677c,First_6d855beb,5053344109,5050375952,user_1d4831d0b6@example.com,Address_be06ec62,City_f194ca26,ZZ,72477,Address_f9d1f5e4,City_94b6fd86,ZZ,72477,Last_d178528e,First_72cae815,5050375952,user_715c4f12e0@example.com,Note_2168f0cd,1609,D913BF27-0FDB-484B-95D3-19A613F5734C
OWNER_0496c324d685,Company_40161f50,Last_7bd3af51,First_2c24c138,5050375952,5050375952,user_715c4f12e0@example.com,Address_f05df871,City_e708c712,ZZ,72477,Address_a226cdca,City_c05d421a,ZZ,72477,Last_d178528e,First_72cae815,5050375952,user_715c4f12e0@example.com,Note_2168f0cd,965,01C0C6B1-832F-41C6-B05D-19D28DC74F61
OWNER_cb3fa8197677,Company_9d6fc041,Last_86b33b92,First_5a53d49c,5054931147,5050375952,user_d12524a9d8@example.com,Address_d1735669,City_a62e8786,ZZ,98066,Address_a226cdca,City_c05d421a,ZZ,72477,Last_d178528e,First_72cae815,5050375952,user_715c4f12e0@example.com,Note_2168f0cd,696,F9132DE3-AFC5-41EC-9AB6-1A139E572845
OWNER_5abad4126738,Company_9d6fc041,Last_86161eee,First_1df40c15,5055174242,5050375952,user_715c4f12e0@example.com,Address_bd1efab7,City_53c8b12c,ZZ,24366,Address_a226cdca,City_c05d421a,ZZ,72477,Last_d178528e,First_72cae815,5050375952,user_715c4f12e0@example.com,Note_de49f7ec,841,59B5164E-0DCE-49A8-9AD7-1A22F09ECF27
OWNER_ae82540d8979,Company_9d6fc041,Last_2cf57baa,First_051e2661,5053360779,5050375952,user_3aa1a93cde@example.com,Address_f05df871,City_e708c712,ZZ,72477,Address_ba807dd7,City_800ddec4,ZZ,72477,Last_d178528e,First_72cae815,5050375952,user_715c4f12e0@example.com,Note_2168f0cd,1764,6F860E3C-42D0-964D-8261-1A26AF7DF116
OWNER_ebc74e0b88fc,Company_9d6fc041,Last_759400ca,First_f17dc4da,5050375952,5050375952,user_715c4f12e0@example.com,Address_f05df871,City_e708c712,ZZ,72477,Address_a226cdca,City_c05d421a,ZZ,72477,Last_d178528e,First_72cae815,5050375952,user_715c4f12e0@example.com,Note_2168f0cd,1021,BFE2D776-2971-48F9-97A9-1A3DFE3EADE6
OWNER_575e9998aded,Company_7db30490,Last_fd107eb9,First_a8fb9d36,5058498116,5050375952,user_f36fee5c99@example.com,Address_e976c9f8,City_3c553bcc,ZZ,72477,Address_f162aa1d,City_c057d8df,ZZ,72477,Last_d178528e,First_72cae815,5050375952,user_715c4f12e0@example.com,Note_47d85fff,1504,5EFFF405-CC6A-1B4F-A26A-1A4CBACD93E1
OWNER_7efd2224555b,Company_9d6fc041,Last_7884bda0,First_3a5318c4,5050616493,5050375952,user_715c4f12e0@example.com,Address_61a0ac96,City_c0fbf85c,ZZ,72477,Address_0107be2d,City_76200585,ZZ,72477,Last_d178528e,First_72cae815,5050375952,user_715c4f12e0@example.com,Note_2168f0cd,1570,C2C51B4D-E32E-9C40-8712-1A5A57B27159
OWNER_180cf4caac9e,Company_9d6fc041,Last_e3b7bea0,First_eb789b83,5055051780,5050375952,user_715c4f12e0@example.com,Address_cd7150ad,City_f3f6b3f1,ZZ,54162,Address_a226cdca,City_c05d421a,ZZ,72477,Last_d178528e,First_72cae815,5050375952,user_715c4f12e0@example.com,Note_2168f0cd,87,C637D258-9281-4EC4-B328-1A60F2ED5AD3
OWNER_20b7458aa7b1,Company_9d6fc041,Last_b698373f,First_490ae46a,5058087038,5050375952,user_1beb52aa21@example.com,Address_f05df871,City_e708c712,ZZ,72477,Address_a226cdca,City_c05d421a,ZZ,72477,Last_d178528e,First_72cae815,5050375952,user_715c4f12e0@example.com,Note_2168f0cd,35,634153F4-5BFC-43DE-B7B2-1A63FE751875
OWNER_02b38ee725cc,Company_9d6fc041,Last_c3d4a251,First_84824638,5050375952,5058924792,user_f881880645@example.com,Address_b6717ef5,City_4bb2dca6,ZZ,63226,Address_a226cdca,City_c05d421a,ZZ,72477,Last_d178528e,First_72cae815,5050375952,user_715c4f12e0@example.com,Note_2168f0cd,1941,BF52204A-8525-4A0E-97A1-1A685BB13717
OWNER_0f4f884550d6,Company_9d6fc041,Last_16bded91,First_ab9bef00,5050375952,5050375952,user_715c4f12e0@example.com,Address_f05df871,City_e708c712,ZZ,72477,Address_a226cdca,City_c05d421a,ZZ,72477,Last_d178528e,First_72cae815,5050375952,user_715c4f12e0@example.com,Note_8671cb4a,828,4CBA7FBC-33CC-46A9-9C4E-1A8F2929E973
OWNER_986aae836326,Company_9d6fc041,Last_ed2c594f,First_9040ed4c,5050375952,5059837750,user_8aa79965f2@example.com,Address_f05df871,City_e708c712,ZZ,72477,Address_46e89727,City_c05d421a,ZZ,72477,Last_d178528e,First_72cae815,5050375952,user_715c4f12e0@example.com,Note_2168f0cd,1040,A55F6EE7-A946-46B3-AD85-1A9082DD912F
OWNER_c7dc8213efd2,Company_9d6fc041,Last_8007295a,First_8cc01aa7,5058514074,5050375952,user_3dc9ada1b7@example.com,Address_f05df871,City_e708c712,ZZ,72477,Address_e2a9be0e,City_f936a779,ZZ,99312,Last_96ec6dda,First_cfa86e3c,5050375952,user_715c4f12e0@example.com,Note_2168f0cd,1554,0014CE4C-83AB-1147-BBF5-1AA19D4D1A46
OWNER_7f330bfa403d,Company_9d6fc041,Last_6b3dd01b,First_098b7a78,5056758653,5050375952,user_eccb4011ee@example.com,Address_fa4d8ebc,City_8d1f3f5d,ZZ,31956,Address_8abf0022,City_eeceafd5,ZZ,31956,Last_d178528e,First_72cae815,5050375952,user_715c4f12e0@example.com,Note_2168f0cd,1785,E57E9285-26E0-F74A-8DDA-1AA7B64839F0
OWNER_2c14991ac073,Company_9d6fc041,Last_106ac11f,First_2e3b05d8,5050375952,5050375952,user_fc0500999d@example.com,Address_f05df871,City_e708c712,ZZ,72477,Address_a226cdca,City_c05d421a,ZZ,72477,Last_d178528e,First_72cae815,5050375952,user_715c4f12e0@example.com,Note_2168f0cd,101,53C72F11-2EBE-41CC-96EE-1AB7FD75E76D
OWNER_7d919c41307d,Company_9d6fc041,Last_b7961f7c,First_c3ea2ddd,5050375952,5057518527,user_2fd9b869f9@example.com,Address_9a513e71,City_46f66fcf,ZZ,37320,Address_075efcb7,City_729a8613,ZZ,37320,Last_d178528e,First_72cae815,5050375952,user_715c4f12e0@example.com,Note_2168f0cd,1876,F66F09E6-E8EF-4E6D-9584-1ACFF0EFB787
OWNER_8b3565a0ffd5,Company_9d6fc041,Last_495e9e0e,First_05efaa9c,5057428836,5050375952,user_715c4f12e0@example.com,Address_49ae3c64,City_9870ba28,ZZ,26022,Address_a226cdca,City_c05d421a,ZZ,72477,Last_d178528e,First_72cae815,5050375952,user_715c4f12e0@example.com,Note_2168f0cd,336,AFBE14DA-FBD8-4DFA-B670-1B45EE600C5C
OWNER_2113c61a6b06,Company_9d6fc041,Last_4b9f6f1d,First_0337f35b,5050375952,5055902965,user_6662a8f0a3@example.com,Address_f05df871,City_e708c712,ZZ,72477,Address_a226cdca,City_c05d421a,ZZ,72477,Last_d178528e,First_72cae815,5050375952,user_715c4f12e0@example.com,Note_2168f0cd,1013,71BA3953-6138-48BD-80D8-1B7CF40ED618
OWNER_602725a26a01,Company_9d6fc041,Last_a19ef261,First_35676814,5050375952,5050375952,user_715c4f12e0@example.com,Address_f05df871,City_e708c712,ZZ,72477,Address_a226cdca,City_c05d421a,ZZ,72477,Last_d178528e,First_72cae815,5050375952,user_715c4f12e0@example.com,Note_2168f0cd,18,2D52215F-C00A-4A61-98DB-1B95CFFF3EA1
OWNER_7c76a3b4a174,Company_9d6fc041,Last_e426d275,First_10a417e0,5053123703,5058495057,user_715c4f12e0@example.com,Address_f05df871,City_e708c712,ZZ,72477,Address_a226cdca,City_c05d421a,ZZ,72477,Last_d178528e,First_72cae815,5050375952,user_715c4f12e0@example.com,Note_2168f0cd,900,23A946BC-8F31-4A48-BF4D-1BB1FFBACF1E
OWNER_751e090ab481,Company_9d6fc041,Last_548f4f63,First_2a04b1a6,5050375952,5050375952,user_715c4f12e0@example.com,Address_f05df871,City_e708c712,ZZ,72477,Address_a226cdca,City_c05d421a,ZZ,72477,Last_d178528e,First_72cae815,5050375952,user_715c4f12e0@example.com,Note_9c402ec2,840,3FA7F1CB-5B63-41A9-BD7F-1BD31AEC35ED
OWNER_bc2f4e065bfc,Company_588b860b,Last_e7ae6a05,First_6cd16bc6,5051064379,5050375952,user_6e24cdf5b4@example.com,Address_5ecc93ef,City_73ebcd64,ZZ,84738,Address_e8f7b4d1,City_9415c49e,ZZ,84738,Last_82d74ca6,First_a4d0b3cb,5057120345,user_2fc631efaa@example.com,Note_2168f0cd,165,49A9AB57-C4C7-4CDB-8E86-1BDB1A93FB4C
OWNER_cce9e99b5307,Company_9d6fc041,Last_760faa5f,First_4eb32dfd,5050375952,5051160546,user_715c4f12e0@example.com,Address_f05df871,City_e708c712,ZZ,72477,Address_b4e31699,City_4e9d70b8,ZZ,36173,Last_d178528e,First_72cae815,5050375952,user_715c4f12e0@example.com,Note_2168f0cd,1958,49570951-2ED8-4EF6-A232-1BDC72EA3845
OWNER_500605b9c12e,Company_9d6fc041,Last_42e0a3be,First_1f345430,5058306875,5054327909,user_0429f1a03b@example.com,Address_f05df871,City_e708c712,ZZ,72477,Address_de433703,City_8dbac927,ZZ,72477,Last_d178528e,First_72cae815,5050375952,user_715c4f12e0@example.com,Note_e5232dfe,401,5DCA81DE-0436-4E11-B71E-1BF1075377E3
OWNER_307156f5ce21,Company_9d6fc041,Last_2080c9e3,First_cd92131a,5050375952,5050375952,user_715c4f12e0@example.com,Address_f05df871,City_e708c712,ZZ,72477,Address_a226cdca,City_c05d421a,ZZ,72477,Last_d178528e,First_72cae815,5050375952,user_715c4f12e0@example.com,Note_2168f0cd,116,E8409C6C-6365-47BF-9236-1C3593D358AF
OWNER_ff041dfa39f7,Company_9d6fc041,Last_e22d8189,First_6d855beb,5050806953,5052658430,user_f1061115f2@example.com,Address_6c735b23,City_37084ed9,ZZ,60339,Address_ceb04fdb,City_528281b9,ZZ,60339,Last_d178528e,First_72cae815,5050375952,user_715c4f12e0@example.com,Note_2168f0cd,1210,AE2CA0FD-1175-4991-AE27-1C509507DAF9
OWNER_f1bc0334f58d,Company_3c2e5f6d,Last_b3693364,First_afd9d467,5054480787,5056352326,user_93445c0def@example.com,Address_2c0e4587,City_3c553bcc,ZZ,68368,Address_f0545694,City_c057d8df,ZZ,68368,Last_d178528e,First_72cae815,5050375952,user_715c4f12e0@example.com,Note_2168f0cd,1499,AEBA3BFD-FABB-CD49-B3F9-1C543D37393A
OWNER_5ea3ec0cd99f,Company_9d6fc041,Last_ef0960c8,First_4655cfeb,5050375952,5055563019,user_658c2f4f44@example.com,Address_5959aea7,City_c8ef49e0,ZZ,99337,Address_d0860f21,City_253be803,ZZ,99337,Last_d178528e,First_72cae815,5050375952,user_715c4f12e0@example.com,Note_2168f0cd,1872,F8695C4D-6DB1-477B-90BF-1CACF220035D
OWNER_2a2042dbb345,Company_9d6fc041,Last_7bd3af51,First_2c24c138,5050375952,5050375952,user_715c4f12e0@example.com,Address_f05df871,City_e708c712,ZZ,72477,Address_a226cdca,City_c05d421a,ZZ,72477,Last_d178528e,First_72cae815,5050375952,user_715c4f12e0@example.com,Note_2168f0cd,1460,81ADA4B4-6CBF-4F9E-B339-1CD93FA06DB6
OWNER_eb92f7042c43,Company_9d6fc041,Last_cd72385a,First_e2fa7e04,5055729149,5050375952,user_f6197720b3@example.com,Address_76bf0f5c,City_f194ca26,ZZ,72477,Address_5f930321,City_94b6fd86,ZZ,72477,Last_d178528e,First_72cae815,5050375952,user_715c4f12e0@example.com,Note_2168f0cd,1615,A320A187-60BF-0244-960E-1CE6F10DE511
OWNER_913ae51754ba,Company_9d6fc041,Last_074453c0,First_f0d296c3,5050375952,5050375952,user_715c4f12e0@example.com,Address_5959aea7,City_3c553bcc,ZZ,68368,Address_f84918ae,City_3aabad4e,ZZ,13257,Last_3c63fcd0,First_bb445813,5050375952,user_715c4f12e0@example.com,Note_5f1c601b,1519,59E84D1A-817B-0C4B-87C1-1D1157A2FDDC
OWNER_316e7146af92,Company_9d6fc041,Last_e68de0b5,First_2dce6e30,5050375952,5050375952,user_715c4f12e0@example.com,Address_f05df871,City_e708c712,ZZ,72477,Address_a226cdca,City_c05d421a,ZZ,72477,Last_df1ca92b,First_c535716e,5050375952,user_715c4f12e0@example.com,Note_1c8020d3,655,25E710A5-94DD-4638-A177-1D52A00BC4C3
OWNER_4163815d90a3,Company_9d6fc041,Last_aa75cd46,First_6e9050ce,5058430180,5050375952,user_6a4dea1491@example.com,Address_f05df871,City_e708c712,ZZ,72477,Address_4333f51c,City_c05d421a,ZZ,72477,Last_d48bc6e9,First_e72848ca,5052579106,user_715c4f12e0@example.com,Note_661c5339,239,D69FCAC0-580A-46E9-BD4B-1D5C0EA79248
OWNER_fbb63bc36963,Company_f65b7fa2,Last_f39fe5d1,First_1713ac90,5054926389,5052823998,user_37f57f6fa7@example.com,Address_fce0f4d9,City_f56f2a96,ZZ,81905,Address_a226cdca,City_c05d421a,ZZ,72477,Last_c187c88f,First_be05bbd1,5054676888,user_715c4f12e0@example.com,Note_32156eab,661,44AD6ACC-000A-4356-BB44-1D8AF6EEC99E
OWNER_725548c1d77e,Company_9d6fc041,Last_3ccd9b15,First_91186fa4,5051961274,5050375952,user_779d0a5d6b@example.com,Address_f05df871,City_e708c712,ZZ,72477,Address_8db14cf1,City_d479b429,ZZ,72477,Last_d178528e,First_72cae815,5050375952,user_715c4f12e0@example.com,Note_2168f0cd,1454,6A8A4874-0320-46DD-9FF4-1D9F9D03AE14
OWNER_6c01d6114329,Company_9d6fc041,Last_ccab3ad9,First_4ba4f4fb,5058603159,5053573356,user_40d3e60ee1@example.com,Address_40044bb7,City_9162789a,ZZ,89277,Address_a226cdca,City_c05d421a,ZZ,72477,Last_5a7d8ce9,First_f64dda61,5050375952,user_b182e73581@example.com,Note_ec0a0c65,976,32ACDB7F-3528-4ABE-BDD1-1DEACE9378D4
OWNER_98bbde8b0a87,Company_9d6fc041,Last_f7ccccff,First_69a7c7af,5050375952,5050375952,user_715c4f12e0@example.com,Address_f05df871,City_e708c712,ZZ,72477,Address_a226cdca,City_c05d421a,ZZ,72477,Last_d178528e,First_72cae815,5050375952,user_715c4f12e0@example.com,Note_8671cb4a,993,A2CF0AEB-4042-466A-9E3D-1E30D26F47B5
OWNER_b91c334ed518,Company_9d6fc041,Last_b6c2439b,First_9040ed4c,5050375952,5050375952,user_715c4f12e0@example.com,Address_f05df871,City_e708c712,ZZ,72477,Address_a226cdca,City_9415c49e,ZZ,72477,Last_d178528e,First_72cae815,5050375952,user_715c4f12e0@example.com,Note_a594c1ad,324,1CA50E36-9336-48CD-AABC-1E4F72405BDF
OWNER_7b37c974f90d,Company_a9f9239d,Last_ca8c2e22,First_1df40c15,5057014967,5050375952,user_715c4f12e0@example.com,Address_f05df871,City_e708c712,ZZ,72477,Address_a226cdca,City_c05d421a,ZZ,72477,Last_d178528e,First_72cae815,5050375952,user_715c4f12e0@example.com,Note_2168f0cd,88,89C4FA19-DCCB-49A6-9A0D-1EA771F45A87
OWNER_1331506c3ad7,Company_4cdb15b7,Last_7bd3af51,First_2c24c138,5050375952,5050375952,user_715c4f12e0@example.com,Address_f05df871,City_e708c712,ZZ,72477,Address_a226cdca,City_c05d421a,ZZ,72477,Last_d178528e,First_72cae815,5050375952,user_715c4f12e0@example.com,Note_2168f0cd,166,F3920127-B450-4694-A42C-1ECF07AAD600
OWNER_bfee0efa2143,Company_9d6fc041,Last_4df1dfe0,First_d2ccbf6b,5050375952,5050375952,user_ad1e136021@example.com,Address_1703052e,City_d4ca675c,ZZ,09529,Address_a226cdca,City_c05d421a,ZZ,72477,Last_9e63659b,First_7ece2cb2,5057105159,user_50ba1ef85e@example.com,Note_db51df0e,690,358281E7-639B-492E-BF33-1F0355F62915
OWNER_c671bc302985,Company_9d6fc041,Last_b3693364,First_6cd16bc6,5056339656,5050375952,user_715c4f12e0@example.com,Address_a466ec42,City_3a05a3a0,ZZ,83181,Address_ad7ac10a,City_223baac0,ZZ,83181,Last_d178528e,First_72cae815,5050375952,user_715c4f12e0@example.com,Note_e3431ab8,1367,D84FB5EF-F7C3-42FB-A9ED-1F1F782FD383
OWNER_7f83260a91a9,Company_9d6fc041,Last_b8894256,First_667f00bd,5056236726,5050375952,user_715c4f12e0@example.com,Address_3dc5c9f0,City_e6b38396,ZZ,81611,Address_605143de,City_1c973d51,ZZ,81611,Last_d178528e,First_72cae815,5050375952,user_715c4f12e0@example.com,Note_7035f1da,1178,A52CF0FA-A24D-407C-A541-1F4B6D4BE574
OWNER_991af5b0450d,Company_9d6fc041,Last_d49df6f0,First_af53b863,5053392478,5050866333,user_3dce295736@example.com,Address_29bcd773,City_7745e686,ZZ,81820,Address_965825a8,City_eb96bb0d,ZZ,81820,Last_d178528e,First_72cae815,5050375952,user_715c4f12e0@example.com,Note_2168f0cd,1674,9EC96E03-48CE-4448-BB11-1F7E53CAABA9
OWNER_c314230f8a5e,Company_9d6fc041,Last_6d5569b5,First_db18f187,5050375952,5052749788,user_a02d635323@example.com,Address_f71e1daa,City_9b94cfc5,ZZ,58363,Address_47da52dc,City_32d30c4f,ZZ,58363,Last_d178528e,First_72cae815,5050375952,user_715c4f12e0@example.com,Note_2168f0cd,1819,C251ABBD-9368-421A-8F40-1F94791B3E6B
OWNER_05986ebcd42c,Company_a5d4184c,Last_3e259050,First_ccfe1f6a,5056671421,5052892977,user_e4225cbaf0@example.com,Address_f05df871,City_e708c712,ZZ,72477,Address_97212f4b,City_a37212bc,ZZ,72477,Last_16fb6d6c,First_c8bbd30a,5054031039,user_715c4f12e0@example.com,Note_5e4b94fc,1054,F95C3A68-246A-48EC-AB27-1F9F2B4C68C2
OWNER_566f43526f20,Company_9d6fc041,Last_8cd18ced,First_473899df,5050375952,5050375952,user_715c4f12e0@example.com,Address_f05df871,City_e708c712,ZZ,72477,Address_a226cdca,City_c05d421a,ZZ,72477,Last_d178528e,First_72cae815,5050375952,user_715c4f12e0@example.com,Note_8671cb4a,275,186427F5-8922-452C-8CE8-1FBDBBF03B29
OWNER_69a64562c113,Company_9d6fc041,Last_bccaa259,First_09b190ec,5051599682,5054511512,user_78ca7d85d3@example.com,Address_bee6491b,City_1c11a706,ZZ,65345,Address_f2d0f6e2,City_c05d421a,ZZ,72477,Last_1148f59e,First_3734370c,5050375952,user_053e79c7e5@example.com,Note_2168f0cd,1467,1F38730E-5CBB-1B4C-B0D4-1FBEA9DCB65D
OWNER_21ec9334c2c3,Company_9d6fc041,Last_c3d4a251,First_8ec5b83b,5050375952,5055569039,user_ab12e581cd@example.com,Address_c921930e,City_f5f38e56,ZZ,52085,Address_a226cdca,City_c05d421a,ZZ,72477,Last_d178528e,First_72cae815,5050375952,user_715c4f12e0@example.com,Note_2168f0cd,1929,F827CA04-8897-4E2C-B80D-1FFB56B4CF80
OWNER_51418823bd3d,Company_9d6fc041,Last_a9a83dec,First_526ae813,5051898074,5055248017,user_bde67026b2@example.com,Address_f05df871,City_e708c712,ZZ,72477,Address_a226cdca,City_c05d421a,ZZ,72477,Last_d178528e,First_72cae815,5050375952,user_715c4f12e0@example.com,Note_d0421bc5,1698,DC29197A-ABA4-0741-85CC-201B024F8D4F
OWNER_efae38cd4ee0,Company_19f7001c,Last_7bd3af51,First_2c24c138,5050375952,5050375952,user_715c4f12e0@example.com,Address_f05df871,City_e708c712,ZZ,72477,Address_a226cdca,City_c05d421a,ZZ,72477,Last_d178528e,First_72cae815,5050375952,user_715c4f12e0@example.com,Note_2168f0cd,564,4A579205-939A-478B-9815-201BA41EFDD1
OWNER_6875bae20e1d,Company_9d6fc041,Last_df72eda8,First_6a7a40ac,5059215982,5050375952,user_5d04998ea0@example.com,Address_f05df871,City_e708c712,ZZ,72477,Address_3103efa7,City_c05d421a,ZZ,72477,Last_d178528e,First_72cae815,5050375952,user_715c4f12e0@example.com,Note_2168f0cd,1720,A52F1859-31CA-C646-A23F-2028EACDC052
OWNER_1e10e2ed32d5,Company_9d6fc041,Last_f80d0ace,First_4f7cccb3,5059910279,5050375952,user_715c4f12e0@example.com,Address_79d35132,City_7b197ff8,ZZ,62553,Address_a226cdca,City_c05d421a,ZZ,72477,Last_d178528e,First_72cae815,5050375952,user_715c4f12e0@example.com,Note_fd20d83a,1051,4DAFC1EC-C0D5-482C-A2C4-202F685478B4
OWNER_38cf3f20073c,Company_9d6fc041,Last_16857843,First_4541340a,5050454891,5050868637,user_69de1f2726@example.com,Address_f92c45e3,City_c0fbf85c,ZZ,75073,Address_8c3c2e44,City_76200585,ZZ,75073,Last_d178528e,First_72cae815,5050375952,user_715c4f12e0@example.com,Note_2168f0cd,1302,950C13F5-1EE9-4BF3-917F-2088C0134680
OWNER_b2a31d9649a4,Company_9d6fc041,Last_260d6601,First_8d6eb430,5050375952,5054185620,user_62c0044419@example.com,Address_f05df871,City_e708c712,ZZ,72477,Address_3988624c,City_94b6fd86,ZZ,67893,Last_d178528e,First_72cae815,5050375952,user_715c4f12e0@example.com,Note_2168f0cd,1603,6E584A67-200C-2C4E-96D9-209EBB206C0A
OWNER_0c80c93310b2,Company_cf727929,Last_d0da7a29,First_237843ea,5050375952,5050375952,user_715c4f12e0@example.com,Address_f05df871,City_e708c712,ZZ,72477,Address_a226cdca,City_c05d421a,ZZ,72477,Last_422e0146,First_6fa26dd7,5050375952,user_715c4f12e0@example.com,Note_751a311f,140,AF4979B2-685F-4695-9D4A-20A6FBE97FE7
OWNER_c59127bb914b,Company_9d6fc041,Last_7bd3af51,First_2c24c138,5050375952,5050375952,user_715c4f12e0@example.com,Address_f05df871,City_e708c712,ZZ,72477,Address_a226cdca,City_c05d421a,ZZ,72477,Last_d178528e,First_72cae815,5050375952,user_715c4f12e0@example.com,Note_132229cd,233,772349EA-634E-4906-9BA4-20FA12DEE35E
OWNER_125e237ba9d9,Company_9d6fc041,Last_fcab9941,First_58d0bb84,5050375952,5050375952,user_715c4f12e0@example.com,Address_f05df871,City_e708c712,ZZ,72477,Address_a226cdca,City_c05d421a,ZZ,72477,Last_d178528e,First_72cae815,5050375952,user_715c4f12e0@example.com,Note_2168f0cd,1025,DDCF2D6A-F3F7-4BBE-BA7A-2122DA593868
OWNER_9a83853cf110,Company_9d6fc041,Last_f5945a8e,First_a82d6021,5050375952,5052893771,user_715c4f12e0@example.com,Address_6b53b6f5,City_3d752395,ZZ,95217,Address_a226cdca,City_c05d421a,ZZ,72477,Last_d178528e,First_72cae815,5050375952,user_715c4f12e0@example.com,Note_2168f0cd,1644,385BF890-18AA-B64A-ABCD-213FFC155657
OWNER_3cb7db75a44b,Company_e64a392c,Last_6b3dd01b,First_bf086bd3,5053951647,5054164903,user_e6e1810049@example.com,Address_1cfa74fe,City_73ebcd64,ZZ,12098,Address_bc73204e,City_9415c49e,ZZ,72477,Last_3f6e4ce0,First_72cae815,5053990255,user_715c4f12e0@example.com,Note_b378182d,819,AED1DF0C-540B-489A-B1E3-21F96CF5BEF7
OWNER_aea5c111113e,Company_9d6fc041,Last_9a787097,First_e6d708a3,5050375952,5050375952,user_715c4f12e0@example.com,Address_f05df871,City_e708c712,ZZ,72477,Address_a226cdca,City_c05d421a,ZZ,72477,Last_d178528e,First_72cae815,5050375952,user_715c4f12e0@example.com,Note_2168f0cd,865,6D284995-A8D4-4E24-A875-2202BAB7F064
OWNER_dcd573101a2b,Company_9d6fc041,Last_a42122e6,First_df250fb9,5057276084,5050375952,user_715c4f12e0@example.com,Address_3a1b79cd,City_2402b24b,ZZ,48412,Address_45f23ab8,City_f8f31c5f,ZZ,72477,Last_d178528e,First_72cae815,5050375952,user_715c4f12e0@example.com,Note_2168f0cd,1518,957B71D3-40A6-7441-A746-2238CE42883E
OWNER_9a7143074b54,Company_9d6fc041,Last_82e32478,First_0f7a4714,5050375952,5050375952,user_715c4f12e0@example.com,Address_f05df871,City_2f7dceff,ZZ,72477,Address_a226cdca,City_c05d421a,ZZ,72477,Last_d178528e,First_72cae815,5050375952,user_715c4f12e0@example.com,Note_812da1af,654,0E9974B9-FDD4-4C96-8AFF-223BFD30E324
OWNER_df73cbc5ca47,Company_9d6fc041,Last_8fc67184,First_85ca5ba5,5050375952,5053888438,user_7fc74163ca@example.com,Address_f05df871,City_e708c712,ZZ,72477,Address_c8937083,City_c6770840,ZZ,73004,Last_d178528e,First_72cae815,5050375952,user_715c4f12e0@example.com,Note_2168f0cd,1723,68FCD9A2-8A98-914A-9FD4-225FE1C0138D
OWNER_9568890f7dba,Company_5d718621,Last_7bd3af51,First_2c24c138,5050375952,5050375952,user_715c4f12e0@example.com,Address_f05df871,City_e708c712,ZZ,72477,Address_a226cdca,City_c05d421a,ZZ,72477,Last_d178528e,First_72cae815,5050375952,user_715c4f12e0@example.com,Note_2168f0cd,660,B5B252B2-1971-4715-96B5-2260047D660E
OWNER_30bd8a45f6dc,Company_9d6fc041,Last_0ebcdf12,First_41f91b07,5050829577,5050375952,user_1500b104d4@example.com,Address_00c29968,City_50cdb0ed,ZZ,00030,Address_e0e33331,City_23f9b279,ZZ,00030,Last_d178528e,First_72cae815,5050375952,user_715c4f12e0@example.com,Note_2168f0cd,1829,4C349BDD-49F2-4CDE-BFB9-22B535504E05
OWNER_ce3ea818b219,Company_3d51b270,Last_7bd3af51,First_2c24c138,5050375952,5050375952,user_715c4f12e0@example.com,Address_f05df871,City_e708c712,ZZ,72477,Address_a226cdca,City_c05d421a,ZZ,72477,Last_d178528e,First_72cae815,5050375952,user_715c4f12e0@example.com,Note_2168f0cd,413,BFD2ADF6-DC81-49A1-A3FF-22C635A0FB50
OWNER_8bfd9684d124,Company_9d6fc041,Last_d49df6f0,First_a497483e,5050551523,5054904641,user_5479c0c9ab@example.com,Address_ef7f53f4,City_e708c712,ZZ,72477,Address_a226cdca,City_c05d421a,ZZ,72477,Last_6311019f,First_1455014c,5050375952,user_715c4f12e0@example.com,Note_8c0f65e6,197,5E17D2EB-03E0-45B7-B9D0-22DE1FC1A910
OWNER_c4a7bf4dbf98,Company_8785a309,Last_6a80eac4,First_5a25ee65,5059800655,5057761139,user_09bbcbac94@example.com,Address_090d45e1,City_8f92780d,ZZ,11671,Address_a226cdca,City_c05d421a,ZZ,72477,Last_d178528e,First_56ec761f,5050375952,user_6c58a2ade1@example.com,Note_54a3c3c1,1437,1BB22647-FDC0-4A9C-9608-22E54345F627
OWNER_05ad25ab5004,Company_9d6fc041,Last_0f1cabbe,First_69aa8fb0,5054744075,5055344427,user_72078e883f@example.com,Address_f05df871,City_e708c712,ZZ,72477,Address_2724fbb5,City_e29f211c,ZZ,24366,Last_d178528e,First_72cae815,5050375952,user_715c4f12e0@example.com,Note_0a6f6de3,571,9D6BE7B0-3539-4A75-B8DC-22E8F65CDE1A
OWNER_6031d843e1d1,Company_544ac6ff,Last_1fc8bdb6,First_667f00bd,5056440984,5050375952,user_aae94cbf0f@example.com,Address_b9f21c47,City_897c4ff0,ZZ,49297,Address_f0c55d01,City_f2f033b6,ZZ,18983,Last_d178528e,First_72cae815,5050375952,user_715c4f12e0@example.com,Note_2168f0cd,1695,852C1D8E-1153-6F4D-A8D1-22F0042C5A5E
OWNER_56a6b5b5f14b,Company_9d6fc041,Last_fa963ac4,First_407873b7,5057506311,5050375952,user_715c4f12e0@example.com,Address_f05df871,City_e708c712,ZZ,72477,Address_a226cdca,City_c05d421a,ZZ,72477,Last_d178528e,First_72cae815,5050375952,user_715c4f12e0@example.com,Note_e328b281,782,FAD1FF0B-F9AD-457E-B614-231DD368C50D
OWNER_86e7a6a1734e,Company_9d6fc041,Last_219f3d5f,First_6c8ea66d,5050375952,5050375952,user_715c4f12e0@example.com,Address_f05df871,City_e708c712,ZZ,72477,Address_a226cdca,City_c05d421a,ZZ,72477,Last_d178528e,First_72cae815,5050375952,user_715c4f12e0@example.com,Note_f64d12a3,110,21552828-99AF-443A-AAA7-2332C15C80D7
OWNER_3eeca11d93b7,Company_9d6fc041,Last_87821e41,First_ff567430,5057983190,5050375952,user_715c4f12e0@example.com,Address_f05df871,City_e708c712,ZZ,72477,Address_a226cdca,City_c05d421a,ZZ,72477,Last_d178528e,First_72cae815,5050375952,user_715c4f12e0@example.com,Note_663aa8a3,260,14D18662-C35B-4EE0-9C17-239FF721132B
OWNER_74b5179c5489,Company_9d6fc041,Last_263115fb,First_55be1046,5053250519,5050375952,user_5bb21d1af2@example.com,Address_f05df871,City_e708c712,ZZ,72477,Address_56c9bd3a,City_c05d421a,ZZ,72477,Last_d178528e,First_72cae815,5050375952,user_715c4f12e0@example.com,Note_5f07976e,838,BB2F29FE-5BB2-4C02-91CE-23FC90B21EB4
OWNER_5b6f87f76061,Company_9d6fc041,Last_6aef51af,First_bf2ec069,5053255906,5050375952,user_dc254e3158@example.com,Address_2fb41d20,City_23604209,ZZ,84629,Address_6928055c,City_adce70d4,ZZ,73028,Last_e3ed688a,First_a32bbe6b,5056163577,user_b9e6a4f777@example.com,Note_2168f0cd,1480,D913F6AB-B750-B647-B30B-2413B835A93C
OWNER_ecdc27448db7,Company_9d6fc041,Last_6ede29be,First_de2c0527,5053670738,5050375952,user_37fd3aff27@example.com,Address_7dc36a22,City_292a285e,ZZ,90233,Address_1231512a,City_76200585,ZZ,75073,Last_d178528e,First_72cae815,5050375952,user_715c4f12e0@example.com,Note_2168f0cd,1343,E21EF4EC-402F-42A3-8E3B-241BD8648D69
OWNER_c8fe7e6d91ff,Company_9d6fc041,Last_53a24518,First_fd9b8a03,5056669485,5050375952,user_492f033fdd@example.com,Address_184b566f,City_37084ed9,ZZ,72477,Address_546719e2,City_528281b9,ZZ,72477,Last_d178528e,First_72cae815,5050375952,user_715c4f12e0@example.com,Note_2168f0cd,1205,16C06098-D12A-4BDA-88DF-241DB1336DCF
OWNER_3f64d867c4b5,Company_9d6fc041,Last_2463d9e5,First_5f9e9a63,5057967950,5050375952,user_715c4f12e0@example.com,Address_92728ea0,City_03403c03,ZZ,13416,Address_478fc558,City_282e7459,ZZ,72477,Last_26ea5f96,First_be8d9a5d,5050375952,user_715c4f12e0@example.com,Note_2168f0cd,1202,61953E56-DF0B-45ED-B801-246E213E50CB
OWNER_bf7ec69ab889,Company_9d6fc041,Last_eb61dd3e,First_9f6350ed,5050375952,5056651232,user_ca698c50f3@example.com,Address_b1e123b5,City_108e3f9e,ZZ,98636,Address_891333c3,City_29926702,ZZ,98636,Last_d178528e,First_72cae815,5050375952,user_715c4f12e0@example.com,Note_2168f0cd,1765,00BF2516-B711-5D47-B80E-248A4383AEEB
OWNER_469da077b7ee,Company_9d6fc041,Last_08a2ee1a,First_9073423b,5057724452,5050375952,user_bf45b850f8@example.com,Address_f6cfea2a,City_c0fbf85c,ZZ,75073,Address_bfa60977,City_76200585,ZZ,75073,Last_d178528e,First_72cae815,5050375952,user_715c4f12e0@example.com,Note_2168f0cd,1352,8574CC55-D240-4B92-9CAE-24B4A37D60D0
OWNER_1427ef5e1138,Company_9d6fc041,Last_2fb65a10,First_97959d73,5050478206,5050825584,user_715c4f12e0@example.com,Address_f05df871,City_e708c712,ZZ,72477,Address_a226cdca,City_c05d421a,ZZ,72477,Last_d178528e,First_72cae815,5050375952,user_715c4f12e0@example.com,Note_b756f01f,568,3AD933DE-B063-4394-8FE0-24F4F58712FD
OWNER_f8a56271dd95,Company_9d6fc041,Last_84c8bdfd,First_2c24c138,5050375952,5050375952,user_715c4f12e0@example.com,Address_f05df871,City_e708c712,ZZ,72477,Address_a226cdca,City_c05d421a,ZZ,72477,Last_d178528e,First_72cae815,5050375952,user_715c4f12e0@example.com,Note_2168f0cd,402,F0E6EE03-9485-44DA-9E8E-2536E9BE0F42
OWNER_77b202c53c46,Company_9d6fc041,Last_e49855cb,First_8b8a24a8,5056612549,5051083416,user_6bcaae63fc@example.com,Address_f05df871,City_e708c712,ZZ,72477,Address_0d84a789,City_94b6fd86,ZZ,67893,Last_d178528e,First_72cae815,5050375952,user_715c4f12e0@example.com,Note_2168f0cd,1601,F7B57F59-2AAD-254A-BE3C-25374C4F3B37
OWNER_e056024275ab,Company_9d6fc041,Last_4a69f71f,First_bf2ec069,5050375952,5050375952,user_715c4f12e0@example.com,Address_f05df871,City_e708c712,ZZ,72477,Address_a226cdca,City_c05d421a,ZZ,72477,Last_d178528e,First_72cae815,5050375952,user_715c4f12e0@example.com,Note_2dbb61b7,684,7A1FA12E-D1BD-4639-9DF3-2568A88B2ED5
OWNER_b9f46fb8f12f,Company_9d6fc041,Last_a19ef261,First_d8737694,5050375952,5050375952,user_715c4f12e0@example.com,Address_f05df871,City_e708c712,ZZ,72477,Address_a226cdca,City_c05d421a,ZZ,72477,Last_2142f93c,First_34a614f1,5055829213,user_715c4f12e0@example.com,Note_5e42cb18,1094,EE216E0E-9B1F-47D9-A97D-25B1A0ED7F1C
OWNER_dc90fc6c8d0c,Company_9d6fc041,Last_f5cd93bf,First_69dd60e6,5050390567,5050375952,user_715c4f12e0@example.com,Address_f05df871,City_e708c712,ZZ,72477,Address_a226cdca,City_c05d421a,ZZ,72477,Last_d178528e,First_72cae815,5050375952,user_715c4f12e0@example.com,Note_51a4ea39,663,9BE6C05A-B3B0-4976-96B5-2600462BF83A
OWNER_c638ab176e8b,Company_9d6fc041,Last_a40d176b,First_eb2fe4f1,5053207984,5050375952,user_715c4f12e0@example.com,Address_61f230c9,City_3a05a3a0,ZZ,83181,Address_a226cdca,City_c05d421a,ZZ,72477,Last_d178528e,First_72cae815,5050375952,user_715c4f12e0@example.com,Note_43ef5102,856,9A487F09-DFBF-4A71-9BEC-266D20EF8CBF
OWNER_ec422e2890de,Company_9d6fc041,Last_09254b43,First_d3e9ace0,5050413390,5050375952,user_715c4f12e0@example.com,Address_f05df871,City_e708c712,ZZ,72477,Address_a226cdca,City_c05d421a,ZZ,72477,Last_d178528e,First_72cae815,5050375952,user_715c4f12e0@example.com,Note_53d9c33e,529,A3C497A4-EF33-43AD-8807-26797202172C
OWNER_49f8f782b74b,Company_9d6fc041,Last_6ba9096a,First_953a7401,5055714740,5050375952,user_715c4f12e0@example.com,Address_f05df871,City_e708c712,ZZ,72477,Address_a226cdca,City_c05d421a,ZZ,72477,Last_d178528e,First_72cae815,5050375952,user_715c4f12e0@example.com,Note_2168f0cd,222,7444B618-DDB8-48CD-9AC3-26DD1AE4F569
OWNER_3fe61cbb7a28,Company_9d6fc041,Last_5b6508a3,First_0e1d2138,5050375952,5050375952,user_715c4f12e0@example.com,Address_f05df871,City_e708c712,ZZ,72477,Address_a226cdca,City_c05d421a,ZZ,72477,Last_d178528e,First_72cae815,5050375952,user_715c4f12e0@example.com,Note_2168f0cd,667,BD09F9AC-93BB-4A1B-B27B-26F3A6E4FA37
OWNER_0526c60fe404,Company_7ab5c6e5,Last_7dd270d9,First_e2f7fa12,5059490461,5050375952,user_8d6037e33c@example.com,Address_f05df871,City_e708c712,ZZ,72477,Address_a226cdca,City_c05d421a,ZZ,72477,Last_a903de7d,First_cf88ab35,5055746009,user_715c4f12e0@example.com,Note_0684388d,409,BCDB07F4-C165-4483-A772-26F7A659A336
OWNER_3ab3849b82ed,Company_9d6fc041,Last_2d7ffbef,First_abf52d77,5053954838,5050375952,user_715c4f12e0@example.com,Address_f05df871,City_e708c712,ZZ,72477,Address_a226cdca,City_c05d421a,ZZ,72477,Last_d178528e,First_72cae815,5050375952,user_715c4f12e0@example.com,Note_2168f0cd,635,BAF6D62C-4A1A-402C-B2D2-2700CDF1B331
OWNER_b76840027bba,Company_9d6fc041,Last_53d406e2,First_dd8601de,5057809945,5050375952,user_715c4f12e0@example.com,Address_2316a369,City_8d7fc41d,ZZ,26022,Address_a226cdca,City_c05d421a,ZZ,72477,Last_d178528e,First_72cae815,5050375952,user_715c4f12e0@example.com,Note_2168f0cd,1110,C9C2A00F-2CFD-463F-A39F-27193651EDA8
OWNER_0bdd35552185,Company_9d6fc041,Last_e79c72e5,First_098b7a78,5050375952,5052081446,user_a371367fe3@example.com,Address_c86d46e7,City_50cdb0ed,ZZ,00030,Address_f9131d14,City_23f9b279,ZZ,00030,Last_d178528e,First_72cae815,5050375952,user_715c4f12e0@example.com,Note_2168f0cd,1812,417084A4-9721-4F34-8246-271CD90557D4
OWNER_b02b8b28429a,Company_9d6fc041,Last_28c394da,First_78d6f356,5050369645,5050375952,user_715c4f12e0@example.com,Address_50378c65,City_6ec3f32a,ZZ,04722,Address_a226cdca,City_c05d421a,ZZ,72477,Last_d178528e,First_72cae815,5050375952,user_715c4f12e0@example.com,Note_973a3f5b,180,3FCC6F30-6417-41A9-AA19-271F727D5D5B
OWNER_c36fb8b08902,Company_b8527b51,Last_053c5292,First_135224aa,5059835225,5050375952,user_dc54966e23@example.com,Address_f05df871,City_e708c712,ZZ,72477,Address_a226cdca,City_c05d421a,ZZ,72477,Last_d178528e,First_72cae815,5050375952,user_715c4f12e0@example.com,Note_2168f0cd,776,72734310-CAF1-46FF-AA17-273CC0E3A6EE
OWNER_11a7a40fa31e,Company_9d6fc041,Last_e98635d7,First_6ffbf428,5050375952,5053412157,user_17fbc1944d@example.com,Address_d97f624e,City_8b66eab0,ZZ,11095,Address_bb7c5f6a,City_a9666c53,ZZ,11095,Last_d178528e,First_72cae815,5050375952,user_715c4f12e0@example.com,Note_2168f0cd,1754,3B615973-5BF4-D042-99C8-278885FCF686
OWNER_d265694d2bf5,Company_9d6fc041,Last_a42122e6,First_f7672ca0,5050375952,5050375952,user_715c4f12e0@example.com,Address_f05df871,City_e708c712,ZZ,72477,Address_a226cdca,City_c05d421a,ZZ,72477,Last_d178528e,First_72cae815,5050375952,user_715c4f12e0@example.com,Note_2168f0cd,783,F958F281-9D12-4D2C-9F80-278AD248B9AE
OWNER_f5206e4eb9f0,Company_9d6fc041,Last_ae80352b,First_abf52d77,5050375952,5058752958,user_c71153b270@example.com,Address_f05df871,City_e708c712,ZZ,72477,Address_000513d2,City_c0cd795e,ZZ,94038,Last_d178528e,First_72cae815,5050375952,user_715c4f12e0@example.com,Note_2168f0cd,1960,A15BE808-24F5-452B-9068-27AFC650ADB0
OWNER_d2de89098060,Company_9d6fc041,Last_7f9466b6,First_1072f769,5050375952,5055405410,user_715c4f12e0@example.com,Address_f05df871,City_e708c712,ZZ,72477,Address_a226cdca,City_c05d421a,ZZ,72477,Last_d178528e,First_72cae815,5050375952,user_715c4f12e0@example.com,Note_2168f0cd,1645,22FC978D-FDBF-214F-A5EF-27CF4BE6EC44
OWNER_3e3d336bab4e,Company_9d6fc041,Last_3bed7249,First_b7d38319,5050375952,5050375952,user_715c4f12e0@example.com,Address_f05df871,City_e708c712,ZZ,72477,Address_a226cdca,City_c05d421a,ZZ,72477,Last_d178528e,First_72cae815,5050375952,user_715c4f12e0@example.com,Note_2168f0cd,861,013C0487-0AAA-43B4-B9AD-27FC47C650D9
OWNER_c4128de3de58,Company_9d6fc041,Last_e230a232,First_64b0718c,5053407244,5050375952,user_715c4f12e0@example.com,Address_afb80ea5,City_eb940fb0,ZZ,28095,Address_a226cdca,City_c05d421a,ZZ,72477,Last_d178528e,First_72cae815,5050375952,user_715c4f12e0@example.com,Note_2168f0cd,801,A324D091-8662-4102-87D7-2803C7277F9F
OWNER_f9344adc92ad,Company_9d6fc041,Last_d910b1b1,First_c3a1d352,5050375952,5059054723,user_715c4f12e0@example.com,Address_47474ac2,City_6ec3f32a,ZZ,04722,Address_a226cdca,City_c05d421a,ZZ,72477,Last_d178528e,First_72cae815,5050375952,user_715c4f12e0@example.com,Note_2168f0cd,883,0203146A-CBA7-4923-8F28-280BB6E6DBF9
OWNER_53bbe491f55b,Company_9d6fc041,Last_2c06e69b,First_317702d6,5053749965,5059734584,user_254bbf94ab@example.com,Address_de983cfa,City_1c11a706,ZZ,65345,Address_a226cdca,City_c05d421a,ZZ,72477,Last_d178528e,First_72cae815,5050375952,user_715c4f12e0@example.com,Note_09cd70f9,628,AF20738D-B290-4E75-91AC-28523F08E98A
OWNER_e8dd9cfee37b,Company_9d6fc041,Last_31a79a80,First_c3363200,5050375952,5054771166,user_715c4f12e0@example.com,Address_50e1417c,City_c0fbf85c,ZZ,75073,Address_0787f9f4,City_76200585,ZZ,75073,Last_d178528e,First_72cae815,5050375952,user_715c4f12e0@example.com,Note_2168f0cd,1285,0E4D26B4-42FF-407F-94AB-2875251DE1D1
OWNER_a3daf43f8d6c,Company_9d6fc041,Last_8fd4660b,First_146a758a,5050375952,5053850190,user_764e1bc88c@example.com,Address_8e5ab6ff,City_c8ef49e0,ZZ,99337,Address_9135eb4c,City_253be803,ZZ,99337,Last_d178528e,First_72cae815,5050375952,user_715c4f12e0@example.com,Note_2168f0cd,1861,E49CE56E-C809-4E6C-9F88-28C40EB6D184
OWNER_a9c7356819ca,Company_9d6fc041,Last_5d6a8594,First_2f46def1,5050375952,5050375952,user_715c4f12e0@example.com,Address_f05df871,City_e708c712,ZZ,72477,Address_a226cdca,City_c05d421a,ZZ,72477,Last_d178528e,First_72cae815,5050375952,user_715c4f12e0@example.com,Note_2168f0cd,546,FA085922-1069-40B8-A70F-28F7CD7DA3A2
OWNER_1bc8843fece6,Company_9d6fc041,Last_aa83fcf5,First_829af5b7,5057834484,5050375952,user_715c4f12e0@example.com,Address_f05df871,City_e708c712,ZZ,72477,Address_a226cdca,City_c05d421a,ZZ,72477,Last_d178528e,First_72cae815,5050375952,user_715c4f12e0@example.com,Note_2168f0cd,23,0D2E0ABB-29C5-4618-86C3-2957489C71B0
OWNER_f54295ea1c60,Company_9d6fc041,Last_bb535c80,First_7e45797a,5050375952,5058944686,user_3e60eed416@example.com,Address_8f053cba,City_9b94cfc5,ZZ,58363,Address_ee624251,City_32d30c4f,ZZ,58363,Last_d178528e,First_72cae815,5050375952,user_715c4f12e0@example.com,Note_2168f0cd,1818,41EEE6DD-95D5-4F59-A257-29BCA332F2AA
OWNER_3b33aa8dbd63,Company_9d6fc041,Last_525db8b8,First_69aa8fb0,5056217384,5050375952,user_715c4f12e0@example.com,Address_f05df871,City_e708c712,ZZ,72477,Address_a226cdca,City_c05d421a,ZZ,72477,Last_d178528e,First_72cae815,5050375952,user_715c4f12e0@example.com,Note_2168f0cd,570,3A586122-CF32-4F5D-B1F9-29CAC882BA3D
OWNER_b2b2fe8e7441,Company_9d6fc041,Last_e426d275,First_9028f20b,5050375952,5050417135,user_715c4f12e0@example.com,Address_04ae1196,City_7745e686,ZZ,81820,Address_d8ef6659,City_eb96bb0d,ZZ,72477,Last_6487cc0a,First_5c9c2203,5059449412,user_715c4f12e0@example.com,Note_8638ab2e,1629,D7137B23-4B50-5B43-A8D3-29EA4853B24B
OWNER_6d8c545afffa,Company_9d6fc041,Last_2e6ac891,First_c48dadcf,5059570938,5050375952,user_715c4f12e0@example.com,Address_df2aa3dc,City_c0fbf85c,ZZ,75073,Address_20771ed4,City_76200585,ZZ,75073,Last_d178528e,First_72cae815,5050375952,user_715c4f12e0@example.com,Note_2168f0cd,1347,50D2B1DA-4D0F-453D-9064-2A20BB4F731D
OWNER_33ace7d39e26,Company_9d6fc041,Last_ebca6547,First_a7be58cc,5050375952,5052105238,user_1f69be0177@example.com,Address_f05df871,City_e708c712,ZZ,72477,Address_acda975e,City_5fd6ecff,ZZ,41537,Last_d178528e,First_72cae815,5050375952,user_715c4f12e0@example.com,Note_2168f0cd,1726,3C838806-79C4-E545-93D3-2A34AD9DB7A3
OWNER_7382e9e6427e,Company_9d6fc041,Last_2febbfcb,First_5d79f087,5050375952,5059357019,user_25229c17ea@example.com,Address_b05220f7,City_50cdb0ed,ZZ,00030,Address_894bc485,City_23f9b279,ZZ,00030,Last_d178528e,First_72cae815,5050375952,user_715c4f12e0@example.com,Note_2168f0cd,1828,8A32702C-6A50-40FC-8A39-2A8BAA002F24
OWNER_9c41fcdf4b75,Company_b7e983e9,Last_7bd3af51,First_2c24c138,5050375952,5050375952,user_715c4f12e0@example.com,Address_f05df871,City_e708c712,ZZ,72477,Address_a226cdca,City_c05d421a,ZZ,72477,Last_d178528e,First_72cae815,5050375952,user_715c4f12e0@example.com,Note_2168f0cd,560,E4DB17CE-76AE-4F2A-A46C-2A9EBF5CC443
OWNER_dca2a21e6fa8,Company_9d6fc041,Last_45ee4641,First_4b830a01,5050519144,5050375952,user_715c4f12e0@example.com,Address_49cfa677,City_c0fbf85c,ZZ,75073,Address_a7b8af08,City_76200585,ZZ,75073,Last_d178528e,First_72cae815,5050375952,user_715c4f12e0@example.com,Note_2168f0cd,1199,1EDD56CA-7C70-4C1E-91F0-2AB540B16F1A
OWNER_d09c5287cd18,Company_9d6fc041,Last_b7961f7c,First_f5687ee9,5050375952,5055740587,user_715c4f12e0@example.com,Address_e0fb21b8,City_50cdb0ed,ZZ,00030,Address_18acbcc1,City_23f9b279,ZZ,00030,Last_d178528e,First_72cae815,5050375952,user_715c4f12e0@example.com,Note_2168f0cd,1837,AEF0429E-0ECB-4665-95BD-2AB6EFA3A068
OWNER_cf800c2749df,Company_9d6fc041,Last_82e32478,First_930b2cc5,5050720926,5050375952,user_4cce6c5472@example.com,Address_f05df871,City_e708c712,ZZ,72477,Address_a226cdca,City_c05d421a,ZZ,72477,Last_d178528e,First_72cae815,5050375952,user_715c4f12e0@example.com,Note_2168f0cd,849,CC48B27E-457D-4218-B778-2AF73B39A69C
OWNER_8c8d4d1b91be,Company_9d6fc041,Last_a4b910b2,First_a497483e,5051911652,5050375952,user_715c4f12e0@example.com,Address_f05df871,City_e708c712,ZZ,72477,Address_a226cdca,City_c05d421a,ZZ,72477,Last_d178528e,First_72cae815,5050375952,user_715c4f12e0@example.com,Note_2168f0cd,699,9389D604-4446-4FCF-B4F8-2B2C9CFF55D8
OWNER_65ca16ebeebe,Company_f3aa0270,Last_95351a89,First_fbfd68dd,5058082280,5050375952,user_c788cfbedf@example.com,Address_f05df871,City_e708c712,ZZ,72477,Address_a226cdca,City_c05d421a,ZZ,72477,Last_d178528e,First_72cae815,5050375952,user_715c4f12e0@example.com,Note_1f71b05a,1457,5470A7A0-464C-400A-A290-2B444748BB67
OWNER_5c0b67c161a6,Company_9d6fc041,Last_b3693364,First_fa157f1b,5054291080,5054291080,user_715c4f12e0@example.com,Address_0176851b,City_fb775d72,ZZ,24366,Address_a226cdca,City_c05d421a,ZZ,72477,Last_d178528e,First_72cae815,5050375952,user_715c4f12e0@example.com,Note_2168f0cd,525,2D99ADE2-6F4F-43F6-AC61-2B6D670CC1C4
OWNER_a0d6ef691de6,Company_9d6fc041,Last_602faf37,First_47baf5c3,5050375952,5053419061,user_715c4f12e0@example.com,Address_08b5f7a5,City_f3d1000a,ZZ,45588,Address_1f0003a2,City_733bf12c,ZZ,16176,Last_d178528e,First_72cae815,5050375952,user_715c4f12e0@example.com,Note_2168f0cd,1374,B157EE00-CA84-4EC3-AF29-2B9F0C63B76E
OWNER_c14cb81034e2,Company_9d6fc041,Last_8cf9151d,First_1fdcece7,5050375952,5050375952,user_715c4f12e0@example.com,Address_f05df871,City_e708c712,ZZ,72477,Address_a226cdca,City_c05d421a,ZZ,72477,Last_d178528e,First_72cae815,5050375952,user_715c4f12e0@example.com,Note_d23e1c82,613,F208534D-D24F-40A8-9806-2C12FD4ED908
OWNER_91f386d85c3b,Company_9d6fc041,Last_4a1d422d,First_ff1a2183,5050375952,5050375952,user_0042be082d@example.com,Address_86cf47bc,City_9b94cfc5,ZZ,58363,Address_b4f586b3,City_32d30c4f,ZZ,58363,Last_d178528e,First_72cae815,5050375952,user_715c4f12e0@example.com,Note_2168f0cd,1809,A0E66AA5-5212-460E-B859-2C30617AECA4
OWNER_2db56b829aae,Company_9d6fc041,Last_7f2abbe2,First_0d67a568,5057596661,5050375952,user_715c4f12e0@example.com,Address_47cb2f50,City_d85b9afd,ZZ,88757,Address_a226cdca,City_c05d421a,ZZ,72477,Last_d178528e,First_72cae815,5050375952,user_715c4f12e0@example.com,Note_b34cc00d,309,B7883894-6F0C-4D8B-B910-2C36BACC3315
OWNER_f13cb7207b19,Company_9d6fc041,Last_731ab32f,First_668bda53,5050375952,5050375952,user_715c4f12e0@example.com,Address_f05df871,City_e708c712,ZZ,72477,Address_a226cdca,City_c05d421a,ZZ,72477,Last_d178528e,First_72cae815,5050375952,user_715c4f12e0@example.com,Note_2168f0cd,62,606D5964-5114-424A-8BCD-2C5DC4FE4E51
OWNER_bd7a33c469fc,Company_9d6fc041,Last_af838f8f,First_66d0cad8,5050375952,5050375952,user_715c4f12e0@example.com,Address_f05df871,City_e708c712,ZZ,72477,Address_a226cdca,City_c05d421a,ZZ,72477,Last_d178528e,First_72cae815,5050375952,user_715c4f12e0@example.com,Note_2168f0cd,548,7FEC3A13-6190-45A3-AD86-2C7BD6C6F5C4
OWNER_a0724c0f03f7,Company_4f926494,Last_0ebcdf12,First_6134f50b,5052862888,5050375952,user_bdbea4ab00@example.com,Address_67476a9d,City_2b10924d,ZZ,36173,Address_b0ea8c12,City_9fb03833,ZZ,27797,Last_d178528e,First_72cae815,5050375952,user_715c4f12e0@example.com,Note_2168f0cd,1617,EFAB193C-9463-E948-A97D-2CB3D392A899
OWNER_5963fda6d9b1,Company_9d6fc041,Last_db148842,First_5a53d49c,5050375952,5055127447,user_f3d41c5fb4@example.com,Address_f05df871,City_e708c712,ZZ,72477,Address_82d81255,City_4e9d70b8,ZZ,36173,Last_d178528e,First_72cae815,5050375952,user_715c4f12e0@example.com,Note_80c9d159,1946,1F5072BA-CFFE-4528-A781-2CBC45531606
OWNER_5e853defbba4,Company_9d6fc041,Last_0f985da0,First_69d72d44,5050375952,5050375952,user_715c4f12e0@example.com,Address_f05df871,City_e708c712,ZZ,72477,Address_a226cdca,City_c05d421a,ZZ,72477,Last_d178528e,First_72cae815,5050375952,user_715c4f12e0@example.com,Note_21a82840,299,9D1F11FD-2C99-4AD6-9EC0-2CC0790BCF8D
OWNER_c63de27b6f3d,Company_9d6fc041,Last_862b5b8e,First_dad3dfeb,5050375952,5050375952,user_715c4f12e0@example.com,Address_f05df871,City_e708c712,ZZ,72477,Address_a226cdca,City_c05d421a,ZZ,72477,Last_d178528e,First_72cae815,5050375952,user_715c4f12e0@example.com,Note_2168f0cd,1964,4E1120DC-9904-47F5-A9A7-2CDCCCB2B2B1
OWNER_6cc2691f9b51,Company_9d6fc041,Last_6646b578,First_761bd00f,5058712695,5050375952,user_715c4f12e0@example.com,Address_f05df871,City_e708c712,ZZ,72477,Address_51735a06,City_76200585,ZZ,75073,Last_d178528e,First_72cae815,5050375952,user_715c4f12e0@example.com,Note_2168f0cd,1256,5A476734-6E97-4552-A9BD-2CF89EE5B1C0
OWNER_aa3e8022d201,Company_9d6fc041,Last_5e1b90aa,First_0663c535,5059413104,5050375952,user_8d6465030a@example.com,Address_f05df871,City_e708c712,ZZ,72477,Address_15c97ecd,City_c05d421a,ZZ,72477,Last_d178528e,First_72cae815,5050375952,user_715c4f12e0@example.com,Note_640c5d42,444,5F748D5E-D693-48A2-97EB-2D2F355E0D46
OWNER_584814ea0a38,Company_3f8e430d,Last_c539d043,First_d2cf130e,5058269301,5053308505,user_715c4f12e0@example.com,Address_f05df871,City_e708c712,ZZ,72477,Address_828bb33d,City_7f3a6280,ZZ,87003,Last_d178528e,First_72cae815,5050375952,user_715c4f12e0@example.com,Note_12a11fd2,1555,65C643F6-AB8E-3B42-AC34-2D34610C397B
OWNER_8fd7f07a6316,Company_9d6fc041,Last_ea7fd4d9,First_218ef99c,5050375952,5056157209,user_b182efa51c@example.com,Address_e9bc39ff,City_c8ef49e0,ZZ,99337,Address_4fa99bb5,City_253be803,ZZ,99337,Last_d178528e,First_72cae815,5050375952,user_715c4f12e0@example.com,Note_2168f0cd,1865,6AC9651C-05E8-4B31-A0E3-2D717BEA0B0C
OWNER_58a518143d68,Company_ab357cae,Last_80113c1c,First_1fdcece7,5050375952,5050375952,user_715c4f12e0@example.com,Address_f05df871,City_e708c712,ZZ,72477,Address_a226cdca,City_c05d421a,ZZ,72477,Last_d178528e,First_72cae815,5050375952,user_715c4f12e0@example.com,Note_2168f0cd,1114,767B0AF7-416B-4A58-9BF7-2D85565FA53D
OWNER_fd64ee684c97,Company_39d2faa9,Last_037d4f11,First_b0684081,5052734441,5050631474,user_23b8d1a015@example.com,Address_f05df871,City_e708c712,ZZ,72477,Address_a226cdca,City_c05d421a,ZZ,72477,Last_096c37d8,First_e72848ca,5050375952,user_715c4f12e0@example.com,Note_2168f0cd,332,F594E476-D0F4-4B7A-8E49-2DEA2D7FDF45
OWNER_d0d710cf7297,Company_9d6fc041,Last_e92b17ff,First_b0684081,5050375952,5055963506,user_bdba63db19@example.com,Address_f05df871,City_e708c712,ZZ,72477,Address_513a0790,City_9fb03833,ZZ,27797,Last_d178528e,First_72cae815,5050375952,user_715c4f12e0@example.com,Note_2168f0cd,1914,79ED60E6-C8EB-4535-9576-2E2FFB4B6360
OWNER_74899e1de86a,Company_23e65e10,Last_7652da3f,First_d23b6ba9,5059523072,5050375952,user_a2fdfdc650@example.com,Address_f05df871,City_e708c712,ZZ,72477,Address_a226cdca,City_c05d421a,ZZ,72477,Last_d178528e,First_772e22fa,5052348249,user_715c4f12e0@example.com,Note_5c7c27ec,1491,1521945A-8077-0542-975A-2E929A9899A8
OWNER_d8df3fe0fc85,Company_9d6fc041,Last_23ab0b42,First_a551da27,5050375952,5050375952,user_715c4f12e0@example.com,Address_f05df871,City_e708c712,ZZ,72477,Address_a226cdca,City_c05d421a,ZZ,72477,Last_d178528e,First_72cae815,5050375952,user_715c4f12e0@example.com,Note_ff8e48ff,552,CEAAE0E1-658E-49C2-9C75-2EAEC717A555
OWNER_2e93e430dcad,Company_9d6fc041,Last_c3226558,First_41809ca6,5056699912,5050375952,user_715c4f12e0@example.com,Address_f05df871,City_e708c712,ZZ,72477,Address_2882a753,City_76200585,ZZ,75073,Last_d178528e,First_72cae815,5050375952,user_715c4f12e0@example.com,Note_2168f0cd,1270,AFD914F2-DF22-4507-B249-2EB45E3C21C8
OWNER_0a6ee8d44a96,Company_43690031,Last_c0c4c13f,First_8eafae4a,5055963430,5050375952,user_6f49c3c23b@example.com,Address_89952a96,City_7a6e460b,ZZ,35145,Address_a226cdca,City_c05d421a,ZZ,72477,Last_89ef4068,First_8d4649ef,5050375952,user_715c4f12e0@example.com,Note_579e7266,1151,05DE5345-BA79-448B-8E34-2ED64C33DB16
OWNER_ea5b3353782c,Company_9d6fc041,Last_e426d275,First_56172968,5054265252,5052344420,user_19d171ea4f@example.com,Address_b88aba59,City_f5f38e56,ZZ,52085,Address_2c5a1266,City_3a846ee9,ZZ,52085,Last_d178528e,First_72cae815,5050375952,user_715c4f12e0@example.com,Note_2168f0cd,1977,0DC319C6-EA45-41A7-B534-2F0457318BCD
OWNER_782f656c5cfb,Company_9d6fc041,Last_a19ef261,First_d78ec84e,5054292107,5050375952,user_715c4f12e0@example.com,Address_bb4877b2,City_3a05a3a0,ZZ,83181,Address_5190b222,City_223baac0,ZZ,83181,Last_23a9f012,First_b73b7348,5059313735,user_ba72a0cc89@example.com,Note_92ca68de,135,80A9488D-8047-41B6-B611-2F1AADD27109
OWNER_b08601967983,Company_9d6fc041,Last_8091f664,First_4dd3e9e1,5056412536,5050375952,user_73bb1ac44b@example.com,Address_f05df871,City_e708c712,ZZ,72477,Address_011b7c77,City_ff7b5c81,ZZ,67238,Last_dfa5cc1a,First_277cb547,5050375952,user_715c4f12e0@example.com,Note_2168f0cd,1456,FB234779-651B-4BE1-B1D3-2F4F6F04E70F
OWNER_2d7ec80374c1,Company_9d6fc041,Last_622296aa,First_d8d8de3c,5050375952,5050375952,user_715c4f12e0@example.com,Address_f05df871,City_e708c712,ZZ,72477,Address_a226cdca,City_c05d421a,ZZ,72477,Last_d178528e,First_72cae815,5050375952,user_715c4f12e0@example.com,Note_8671cb4a,1044,657D79E8-85C0-4688-8677-2F5F8093860B
OWNER_42dd47f829ee,Company_122b1ff0,Last_b7961f7c,First_3cb09539,5053812524,5050375952,user_715c4f12e0@example.com,Address_2d61afc3,City_e37df263,ZZ,84200,Address_a226cdca,City_c05d421a,ZZ,72477,Last_02c07aa1,First_3e149214,5056616357,user_715c4f12e0@example.com,Note_e871eca1,1438,46767570-EB02-4298-AF5F-2F7406C154DE
OWNER_a831637a6199,Company_9d6fc041,Last_9022b171,First_13575cb5,5050375952,5050375952,user_715c4f12e0@example.com,Address_f05df871,City_e708c712,ZZ,72477,Address_a226cdca,City_c05d421a,ZZ,72477,Last_d178528e,First_72cae815,5050375952,user_715c4f12e0@example.com,Note_2168f0cd,606,06819DF2-3A91-4AB2-BA8B-2F76A37CCB80
OWNER_256bb431cd96,Company_9d6fc041,Last_582f2c13,First_3d2be312,5050375952,5057903301,user_b72b238f26@example.com,Address_116919f2,City_f56f2a96,ZZ,16176,Address_4cb806e8,City_733bf12c,ZZ,16176,Last_d178528e,First_72cae815,5050375952,user_715c4f12e0@example.com,Note_2168f0cd,1375,14E046DD-4EEE-475D-B98B-2F9E83A7A07A
OWNER_01427ded8a65,Company_22f606fc,Last_7bd3af51,First_2c24c138,5050375952,5050375952,user_715c4f12e0@example.com,Address_3101426e,City_2b10924d,ZZ,36173,Address_4b0bc49f,City_f8c6d6d6,ZZ,52137,Last_d178528e,First_6195321a,5059152002,user_715c4f12e0@example.com,Note_70770529,1522,E47854CF-9D09-4649-B75F-2FB48B83E972
OWNER_19eb9c96f867,Company_9d6fc041,Last_81b3cdf2,First_2a6f1b09,5050375952,5050375952,user_8a56a70bdf@example.com,Address_f05df871,City_e708c712,ZZ,72477,Address_a226cdca,City_c05d421a,ZZ,72477,Last_d178528e,First_72cae815,5050375952,user_715c4f12e0@example.com,Note_2168f0cd,1403,1F4A2448-217D-44FE-9537-2FBDD60AF548
OWNER_4a1cc8951807,Company_58c5bcbe,Last_447f5c1a,First_c76480b7,5054359963,5050375952,user_06cd94b7e5@example.com,Address_a471cbc6,City_9870ba28,ZZ,26022,Address_a226cdca,City_c05d421a,ZZ,72477,Last_d178528e,First_7206c7a4,5050375952,user_715c4f12e0@example.com,Note_2168f0cd,1882,6A4E6692-CAD8-423F-A06E-301AA555132D
OWNER_54a8e52db854,Company_9d6fc041,Last_e0684e26,First_8f7cf3cd,5057610521,5050375952,user_715c4f12e0@example.com,Address_12a29925,City_6ec3f32a,ZZ,04722,Address_a4fb4724,City_c05d421a,ZZ,72477,Last_d178528e,First_72cae815,5050375952,user_715c4f12e0@example.com,Note_2168f0cd,286,44A6E1DA-4F77-4EB4-9312-3050DDD2A077
OWNER_53c72c32216b,Company_9d6fc041,Last_e426d275,First_e9744c4e,5058769692,5058525687,user_6306def454@example.com,Address_f05df871,City_e708c712,ZZ,72477,Address_a226cdca,City_c05d421a,ZZ,72477,Last_d178528e,First_72cae815,5050375952,user_715c4f12e0@example.com,Note_fe8543c7,1053,527B8E43-498B-4890-A783-305D58020126
OWNER_655d62817ccb,Company_3f49d369,Last_7bd3af51,First_2c24c138,5050375952,5050375952,user_715c4f12e0@example.com,Address_f05df871,City_e708c712,ZZ,72477,Address_a226cdca,City_c05d421a,ZZ,72477,Last_d178528e,First_72cae815,5050375952,user_715c4f12e0@example.com,Note_2168f0cd,1033,4660463B-CECD-4B1E-89FA-30902CACF89C
OWNER_74e4fdf26303,Company_3c3fd68e,Last_682d4568,First_d2cf130e,5057789271,5054886018,user_085d36347d@example.com,Address_9bd7842f,City_73ebcd64,ZZ,12098,Address_a226cdca,City_c05d421a,ZZ,72477,Last_d178528e,First_72cae815,5050375952,user_715c4f12e0@example.com,Note_476697a9,1659,AAA2BBC6-D867-6649-935F-30A7C7E69935
OWNER_3ac943aef612,Company_9d6fc041,Last_c757bc3e,First_0c5d8d0b,5053817362,5058453831,user_715c4f12e0@example.com,Address_d3c87426,City_9870ba28,ZZ,26022,Address_a226cdca,City_c05d421a,ZZ,72477,Last_d178528e,First_72cae815,5050375952,user_715c4f12e0@example.com,Note_3cf9502d,981,F605F4F7-BF3B-4F57-BB88-30B09F8B3972
OWNER_01a87ac7ef57,Company_9d6fc041,Last_6e29eab0,First_3c21bc2f,5050375952,5050375952,user_715c4f12e0@example.com,Address_f05df871,City_e708c712,ZZ,72477,Address_a226cdca,City_c05d421a,ZZ,72477,Last_d178528e,First_72cae815,5050375952,user_715c4f12e0@example.com,Note_89bd32fe,411,D20DEACD-EF24-4B21-9E60-30C6C02A05BB
OWNER_0389225249b9,Company_9d6fc041,Last_2fb65a10,First_3930175e,5050016409,5050375952,user_715c4f12e0@example.com,Address_f05df871,City_e708c712,ZZ,72477,Address_a226cdca,City_c05d421a,ZZ,72477,Last_d178528e,First_72cae815,5050375952,user_715c4f12e0@example.com,Note_2168f0cd,815,BEC4A3AC-C0AB-4E28-BC7F-311BD392E714
OWNER_82d73d123c20,Company_4a37cda8,Last_73e92919,First_d4949bf1,5055632163,5050375952,user_715c4f12e0@example.com,Address_e4719609,City_1c11a706,ZZ,65345,Address_a226cdca,City_c05d421a,ZZ,72477,Last_d178528e,First_72cae815,5050375952,user_715c4f12e0@example.com,Note_2168f0cd,657,7C869565-5BFA-4881-B410-3125AF8BD389
OWNER_6c249f84207a,Company_9d6fc041,Last_8b92e6d0,First_e6e70ab9,5050375952,5050375952,user_f42515682f@example.com,Address_3b754eeb,City_a000d1fb,ZZ,66775,Address_250c77b3,City_30bd86a3,ZZ,66775,Last_d178528e,First_72cae815,5050375952,user_715c4f12e0@example.com,Note_2168f0cd,1401,F22D911E-D18E-451B-934F-313DD090F4D3
OWNER_915a26535a77,Company_9d6fc041,Last_163e8394,First_00a59a9d,5050375952,5050375952,user_715c4f12e0@example.com,Address_f05df871,City_e708c712,ZZ,72477,Address_a226cdca,City_c05d421a,ZZ,72477,Last_3be2a61e,First_c70d7ced,5050375952,user_715c4f12e0@example.com,Note_a66ea90f,304,AA6A3FF5-71BD-4501-A370-3188EB28D09A
OWNER_7fd6113cdc44,Company_9d6fc041,Last_e77b03e1,First_ec4cb312,5050375952,5050375952,user_715c4f12e0@example.com,Address_f05df871,City_e708c712,ZZ,72477,Address_3c47daac,City_528281b9,ZZ,45530,Last_d178528e,First_72cae815,5050375952,user_715c4f12e0@example.com,Note_2168f0cd,1225,A49E9CA3-1AEF-4CB2-809C-31A7642F8007
OWNER_525cc8b20983,Company_9d6fc041,Last_8ec1733a,First_32f0fee1,5058803688,5055694128,user_43bb4af43f@example.com,Address_433b4b90,City_c3e07d03,ZZ,11928,Address_7555811c,City_03ac272d,ZZ,11928,Last_d178528e,First_72cae815,5050375952,user_715c4f12e0@example.com,Note_2168f0cd,1851,49CBE2BF-2E0C-4E5C-9809-31C6282936A7
OWNER_cca51f050290,Company_c9998270,Last_7e3fb7a9,First_34f19cd6,5056624424,5050375952,user_715c4f12e0@example.com,Address_f05df871,City_e708c712,ZZ,72477,Address_a226cdca,City_c05d421a,ZZ,72477,Last_d178528e,First_72cae815,5050375952,user_715c4f12e0@example.com,Note_2168f0cd,998,7C60E462-2A50-45A9-95E3-327712BACC63
OWNER_3d2486ca23af,Company_9d6fc041,Last_7bd3af51,First_2c24c138,5050375952,5050375952,user_715c4f12e0@example.com,Address_f05df871,City_e708c712,ZZ,72477,Address_a226cdca,City_c05d421a,ZZ,72477,Last_d178528e,First_72cae815,5050375952,user_715c4f12e0@example.com,Note_2168f0cd,462,79E34BA9-3872-4B5D-A9CF-32B65A903707
OWNER_921fb2ae519b,Company_9d6fc041,Last_48460d93,First_461ae6c9,5050375952,5051683258,user_5bccf9dfea@example.com,Address_41f54226,City_ec316528,ZZ,15434,Address_cacc6c73,City_729a8613,ZZ,39493,Last_507537e0,First_cf1625a2,5050375952,user_5bccf9dfea@example.com,Note_2168f0cd,1840,DC4BAFD2-3455-436B-AAF8-32C2F3FC186D
OWNER_b7955aebde83,Company_9d6fc041,Last_2fb65a10,First_dad370aa,5050162158,5050375952,user_715c4f12e0@example.com,Address_f05df871,City_e708c712,ZZ,72477,Address_081f2501,City_c05d421a,ZZ,72477,Last_d178528e,First_72cae815,5050375952,user_715c4f12e0@example.com,Note_c31f8bd9,179,7A032B21-14F6-491B-8AE0-32C94E407B1D
OWNER_a18473b86e4e,Company_9d6fc041,Last_83b588f9,First_e17e15da,5050375952,5057791251,user_715c4f12e0@example.com,Address_f05df871,City_e708c712,ZZ,72477,Address_476a7302,City_9fb03833,ZZ,27797,Last_d178528e,First_72cae815,5050375952,user_715c4f12e0@example.com,Note_2168f0cd,1945,34119B96-4482-45A8-A83C-32CAF5884327
OWNER_2001cd97d1fd,Company_9d6fc041,Last_270c8b64,First_eebd54af,5050375952,5050375952,user_715c4f12e0@example.com,Address_f05df871,City_e708c712,ZZ,72477,Address_a226cdca,City_c05d421a,ZZ,72477,Last_d178528e,First_72cae815,5050375952,user_715c4f12e0@example.com,Note_2168f0cd,439,2403D71E-F202-4809-B5DE-33563AE38566
OWNER_889699ce9a47,Company_9d6fc041,Last_28ef5662,First_f015a2a8,5055863832,5050375952,user_715c4f12e0@example.com,Address_15dc43f6,City_fb775d72,ZZ,24366,Address_78e55215,City_8dbac927,ZZ,72477,Last_d178528e,First_72cae815,5050375952,user_715c4f12e0@example.com,Note_2168f0cd,492,8CDEBCFB-1E22-46B3-ADD7-336769430C43
OWNER_7871354734ad,Company_9d6fc041,Last_68c08d92,First_206b9f71,5059345520,5050375952,user_715c4f12e0@example.com,Address_f05df871,City_e708c712,ZZ,72477,Address_25901594,City_73b3f231,ZZ,81958,Last_d178528e,First_72cae815,5050375952,user_715c4f12e0@example.com,Note_2168f0cd,1760,90362E7D-3557-C049-A15E-3388900C1391
OWNER_d322488a1642,Company_9d6fc041,Last_670c9551,First_584a627a,5050375952,5050375952,user_715c4f12e0@example.com,Address_f05df871,City_e708c712,ZZ,72477,Address_a226cdca,City_c05d421a,ZZ,72477,Last_d178528e,First_72cae815,5050375952,user_715c4f12e0@example.com,Note_2168f0cd,739,05B168B0-5219-4032-8852-33A637A9438F
OWNER_85aadb50d0bc,Company_9d6fc041,Last_d554cc79,First_5176ddae,5050375952,5050375952,user_715c4f12e0@example.com,Address_f05df871,City_e708c712,ZZ,72477,Address_a226cdca,City_c05d421a,ZZ,72477,Last_d178528e,First_72cae815,5050375952,user_715c4f12e0@example.com,Note_d9a7faae,446,3B281E2C-E84D-4E2A-83CE-33D6A09AB6B5
OWNER_cb2bf50b398d,Company_9d6fc041,Last_b82c9cae,First_a48a67a1,5057016252,5050375952,user_731e10665b@example.com,Address_c865bd9a,City_f194ca26,ZZ,72477,Address_97a0a50a,City_94b6fd86,ZZ,72477,Last_d178528e,First_72cae815,5050375952,user_715c4f12e0@example.com,Note_2168f0cd,1612,0A45CAB5-A453-AC41-9061-33E00706AF41
OWNER_a934e7b89148,Company_f1da8861,Last_e77fee8b,First_ec308f06,5059251168,5056751594,user_f6cae9496f@example.com,Address_7d950686,City_73ebcd64,ZZ,94743,Address_dbe7c8ae,City_505a9a96,ZZ,48704,Last_d178528e,First_72cae815,5050375952,user_715c4f12e0@example.com,Note_2168f0cd,1890,18B6CA4A-8B73-4C0C-8A5D-340372CC59FD
OWNER_3b671abf4d8a,Company_cc557406,Last_d294d0c4,First_a82d6021,5054163285,5058671944,user_715c4f12e0@example.com,Address_8dc622a3,City_b2ee5841,ZZ,72356,Address_a226cdca,City_c05d421a,ZZ,72477,Last_d178528e,First_72cae815,5050375952,user_715c4f12e0@example.com,Note_ad6d295a,473,6AC4EED9-34E0-4BC6-8154-3424740E50A5
OWNER_fb6b3d1584bc,Company_9d6fc041,Last_c817db37,First_54c14a4d,5050375952,5050375952,user_715c4f12e0@example.com,Address_f05df871,City_e708c712,ZZ,72477,Address_a226cdca,City_c05d421a,ZZ,72477,Last_f510daba,First_cca240e8,5050375952,user_715c4f12e0@example.com,Note_9bd11117,252,905E07C3-B4E4-48F6-AD61-343A9982B450
OWNER_f99f9c025056,Company_63d76397,Last_42e0a3be,First_78839e30,5050375952,5053501650,user_6a894e2b93@example.com,Address_c30677e0,City_ca4bb91c,ZZ,72477,Address_a226cdca,City_c05d421a,ZZ,72477,Last_d178528e,First_72cae815,5050375952,user_715c4f12e0@example.com,Note_f7e62d98,617,674C1398-E172-4C86-B95D-344217E2C74E
OWNER_dcb38e7c45c4,Company_90f2ea9e,Last_6db77db6,First_5a53d49c,5050375952,5055160399,user_c1aa76d7df@example.com,Address_1a67b804,City_b434c9fb,ZZ,11592,Address_a226cdca,City_c05d421a,ZZ,72477,Last_4a1e9abe,First_3734370c,5050069191,user_7329af9639@example.com,Note_2168f0cd,1626,FA456D2F-7230-9E4E-BB72-3448B833F24C
OWNER_cdb850232139,Company_9d6fc041,Last_2f9e6ee6,First_761bd00f,5050375952,5050375952,user_b7d5007ec4@example.com,Address_f05df871,City_e708c712,ZZ,72477,Address_a226cdca,City_c05d421a,ZZ,72477,Last_d178528e,First_72cae815,5050375952,user_715c4f12e0@example.com,Note_2168f0cd,318,6CB7C6AA-BAE9-4A31-9A9D-34495E42B02E
OWNER_8118c8464406,Company_76e8c4f9,Last_8f1253e4,First_72faa568,5050375952,5056964635,user_202594eb54@example.com,Address_a5660cd9,City_a6baaf0b,ZZ,03953,Address_a226cdca,City_c05d421a,ZZ,72477,Last_1bd439df,First_6ed4bd6a,5050375952,user_715c4f12e0@example.com,Note_5d41bf15,1445,1E9E3D47-3184-4516-88B6-3459BFE60839
OWNER_ba40a7e87bdf,Company_9d6fc041,Last_186cc0dd,First_c7739a6e,5051823729,5050375952,user_715c4f12e0@example.com,Address_f05df871,City_e708c712,ZZ,72477,Address_a226cdca,City_c05d421a,ZZ,72477,Last_d178528e,First_72cae815,5050375952,user_715c4f12e0@example.com,Note_2168f0cd,1770,9A1DB8E6-123D-2D48-BB88-34CB65518BEB
OWNER_d2b705d419f6,Company_9d6fc041,Last_e2f01a9c,First_18ed79c8,5050375952,5050024697,user_715c4f12e0@example.com,Address_f05df871,City_e708c712,ZZ,72477,Address_a226cdca,City_c05d421a,ZZ,72477,Last_d178528e,First_72cae815,5050375952,user_715c4f12e0@example.com,Note_2168f0cd,1650,857DD768-5ED9-F040-8EC3-35102AF17CAF
OWNER_d75798e0d142,Company_9d6fc041,Last_0c05a1bf,First_2c24c138,5050375952,5050375952,user_715c4f12e0@example.com,Address_f05df871,City_e708c712,ZZ,72477,Address_a226cdca,City_c05d421a,ZZ,72477,Last_d178528e,First_72cae815,5050375952,user_715c4f12e0@example.com,Note_2168f0cd,418,5074B131-8527-4CAC-8337-352F3DF7C413
OWNER_7962db348e9a,Company_9d6fc041,Last_66d393ca,First_317702d6,5050261316,5050375952,user_715c4f12e0@example.com,Address_3534771c,City_9870ba28,ZZ,26022,Address_a226cdca,City_c05d421a,ZZ,72477,Last_d178528e,First_72cae815,5050375952,user_715c4f12e0@example.com,Note_2168f0cd,626,849FEAD8-4DCD-4F47-99F6-3553E3493AA8
OWNER_6020356d4ff0,Company_e5920edf,Last_78a69d43,First_026404db,5050375952,5058449560,user_c214cc2924@example.com,Address_8596a4e6,City_73ebcd64,ZZ,94743,Address_a226cdca,City_c05d421a,ZZ,72477,Last_d178528e,First_72cae815,5050375952,user_715c4f12e0@example.com,Note_8d8288f5,715,A6DB979A-D8C9-4C4D-9315-35656F8D891F
OWNER_2d14c9da6364,Company_9d6fc041,Last_db996dc6,First_335706c0,5050375952,5050375952,user_715c4f12e0@example.com,Address_f05df871,City_e708c712,ZZ,72477,Address_a226cdca,City_c05d421a,ZZ,72477,Last_d178528e,First_72cae815,5050375952,user_715c4f12e0@example.com,Note_2168f0cd,743,0CB1BDBE-D76D-44B2-8A92-35787BA41836
OWNER_98aa4fb61f5f,Company_9d6fc041,Last_697a485a,First_15f0b93f,5050061041,5050375952,user_715c4f12e0@example.com,Address_f05df871,City_e708c712,ZZ,72477,Address_0cdfbd70,City_76200585,ZZ,75073,Last_d178528e,First_72cae815,5050375952,user_715c4f12e0@example.com,Note_3505f429,1255,34837A1E-08D7-453C-A0AD-359AB039CB81
OWNER_37402d890015,Company_9d6fc041,Last_21ff095a,First_97959d73,5057533013,5056452277,user_8612a2ad30@example.com,Address_30777e02,City_37084ed9,ZZ,45530,Address_7fb98296,City_528281b9,ZZ,45530,Last_d178528e,First_72cae815,5050375952,user_715c4f12e0@example.com,Note_2168f0cd,1224,DB4AEFE7-87DC-43D2-B9C5-35CEF453758F
OWNER_4cc8a86ce76b,Company_9d6fc041,Last_4d98514d,First_471b975a,5050375952,5050375952,user_715c4f12e0@example.com,Address_f05df871,City_e708c712,ZZ,72477,Address_a226cdca,City_c05d421a,ZZ,72477,Last_d178528e,First_72cae815,5050375952,user_715c4f12e0@example.com,Note_2168f0cd,872,07AE10B7-14F8-482D-8D16-35F2D74A50A4
OWNER_a399aef29c86,Company_9d6fc041,Last_c3375ad6,First_490ae46a,5050375952,5050375952,user_715c4f12e0@example.com,Address_f05df871,City_e708c712,ZZ,72477,Address_a226cdca,City_c05d421a,ZZ,72477,Last_d178528e,First_72cae815,5050375952,user_715c4f12e0@example.com,Note_af3a03aa,823,9D4E2DC6-A026-44D0-961F-362734C4FA03
OWNER_c2e71e29952f,Company_9d6fc041,Last_13760cfc,First_5a53d49c,5050375952,5052837127,user_e29b29d197@example.com,Address_781f606e,City_3a05a3a0,ZZ,83181,Address_d64de656,City_223baac0,ZZ,83181,Last_d178528e,First_72cae815,5050375952,user_715c4f12e0@example.com,Note_c8183662,1372,0ABC76CF-ADB0-48C3-B5C4-365FDC230819
OWNER_5e6ce79e7033,Company_9d6fc041,Last_6aef51af,First_bf2ec069,5055288825,5050375952,user_dc254e3158@example.com,Address_91189a2a,City_3d5bafd5,ZZ,08539,Address_a226cdca,City_c05d421a,ZZ,72477,Last_cb2ec9c5,First_965c5ddc,5058837647,user_715c4f12e0@example.com,Note_02c52e81,1549,8C2FDC97-B0F5-7448-A741-367937076221
OWNER_a5603fa6a295,Company_ff016298,Last_085950f8,First_4013c12a,5050375952,5052798921,user_662027ce82@example.com,Address_f05df871,City_e708c712,ZZ,72477,Address_a226cdca,City_c05d421a,ZZ,72477,Last_085c45fb,First_c838e19f,5056002447,user_c0ea27ee1b@example.com,Note_624c60b5,1703,28A7346B-8634-C142-A388-36A893A7ECF2
OWNER_9fd7877877eb,Company_9d6fc041,Last_08bf95be,First_c2d18482,5050375952,5050375952,user_715c4f12e0@example.com,Address_f05df871,City_e708c712,ZZ,72477,Address_e882c453,City_c05d421a,ZZ,72477,Last_d178528e,First_72cae815,5050375952,user_715c4f12e0@example.com,Note_024e99e6,646,ACDB05A6-584F-42A0-96D1-36D8414B722C
OWNER_1f9dd2df5335,Company_9d6fc041,Last_16062853,First_d284ad0b,5050375952,5050375952,user_715c4f12e0@example.com,Address_f05df871,City_e708c712,ZZ,72477,Address_a226cdca,City_c05d421a,ZZ,72477,Last_d178528e,First_72cae815,5050375952,user_715c4f12e0@example.com,Note_2168f0cd,805,ECDFF80B-224D-49E8-86DB-36E733F8BBC7
OWNER_2b109008e0db,Company_56552fec,Last_7bd3af51,First_2c24c138,5050375952,5050375952,user_715c4f12e0@example.com,Address_f05df871,City_e708c712,ZZ,72477,Address_a226cdca,City_c05d421a,ZZ,72477,Last_d178528e,First_72cae815,5050375952,user_715c4f12e0@example.com,Note_2168f0cd,6,D2C63F11-40D8-4304-AD56-3797CDB94829
OWNER_f924c9294421,Company_9d6fc041,Last_3d0bebc4,First_8e2735f2,5054464398,5050375952,user_37e4aced8a@example.com,Address_f05df871,City_e708c712,ZZ,72477,Address_cf5c7611,City_76200585,ZZ,75073,Last_d178528e,First_72cae815,5050375952,user_715c4f12e0@example.com,Note_2168f0cd,1268,349D2510-DD5E-4D0F-8551-37CDBEA74B86
OWNER_b5efce95830d,Company_9d6fc041,Last_ff3655de,First_2642ee35,5050375952,5052126299,user_15ffac6b32@example.com,Address_89ee5e01,City_50cdb0ed,ZZ,58363,Address_3a5f698e,City_23f9b279,ZZ,58363,Last_d178528e,First_72cae815,5050375952,user_715c4f12e0@example.com,Note_2168f0cd,1834,7C80ECA1-DC29-4C3F-A348-382DAD9FB682
OWNER_fb8f5d45feb1,Company_9d6fc041,Last_6aef51af,First_bf2ec069,5053255906,5056510881,user_dc254e3158@example.com,Address_ecffc037,City_3d5bafd5,ZZ,08539,Address_0e5fb9c8,City_adce70d4,ZZ,73028,Last_af72a068,First_62952e8f,5050375952,user_715c4f12e0@example.com,Note_58512326,1589,64278643-0EF6-584E-9552-3845AAF9B40A
OWNER_6a7deab5c389,Company_9d6fc041,Last_a19ef261,First_7d452d99,5050375952,5050375952,user_715c4f12e0@example.com,Address_f05df871,City_e708c712,ZZ,72477,Address_a226cdca,City_c05d421a,ZZ,72477,Last_23a9f012,First_58a5f6a0,5053786878,user_715c4f12e0@example.com,Note_9260c191,593,F2E9915E-BA05-48C1-9BA5-388539F1832C
OWNER_fac9fc37e248,Company_9d6fc041,Last_e8400677,First_6d855beb,5053748033,5050375952,user_715c4f12e0@example.com,Address_d6abc3ae,City_2402b24b,ZZ,48412,Address_8c1c5093,City_f8f31c5f,ZZ,72477,Last_bab6b57d,First_65a91122,5050375952,user_a83a592a2b@example.com,Note_cd42045b,1505,5DCA0620-AC42-0D4E-B1AC-38B90E865802
OWNER_d1d9ad415411,Company_f8b61182,Last_7e02425a,First_8ee2c6c2,5050375952,5057099249,user_c38341f191@example.com,Address_f05df871,City_e708c712,ZZ,72477,Address_a238e5f0,City_7f3a6280,ZZ,87003,Last_d3621bb2,First_c5fa493d,5054309305,user_715c4f12e0@example.com,Note_2168f0cd,1697,65997F3F-38CC-8643-947B-390367134067
OWNER_e701308b74b6,Company_9d6fc041,Last_7cc90c4e,First_d78ec84e,5054587563,5050375952,user_715c4f12e0@example.com,Address_f05df871,City_e708c712,ZZ,72477,Address_18223315,City_76200585,ZZ,75073,Last_ede6acd5,First_d57d452c,5050375952,user_ec63133ee1@example.com,Note_d5414d9b,1253,929F439B-6240-49A5-9BFD-391C4A5F64E5
OWNER_452a234814dc,Company_e4f7ff4d,Last_7863511b,First_68a39d11,5053536734,5050375952,user_3d19be8a22@example.com,Address_1dd98928,City_e6b38396,ZZ,88406,Address_a226cdca,City_c05d421a,ZZ,72477,Last_d178528e,First_72cae815,5050375952,user_715c4f12e0@example.com,Note_796b4891,1153,C53ABE10-4D5D-4624-B0A3-392E1D8ADA17
OWNER_23c70a652a85,Company_9d6fc041,Last_3c61c8e7,First_bf2ec069,5050375952,5055025804,user_953eb5fca8@example.com,Address_f05df871,City_e708c712,ZZ,72477,Address_a226cdca,City_c05d421a,ZZ,72477,Last_d178528e,First_b855bd1f,5050375952,user_715c4f12e0@example.com,Note_2168f0cd,183,97F4C5ED-34BB-4535-9E76-3939472D8C76
OWNER_127337ffb572,Company_9d6fc041,Last_e147bccd,First_5a53d49c,5050375952,5050442500,user_fa26ac9f41@example.com,Address_f05df871,City_e708c712,ZZ,72477,Address_9826460b,City_253be803,ZZ,99337,Last_d178528e,First_72cae815,5050375952,user_715c4f12e0@example.com,Note_2168f0cd,1873,5A6E9336-6B8B-433F-B217-393A7905F753
OWNER_b076b14c5cdf,Company_9d6fc041,Last_8e9863e5,First_f2ac3a5d,5050375952,5050375952,user_715c4f12e0@example.com,Address_f05df871,City_e708c712,ZZ,72477,Address_a226cdca,City_c05d421a,ZZ,72477,Last_d178528e,First_72cae815,5050375952,user_715c4f12e0@example.com,Note_8671cb4a,557,C10F660F-D93B-40DB-B196-396F8885AA74
OWNER_5b70e2deed3e,Company_9d6fc041,Last_42e0a3be,First_098b7a78,5050375952,5050375952,user_715c4f12e0@example.com,Address_f05df871,City_e708c712,ZZ,72477,Address_a226cdca,City_c05d421a,ZZ,72477,Last_d178528e,First_72cae815,5050375952,user_715c4f12e0@example.com,Note_2168f0cd,495,BEDC4E4D-0D8A-4E14-8A72-396FA96D01BF
OWNER_ab928c7fff6b,Company_9d6fc041,Last_d8a19524,First_18ed79c8,5059819637,5050375952,user_715c4f12e0@example.com,Address_9588282b,City_9accf90a,ZZ,26553,Address_a226cdca,City_c05d421a,ZZ,72477,Last_d178528e,First_72cae815,5050375952,user_715c4f12e0@example.com,Note_2168f0cd,355,6CC8248C-04EA-4166-8C5F-399421A8E172
OWNER_225871757871,Company_c962cefc,Last_7bd3af51,First_2c24c138,5050375952,5050375952,user_715c4f12e0@example.com,Address_f05df871,City_e708c712,ZZ,72477,Address_a226cdca,City_c05d421a,ZZ,72477,Last_d178528e,First_72cae815,5050375952,user_715c4f12e0@example.com,Note_2168f0cd,899,B2B5E7B8-AFCA-4DBA-B906-39A2367E240A
OWNER_610bf4ed7730,Company_62b096f5,Last_68bd8e19,First_71d5c0e8,5057023823,5053047256,user_715c4f12e0@example.com,Address_044d7102,City_3a05a3a0,ZZ,83181,Address_d08a084b,City_223baac0,ZZ,83181,Last_4f8bfac1,First_f3a5ce6f,5056586578,user_715c4f12e0@example.com,Note_00d1ded3,229,74ED5635-0FD2-43DC-9E45-39BC024C9E80
OWNER_406c358fd931,Company_a8fd29e7,Last_937c8ef9,First_667f00bd,5052167822,5050375952,user_715c4f12e0@example.com,Address_f05df871,City_e708c712,ZZ,72477,Address_a226cdca,City_c05d421a,ZZ,72477,Last_d178528e,First_72cae815,5050375952,user_715c4f12e0@example.com,Note_2168f0cd,988,1DB18941-64FE-4945-9BE3-39EDD59C0F1E
OWNER_6da57b1e947f,Company_9d6fc041,Last_6aef51af,First_bf2ec069,5055288825,5050375952,user_dc254e3158@example.com,Address_f05df871,City_e708c712,ZZ,72477,Address_0d2f6b3f,City_adce70d4,ZZ,72477,Last_1db63c60,First_93ab466c,5050375952,user_715c4f12e0@example.com,Note_95f6c384,1476,F87CC7BF-8A2C-6744-8AD4-3A37C8B9932C
OWNER_bd8c3ca75249,Company_9d6fc041,Last_34ab2cbf,First_e0392d0b,5050375952,5050375952,user_715c4f12e0@example.com,Address_f05df871,City_e708c712,ZZ,72477,Address_a226cdca,City_c05d421a,ZZ,72477,Last_d178528e,First_72cae815,5050375952,user_715c4f12e0@example.com,Note_8671cb4a,1105,0286DC83-1730-4E1E-BC97-3A4102C55CFA
OWNER_f500a2759b60,Company_9d6fc041,Last_a8560fc3,First_82858b79,5050375952,5050375952,user_715c4f12e0@example.com,Address_c0918bf0,City_e708c712,ZZ,72477,Address_df754a97,City_c05d421a,ZZ,72477,Last_d178528e,First_72cae815,5050375952,user_715c4f12e0@example.com,Note_2168f0cd,1320,D0E30E46-DBC5-4E26-B565-3A67E65534C5
OWNER_b21495c7a8e7,Company_df9f4b42,Last_17059a70,First_ee7a1075,5050543057,5050375952,user_715c4f12e0@example.com,Address_f05df871,City_e708c712,ZZ,72477,Address_a226cdca,City_c05d421a,ZZ,72477,Last_d178528e,First_72cae815,5050375952,user_715c4f12e0@example.com,Note_2168f0cd,1020,211F654E-55C0-4899-AFA1-3AC7076DE547
OWNER_0a4b22cd34b4,Company_9d6fc041,Last_34fedbfa,First_d28b79e9,5054297432,5050375952,user_715c4f12e0@example.com,Address_f05df871,City_e708c712,ZZ,72477,Address_2c9ea764,City_c057d8df,ZZ,72477,Last_d178528e,First_72cae815,5050375952,user_715c4f12e0@example.com,Note_2168f0cd,1517,A4C18A6B-C883-3747-AB9E-3B2145982AFC
OWNER_332426ad23d2,Company_9d6fc041,Last_ccf08735,First_7865f7f3,5050375952,5050375952,user_715c4f12e0@example.com,Address_f05df871,City_e708c712,ZZ,72477,Address_a226cdca,City_c05d421a,ZZ,72477,Last_d178528e,First_72cae815,5050375952,user_715c4f12e0@example.com,Note_8671cb4a,175,A1783A06-A850-42E4-A005-3B4E7F8D1ECB
OWNER_df6ad15b10fa,Company_9d6fc041,Last_0fa1a747,First_d07c955e,5058742999,5050375952,user_407063b936@example.com,Address_f05df871,City_e708c712,ZZ,72477,Address_3f3cd532,City_4a5a94d6,ZZ,11120,Last_d178528e,First_72cae815,5050375952,user_715c4f12e0@example.com,Note_680dd121,1719,BEBF2DA9-29B5-A647-B881-3B8900985645
OWNER_cd332d7d80f7,Company_9d6fc041,Last_99c39a2c,First_2c24c138,5050375952,5050375952,user_715c4f12e0@example.com,Address_f05df871,City_e708c712,ZZ,72477,Address_a226cdca,City_c05d421a,ZZ,72477,Last_d178528e,First_72cae815,5050375952,user_715c4f12e0@example.com,Note_2168f0cd,48,F4AA39E6-3417-4EBE-8A0C-3BA1EC324FF4
OWNER_e06b612b138e,Company_9d6fc041,Last_4c97b9c6,First_e2fa7e04,5050375952,5053797347,user_715c4f12e0@example.com,Address_f05df871,City_e708c712,ZZ,72477,Address_fe23e44f,City_02a7e076,ZZ,66871,Last_d178528e,First_72cae815,5050375952,user_715c4f12e0@example.com,Note_2168f0cd,1579,746E1583-FEE5-9E41-8149-3BBBF6ED2DC2
OWNER_d0d8e7d87a4c,Company_9d6fc041,Last_186cc0dd,First_35798c05,5050701055,5050375952,user_715c4f12e0@example.com,Address_f05df871,City_e708c712,ZZ,72477,Address_a226cdca,City_c05d421a,ZZ,72477,Last_d178528e,First_72cae815,5050375952,user_715c4f12e0@example.com,Note_2168f0cd,1771,FB5EE094-3FAD-2542-BDD6-3BF85BBCDF6F
OWNER_048e7239eb5b,Company_66b39b3a,Last_83ff160e,First_b7ffef75,5050375952,5050375952,user_715c4f12e0@example.com,Address_f05df871,City_e708c712,ZZ,72477,Address_a226cdca,City_253efd4b,ZZ,72477,Last_d178528e,First_72cae815,5050375952,user_715c4f12e0@example.com,Note_2168f0cd,1441,F71AA701-6F46-45C1-B729-3C086B33A120
OWNER_dcc239f0d74e,Company_a0820212,Last_c303a8c7,First_7df2c25f,5053011759,5050375952,user_715c4f12e0@example.com,Address_f05df871,City_e708c712,ZZ,72477,Address_a226cdca,City_c05d421a,ZZ,72477,Last_a789b266,First_632ccf40,5053011759,user_74730055a8@example.com,Note_b4b79405,1670,72361FB7-3C6B-8E41-B761-3C41FDB3944D
OWNER_b2651f30ba6c,Company_9d6fc041,Last_e426d275,First_da1f869d,5052373868,5050375952,user_b012aa763b@example.com,Address_f05df871,City_e708c712,ZZ,72477,Address_a226cdca,City_c05d421a,ZZ,72477,Last_d178528e,First_72cae815,5050375952,user_715c4f12e0@example.com,Note_2168f0cd,903,54D21264-05BA-486B-BD4E-3CECEA120878
OWNER_4a10a05e183b,Company_1f7e966b,Last_7bd3af51,First_2c24c138,5050375952,5050375952,user_715c4f12e0@example.com,Address_c45610a0,City_a000d1fb,ZZ,66775,Address_a226cdca,City_c05d421a,ZZ,72477,Last_1546fab4,First_45e1a47c,5053814108,user_87be2b8fe4@example.com,Note_345048f8,1378,1554BA33-7068-47D9-A3E2-3D0F8A7F76E0
OWNER_df9e729d344d,Company_9d6fc041,Last_09f645cb,First_5a53d49c,5050375952,5050375952,user_715c4f12e0@example.com,Address_f05df871,City_e708c712,ZZ,72477,Address_a226cdca,City_c05d421a,ZZ,72477,Last_d178528e,First_72cae815,5050375952,user_715c4f12e0@example.com,Note_8671cb4a,231,E3CB385B-1EFE-46AC-8877-3D36FACBB94A
OWNER_cd0011ae5877,Company_9d6fc041,Last_d5fd4ad2,First_8f8821a6,5053136525,5050375952,user_153fc54768@example.com,Address_b3afba70,City_c0fbf85c,ZZ,75073,Address_6d65fd9b,City_76200585,ZZ,75073,Last_d178528e,First_72cae815,5050375952,user_715c4f12e0@example.com,Note_2168f0cd,1292,154084F6-C68F-4BB6-AF25-3D9FBA6E2915
OWNER_3e903ba16339,Company_e27a941f,Last_5bfe052c,First_4b830a01,5050375952,5057404353,user_4f610c273d@example.com,Address_1e5dcded,City_2703a920,ZZ,81958,Address_a226cdca,City_c05d421a,ZZ,72477,Last_d178528e,First_72cae815,5050375952,user_0f74c66325@example.com,Note_2168f0cd,1607,F2DF2E8D-78BB-E348-8010-3DA980B48448
OWNER_61896153b5ec,Company_9d6fc041,Last_48f089fb,First_198f1efa,5052442889,5055765717,user_715c4f12e0@example.com,Address_c4ee13bd,City_2402b24b,ZZ,48412,Address_a226cdca,City_c05d421a,ZZ,72477,Last_d178528e,First_72cae815,5050375952,user_715c4f12e0@example.com,Note_0d8eebc1,154,9FE8FC1A-2999-4E14-8286-3DBE4B46D0F6
OWNER_5d42b18df75d,Company_2162745b,Last_04192c01,First_e65ebac4,5055938385,5050375952,user_715c4f12e0@example.com,Address_8f3e1b49,City_c4dc565f,ZZ,45848,Address_a226cdca,City_c05d421a,ZZ,72477,Last_7c6fb92c,First_d7df6c43,5052640926,user_715c4f12e0@example.com,Note_24d3b9d4,1688,0B45F009-6BF4-5548-8DAE-3DE16DDEFC30
OWNER_357043563df2,Company_9d6fc041,Last_4b5dde17,First_c5200404,5055492505,5050375952,user_715c4f12e0@example.com,Address_89ee3dcf,City_2402b24b,ZZ,48412,Address_a226cdca,City_c05d421a,ZZ,72477,Last_d178528e,First_72cae815,5050375952,user_715c4f12e0@example.com,Note_2168f0cd,754,166A9478-CCF2-46CE-9219-3DF03C8A2B3B
OWNER_e7a150529a2b,Company_9d6fc041,Last_3a20210c,First_6af53693,5050375952,5057191368,user_715c4f12e0@example.com,Address_f05df871,City_e708c712,ZZ,72477,Address_5ba6d261,City_76200585,ZZ,75073,Last_d178528e,First_72cae815,5050375952,user_715c4f12e0@example.com,Note_2168f0cd,1236,14E5CFE7-A7A2-45C1-8A6D-3E0E0D74CFA3
OWNER_2a364f1af3c3,Company_9d6fc041,Last_31495e03,First_ae074609,5053177185,5050375952,user_715c4f12e0@example.com,Address_42d4a304,City_c0fbf85c,ZZ,75073,Address_a226cdca,City_c05d421a,ZZ,72477,Last_d178528e,First_72cae815,5050375952,user_715c4f12e0@example.com,Note_2168f0cd,1342,E5BE2618-24B4-4151-8AC5-3E2D130530C7
OWNER_091bf5919cd0,Company_9d6fc041,Last_22617a5f,First_fa157f1b,5050375952,5050375952,user_715c4f12e0@example.com,Address_f05df871,City_e708c712,ZZ,72477,Address_a226cdca,City_c05d421a,ZZ,72477,Last_d178528e,First_72cae815,5050375952,user_715c4f12e0@example.com,Note_2168f0cd,886,33218DD1-1C3D-4FC2-A951-3E44A3C5B898
OWNER_c2ba773de151,Company_9d6fc041,Last_173f10f7,First_95a4f29c,5050375952,5055402160,user_715c4f12e0@example.com,Address_f05df871,City_e708c712,ZZ,72477,Address_a226cdca,City_c05d421a,ZZ,72477,Last_d178528e,First_72cae815,5050375952,user_715c4f12e0@example.com,Note_2168f0cd,1965,3657F500-74FD-4081-B170-3E58B2EDF3F2
OWNER_b83846f8a75a,Company_9d6fc041,Last_cb56a0ca,First_55be1046,5058045789,5050375952,user_715c4f12e0@example.com,Address_f05df871,City_e708c712,ZZ,72477,Address_a226cdca,City_c05d421a,ZZ,72477,Last_d178528e,First_72cae815,5050375952,user_715c4f12e0@example.com,Note_810a71b7,448,D55E1BCB-E8FC-425C-9165-3E62C93228E8
OWNER_c729da835877,Company_9d6fc041,Last_275e6408,First_edcb5ccd,5059990626,5050375952,user_bc0d492b37@example.com,Address_acb41b4a,City_37084ed9,ZZ,45530,Address_6b1e63ef,City_528281b9,ZZ,45530,Last_d178528e,First_72cae815,5050375952,user_715c4f12e0@example.com,Note_2168f0cd,1565,02425814-F9A9-8B4C-9DE3-3EA9FE046A44
OWNER_5cb9296e329d,Company_e9394416,Last_71e93b69,First_7c4773ca,5051139567,5050375952,user_715c4f12e0@example.com,Address_f05df871,City_e708c712,ZZ,72477,Address_a226cdca,City_c05d421a,ZZ,72477,Last_d178528e,First_72cae815,5050375952,user_715c4f12e0@example.com,Note_f0a2201f,1527,DE898D93-5ED5-554A-8630-3EBB45C560DC
OWNER_300a02f9cedf,Company_3f4218d6,Last_04192c01,First_e65ebac4,5050375952,5053132609,user_6b58c4a952@example.com,Address_8f3e1b49,City_c4dc565f,ZZ,45848,Address_a226cdca,City_c05d421a,ZZ,72477,Last_d178528e,First_72cae815,5050375952,user_715c4f12e0@example.com,Note_7126fe4b,1689,C883EE33-B1E9-8640-ABD1-3ECC2302FDC4
OWNER_7b292b21fe60,Company_39d65d62,Last_7bd3af51,First_2c24c138,5050375952,5050375952,user_715c4f12e0@example.com,Address_f05df871,City_e708c712,ZZ,72477,Address_a226cdca,City_c05d421a,ZZ,72477,Last_d178528e,First_72cae815,5050375952,user_715c4f12e0@example.com,Note_2168f0cd,13,C3598C03-E02F-463F-ADB7-3EFCEE445E01
OWNER_7083230dd7c8,Company_9d6fc041,Last_e90ff649,First_68d4ae17,5057085395,5050375952,user_715c4f12e0@example.com,Address_72b3be98,City_1c11a706,ZZ,65345,Address_a226cdca,City_c05d421a,ZZ,72477,Last_d178528e,First_72cae815,5050375952,user_715c4f12e0@example.com,Note_2168f0cd,215,0ADD4E3B-BA6C-4E94-B8C6-3F342B953949
OWNER_3b9a15a29fa0,Company_11ab9212,Last_68a3f569,First_abf52d77,5056252303,5052369092,user_7e6373331e@example.com,Address_d8f68f97,City_e708c712,ZZ,72477,Address_a226cdca,City_c05d421a,ZZ,72477,Last_d178528e,First_72cae815,5050375952,user_715c4f12e0@example.com,Note_33f9b13a,1557,C9A93EE3-3F90-C545-9B1E-3F4563D768B7
OWNER_18b7632e00ae,Company_9d6fc041,Last_193be022,First_711154e2,5055174877,5050375952,user_715c4f12e0@example.com,Address_121ff341,City_7b197ff8,ZZ,62553,Address_a226cdca,City_c05d421a,ZZ,72477,Last_d178528e,First_72cae815,5050375952,user_715c4f12e0@example.com,Note_2168f0cd,697,3501A6BC-C0FB-4914-901A-3F48CD545E4D
OWNER_e0c8e52e609f,Company_9d6fc041,Last_a3ab09db,First_fe3cbe5d,5050375952,5050033731,user_4ab8b36875@example.com,Address_9f1c2be4,City_f194ca26,ZZ,67893,Address_e9fe52a2,City_94b6fd86,ZZ,67893,Last_d178528e,First_72cae815,5050375952,user_715c4f12e0@example.com,Note_2168f0cd,1600,1A47094A-9634-FD41-B64B-3F7A31F2D4AC
OWNER_990bb0c055af,Company_ad0ab4bb,Last_a5209bda,First_290169a0,5050375952,5054026288,user_eaebf894e9@example.com,Address_f05df871,City_e708c712,ZZ,72477,Address_a226cdca,City_c05d421a,ZZ,72477,Last_dfe5033e,First_eb928d61,5050375952,user_78938e5137@example.com,Note_6dae619b,1577,F5EEEACB-4190-AE40-A32E-3F98701CF54E
OWNER_86bf17854213,Company_9d6fc041,Last_c4062955,First_c1569a7e,5057605717,5055099641,user_e198d18dd4@example.com,Address_056e92b7,City_6ec3f32a,ZZ,04722,Address_4d2ea514,City_8dbac927,ZZ,72477,Last_d178528e,First_72cae815,5050375952,user_715c4f12e0@example.com,Note_ddeccebb,597,4E46E59A-120D-4E22-BEDD-3FDD9B219419
OWNER_7dacc60f0bbd,Company_9d6fc041,Last_98dadca1,First_fa157f1b,5050375952,5051687570,user_bbe1c61207@example.com,Address_f05df871,City_e708c712,ZZ,72477,Address_c47fec04,City_17db8506,ZZ,72477,Last_d178528e,First_72cae815,5050375952,user_715c4f12e0@example.com,Note_de74633e,1145,ADB19CBA-D955-47C1-A15B-3FF527DFBD9F
OWNER_80d861580252,Company_9d6fc041,Last_176aca2f,First_323221ac,5050375952,5051565174,user_715c4f12e0@example.com,Address_f05df871,City_e708c712,ZZ,72477,Address_dffc8b02,City_c05d421a,ZZ,72477,Last_93209108,First_72d69541,5055064116,user_f782822eaa@example.com,Note_1cff089c,1176,D41BFE24-7BD6-450E-8AEA-4016E023CBC6
OWNER_826bdba5a89a,Company_9d6fc041,Last_01e559c6,First_b7ffef75,5052270255,5050375952,user_715c4f12e0@example.com,Address_f05df871,City_e708c712,ZZ,72477,Address_a226cdca,City_c05d421a,ZZ,72477,Last_d178528e,First_72cae815,5050375952,user_715c4f12e0@example.com,Note_2168f0cd,255,72D1D4C6-85A3-4F51-94D0-402D77358034
OWNER_143e05c7afed,Company_69043786,Last_145b2f63,First_5f9e9a63,5056822941,5050375952,user_715c4f12e0@example.com,Address_5f513425,City_52db04ba,ZZ,57687,Address_a226cdca,City_c05d421a,ZZ,72477,Last_d178528e,First_72cae815,5050375952,user_715c4f12e0@example.com,Note_2168f0cd,1156,3DE4520F-8004-4C05-834D-4056D823C2A7
OWNER_5f7d7092c62d,Company_9d6fc041,Last_12540dd5,First_2c70ff8b,5050375952,5050375952,user_715c4f12e0@example.com,Address_f05df871,City_e708c712,ZZ,72477,Address_a226cdca,City_c05d421a,ZZ,72477,Last_d178528e,First_72cae815,5050375952,user_715c4f12e0@example.com,Note_2168f0cd,266,5287F4F1-6A69-4D5E-8732-4086EF06C5E2
OWNER_874269812248,Company_9d6fc041,Last_aa399e01,First_4fe74f3c,5058244669,5050375952,user_90a0bcb836@example.com,Address_14bf040a,City_1c11a706,ZZ,65345,Address_65918856,City_5623d0c4,ZZ,72477,Last_d178528e,First_72cae815,5050375952,user_715c4f12e0@example.com,Note_2168f0cd,1468,ACA49C59-D7E7-124E-9B04-40A4896664BF
OWNER_83223e0afbe5,Company_89217784,Last_85f871a2,First_8446ad6c,5051263162,5050375952,user_715c4f12e0@example.com,Address_671f941a,City_8fedf203,ZZ,69497,Address_a226cdca,City_c05d421a,ZZ,72477,Last_d178528e,First_72cae815,5050375952,user_715c4f12e0@example.com,Note_5de3bc7e,959,634D9658-8673-4CAE-9AD3-40D86AD9BC2F
OWNER_713ca145e52c,Company_9d6fc041,Last_e000a227,First_16fa56d2,5050375952,5050375952,user_715c4f12e0@example.com,Address_6108fb02,City_2402b24b,ZZ,48412,Address_a226cdca,City_c05d421a,ZZ,72477,Last_6311019f,First_e057a961,5052142510,user_6c5adc0437@example.com,Note_ff05cda3,811,CD185E96-8D27-454B-B66C-4118198FAFC7
OWNER_f4780b5ff0ad,Company_9d6fc041,Last_f491dbba,First_a82d6021,5054766675,5050375952,user_715c4f12e0@example.com,Address_2cf161e4,City_d1da5b12,ZZ,76447,Address_a226cdca,City_c05d421a,ZZ,72477,Last_d178528e,First_72cae815,5050375952,user_715c4f12e0@example.com,Note_2168f0cd,1122,0744A34F-B9C2-4CD7-A4B4-4169D99155CC
OWNER_aab71181a83e,Company_9d6fc041,Last_82f99b6e,First_258cb898,5051853294,5050375952,user_715c4f12e0@example.com,Address_c2682f03,City_3c553bcc,ZZ,72477,Address_a226cdca,City_c05d421a,ZZ,72477,Last_6a81e700,First_3419b79a,5054272455,user_715c4f12e0@example.com,Note_c435cc40,1434,17BDFFF9-CF4B-4A7F-8272-41781E1EDDE0
OWNER_3024d16c57c6,Company_cc96502e,Last_7bd3af51,First_2c24c138,5050375952,5050375952,user_715c4f12e0@example.com,Address_f05df871,City_e708c712,ZZ,72477,Address_a226cdca,City_c05d421a,ZZ,72477,Last_d178528e,First_72cae815,5050375952,user_715c4f12e0@example.com,Note_30315600,1096,599E8E4D-1ED3-4068-9B10-417FE7BBC4A4
OWNER_40c708483e4c,Company_9d6fc041,Last_3cc39ed2,First_69aa8fb0,5058841254,5050337748,user_715c4f12e0@example.com,Address_f05df871,City_e708c712,ZZ,72477,Address_d22e75ec,City_282e7459,ZZ,13416,Last_d178528e,First_72cae815,5050375952,user_715c4f12e0@example.com,Note_1a5ea07e,1405,C7666F1F-4B8D-4B9D-A55F-4184DD22F29C
OWNER_78df79f0bf69,Company_9d6fc041,Last_96613340,First_e1357c6a,5052294336,5050375952,user_715c4f12e0@example.com,Address_f05df871,City_e708c712,ZZ,72477,Address_a226cdca,City_c05d421a,ZZ,72477,Last_d178528e,First_72cae815,5050375952,user_715c4f12e0@example.com,Note_2168f0cd,785,1E7448DD-6CC7-450B-86EB-41C3B9154FDF
OWNER_119bbabdb567,Company_9d6fc041,Last_3a3eb91c,First_f82cc95c,5051446293,5050375952,user_715c4f12e0@example.com,Address_dd3a8c62,City_013579ea,ZZ,74737,Address_a226cdca,City_c05d421a,ZZ,72477,Last_d178528e,First_72cae815,5050375952,user_715c4f12e0@example.com,Note_2168f0cd,156,C5AC25E4-0917-4CD9-8D27-41CA6F3C7AD9
OWNER_8fb2088378ec,Company_9d6fc041,Last_841f6883,First_4212ee2b,5052912688,5057069960,user_3734444b77@example.com,Address_f05df871,City_e708c712,ZZ,72477,Address_62565674,City_17db8506,ZZ,72477,Last_d178528e,First_72cae815,5050375952,user_715c4f12e0@example.com,Note_2168f0cd,55,A5608C3D-3613-4C8F-8412-41CD3449D509
OWNER_8ae5a6842cae,Company_9d6fc041,Last_bfd24cea,First_d2cf130e,5050375952,5051194100,user_715c4f12e0@example.com,Address_f05df871,City_e708c712,ZZ,72477,Address_86a98bb7,City_4e9d70b8,ZZ,36173,Last_d178528e,First_72cae815,5050375952,user_715c4f12e0@example.com,Note_2168f0cd,1952,CCFADF69-00E3-43DD-941A-41CF89102EB0
OWNER_b8c7b533bfa9,Company_9d6fc041,Last_faa9ac9e,First_4a92342b,5050375952,5051201446,user_745735c5c7@example.com,Address_cf737ce5,City_46f66fcf,ZZ,39493,Address_e888e74b,City_729a8613,ZZ,39493,Last_d178528e,First_72cae815,5050375952,user_715c4f12e0@example.com,Note_2168f0cd,1877,F15AB43A-856D-427C-ADEA-41E2478AEB35
OWNER_2520b8e40bf4,Company_a9102585,Last_7bd3af51,First_2c24c138,5050375952,5050375952,user_715c4f12e0@example.com,Address_f05df871,City_e708c712,ZZ,72477,Address_a226cdca,City_c05d421a,ZZ,72477,Last_d178528e,First_72cae815,5050375952,user_715c4f12e0@example.com,Note_2168f0cd,1099,99654842-ECA0-4F6B-BA0A-424E5950DC6A
OWNER_5dd33ca050a1,Company_9d6fc041,Last_17dda1dd,First_5ce17f82,5052282205,5050375952,user_715c4f12e0@example.com,Address_89ee5e01,City_eb940fb0,ZZ,28095,Address_a226cdca,City_c05d421a,ZZ,72477,Last_d178528e,First_72cae815,5050375952,user_715c4f12e0@example.com,Note_697aee83,274,FA0E2F19-2C15-475D-94DA-42C2B1E09E19
OWNER_6b9f2fc1b9bf,Company_9d6fc041,Last_e90ff649,First_4b67043d,5050375952,5050375952,user_715c4f12e0@example.com,Address_f05df871,City_e708c712,ZZ,72477,Address_ac35c8b6,City_76200585,ZZ,75073,Last_d178528e,First_72cae815,5050375952,user_715c4f12e0@example.com,Note_2168f0cd,1281,2B232BD8-26C3-4727-A8A3-42C7CCC6460D
OWNER_cda6346b7ec5,Company_9d6fc041,Last_8a03b48d,First_a298104e,5050375952,5050375952,user_715c4f12e0@example.com,Address_870e6397,City_6362488e,ZZ,82040,Address_a226cdca,City_c05d421a,ZZ,72477,Last_d178528e,First_72cae815,5050375952,user_715c4f12e0@example.com,Note_2168f0cd,831,6954B346-A46B-47B8-9EF6-42D965CD1AFF
OWNER_8919fa1fc940,Company_9d6fc041,Last_358dbf7e,First_6221b53a,5050375952,5051585275,user_f9fbd7cefd@example.com,Address_bc780c11,City_f5f38e56,ZZ,52085,Address_6bc12f80,City_3a846ee9,ZZ,52085,Last_d178528e,First_72cae815,5050375952,user_715c4f12e0@example.com,Note_2168f0cd,1928,7401116E-7DCC-42E2-8AFA-4302ED8092D3
OWNER_a3893e9ced78,Company_9d6fc041,Last_938cfd1b,First_4785c50d,5057014338,5050375952,user_715c4f12e0@example.com,Address_03c667a2,City_73ebcd64,ZZ,71535,Address_b97b475d,City_25684dcf,ZZ,72477,Last_d178528e,First_72cae815,5050375952,user_715c4f12e0@example.com,Note_2168f0cd,238,12ECD8FF-B254-4C50-A798-433435E2AAE5
OWNER_9ca8ed489c6a,Company_9d6fc041,Last_c3d4a251,First_6cf2066c,5058521394,5053867022,user_715c4f12e0@example.com,Address_f05df871,City_e708c712,ZZ,72477,Address_cc41ff1b,City_76200585,ZZ,75073,Last_d178528e,First_72cae815,5050375952,user_715c4f12e0@example.com,Note_9804e846,1264,4F63A773-B984-4A47-BF1E-4338B792DD70
OWNER_865ee373c844,Company_9d6fc041,Last_6aef51af,First_bf2ec069,5055288825,5050375952,user_dc254e3158@example.com,Address_8f053cba,City_23604209,ZZ,73028,Address_cb4b40ff,City_adce70d4,ZZ,72477,Last_11e06658,First_81c6f3f4,5056074757,user_0a9d7f36bd@example.com,Note_26de4ea3,1547,C31EC05B-2EAC-F14E-9283-436107E00043
OWNER_a7efa7274d2b,Company_9d6fc041,Last_1739eed2,First_69d72d44,5050375952,5050493287,user_0a6fd00ab6@example.com,Address_3e2f462d,City_c8ef49e0,ZZ,99337,Address_e6de8bca,City_253be803,ZZ,99337,Last_d178528e,First_72cae815,5050375952,user_715c4f12e0@example.com,Note_2168f0cd,1866,CE5FF838-202E-4724-B540-438C731CAFF0
OWNER_383a83460ba7,Company_9d6fc041,Last_8fa6c2b6,First_56a007bc,5059786700,5050375952,user_715c4f12e0@example.com,Address_f05df871,City_e708c712,ZZ,72477,Address_a2670e5f,City_76200585,ZZ,75073,Last_d178528e,First_72cae815,5050375952,user_715c4f12e0@example.com,Note_26dc745f,1263,51F12670-AF8A-42AB-9DF5-43A3FE035FED
OWNER_b5ee3efa490d,Company_9d6fc041,Last_599dff70,First_46cd53d2,5056381478,5057178880,user_715c4f12e0@example.com,Address_375c47f4,City_2402b24b,ZZ,48412,Address_a226cdca,City_c05d421a,ZZ,72477,Last_d178528e,First_72cae815,5050375952,user_715c4f12e0@example.com,Note_1dfd8f8a,370,CF2E63F0-674D-40F9-B1C5-43BAE53AFE01
OWNER_eaaeb8fccb1d,Company_9d6fc041,Last_b47ad574,First_953a7401,5050790468,5050375952,user_d6a5cf1352@example.com,Address_f05df871,City_e708c712,ZZ,72477,Address_a226cdca,City_c05d421a,ZZ,72477,Last_86b8d6e3,First_2b7d9dbc,5050375952,user_715c4f12e0@example.com,Note_0b0d60bd,224,EEC37941-0F14-4249-BE98-43C44638DDEE
OWNER_adcdd80402ae,Company_9d6fc041,Last_270c8b64,First_a00f80f2,5050375952,5059543401,user_1e237e6a4b@example.com,Address_2af396a8,City_c0fbf85c,ZZ,75073,Address_71762bcf,City_76200585,ZZ,75073,Last_d178528e,First_72cae815,5050375952,user_715c4f12e0@example.com,Note_2168f0cd,1308,22C099D5-0200-41AE-952C-43E9488CC1D0
OWNER_7be1c811647b,Company_9d6fc041,Last_4c6eac7d,First_e8a7ac52,5058019789,5050375952,user_715c4f12e0@example.com,Address_f05df871,City_e708c712,ZZ,72477,Address_a226cdca,City_c05d421a,ZZ,72477,Last_d178528e,First_72cae815,5050375952,user_715c4f12e0@example.com,Note_2168f0cd,450,7C6010BB-48AC-4753-BE44-43ED03A08045
OWNER_4799945e166d,Company_ac8e1c60,Last_7bd3af51,First_2c24c138,5050375952,5050375952,user_715c4f12e0@example.com,Address_f05df871,City_e708c712,ZZ,72477,Address_a226cdca,City_c05d421a,ZZ,72477,Last_d178528e,First_72cae815,5050375952,user_715c4f12e0@example.com,Note_2168f0cd,1101,86381E45-52C4-4460-9C99-44000FC19C02
OWNER_f90857ae85be,Company_9d6fc041,Last_d5c3e8cd,First_697dd0c1,5051485584,5050375952,user_715c4f12e0@example.com,Address_f05df871,City_e708c712,ZZ,72477,Address_a226cdca,City_c05d421a,ZZ,72477,Last_d178528e,First_72cae815,5050375952,user_715c4f12e0@example.com,Note_2168f0cd,778,F82D62FB-563F-403A-B4CC-4423D6BBC2EE
OWNER_4db966cc9123,Company_8ad7f18c,Last_a74eca20,First_d21c8c64,5050375952,5051970708,user_08cf7950cc@example.com,Address_f05df871,City_e708c712,ZZ,72477,Address_a5ff0441,City_7f3a6280,ZZ,72477,Last_b7cfd128,First_373785b8,5058777060,user_76af789774@example.com,Note_944aabc9,1520,3877FE2D-836F-6842-8C20-44445AB165CD
OWNER_9931e1888763,Company_ed8f5607,Last_fcf938b6,First_85458ce4,5055672476,5054142863,user_75820e7f1b@example.com,Address_f05df871,City_e708c712,ZZ,72477,Address_a226cdca,City_c05d421a,ZZ,72477,Last_d178528e,First_72cae815,5050375952,user_715c4f12e0@example.com,Note_551dc554,1158,57AD0E32-D94A-4E43-AA13-4472930E4E8A
OWNER_8658dcd43ec9,Company_9d6fc041,Last_6bc5c578,First_101a37ca,5050375952,5050375952,user_715c4f12e0@example.com,Address_f05df871,City_e708c712,ZZ,72477,Address_a226cdca,City_c05d421a,ZZ,72477,Last_d178528e,First_72cae815,5050375952,user_715c4f12e0@example.com,Note_09644029,1117,3AA2BF04-6308-4720-B372-44B2DDE0BC46
OWNER_ab1562d357e9,Company_9d6fc041,Last_deecb795,First_76bce44d,5053124072,5050375952,user_28ce13b5c7@example.com,Address_8ba72664,City_c0fbf85c,ZZ,75073,Address_60448f46,City_76200585,ZZ,75073,Last_d178528e,First_72cae815,5050375952,user_715c4f12e0@example.com,Note_2168f0cd,1279,9BAA48F1-958B-4DD8-9379-44D80EBEF9B2
OWNER_c1fb714b6616,Company_9d6fc041,Last_dba5d056,First_7c047c53,5058383153,5050375952,user_715c4f12e0@example.com,Address_f05df871,City_e708c712,ZZ,72477,Address_8d3cdd03,City_76200585,ZZ,75073,Last_d178528e,First_72cae815,5050375952,user_715c4f12e0@example.com,Note_2168f0cd,1271,9F4ABE50-BB7E-4976-A666-44F25B478280
OWNER_d30331c46c90,Company_9d6fc041,Last_ee62b7c3,First_29ed6266,5050375952,5050375952,user_715c4f12e0@example.com,Address_f05df871,City_e708c712,ZZ,72477,Address_a226cdca,City_c05d421a,ZZ,72477,Last_d178528e,First_72cae815,5050375952,user_715c4f12e0@example.com,Note_8671cb4a,692,ADCA5E75-98B3-45BF-96EC-452D4511E7F4
OWNER_0328a1ad1cfb,Company_9d6fc041,Last_4e2e8009,First_0337f35b,5050375952,5050375952,user_715c4f12e0@example.com,Address_b219fc11,City_a000d1fb,ZZ,66775,Address_23177176,City_30bd86a3,ZZ,72477,Last_d178528e,First_72cae815,5050375952,user_715c4f12e0@example.com,Note_2168f0cd,1398,37447F7C-CDC8-4F48-9C2C-45787C7A1C6D
OWNER_73fbf1cc89e4,Company_9d6fc041,Last_6a6274bc,First_e3731ead,5050046603,5050375952,user_715c4f12e0@example.com,Address_ed5b1367,City_9870ba28,ZZ,26022,Address_a226cdca,City_c05d421a,ZZ,72477,Last_d178528e,First_72cae815,5050375952,user_715c4f12e0@example.com,Note_2168f0cd,434,0B204AB9-396F-4788-8212-459FEF3823BB
OWNER_9e3bd16e7399,Company_9d6fc041,Last_386d24ae,First_407873b7,5050375952,5050375952,user_715c4f12e0@example.com,Address_20087b40,City_73ebcd64,ZZ,71535,Address_a226cdca,City_c05d421a,ZZ,72477,Last_d178528e,First_72cae815,5050375952,user_715c4f12e0@example.com,Note_2168f0cd,781,A001B8CC-907A-481C-84F2-45ABF53E8E37
OWNER_d6d2244708b8,Company_9c066ff4,Last_78783e5d,First_a82d6021,5050375952,5056528973,user_9b438c282e@example.com,Address_1dde2309,City_8b66eab0,ZZ,11095,Address_a226cdca,City_c05d421a,ZZ,72477,Last_81aac8fc,First_892860c2,5057636301,user_daa7e9bee5@example.com,Note_eb1f2e31,1494,2175F750-A4E5-1545-8EE7-45E7A3B3379F
OWNER_a72d66ae3859,Company_1ccd9278,Last_5457adf3,First_eb2fe4f1,5055489363,5055799454,user_da0931c703@example.com,Address_2a4e05d0,City_ca4bb91c,ZZ,70370,Address_a226cdca,City_c05d421a,ZZ,72477,Last_9a8397aa,First_bbdb2176,5055795802,user_3a20786b06@example.com,Note_03e62429,1056,73447227-9CAC-492B-95F5-45F8FD24EAB9
OWNER_fa64757aa890,Company_9d6fc041,Last_745caf94,First_3f527f72,5055670841,5050375952,user_e2b3733735@example.com,Address_860436d4,City_c0fbf85c,ZZ,75073,Address_ec59ba62,City_76200585,ZZ,75073,Last_d178528e,First_72cae815,5050375952,user_715c4f12e0@example.com,Note_2168f0cd,1335,A9D94F60-F311-4272-88ED-460DC06E719A
OWNER_48c9e88340b3,Company_9d6fc041,Last_c97b2f63,First_32f0fee1,5050399607,5050375952,user_8228d49364@example.com,Address_f05df871,City_e708c712,ZZ,72477,Address_a226cdca,City_c05d421a,ZZ,72477,Last_d178528e,First_72cae815,5050375952,user_715c4f12e0@example.com,Note_0b2d8cc1,98,C5CF2741-D584-4F08-853D-460EFE8483EB
OWNER_3c4d8df5dba2,Company_9d6fc041,Last_2be40f51,First_cd96949e,5050892780,5050375952,user_715c4f12e0@example.com,Address_f05df871,City_e708c712,ZZ,72477,Address_a226cdca,City_c05d421a,ZZ,72477,Last_ef3c6a25,First_749bb046,5057646653,user_4f9dca9535@example.com,Note_3ad3bd3a,144,A4210C1B-BA5C-4D64-B19B-4641E82CB216
OWNER_d8150ea7374e,Company_3d701f30,Last_7bd3af51,First_2c24c138,5050375952,5050375952,user_715c4f12e0@example.com,Address_f05df871,City_e708c712,ZZ,72477,Address_a226cdca,City_c05d421a,ZZ,72477,Last_d178528e,First_72cae815,5050375952,user_715c4f12e0@example.com,Note_2168f0cd,330,07E944A3-CFA5-4CDD-922D-468BCA914775
OWNER_21a69fd12ece,Company_9d6fc041,Last_270c8b64,First_6f804285,5050375952,5050375952,user_715c4f12e0@example.com,Address_f05df871,City_e708c712,ZZ,72477,Address_a226cdca,City_c05d421a,ZZ,72477,Last_d178528e,First_72cae815,5050375952,user_715c4f12e0@example.com,Note_2168f0cd,1007,60699713-7F62-4ECF-91D6-4694A274CDF1
OWNER_a99ce4e10b68,Company_9d6fc041,Last_4a69f71f,First_098b7a78,5051063966,5054195838,user_715c4f12e0@example.com,Address_c4b3552d,City_2e663e2c,ZZ,26334,Address_a226cdca,City_c05d421a,ZZ,72477,Last_d178528e,First_72cae815,5050375952,user_715c4f12e0@example.com,Note_c2cf9a84,501,41DCF698-98D4-4F88-8596-469D77021ED5
OWNER_bda4c8f21bf4,Company_9d6fc041,Last_69887f4d,First_fa157f1b,5053953494,5056874895,user_a55fbb80cd@example.com,Address_ed430b1a,City_73ebcd64,ZZ,15642,Address_0fb08b8f,City_9415c49e,ZZ,15642,Last_d178528e,First_72cae815,5050375952,user_715c4f12e0@example.com,Note_2168f0cd,1901,5DADD734-4AF2-4B01-AA76-46F8032CFF9C
OWNER_78565fad4c73,Company_9d6fc041,Last_43cdc24e,First_ebfbc358,5052031249,5050375952,user_715c4f12e0@example.com,Address_0b5c2fb4,City_c0fbf85c,ZZ,75073,Address_1b50d971,City_76200585,ZZ,75073,Last_d178528e,First_72cae815,5050375952,user_715c4f12e0@example.com,Note_efeb301e,1198,8F6D9713-1F49-4246-8BC1-472636193206
OWNER_bf55d20047ef,Company_9d6fc041,Last_f5945a8e,First_e2fa7e04,5056604885,5050375952,user_715c4f12e0@example.com,Address_f05df871,City_e708c712,ZZ,72477,Address_a226cdca,City_c05d421a,ZZ,72477,Last_7e27e365,First_cf88ab35,5059245994,user_715c4f12e0@example.com,Note_2168f0cd,84,729B1AE4-B9F0-4469-BDFA-4752859A049D
OWNER_50a7111c2f91,Company_9d6fc041,Last_0eeaff80,First_32c79dc8,5053584020,5050375952,user_715c4f12e0@example.com,Address_488670ad,City_9bb0076f,ZZ,94763,Address_a226cdca,City_c05d421a,ZZ,72477,Last_d178528e,First_72cae815,5050375952,user_715c4f12e0@example.com,Note_2168f0cd,698,DD77579A-0EA5-4126-91B0-47950C7528B6
OWNER_5d7afca46165,Company_427331cf,Last_7bd3af51,First_2c24c138,5050375952,5050375952,user_715c4f12e0@example.com,Address_f05df871,City_e708c712,ZZ,72477,Address_a226cdca,City_c05d421a,ZZ,72477,Last_d178528e,First_72cae815,5050375952,user_715c4f12e0@example.com,Note_2168f0cd,600,DDBDF5D7-3491-4B0E-8DFB-479ADF9A8AC3
OWNER_8901b1f756d0,Company_9d6fc041,Last_87b338b7,First_28f2faf5,5050375952,5050375952,user_715c4f12e0@example.com,Address_f05df871,City_e708c712,ZZ,72477,Address_a226cdca,City_c05d421a,ZZ,72477,Last_d178528e,First_72cae815,5050375952,user_715c4f12e0@example.com,Note_2168f0cd,189,FBD359E5-CD25-4974-A6A6-479D7E2F4A7E
OWNER_7f716ed6ef77,Company_9d6fc041,Last_db7c256a,First_f44fb45a,5058116599,5050375952,user_715c4f12e0@example.com,Address_14a40766,City_9bb0076f,ZZ,94763,Address_a226cdca,City_c05d421a,ZZ,72477,Last_d178528e,First_72cae815,5050375952,user_715c4f12e0@example.com,Note_2168f0cd,334,69EE9D23-D160-46BE-98A4-47CC24CDC77E
OWNER_a27b46a092c5,Company_4b8ec71e,Last_1fc8bdb6,First_667f00bd,5056440984,5050375952,user_aae94cbf0f@example.com,Address_b9f21c47,City_897c4ff0,ZZ,49297,Address_f0c55d01,City_f2f033b6,ZZ,18983,Last_abf296a0,First_137ef966,5056721898,user_715c4f12e0@example.com,Note_ece96610,1705,0A5AFA1B-9141-4C02-A0E5-48235F0C6D3B
OWNER_2d0266444533,Company_9d6fc041,Last_ab231b9d,First_05efaa9c,5050375952,5050375952,user_715c4f12e0@example.com,Address_f05df871,City_e708c712,ZZ,72477,Address_a226cdca,City_c05d421a,ZZ,72477,Last_d178528e,First_72cae815,5050375952,user_715c4f12e0@example.com,Note_6c8cc16e,335,01BCDFCE-5B06-41B5-B53B-4839EDFA1082
OWNER_4c472e190776,Company_49b405cc,Last_7bd3af51,First_2c24c138,5050375952,5050375952,user_715c4f12e0@example.com,Address_f05df871,City_e708c712,ZZ,72477,Address_a226cdca,City_c05d421a,ZZ,72477,Last_d178528e,First_72cae815,5050375952,user_715c4f12e0@example.com,Note_2168f0cd,294,9414D015-B097-4B36-9C6A-484AF71D2F74
OWNER_14928a9aba57,Company_9d6fc041,Last_95208015,First_d485e2fe,5051778687,5050375952,user_715c4f12e0@example.com,Address_23e10f3a,City_c0fbf85c,ZZ,75073,Address_e06712c1,City_76200585,ZZ,75073,Last_d178528e,First_72cae815,5050375952,user_715c4f12e0@example.com,Note_2168f0cd,1333,27AF51DD-CA53-412F-A534-48899634D729
OWNER_9b7622921ff4,Company_9d6fc041,Last_3c36e580,First_e35c9555,5050524711,5050375952,user_715c4f12e0@example.com,Address_e129e1c7,City_c0fbf85c,ZZ,72477,Address_43fe1d0c,City_76200585,ZZ,72477,Last_d178528e,First_72cae815,5050375952,user_715c4f12e0@example.com,Note_2168f0cd,1330,0C8E72F8-1BF4-42F9-9BCD-4896FE1A4FC5
OWNER_1ff1d4af3d62,Company_9d6fc041,Last_7678758b,First_26d014be,5057112076,5050375952,user_715c4f12e0@example.com,Address_f05df871,City_e708c712,ZZ,72477,Address_a226cdca,City_c05d421a,ZZ,72477,Last_adfecf2a,First_82f52167,5050375952,user_715c4f12e0@example.com,Note_466a760f,237,688F63BE-6829-4F27-B5F3-48B72DC00A73
OWNER_48c0595c9381,Company_9d6fc041,Last_4b5dde17,First_fbfd68dd,5058172484,5050375952,user_dd0d9b3c82@example.com,Address_c3ed5173,City_2402b24b,ZZ,48412,Address_a226cdca,City_c05d421a,ZZ,72477,Last_d178528e,First_72cae815,5050375952,user_715c4f12e0@example.com,Note_2168f0cd,750,96B782A6-C423-47D5-980B-48DEAB14E7B5
OWNER_3d7804ba2573,Company_5260b4d1,Last_7bd3af51,First_2c24c138,5050375952,5050375952,user_715c4f12e0@example.com,Address_f05df871,City_e708c712,ZZ,72477,Address_a226cdca,City_c05d421a,ZZ,72477,Last_d178528e,First_72cae815,5050375952,user_715c4f12e0@example.com,Note_2168f0cd,818,3741B221-CEDD-4CD5-B1D4-493579BCB2BF
OWNER_73c2dc34cd88,Company_9d6fc041,Last_ca52ba0b,First_34c50f93,5050375952,5050375952,user_715c4f12e0@example.com,Address_f05df871,City_e708c712,ZZ,72477,Address_a226cdca,City_c05d421a,ZZ,72477,Last_d178528e,First_72cae815,5050375952,user_715c4f12e0@example.com,Note_2168f0cd,191,1206D76F-CB19-4752-A29D-494059AA0C27
OWNER_f2b02d7e1d1f,Company_9d6fc041,Last_81005d18,First_e2fa7e04,5050375952,5050375952,user_715c4f12e0@example.com,Address_f05df871,City_e708c712,ZZ,72477,Address_a226cdca,City_c05d421a,ZZ,72477,Last_d178528e,First_72cae815,5050375952,user_715c4f12e0@example.com,Note_2168f0cd,186,657A0878-E7A0-4C7B-B833-4943F6441420
OWNER_d162fe0871d9,Company_9d6fc041,Last_a19ef261,First_9145b570,5050375952,5050375952,user_715c4f12e0@example.com,Address_f05df871,City_e708c712,ZZ,72477,Address_a226cdca,City_c05d421a,ZZ,72477,Last_d178528e,First_72cae815,5050375952,user_715c4f12e0@example.com,Note_2168f0cd,305,CCD166F5-CA53-4D4D-8E64-494AE7691919
OWNER_2521bbd36726,Company_9d6fc041,Last_55883ad0,First_ab9bef00,5050375952,5052437079,user_715c4f12e0@example.com,Address_41321a90,City_6ec3f32a,ZZ,78598,Address_cf810577,City_c05d421a,ZZ,72477,Last_d178528e,First_72cae815,5050375952,user_715c4f12e0@example.com,Note_2168f0cd,826,97745776-2BF1-4A8B-9AF0-494E2156AC0E
OWNER_2cb82a0b98b1,Company_9d6fc041,Last_86bd2359,First_1f9488db,5053875163,5050375952,user_715c4f12e0@example.com,Address_4c9760d4,City_9bb0076f,ZZ,94763,Address_a226cdca,City_c05d421a,ZZ,72477,Last_d178528e,First_72cae815,5050375952,user_715c4f12e0@example.com,Note_2168f0cd,855,BF9FA467-9C96-44E2-A1B1-496B61F58E0D
OWNER_833ccd7c33b0,Company_2acd4959,Last_7bd3af51,First_2c24c138,5050375952,5050375952,user_715c4f12e0@example.com,Address_f05df871,City_e708c712,ZZ,72477,Address_a226cdca,City_c05d421a,ZZ,72477,Last_d178528e,First_72cae815,5050375952,user_715c4f12e0@example.com,Note_2168f0cd,975,9346C98E-2A92-4066-9714-49F681FEEE32
OWNER_3a8b972a4a22,Company_9d6fc041,Last_c16047b8,First_098b7a78,5056000983,5056330546,user_8b74ccc045@example.com,Address_f05df871,City_e708c712,ZZ,72477,Address_f06cec1f,City_1304732a,ZZ,72477,Last_d178528e,First_72cae815,5050375952,user_715c4f12e0@example.com,Note_2168f0cd,762,95EF5EDB-2725-4C81-9810-4A5F35EA85FF
OWNER_171b12b60362,Company_9d6fc041,Last_2f88ab2a,First_5806527f,5053905696,5050375952,user_715c4f12e0@example.com,Address_f05df871,City_e708c712,ZZ,72477,Address_a226cdca,City_c05d421a,ZZ,72477,Last_d178528e,First_72cae815,5050375952,user_715c4f12e0@example.com,Note_2168f0cd,1003,28808A84-5F74-43F5-A5FE-4B6F7B3FB639
OWNER_7d56f517e098,Company_9d6fc041,Last_fd883e35,First_52da625e,5058683094,5050375952,user_05d32a4312@example.com,Address_f05df871,City_e708c712,ZZ,72477,Address_ac015e24,City_14b44757,ZZ,72477,Last_09a590ef,First_25bef11c,5050375952,user_715c4f12e0@example.com,Note_2168f0cd,1685,AAF04255-BA8F-4049-89ED-4BB26F1EC322
OWNER_c0d6e325a8fb,Company_9d6fc041,Last_4763b216,First_cd96949e,5052032932,5050375952,user_715c4f12e0@example.com,Address_f05df871,City_e708c712,ZZ,72477,Address_a226cdca,City_c05d421a,ZZ,72477,Last_d178528e,First_72cae815,5050375952,user_715c4f12e0@example.com,Note_2168f0cd,143,5A01306A-B93F-4193-9570-4C1B9A4F6B94
OWNER_744a4a0004d9,Company_2023ec4b,Last_d274de0e,First_69aa8fb0,5055813589,5058958766,user_715c4f12e0@example.com,Address_f05df871,City_e708c712,ZZ,72477,Address_a226cdca,City_c05d421a,ZZ,72477,Last_d178528e,First_72cae815,5050375952,user_715c4f12e0@example.com,Note_fb554dc6,162,410A989B-282B-473C-8857-4C23319E5791
OWNER_866324faf210,Company_9d6fc041,Last_01e37127,First_8b7ca3ca,5050375952,5050375952,user_715c4f12e0@example.com,Address_f05df871,City_e708c712,ZZ,72477,Address_a226cdca,City_c05d421a,ZZ,72477,Last_d178528e,First_72cae815,5050375952,user_715c4f12e0@example.com,Note_2168f0cd,44,87F556CF-93F2-4521-9964-4C518A7E8309
OWNER_ccabcbe80210,Company_9d6fc041,Last_d1ec986b,First_69d72d44,5050375952,5050375952,user_715c4f12e0@example.com,Address_f05df871,City_e708c712,ZZ,72477,Address_a226cdca,City_c05d421a,ZZ,72477,Last_529c84f0,First_f966de24,5050974113,user_715c4f12e0@example.com,Note_0e7ee536,1662,D5A4F482-959A-0F46-BE33-4C644016FCF6
OWNER_61b113351c0e,Company_9d6fc041,Last_c72ae2dc,First_3b566dad,5054671182,5050375952,user_715c4f12e0@example.com,Address_f05df871,City_e708c712,ZZ,72477,Address_f702f554,City_76200585,ZZ,75073,Last_d178528e,First_72cae815,5050375952,user_715c4f12e0@example.com,Note_2168f0cd,1284,272B77E4-3980-47C6-BD75-4CA9E7EDA416
OWNER_c6b5631e511c,Company_9d6fc041,Last_79b2e18f,First_97959d73,5055450569,5050375952,user_731f5357a5@example.com,Address_f05df871,City_e708c712,ZZ,72477,Address_84ab6dc8,City_88fbff6d,ZZ,11976,Last_d178528e,First_72cae815,5050375952,user_715c4f12e0@example.com,Note_2168f0cd,1605,83A98E6E-7E81-9546-9A11-4CB1340E1C2B
OWNER_0a0fd9895766,Company_3c2c15ed,Last_a26bdc4c,First_69502fd2,5056882908,5052315538,user_bd4646673d@example.com,Address_b76008a4,City_e25f77f4,ZZ,56868,Address_29bb0db5,City_6e110427,ZZ,56868,Last_2ffd8665,First_72cae815,5051871802,user_715c4f12e0@example.com,Note_2168f0cd,320,2D5EA0AB-9D9D-46DC-A25A-4CC550266D7E
OWNER_db4d793575a7,Company_9d6fc041,Last_82ccd7dd,First_d8737694,5055334230,5050375952,user_715c4f12e0@example.com,Address_58ffa58a,City_1c11a706,ZZ,65345,Address_a226cdca,City_c05d421a,ZZ,72477,Last_d178528e,First_72cae815,5050375952,user_715c4f12e0@example.com,Note_2168f0cd,354,4953C0EA-24B4-4C65-AE2F-4CDD0F239881
OWNER_27c2214efbd7,Company_9d6fc041,Last_25309462,First_407873b7,5050375952,5051362749,user_4138b05bca@example.com,Address_f05df871,City_e708c712,ZZ,72477,Address_7d5d47c9,City_94b6fd86,ZZ,67893,Last_d178528e,First_72cae815,5050375952,user_715c4f12e0@example.com,Note_2168f0cd,1594,8D0C3DAC-7DAF-894F-B47F-4CE585CC8575
OWNER_198867559e14,Company_c176f7bb,Last_45ce584b,First_b8d9f915,5059698740,5057042632,user_715c4f12e0@example.com,Address_19a506c1,City_8fedf203,ZZ,69497,Address_77356d03,City_1304732a,ZZ,72477,Last_5e31b551,First_a9fbbad5,5054002985,user_715c4f12e0@example.com,Note_98d3ef05,853,DB4D5D38-4619-4A95-9C81-4D03732E86FC
OWNER_7708f724d7d6,Company_9d6fc041,Last_b149f8f1,First_a497483e,5057948765,5050375952,user_e71bfdc5bf@example.com,Address_f05df871,City_e708c712,ZZ,72477,Address_a226cdca,City_c05d421a,ZZ,72477,Last_f02e4509,First_9fb709b7,5053152964,user_715c4f12e0@example.com,Note_2168f0cd,122,B37A1298-75A8-4136-B234-4D68FDA3BA71
OWNER_d5b777188b81,Company_9d6fc041,Last_c9575740,First_ea403d01,5058981316,5052237169,user_715c4f12e0@example.com,Address_2b5b8753,City_9bb0076f,ZZ,94763,Address_a226cdca,City_c05d421a,ZZ,72477,Last_d178528e,First_72cae815,5050375952,user_715c4f12e0@example.com,Note_2168f0cd,258,50C56F89-8D2F-412C-BE3D-4D6B98709C35
OWNER_d97a3f2f0028,Company_9d6fc041,Last_c539d043,First_c5ea512f,5054204120,5050375952,user_43c6a89066@example.com,Address_f05df871,City_e708c712,ZZ,72477,Address_fa10d2cd,City_81793998,ZZ,05295,Last_d2e5ea76,First_98623083,5058939710,user_bd0c153160@example.com,Note_2168f0cd,1919,19A0D35A-D972-44C5-9822-4DBCE83219F0
OWNER_66ead1ac146c,Company_9d6fc041,Last_4c942a6a,First_bf2ec069,5058089922,5051822772,user_715c4f12e0@example.com,Address_1c9bfa92,City_0aba12ad,ZZ,19719,Address_a226cdca,City_c05d421a,ZZ,72477,Last_d178528e,First_72cae815,5050375952,user_715c4f12e0@example.com,Note_e3ce4b00,683,E0499818-3E11-4C4F-821D-4DBF7B2EBE5D
OWNER_c77d5bf923bc,Company_9d6fc041,Last_1040e6fd,First_56a4bb75,5052765731,5050375952,user_715c4f12e0@example.com,Address_63dd4528,City_260d8739,ZZ,68832,Address_a226cdca,City_c05d421a,ZZ,72477,Last_797cc6a7,First_9fd8919d,5050375952,user_715c4f12e0@example.com,Note_53411bbf,733,9DEEA979-200A-4CCD-8A2C-4DBF906FF8D1
OWNER_5f2f2a7fc3a9,Company_9d6fc041,Last_599dff70,First_a42e34a0,5059123412,5059697168,user_715c4f12e0@example.com,Address_207f16c1,City_37084ed9,ZZ,72477,Address_60d67ded,City_528281b9,ZZ,72477,Last_d178528e,First_72cae815,5050375952,user_715c4f12e0@example.com,Note_2168f0cd,1214,2932B6A6-48B0-4E1A-92D8-4E032F91E8AD
OWNER_deb57bab1542,Company_9d6fc041,Last_317041b0,First_471b975a,5050375952,5051377895,user_aafd5ffc6f@example.com,Address_f05df871,City_e708c712,ZZ,72477,Address_6f6b76d4,City_73b3f231,ZZ,81958,Last_d178528e,First_72cae815,5050375952,user_715c4f12e0@example.com,Note_2168f0cd,1759,55C512A8-D8A3-534C-8AB1-4E35B6070622
OWNER_4a9b4263c3c4,Company_9d6fc041,Last_580150fe,First_d961787c,5054407669,5050375952,user_715c4f12e0@example.com,Address_4f2888fa,City_8fedf203,ZZ,69497,Address_a226cdca,City_c05d421a,ZZ,72477,Last_d178528e,First_72cae815,5050375952,user_715c4f12e0@example.com,Note_2168f0cd,407,F4B47D09-6F02-4DB6-8035-4E5BC76047AB
OWNER_4c8e18825dba,Company_9d6fc041,Last_99975686,First_d3787c3f,5050375952,5058302833,user_f0f4ff6f7f@example.com,Address_f05df871,City_e708c712,ZZ,72477,Address_668c203a,City_76200585,ZZ,72477,Last_d178528e,First_72cae815,5050375952,user_715c4f12e0@example.com,Note_2d774748,1568,06A5E250-86D9-9549-83E9-4E854D3A112E
OWNER_2fc466c5ce72,Company_9d6fc041,Last_df50a200,First_abf52d77,5050375952,5050375952,user_1a2ea53e62@example.com,Address_f05df871,City_e708c712,ZZ,72477,Address_29c11d25,City_17db8506,ZZ,72477,Last_d178528e,First_72cae815,5050375952,user_715c4f12e0@example.com,Note_2168f0cd,621,E6EAD13E-DA1C-4F43-8A54-4F1BE4F6B670
OWNER_c5f6e7d5fc9e,Company_9d6fc041,Last_dc5e32d7,First_eb2fe4f1,5050375952,5050375952,user_715c4f12e0@example.com,Address_f05df871,City_e708c712,ZZ,72477,Address_a226cdca,City_c05d421a,ZZ,72477,Last_d178528e,First_72cae815,5050375952,user_715c4f12e0@example.com,Note_8671cb4a,862,836F1592-E4D3-4578-B338-4F59A35CF87B
OWNER_dc255db30aaf,Company_b42431c2,Last_4f0860f1,First_db91eadd,5051862124,5050375952,user_b128fa45cb@example.com,Address_f05df871,City_e708c712,ZZ,72477,Address_a226cdca,City_c05d421a,ZZ,72477,Last_ebb8ff33,First_290b52de,5059588593,user_715c4f12e0@example.com,Note_6d77a6b4,351,95C2BFFD-C562-4488-B238-4F69924D4132
OWNER_4375e1b968f4,Company_d6706197,Last_c6129fcb,First_2ce7d3bd,5053814108,5051627793,user_f36a5cb22f@example.com,Address_7bf901ab,City_a000d1fb,ZZ,66775,Address_a226cdca,City_c05d421a,ZZ,72477,Last_d178528e,First_afb59e64,5050375952,user_f36a5cb22f@example.com,Note_2168f0cd,1395,C8D9F62A-950C-4F6E-9942-4F7D0B14BB00
OWNER_27109373ed8e,Company_9d6fc041,Last_e426d275,First_a165c52b,5050375952,5058795738,user_715c4f12e0@example.com,Address_7c70246f,City_2402b24b,ZZ,48412,Address_62838bb3,City_f8f31c5f,ZZ,72477,Last_d178528e,First_72cae815,5050375952,user_715c4f12e0@example.com,Note_2168f0cd,902,24999A13-F7DD-409A-954E-4F7F63AC4A24
OWNER_c6063ba79299,Company_9d6fc041,Last_096b5e96,First_d9c2475d,5050375952,5057343928,user_821b71165d@example.com,Address_7222043c,City_c0fbf85c,ZZ,75073,Address_92eac8f6,City_76200585,ZZ,75073,Last_d178528e,First_72cae815,5050375952,user_715c4f12e0@example.com,Note_2168f0cd,1317,3623FF3D-2780-4851-B834-4F92BFAFDB28
OWNER_89c307115106,Company_155b3963,Last_e426d275,First_1713ac90,5051219716,5057998224,user_affa37e553@example.com,Address_f05df871,City_e708c712,ZZ,72477,Address_3f79118a,City_910a6f0d,ZZ,18017,Last_0190169f,First_d9d4229e,5051674177,user_e858828f2f@example.com,Note_8c0a9244,1761,A2947805-15A0-6F42-BF25-4FDE9D23E665
OWNER_ad6ac2d2bddb,Company_9d6fc041,Last_836b0aef,First_e084f88f,5056609680,5050375952,user_715c4f12e0@example.com,Address_88646a5a,City_c0fbf85c,ZZ,75073,Address_b091b890,City_76200585,ZZ,75073,Last_d178528e,First_72cae815,5050375952,user_715c4f12e0@example.com,Note_e7398cb2,1194,2A93B4C4-DA70-416B-85D3-4FECCE87C96C
OWNER_60fef6c861d7,Company_9d6fc041,Last_599dff70,First_c48dadcf,5057942268,5050375952,user_d8794f24d1@example.com,Address_f05df871,City_e708c712,ZZ,72477,Address_a226cdca,City_c05d421a,ZZ,72477,Last_812b6b6c,First_a9da71b6,5053549575,user_4353e142f2@example.com,Note_5e77ef63,369,09A18B37-C75B-4EAD-81FC-4FF733A4BA25
OWNER_bb5b0a9852c6,Company_9d6fc041,Last_d12dcf79,First_af80b8d3,5053024354,5050375952,user_011b45e558@example.com,Address_b6498cf1,City_c0fbf85c,ZZ,75073,Address_e35c1630,City_76200585,ZZ,75073,Last_d178528e,First_72cae815,5050375952,user_715c4f12e0@example.com,Note_2168f0cd,1311,F150E782-FAD5-4AAF-B8A9-500AE01B7E9F
OWNER_2c3fd5e8c1a2,Company_9d6fc041,Last_fd2dfae9,First_9d25d9de,5050375952,5050375952,user_715c4f12e0@example.com,Address_f05df871,City_e708c712,ZZ,72477,Address_a226cdca,City_c05d421a,ZZ,72477,Last_d178528e,First_72cae815,5050375952,user_715c4f12e0@example.com,Note_8671cb4a,504,3BE25CB6-744A-4A9C-8625-508F79364E6B
OWNER_88c36e39eb1a,Company_9d6fc041,Last_00ce3c3d,First_e2fa7e04,5050375952,5050375952,user_715c4f12e0@example.com,Address_f05df871,City_e708c712,ZZ,72477,Address_a226cdca,City_c05d421a,ZZ,72477,Last_d178528e,First_72cae815,5050375952,user_715c4f12e0@example.com,Note_5e39bdab,272,8C9837D2-4A10-46CD-AF87-50EBB40A44E0
OWNER_01f5a1fbd913,Company_9d6fc041,Last_bc2d0e56,First_6e571953,5055107782,5050375952,user_715c4f12e0@example.com,Address_347c9732,City_fb775d72,ZZ,24366,Address_3624c24b,City_c05d421a,ZZ,72477,Last_d178528e,First_72cae815,5050375952,user_715c4f12e0@example.com,Note_601e13e2,325,185B17F1-F3AE-4C63-927B-510924DAA0B7
OWNER_d1724c82766f,Company_9d6fc041,Last_a887dcaf,First_386ed8fe,5057201179,5050375952,user_715c4f12e0@example.com,Address_f05df871,City_e708c712,ZZ,72477,Address_0326b971,City_76200585,ZZ,75073,Last_d178528e,First_72cae815,5050375952,user_715c4f12e0@example.com,Note_2168f0cd,1288,EB25BC92-278C-4A9A-948E-512CBCBBB9E0
OWNER_67697db69e76,Company_9d6fc041,Last_bb6ee38f,First_6cd16bc6,5050375952,5056146772,user_74802c4933@example.com,Address_f05df871,City_e708c712,ZZ,72477,Address_32e2f186,City_4e9d70b8,ZZ,36173,Last_d178528e,First_72cae815,5050375952,user_715c4f12e0@example.com,Note_2168f0cd,1927,DA8C2995-6C87-43D0-BAC4-5137A6350C85
OWNER_36d36975a04a,Company_9d6fc041,Last_22617a5f,First_1a073182,5058552051,5050375952,user_0df0633be7@example.com,Address_2e99073d,City_1fdf2de6,ZZ,71128,Address_a26d32da,City_28cf9b52,ZZ,71128,Last_d178528e,First_72cae815,5050375952,user_715c4f12e0@example.com,Note_2168f0cd,1791,0516EF23-7D68-47C4-99F7-5159C7BFE0C5
OWNER_5c27df12cc67,Company_9d6fc041,Last_c68390ea,First_64adb3ab,5054420449,5050375952,user_715c4f12e0@example.com,Address_8ba32fd6,City_c0fbf85c,ZZ,75073,Address_0f0479c5,City_76200585,ZZ,75073,Last_d178528e,First_72cae815,5050375952,user_715c4f12e0@example.com,Note_2168f0cd,1301,A04F86D4-CFA7-44E8-AC3B-51CDA459F3C3
OWNER_950511958997,Company_9d6fc041,Last_e6755df2,First_a7926016,5056055707,5050375952,user_a51d4e052e@example.com,Address_f05df871,City_e708c712,ZZ,72477,Address_cdbd7a99,City_76200585,ZZ,75073,Last_d178528e,First_72cae815,5050375952,user_715c4f12e0@example.com,Note_2168f0cd,1574,7B34D204-ACC6-B347-A020-5229344029A9
OWNER_d45f7423442c,Company_9d6fc041,Last_ce0381f0,First_b4a8e884,5056388453,5050375952,user_a6505b18de@example.com,Address_5f8be095,City_f3d1000a,ZZ,45588,Address_a226cdca,City_c05d421a,ZZ,72477,Last_d178528e,First_72cae815,5050375952,user_715c4f12e0@example.com,Note_2168f0cd,946,7EEB4109-B8A5-4301-877F-527719819899
OWNER_785de63d91a2,Company_9d6fc041,Last_5f744aeb,First_0ce026ec,5054802138,5050375952,user_715c4f12e0@example.com,Address_c880d28a,City_fb775d72,ZZ,24366,Address_e5bfe9db,City_8dbac927,ZZ,72477,Last_d178528e,First_72cae815,5050375952,user_715c4f12e0@example.com,Note_64039df5,93,C9091702-4DF1-46AC-B317-527A69886F0E
OWNER_8120671d4849,Company_244d99a0,Last_acbdfd07,First_d78ec84e,5050375952,5050375952,user_715c4f12e0@example.com,Address_f05df871,City_e708c712,ZZ,72477,Address_a226cdca,City_c05d421a,ZZ,72477,Last_d178528e,First_72cae815,5050375952,user_715c4f12e0@example.com,Note_2168f0cd,1089,32B094EA-635A-4979-A67D-52A02C3FAB6D
OWNER_46b2ccc20bfc,Company_9d6fc041,Last_24db2a2c,First_5a4ea4fd,5050375952,5053433425,user_1bd8c75eff@example.com,Address_4d98ca52,City_c0fbf85c,ZZ,75073,Address_59c4d764,City_76200585,ZZ,75073,Last_d178528e,First_72cae815,5050375952,user_715c4f12e0@example.com,Note_2168f0cd,1228,2F171080-8DCD-445B-BC0D-52E4EDC72E0D
OWNER_2184486d69f6,Company_9d6fc041,Last_efa0be4f,First_34c50f93,5051210395,5050375952,user_57034d4238@example.com,Address_4c8c6c52,City_37084ed9,ZZ,45530,Address_3f12ce3f,City_528281b9,ZZ,45530,Last_d178528e,First_72cae815,5050375952,user_715c4f12e0@example.com,Note_2168f0cd,1213,D9037701-E2F1-4B5C-BA2A-52EE7642C1C1
OWNER_56d0b6152dc9,Company_9d6fc041,Last_eb36082b,First_d9c2475d,5050375952,5056722067,user_715c4f12e0@example.com,Address_f05df871,City_e708c712,ZZ,72477,Address_6618141f,City_76200585,ZZ,75073,Last_f34d8e75,First_f3bd17f1,5052426177,user_715c4f12e0@example.com,Note_49e1e7a0,1251,B1884FD9-13ED-49CE-BCB0-530697002795
OWNER_720c9bb639b1,Company_9d6fc041,Last_81b3cdf2,First_9eb52717,5050375952,5059038471,user_715c4f12e0@example.com,Address_f05df871,City_e708c712,ZZ,72477,Address_b418b50e,City_76200585,ZZ,75073,Last_d178528e,First_72cae815,5050375952,user_715c4f12e0@example.com,Note_2168f0cd,1582,0BFBF03A-6575-B243-8F36-531D30DA822C
OWNER_95660675be83,Company_9d6fc041,Last_4a69f71f,First_97959d73,5052538734,5050375952,user_715c4f12e0@example.com,Address_f05df871,City_e708c712,ZZ,72477,Address_a226cdca,City_c05d421a,ZZ,72477,Last_d178528e,First_72cae815,5050375952,user_715c4f12e0@example.com,Note_a0de98e5,670,3A4E802E-898C-478A-9CB9-53313E0F0EEB
OWNER_41958fec775a,Company_9d6fc041,Last_42b8cede,First_2a9b4219,5053624704,5052864268,user_715c4f12e0@example.com,Address_b0e1563c,City_c0fbf85c,ZZ,75073,Address_98aee7bd,City_76200585,ZZ,75073,Last_d178528e,First_72cae815,5050375952,user_715c4f12e0@example.com,Note_2168f0cd,1351,FE5DB0E4-5669-400F-9B4F-5341247723AF
OWNER_1e93e9da9387,Company_8de494a1,Last_7bd3af51,First_2c24c138,5050375952,5050375952,user_715c4f12e0@example.com,Address_f05df871,City_e708c712,ZZ,72477,Address_a226cdca,City_c05d421a,ZZ,72477,Last_de120cff,First_72cae815,5052490544,user_715c4f12e0@example.com,Note_3e5ce646,41,395651B1-6F7A-41A0-AD13-535F3A430A63
OWNER_25a8577ef9c4,Company_8ccbf9c7,Last_3170606f,First_89004241,5055173137,5050375952,user_715c4f12e0@example.com,Address_f05df871,City_e708c712,ZZ,72477,Address_a226cdca,City_c05d421a,ZZ,72477,Last_d178528e,First_72cae815,5050375952,user_715c4f12e0@example.com,Note_2168f0cd,734,C418A023-C992-44BC-B767-538691CB9D98
OWNER_564051c978b2,Company_9d6fc041,Last_78baf06d,First_6221b53a,5050205186,5050375952,user_715c4f12e0@example.com,Address_f05df871,City_e708c712,ZZ,72477,Address_3504e511,City_8dbac927,ZZ,72477,Last_d178528e,First_72cae815,5050375952,user_715c4f12e0@example.com,Note_67983b27,148,A88F5B04-946E-4D63-BC46-53C1B6FBEDA0
OWNER_403a0a173509,Company_9d6fc041,Last_4ff59652,First_e2fa7e04,5050375952,5051999647,user_715c4f12e0@example.com,Address_f05df871,City_e708c712,ZZ,72477,Address_986fe1ad,City_4e9d70b8,ZZ,36173,Last_d178528e,First_72cae815,5050375952,user_715c4f12e0@example.com,Note_2168f0cd,1918,B54A2549-12DF-4F94-87F6-544F459991CE
OWNER_b2155f7448c2,Company_9d6fc041,Last_d3e57006,First_098b7a78,5050375952,5054764008,user_b7d509eceb@example.com,Address_a5586c13,City_d85b9afd,ZZ,43689,Address_1c551faa,City_03ac272d,ZZ,11928,Last_d178528e,First_72cae815,5050375952,user_715c4f12e0@example.com,Note_2168f0cd,1844,CF0199C5-B8F3-4FC1-BBFE-5474F98D81DB
OWNER_e32c108fc3e3,Company_9d6fc041,Last_82297fc5,First_abf52d77,5053445691,5050375952,user_715c4f12e0@example.com,Address_82f1a155,City_2402b24b,ZZ,48412,Address_ba0eb4c2,City_f8f31c5f,ZZ,72477,Last_d178528e,First_72cae815,5050375952,user_715c4f12e0@example.com,Note_2168f0cd,964,DA6A997B-AB06-4DFF-9C84-548006E726F8
OWNER_3a26047a650a,Company_e6fe4238,Last_a18c76d1,First_97959d73,5050375952,5050763609,user_7e4d35ec01@example.com,Address_13742ce4,City_b8b04c7b,ZZ,09186,Address_96c4263a,City_a0a59e64,ZZ,06743,Last_0935cbcf,First_c85008b9,5059165061,user_ad140ee36c@example.com,Note_19ab3997,1560,1425A30C-1706-4E4E-88A7-549213A6F8E7
OWNER_f4a2a2ddb9a5,Company_9d6fc041,Last_c97b2f63,First_64adb3ab,5055224555,5050375952,user_715c4f12e0@example.com,Address_f05df871,City_e708c712,ZZ,72477,Address_a226cdca,City_c05d421a,ZZ,72477,Last_d178528e,First_72cae815,5050375952,user_715c4f12e0@example.com,Note_2168f0cd,398,70F25979-BD7D-44EC-BE37-54CA7BEFDFA6
OWNER_73ef31567717,Company_e12456a5,Last_d9b70d3e,First_4013c12a,5050349829,5050601892,user_715c4f12e0@example.com,Address_f8b886da,City_ada7cf71,ZZ,10214,Address_a226cdca,City_c05d421a,ZZ,72477,Last_d178528e,First_72cae815,5050375952,user_715c4f12e0@example.com,Note_3f84086a,880,FF864E2F-1E1D-40D3-89F7-55052422C4EE
OWNER_3719314dd021,Company_9d6fc041,Last_6cbfa768,First_2c24c138,5050375952,5050375952,user_715c4f12e0@example.com,Address_f05df871,City_e708c712,ZZ,72477,Address_d93816b3,City_f4f05588,ZZ,59580,Last_d178528e,First_72cae815,5050375952,user_715c4f12e0@example.com,Note_a4bfb022,1631,E4A82A2D-0066-BD46-862B-553E3C1AFBEC
OWNER_f86ab7252ba0,Company_9d6fc041,Last_81e068de,First_e2fa7e04,5050375952,5059559528,user_6b8aab6045@example.com,Address_f05df871,City_e708c712,ZZ,72477,Address_06663a57,City_58ce52f6,ZZ,54070,Last_d178528e,First_72cae815,5050375952,user_715c4f12e0@example.com,Note_2168f0cd,1453,67B77DB9-9072-4C8D-BCAA-55491D6079B6
OWNER_9c46a0552649,Company_9d6fc041,Last_c46b9c7d,First_cd96949e,5058494332,5050375952,user_26189febb0@example.com,Address_f05df871,City_e708c712,ZZ,72477,Address_b130395c,City_94b6fd86,ZZ,67893,Last_d178528e,First_72cae815,5050375952,user_715c4f12e0@example.com,Note_0514bec7,1592,4A3D1FA6-D7D1-E046-BF78-5558F53DEE8E
OWNER_cf3c3fdd22cd,Company_9d6fc041,Last_88e0fa24,First_ef7fee84,5050375952,5050375952,user_715c4f12e0@example.com,Address_01b0133f,City_a000d1fb,ZZ,66775,Address_c2b8bc1d,City_30bd86a3,ZZ,66775,Last_1546fab4,First_45e1a47c,5053814108,user_87be2b8fe4@example.com,Note_1fb3f030,1383,59A06EBE-B6CA-4C35-9C4D-555D80CE69E4
OWNER_879fd512b9d6,Company_9d6fc041,Last_ffabcbfe,First_0a0c5703,5050375952,5050375952,user_715c4f12e0@example.com,Address_f05df871,City_e708c712,ZZ,72477,Address_a226cdca,City_c05d421a,ZZ,72477,Last_d178528e,First_72cae815,5050375952,user_715c4f12e0@example.com,Note_2168f0cd,60,A1804539-AFE5-4D3C-91E3-556A617AC27F
OWNER_1518de54212b,Company_9d6fc041,Last_55883ad0,First_e6af6a2b,5053635417,5050375952,user_04053e277a@example.com,Address_f05df871,City_e708c712,ZZ,72477,Address_69eab7c7,City_76200585,ZZ,75073,Last_d178528e,First_72cae815,5050375952,user_715c4f12e0@example.com,Note_5350a3e4,1250,ABA55385-7565-40F9-8202-556B762B8855
OWNER_8e55589d262d,Company_9d6fc041,Last_22d2eb3f,First_349873ce,5050282475,5050375952,user_9a4ed13e96@example.com,Address_2abab488,City_c0fbf85c,ZZ,75073,Address_7ef21d41,City_c05d421a,ZZ,72477,Last_d178528e,First_72cae815,5050375952,user_715c4f12e0@example.com,Note_2168f0cd,1297,5E9ADB8D-6392-45A0-B6EA-557B09340B5B
OWNER_181d9d31992b,Company_9d6fc041,Last_2d651132,First_fa157f1b,5050375952,5050375952,user_715c4f12e0@example.com,Address_f05df871,City_e708c712,ZZ,72477,Address_a226cdca,City_c05d421a,ZZ,72477,Last_d178528e,First_72cae815,5050375952,user_715c4f12e0@example.com,Note_2168f0cd,524,F7AD760F-345F-4E83-A1F0-5581D989F059
OWNER_d0cf161f494b,Company_932319d8,Last_3b3e7a60,First_aa674cbc,5057183252,5050375952,user_715c4f12e0@example.com,Address_f05df871,City_e708c712,ZZ,72477,Address_a226cdca,City_c05d421a,ZZ,72477,Last_d178528e,First_72cae815,5050375952,user_715c4f12e0@example.com,Note_2168f0cd,296,DA8C43E4-600B-4488-89FE-559E7D0AB64A
OWNER_f80a0b323a85,Company_9d6fc041,Last_4b367437,First_57a452bb,5050375952,5050375952,user_715c4f12e0@example.com,Address_f05df871,City_e708c712,ZZ,72477,Address_a226cdca,City_c05d421a,ZZ,72477,Last_d178528e,First_72cae815,5050375952,user_715c4f12e0@example.com,Note_8671cb4a,341,0FADEDA5-056B-459F-B000-55BFD903A4F0
OWNER_1c84280e0040,Company_9d6fc041,Last_6dcfa3f4,First_79fe93c6,5058208908,5050375952,user_1aa6222f65@example.com,Address_dc0feed1,City_c0fbf85c,ZZ,75073,Address_13a9bf13,City_76200585,ZZ,75073,Last_d178528e,First_72cae815,5050375952,user_715c4f12e0@example.com,Note_2168f0cd,1325,06B8EEC7-2880-4B56-8D8C-55CC3F12B0CA
OWNER_5419411c6f24,Company_9d6fc041,Last_5ca75e56,First_6835369f,5050375952,5050375952,user_715c4f12e0@example.com,Address_f05df871,City_e708c712,ZZ,72477,Address_a226cdca,City_c05d421a,ZZ,72477,Last_d178528e,First_72cae815,5050375952,user_715c4f12e0@example.com,Note_8671cb4a,756,1D2D35D0-5303-4F87-89BB-55E8E3BBF220
OWNER_a10ada9a9fb1,Company_9d6fc041,Last_c7e34f6a,First_c991928c,5057598290,5057219893,user_f39c37ebb9@example.com,Address_95bcc9ee,City_9ecbd034,ZZ,72477,Address_8ffc1eda,City_3d16c2a1,ZZ,72477,Last_d178528e,First_72cae815,5050375952,user_715c4f12e0@example.com,Note_2168f0cd,1885,084CB179-76AF-4657-BE7D-560F0A5B2254
OWNER_c86ad5ae54cb,Company_9d6fc041,Last_270c8b64,First_23d387e3,5050375952,5050375952,user_715c4f12e0@example.com,Address_f05df871,City_e708c712,ZZ,72477,Address_a226cdca,City_c05d421a,ZZ,72477,Last_d178528e,First_72cae815,5050375952,user_715c4f12e0@example.com,Note_2168f0cd,1104,BBD96B8E-51FB-4F15-88D7-562145F7BDC2
OWNER_4b6a3eb03454,Company_6b1da7fd,Last_e5099a37,First_96dcad0f,5056429688,5050375952,user_e33ff1dfe8@example.com,Address_a2a347a2,City_73ebcd64,ZZ,15642,Address_866a8ccb,City_9415c49e,ZZ,15642,Last_d09eca60,First_dd482ebe,5050375952,user_7d0ed1bd8b@example.com,Note_d5c58c24,297,DC767B05-BAB5-4DF5-9D76-56270A261130
OWNER_25075cd3d3a2,Company_9d6fc041,Last_19d64aba,First_3d59c455,5055527626,5051970285,user_715c4f12e0@example.com,Address_f05df871,City_e708c712,ZZ,72477,Address_cbd1f621,City_f1118a9e,ZZ,72477,Last_d178528e,First_72cae815,5050375952,user_715c4f12e0@example.com,Note_2168f0cd,1448,27FEBB51-07CE-40A6-B61C-563BD0C40234
OWNER_77870ce3ce8f,Company_9d6fc041,Last_8fa4bb77,First_ec847d6c,5054196526,5050375952,user_715c4f12e0@example.com,Address_2b847ab8,City_9bb0076f,ZZ,95595,Address_a226cdca,City_c05d421a,ZZ,72477,Last_d178528e,First_72cae815,5050375952,user_715c4f12e0@example.com,Note_2168f0cd,236,EF6D6D58-B73C-4C41-AA4F-565D6110F127
OWNER_c6b8e7047c4f,Company_9d6fc041,Last_71b274e9,First_b8d9f915,5054373606,5050375952,user_8f77a552eb@example.com,Address_130ff5f3,City_c0fbf85c,ZZ,75073,Address_a582596a,City_76200585,ZZ,75073,Last_d178528e,First_72cae815,5050375952,user_715c4f12e0@example.com,Note_2168f0cd,1272,AEE1E168-6D88-4E70-915D-566FCBD524AE
OWNER_cbd7f541cf1e,Company_9d6fc041,Last_30ca6192,First_db528b73,5050375952,5050375952,user_715c4f12e0@example.com,Address_f05df871,City_e708c712,ZZ,72477,Address_a226cdca,City_c05d421a,ZZ,72477,Last_d178528e,First_72cae815,5050375952,user_715c4f12e0@example.com,Note_8671cb4a,265,1129731B-2ED9-4BE3-A878-567DC72D6F04
OWNER_eb9b99de1e64,Company_9d6fc041,Last_c6f71c35,First_2a360f26,5059912595,5051988329,user_08b44f58fe@example.com,Address_f05df871,City_e708c712,ZZ,72477,Address_f806038a,City_e29f211c,ZZ,24366,Last_d178528e,First_72cae815,5050375952,user_715c4f12e0@example.com,Note_b34a39bd,1017,E7C3DFAD-03EF-4893-BBBF-5693B9CCD849
OWNER_f8bb35c1552b,Company_9d6fc041,Last_28154632,First_4eb32dfd,5050375952,5050375952,user_715c4f12e0@example.com,Address_f05df871,City_e708c712,ZZ,72477,Address_a226cdca,City_c05d421a,ZZ,72477,Last_d178528e,First_72cae815,5050375952,user_715c4f12e0@example.com,Note_8671cb4a,247,DFE4A90F-0492-4E6A-83AF-56D33BE07957
OWNER_53498bc1c4f8,Company_9d6fc041,Last_22617a5f,First_c920535d,5050375952,5050375952,user_715c4f12e0@example.com,Address_f05df871,City_e708c712,ZZ,72477,Address_a226cdca,City_c05d421a,ZZ,72477,Last_d178528e,First_72cae815,5050375952,user_715c4f12e0@example.com,Note_2168f0cd,11,391F4CF6-DE06-4539-A747-56D8F82A0659
OWNER_8f499fb830ee,Company_1f883f5c,Last_6a58a1d6,First_d0fb6611,5058728382,5050375952,user_3fad4b4fc8@example.com,Address_f05df871,City_e708c712,ZZ,72477,Address_a226cdca,City_c05d421a,ZZ,72477,Last_10bcc59f,First_21309967,5050375952,user_715c4f12e0@example.com,Note_2168f0cd,1883,B0334EA3-7281-433C-9748-577B165EEF4A
OWNER_b92590580834,Company_9d6fc041,Last_8aac7353,First_2c24c138,5050375952,5050375952,user_715c4f12e0@example.com,Address_f05df871,City_e708c712,ZZ,72477,Address_a226cdca,City_c05d421a,ZZ,72477,Last_d178528e,First_72cae815,5050375952,user_715c4f12e0@example.com,Note_2168f0cd,740,2EBB724F-CFF7-4224-842B-57844633BA16
OWNER_1a0b44c2bc95,Company_9d6fc041,Last_a20c3ede,First_9947169f,5059898226,5050375952,user_715c4f12e0@example.com,Address_32e8dfee,City_f3f6b3f1,ZZ,54162,Address_a226cdca,City_c05d421a,ZZ,72477,Last_d178528e,First_72cae815,5050375952,user_715c4f12e0@example.com,Note_4c85511d,303,F940EDB0-D163-4FC1-9AD2-579DD5B32F48
OWNER_de0503192beb,Company_58ed356f,Last_df56fdee,First_667f00bd,5057259903,5053635841,user_6ad5128c42@example.com,Address_f05df871,City_e708c712,ZZ,72477,Address_4639df95,City_0a7bf4f0,ZZ,17055,Last_d178528e,First_72cae815,5050375952,user_715c4f12e0@example.com,Note_2168f0cd,1095,1399D22B-5F43-48B4-B455-57A9DBD1CF52
OWNER_52de4cf491ee,Company_9d6fc041,Last_fa4fd7e7,First_4013c12a,5056191558,5050375952,user_4720cb8fd4@example.com,Address_bf0cb4de,City_c0fbf85c,ZZ,75073,Address_b29ef7c7,City_76200585,ZZ,75073,Last_d178528e,First_72cae815,5050375952,user_715c4f12e0@example.com,Note_2168f0cd,1295,3B2BCF28-0C6A-4E37-9C22-57B8795475D6
OWNER_6da26c932d72,Company_9d6fc041,Last_eb36082b,First_7e45797a,5051288012,5059650438,user_715c4f12e0@example.com,Address_4e4cffb8,City_c0fbf85c,ZZ,75073,Address_5df7de06,City_76200585,ZZ,75073,Last_d178528e,First_72cae815,5050375952,user_715c4f12e0@example.com,Note_2168f0cd,1190,EAB9EDFD-9FE2-4861-B73B-57BD7E1A21F6
OWNER_70fc9a813218,Company_0501adc4,Last_aa4eaf99,First_34698f3b,5050375952,5055858516,user_715c4f12e0@example.com,Address_62814027,City_4bb2dca6,ZZ,63226,Address_a226cdca,City_c05d421a,ZZ,72477,Last_d178528e,First_72cae815,5050375952,user_715c4f12e0@example.com,Note_2168f0cd,1935,9CC155E8-4E6B-4129-96D6-57DB007BDDB2
OWNER_565559ee083e,Company_9d6fc041,Last_7bd3af51,First_2c24c138,5050375952,5050375952,user_715c4f12e0@example.com,Address_f05df871,City_e708c712,ZZ,72477,Address_a226cdca,City_c05d421a,ZZ,72477,Last_d178528e,First_72cae815,5050375952,user_715c4f12e0@example.com,Note_72e5027d,1072,694E0753-6046-4A5E-9DE7-57E2A958A8FB
OWNER_d8f4e4503725,Company_9d6fc041,Last_1e117992,First_b4524a21,5050375952,5050375952,user_715c4f12e0@example.com,Address_f05df871,City_e708c712,ZZ,72477,Address_a226cdca,City_c05d421a,ZZ,72477,Last_d178528e,First_72cae815,5050375952,user_715c4f12e0@example.com,Note_87c27e05,794,9EB5EE65-1BDD-40F5-B1D4-57FD70640EFC
OWNER_16cd849055c2,Company_9d6fc041,Last_83b588f9,First_c6754219,5057145359,5050375952,user_715c4f12e0@example.com,Address_f05df871,City_e708c712,ZZ,72477,Address_a226cdca,City_c05d421a,ZZ,72477,Last_a03ee663,First_ad59793c,5055559077,user_715c4f12e0@example.com,Note_ab3a4a76,1649,B49B695B-CF58-0D4B-9B7F-5806C8C49535
OWNER_3cc602579357,Company_9d6fc041,Last_f9b89541,First_7a26a54e,5050375952,5050375952,user_715c4f12e0@example.com,Address_f05df871,City_e708c712,ZZ,72477,Address_a226cdca,City_c05d421a,ZZ,72477,Last_d178528e,First_72cae815,5050375952,user_715c4f12e0@example.com,Note_2168f0cd,1142,26BF1E76-3B49-45B6-BB09-5863717FE4B6
OWNER_3852d2bfde64,Company_d12f6b08,Last_7bd3af51,First_2c24c138,5050375952,5050375952,user_715c4f12e0@example.com,Address_f05df871,City_e708c712,ZZ,72477,Address_a226cdca,City_c05d421a,ZZ,72477,Last_d178528e,First_72cae815,5050375952,user_715c4f12e0@example.com,Note_2168f0cd,594,3F048F61-6DEF-4CBF-8036-586EB96473EF
OWNER_d9c136a651e5,Company_5632f6bb,Last_2626f184,First_a7be58cc,5050375952,5050375952,user_715c4f12e0@example.com,Address_f05df871,City_e708c712,ZZ,72477,Address_a226cdca,City_c05d421a,ZZ,72477,Last_d178528e,First_72cae815,5050375952,user_715c4f12e0@example.com,Note_6de5d9e4,893,F885F573-A06B-40AD-9D54-586FD1E2DE82
OWNER_be4d9a9fc631,Company_9d6fc041,Last_6aef51af,First_bf2ec069,5053255906,5056510881,user_dc254e3158@example.com,Address_f05df871,City_e708c712,ZZ,72477,Address_78c3f8f0,City_adce70d4,ZZ,72477,Last_d178528e,First_72cae815,5050375952,user_715c4f12e0@example.com,Note_69e42ca6,1479,EE997667-0F68-A84C-AABE-5876972002D3
OWNER_d0d6a583d8b0,Company_9d6fc041,Last_d274de0e,First_e65d49b7,5050375952,5050375952,user_715c4f12e0@example.com,Address_f05df871,City_e708c712,ZZ,72477,Address_a226cdca,City_c05d421a,ZZ,72477,Last_d178528e,First_72cae815,5050375952,user_715c4f12e0@example.com,Note_2168f0cd,1140,5E7AA284-3E0D-43E2-AB76-58A36D4B8B87
OWNER_bdf74effcf76,Company_9d6fc041,Last_b7961f7c,First_ef7fee84,5050375952,5059520973,user_22aab99b43@example.com,Address_9588282b,City_50cdb0ed,ZZ,00030,Address_44a305c5,City_23f9b279,ZZ,00030,Last_d178528e,First_72cae815,5050375952,user_715c4f12e0@example.com,Note_2168f0cd,1827,1C23C993-A09C-442B-93D7-58A6C6B6A34D
OWNER_75068e0282f7,Company_9d6fc041,Last_3616f1b2,First_b4337b59,5050375952,5059031820,user_9dc663d130@example.com,Address_0ca9c599,City_1fdf2de6,ZZ,71128,Address_d71a6666,City_28cf9b52,ZZ,71128,Last_d178528e,First_72cae815,5050375952,user_715c4f12e0@example.com,Note_2168f0cd,1813,0B9FCC73-26D9-4310-B26A-58CA254069A0
OWNER_745ed690ca3f,Company_9d6fc041,Last_c3d4a251,First_76111ac6,5059165317,5050375952,user_9a0f4eab4c@example.com,Address_101806fe,City_6ec3f32a,ZZ,04722,Address_a226cdca,City_c05d421a,ZZ,72477,Last_d178528e,First_72cae815,5050375952,user_715c4f12e0@example.com,Note_507d6861,640,8BA32DB4-956D-4BED-BF8E-58CA3EDDC218
OWNER_259361781c26,Company_9d6fc041,Last_5675dbcd,First_962ba9be,5050644071,5052916420,user_a493d52b84@example.com,Address_f05df871,City_e708c712,ZZ,72477,Address_a226cdca,City_c05d421a,ZZ,72477,Last_d178528e,First_72cae815,5050375952,user_715c4f12e0@example.com,Note_d03d2919,1041,3F06D65B-D64D-4600-952C-58D0E585CA17
OWNER_445e4d748271,Company_9d6fc041,Last_788e0008,First_c9a9a1e7,5059082856,5050375952,user_715c4f12e0@example.com,Address_5b3e38e0,City_c0fbf85c,ZZ,75073,Address_afb6dfdf,City_76200585,ZZ,75073,Last_ff98bd8f,First_023726c5,5050375952,user_715c4f12e0@example.com,Note_a8043345,1197,27DBDB09-EFA2-42A7-B896-591F1ABAE55F
OWNER_597b0bbe2afe,Company_9d6fc041,Last_1b7edf41,First_97959d73,5050375952,5053462556,user_0d0340da50@example.com,Address_54186068,City_ca4bb91c,ZZ,72477,Address_e87cf796,City_17db8506,ZZ,72477,Last_b3e6828d,First_ba69abcc,5055256042,user_1be918b83f@example.com,Note_dfecfbbc,1747,D4297DAF-FDDA-5C48-8E87-592190CC23CF
OWNER_64705e791072,Company_8c4baa1e,Last_7bd3af51,First_2c24c138,5050375952,5050375952,user_715c4f12e0@example.com,Address_f05df871,City_e708c712,ZZ,72477,Address_a226cdca,City_c05d421a,ZZ,72477,Last_d178528e,First_72cae815,5050375952,user_715c4f12e0@example.com,Note_74eda754,929,2F560AE6-6AC3-464A-B7A7-5932F3849FE3
OWNER_0c2ab1d79255,Company_9d6fc041,Last_e000a227,First_0d204786,5051901432,5050375952,user_715c4f12e0@example.com,Address_89e7c734,City_fb775d72,ZZ,24366,Address_a226cdca,City_c05d421a,ZZ,72477,Last_d178528e,First_72cae815,5050375952,user_715c4f12e0@example.com,Note_2168f0cd,618,7A5DBB9D-C6C8-41AB-9CF8-597A4B07E1D3
OWNER_1aefa2024e90,Company_9d6fc041,Last_865bdd6b,First_bf53bac2,5056420883,5050375952,user_715c4f12e0@example.com,Address_f05df871,City_e708c712,ZZ,72477,Address_2e550b1d,City_c05d421a,ZZ,72477,Last_d178528e,First_72cae815,5050375952,user_715c4f12e0@example.com,Note_44f1c057,837,AB2D2081-EDA0-464C-8EE3-598DDDD41B42
OWNER_c6b7b3fe0cfa,Company_9d6fc041,Last_a2b98414,First_42be0ff9,5050375952,5054487339,user_715c4f12e0@example.com,Address_f05df871,City_e708c712,ZZ,72477,Address_3e499981,City_729a8613,ZZ,39493,Last_d178528e,First_72cae815,5050375952,user_715c4f12e0@example.com,Note_2168f0cd,1833,1AE976F6-A49A-454E-A889-59B5D6B9B10A
OWNER_1e1b80207e05,Company_9d6fc041,Last_d7fdec97,First_116eee0f,5058230740,5050375952,user_9365528bcc@example.com,Address_2c24daaa,City_e708c712,ZZ,72477,Address_f91566f9,City_c05d421a,ZZ,72477,Last_d178528e,First_72cae815,5050375952,user_715c4f12e0@example.com,Note_2168f0cd,1314,12304C8E-78BA-439E-BCDF-59E71D88AA97
OWNER_8bd7737c17c3,Company_9d6fc041,Last_0ebcdf12,First_56a007bc,5058474155,5050375952,user_e68e048e7f@example.com,Address_f05df871,City_e708c712,ZZ,72477,Address_adc5b659,City_17db8506,ZZ,72477,Last_d178528e,First_72cae815,5050375952,user_715c4f12e0@example.com,Note_2168f0cd,968,94ABC508-82C0-466E-84A5-5A1339EF6E1E
OWNER_5e3eb340fa62,Company_3c085e97,Last_22e4461d,First_4c767f00,5050375952,5054574744,user_9e3b7d958f@example.com,Address_f05df871,City_e708c712,ZZ,72477,Address_a226cdca,City_c05d421a,ZZ,72477,Last_d178528e,First_72cae815,5050375952,user_715c4f12e0@example.com,Note_2168f0cd,1742,7C49281C-AF91-D848-A394-5A63F595DA81
OWNER_33a5bb546116,Company_506e3de8,Last_508a989a,First_098b7a78,5051976585,5050375952,user_715c4f12e0@example.com,Address_f05df871,City_e708c712,ZZ,72477,Address_a226cdca,City_c05d421a,ZZ,72477,Last_d178528e,First_72cae815,5050375952,user_715c4f12e0@example.com,Note_15b46343,414,14AECF57-6E8F-46CB-A5F6-5A78EB70A61A
OWNER_dfdb3e814354,Company_9d6fc041,Last_31cee234,First_c3055263,5050375952,5050140785,user_aa47ca085d@example.com,Address_f05df871,City_e708c712,ZZ,72477,Address_10e6746d,City_4e9d70b8,ZZ,36173,Last_d178528e,First_72cae815,5050375952,user_715c4f12e0@example.com,Note_2168f0cd,1411,06634F8A-BC6F-4ED3-B9E8-5AA95B41E5D6
OWNER_6e793192b653,Company_9d6fc041,Last_9a372f01,First_a82d6021,5050375952,5052636237,user_5f9355270c@example.com,Address_d5a26950,City_c8ef49e0,ZZ,99337,Address_ce00a584,City_253be803,ZZ,99337,Last_dfdc71cd,First_0f019802,5050375952,user_715c4f12e0@example.com,Note_2168f0cd,1862,B7A285A8-72A2-49EA-990E-5AB26F4C57BB
OWNER_acd73f535499,Company_9d6fc041,Last_a2a4be80,First_e35c9555,5058341890,5050375952,user_c64f65a786@example.com,Address_f05df871,City_e708c712,ZZ,72477,Address_61145863,City_81793998,ZZ,05295,Last_d178528e,First_72cae815,5050375952,user_715c4f12e0@example.com,Note_2168f0cd,1730,C5C53402-3CB1-7540-BB5C-5B12250D7C2A
OWNER_0f4b0b5d46c4,Company_9d6fc041,Last_0bffce40,First_6d855beb,5050375952,5051998299,user_982e455004@example.com,Address_7cac21be,City_50cdb0ed,ZZ,00030,Address_1cede4ef,City_23f9b279,ZZ,00030,Last_d178528e,First_72cae815,5050375952,user_715c4f12e0@example.com,Note_2168f0cd,1826,C5D58ECF-C93F-4D31-96C9-5B1540114B63
OWNER_a85aa4ab0600,Company_9d6fc041,Last_a0e7e393,First_1e2081dd,5053728493,5050375952,user_715c4f12e0@example.com,Address_a69767ef,City_fb775d72,ZZ,24366,Address_e1d97f75,City_c05d421a,ZZ,72477,Last_d178528e,First_72cae815,5050375952,user_715c4f12e0@example.com,Note_6822708b,20,D02056E7-DABE-429E-992E-5B1DACE025B1
OWNER_a3238f21eb98,Company_bd7987fa,Last_87698b40,First_35798c05,5058489050,5050375952,user_3980baebc8@example.com,Address_4e501ef5,City_f194ca26,ZZ,67893,Address_8d186428,City_94b6fd86,ZZ,72477,Last_d178528e,First_72cae815,5050375952,user_715c4f12e0@example.com,Note_2168f0cd,1591,65A6A53B-C65A-2743-9D47-5B36331C2A7E
OWNER_8b274d8b5d4e,Company_9d6fc041,Last_f0d9a668,First_106881e0,5055849816,5050375952,user_099cd87c74@example.com,Address_f05df871,City_e708c712,ZZ,72477,Address_a7d240fe,City_528281b9,ZZ,72477,Last_d178528e,First_72cae815,5050375952,user_715c4f12e0@example.com,Note_2168f0cd,1564,206DB1AC-577A-5547-B09C-5B5BE7421D8B
OWNER_713e95d64aeb,Company_9d6fc041,Last_58ab4ec3,First_c7a5b77a,5053057942,5054156749,user_715c4f12e0@example.com,Address_66570011,City_e6b38396,ZZ,88406,Address_8be4956e,City_1c973d51,ZZ,88406,Last_d178528e,First_72cae815,5050375952,user_715c4f12e0@example.com,Note_2168f0cd,1164,44161CFD-6C21-449C-A611-5B89002F5BAB
OWNER_7ac27db503a9,Company_9d6fc041,Last_04b254f4,First_28f2faf5,5050375952,5053350513,user_9bbb4387de@example.com,Address_f05df871,City_e708c712,ZZ,72477,Address_e7dfb526,City_94b6fd86,ZZ,67893,Last_d178528e,First_72cae815,5050375952,user_715c4f12e0@example.com,Note_2168f0cd,1598,CFBB18BE-8730-5347-8DE8-5BD8324BA777
OWNER_edfcf4e06ff0,Company_9d6fc041,Last_3170606f,First_89004241,5056957758,5050375952,user_4efba98bd9@example.com,Address_f05df871,City_e708c712,ZZ,72477,Address_a226cdca,City_c05d421a,ZZ,72477,Last_d178528e,First_72cae815,5050375952,user_715c4f12e0@example.com,Note_df6fa843,128,F77E8CF6-0551-4209-90BA-5BF501766A18
OWNER_9033676363d6,Company_99404aaa,Last_e90ff649,First_2efdb131,5053814108,5050375952,user_87be2b8fe4@example.com,Address_f05df871,City_e708c712,ZZ,72477,Address_a226cdca,City_c05d421a,ZZ,72477,Last_d178528e,First_72cae815,5050375952,user_715c4f12e0@example.com,Note_2168f0cd,1391,22F0C711-1F0B-4C88-BFE2-5C3013DAFF6D
OWNER_17010100df67,Company_904a2e7b,Last_f9b89541,First_490ae46a,5055807298,5055518999,user_715c4f12e0@example.com,Address_419dc97b,City_f56f2a96,ZZ,16176,Address_9b68dab2,City_733bf12c,ZZ,16176,Last_d178528e,First_72cae815,5050375952,user_715c4f12e0@example.com,Note_2e43878c,1358,D8586FD0-B13E-47EA-9237-5C63F7623A7E
OWNER_0cee98c436e6,Company_a81b07dd,Last_e236227e,First_e14d37d8,5058266161,5055408033,user_f15afdff60@example.com,Address_f05df871,City_e708c712,ZZ,72477,Address_a226cdca,City_c05d421a,ZZ,72477,Last_13e8d3e4,First_79ea783b,5053700830,user_715c4f12e0@example.com,Note_f9a037ad,381,F49CE507-2D51-402E-9B07-5C78FFEE68F8
OWNER_8cfe795848f9,Company_162bb20e,Last_7bd3af51,First_2c24c138,5050375952,5050375952,user_715c4f12e0@example.com,Address_f05df871,City_e708c712,ZZ,72477,Address_a226cdca,City_c05d421a,ZZ,72477,Last_d178528e,First_72cae815,5050375952,user_715c4f12e0@example.com,Note_2168f0cd,1019,1921F80B-E785-4564-8E28-5C9B0C8EA903
OWNER_4013b41be931,Company_9fb59871,Last_7bd3af51,First_2c24c138,5054668350,5050375952,user_715c4f12e0@example.com,Address_f05df871,City_e708c712,ZZ,72477,Address_414aabf9,City_73b3f231,ZZ,81958,Last_d178528e,First_72cae815,5050375952,user_715c4f12e0@example.com,Note_2168f0cd,460,77ACD1F8-05B0-4251-B03F-5CA570DCE4ED
OWNER_b99a944cf9df,Company_84b9c66b,Last_e516aad7,First_5c2d4eb9,5051375951,5050375952,user_b55d53648c@example.com,Address_7ff9a759,City_52325a41,ZZ,48704,Address_a226cdca,City_c05d421a,ZZ,72477,Last_16fc00b9,First_7d63961c,5051375951,user_eaa181faa5@example.com,Note_d3e903ba,1446,BB1887BD-50FB-4F0B-BB41-5CC9AA6EEF27
OWNER_54b9797f392e,Company_9d6fc041,Last_b69eae0e,First_97959d73,5055365181,5050375952,user_9fbaff7ed5@example.com,Address_f05df871,City_e708c712,ZZ,72477,Address_3468dc4a,City_76200585,ZZ,75073,Last_0677a5fa,First_32077c4b,5050375952,user_715c4f12e0@example.com,Note_2168f0cd,1275,E88BD8AD-6AB6-4A05-AF27-5CE486ED6CE6
OWNER_1db27daa9fbe,Company_9d6fc041,Last_07cf3eed,First_e0c3af9a,5050375952,5050286064,user_f0c5fd2c6f@example.com,Address_9877fd89,City_d85b9afd,ZZ,67238,Address_69320302,City_ff7b5c81,ZZ,67238,Last_d178528e,First_72cae815,5050375952,user_715c4f12e0@example.com,Note_2168f0cd,1713,2906629F-497D-6141-8486-5CF48AAA96D7
OWNER_9577950db4f6,Company_9d6fc041,Last_f9b89541,First_34c50f93,5050375952,5050375952,user_715c4f12e0@example.com,Address_f05df871,City_e708c712,ZZ,72477,Address_a226cdca,City_c05d421a,ZZ,72477,Last_d178528e,First_72cae815,5050375952,user_715c4f12e0@example.com,Note_2168f0cd,1143,23C24ABA-C5A1-4504-8487-5D288A51B18D
OWNER_02982662c4a7,Company_9d6fc041,Last_c0c930a9,First_23c744fc,5059878177,5050375952,user_715c4f12e0@example.com,Address_f05df871,City_e708c712,ZZ,72477,Address_a226cdca,City_c05d421a,ZZ,72477,Last_d178528e,First_72cae815,5050375952,user_715c4f12e0@example.com,Note_9a172c3d,234,F2E63BA7-4200-4976-BC4F-5D2FABE6B9C3
OWNER_3ae75c42daba,Company_9d6fc041,Last_2c06e69b,First_ef2be852,5056711913,5057630721,user_715c4f12e0@example.com,Address_0ba6eca1,City_3a05a3a0,ZZ,83181,Address_088326f6,City_223baac0,ZZ,83181,Last_d178528e,First_72cae815,5050375952,user_715c4f12e0@example.com,Note_486aacd2,1366,0BE5096F-219F-413E-839D-5D391F5C2D6D
OWNER_48c23fea151e,Company_9d6fc041,Last_4ef4d1ea,First_ab9bef00,5050522723,5050375952,user_715c4f12e0@example.com,Address_f05df871,City_e708c712,ZZ,72477,Address_a226cdca,City_c05d421a,ZZ,72477,Last_d178528e,First_72cae815,5050375952,user_715c4f12e0@example.com,Note_2168f0cd,829,EEDD1FE3-C922-4E28-8E2F-5D49A9F850F4
OWNER_012c9d42391b,Company_9d6fc041,Last_35cabe2a,First_098b7a78,5050375952,5050375952,user_715c4f12e0@example.com,Address_f05df871,City_e708c712,ZZ,72477,Address_a226cdca,City_c05d421a,ZZ,72477,Last_d178528e,First_72cae815,5050375952,user_715c4f12e0@example.com,Note_2168f0cd,503,194FEEE6-D8C3-4A23-9EBB-5D5ED6DABC34
OWNER_9bdf140f5f9e,Company_9d6fc041,Last_8fbf3702,First_47baf5c3,5050065905,5050375952,user_715c4f12e0@example.com,Address_f05df871,City_e708c712,ZZ,72477,Address_a226cdca,City_c05d421a,ZZ,72477,Last_15181520,First_f966de24,5050375952,user_715c4f12e0@example.com,Note_d2705707,455,8499E6C0-DFBF-446A-8EBA-5D6EC4C8393A
OWNER_d0673c3f883a,Company_9d6fc041,Last_e9b8677e,First_d21c8c64,5050375952,5053154274,user_715c4f12e0@example.com,Address_f05df871,City_e708c712,ZZ,72477,Address_79dd4819,City_3a846ee9,ZZ,52085,Last_d178528e,First_72cae815,5050375952,user_715c4f12e0@example.com,Note_2168f0cd,1973,32DDB67A-49FD-4CE0-AB30-5D86D1963F30
OWNER_d5c3cd9215ae,Company_9d6fc041,Last_ccea4d8c,First_667f00bd,5050375952,5055969690,user_a36740b3cd@example.com,Address_1a67b804,City_9b94cfc5,ZZ,58363,Address_ce936c1d,City_32d30c4f,ZZ,58363,Last_d178528e,First_72cae815,5050375952,user_715c4f12e0@example.com,Note_2168f0cd,1820,1EC6E6DC-1A79-43F7-816B-5D8FB0E744E7
OWNER_b25287d27fc9,Company_9d6fc041,Last_42e0a3be,First_f67acae1,5053118149,5055665604,user_158b24aeb3@example.com,Address_f05df871,City_e708c712,ZZ,72477,Address_0a87bbd7,City_8dbac927,ZZ,72477,Last_d178528e,First_72cae815,5050375952,user_715c4f12e0@example.com,Note_b9b364c9,773,81CB8849-69A3-416E-B2F8-5D912D5C0AEF
OWNER_05419161a0f2,Company_9d6fc041,Last_1338f347,First_f1f5db66,5053424678,5050375952,user_4c5ff73e91@example.com,Address_f05df871,City_e708c712,ZZ,72477,Address_f2696fd3,City_4e9d70b8,ZZ,36173,Last_d178528e,First_72cae815,5050375952,user_715c4f12e0@example.com,Note_2168f0cd,1944,864D39FD-9A05-433A-B494-5DF8737AFDB4
OWNER_896eacc71783,Company_8a4a497f,Last_7bd3af51,First_2c24c138,5050375952,5050375952,user_715c4f12e0@example.com,Address_f05df871,City_e708c712,ZZ,72477,Address_a226cdca,City_c05d421a,ZZ,72477,Last_d178528e,First_72cae815,5050375952,user_715c4f12e0@example.com,Note_2168f0cd,130,F0280925-1EBB-4B6F-9760-5DFCC5580CFF
OWNER_5eee2f70166f,Company_9d6fc041,Last_ca8c2e22,First_db91eadd,5050375952,5050375952,user_ae08159463@example.com,Address_d6eead72,City_897c4ff0,ZZ,72477,Address_a226cdca,City_c05d421a,ZZ,72477,Last_76f9f8c4,First_7891dd48,5057947119,user_715c4f12e0@example.com,Note_d58d6f5f,1680,E31A95EE-B84B-2B43-96BA-5E21B78F2ED8
OWNER_9465a0ce56de,Company_9d6fc041,Last_4cd9b36f,First_e3731ead,5050375952,5055017146,user_715c4f12e0@example.com,Address_f05df871,City_e708c712,ZZ,72477,Address_a226cdca,City_c05d421a,ZZ,72477,Last_d178528e,First_72cae815,5050375952,user_715c4f12e0@example.com,Note_16228dd2,432,E719F7C3-A056-45A9-81B2-5E4205D01196
OWNER_394d97be199d,Company_9d6fc041,Last_3b87d7bc,First_410582ac,5050640175,5050375952,user_3b3eaa56ce@example.com,Address_71e7788c,City_aeb02e3b,ZZ,80528,Address_a226cdca,City_c05d421a,ZZ,72477,Last_d178528e,First_72cae815,5050375952,user_715c4f12e0@example.com,Note_2168f0cd,674,5A8138BF-92E5-430B-A85F-5E54A73882BB
OWNER_70488e52a935,Company_9d6fc041,Last_9b71f080,First_1713ac90,5056302468,5050375952,user_715c4f12e0@example.com,Address_f05df871,City_e708c712,ZZ,72477,Address_a226cdca,City_c05d421a,ZZ,72477,Last_d178528e,First_72cae815,5050375952,user_715c4f12e0@example.com,Note_e4b4b06a,38,F6D3D101-E0E2-484B-9EF2-5E6F34708C8C
OWNER_fee104756d0e,Company_9d6fc041,Last_3c7d6ecb,First_18ed79c8,5050375952,5050818826,user_dde424fa34@example.com,Address_f05df871,City_e708c712,ZZ,72477,Address_c4b0698b,City_cd23d742,ZZ,15434,Last_d178528e,First_72cae815,5050375952,user_715c4f12e0@example.com,Note_2168f0cd,1938,B20EFEEA-AF14-4CAD-B753-5E6FB185CCA9
OWNER_d763f3baa7f9,Company_9d6fc041,Last_9044fdb2,First_3dfbec13,5051052567,5050375952,user_715c4f12e0@example.com,Address_f05df871,City_e708c712,ZZ,72477,Address_a226cdca,City_c05d421a,ZZ,72477,Last_a03ee663,First_ad59793c,5055559077,user_715c4f12e0@example.com,Note_434454c6,1648,9455E05D-41E8-F84C-A25E-5E86BB46C645
OWNER_ef3ae2f377fb,Company_9d6fc041,Last_b8c11aec,First_032a3169,5050375952,5058934606,user_4d249e46d7@example.com,Address_ae9c1f36,City_9b94cfc5,ZZ,58363,Address_6fdcc7f5,City_32d30c4f,ZZ,58363,Last_04cde31b,First_4bccb42f,5050127524,user_715c4f12e0@example.com,Note_2168f0cd,1794,6CF93880-13C6-465B-8709-5EBD749AED30
OWNER_7ff0814c604c,Company_9d6fc041,Last_83e020cf,First_851b6d5c,5050375952,5050375952,user_715c4f12e0@example.com,Address_f05df871,City_e708c712,ZZ,72477,Address_a226cdca,City_c05d421a,ZZ,72477,Last_d178528e,First_72cae815,5050375952,user_715c4f12e0@example.com,Note_2168f0cd,561,A1186D72-1479-4939-8ABC-5EC626B09A24
OWNER_205a4c5c413e,Company_9d6fc041,Last_94644141,First_667f00bd,5050375952,5050375952,user_715c4f12e0@example.com,Address_f05df871,City_e708c712,ZZ,72477,Address_a226cdca,City_c05d421a,ZZ,72477,Last_d178528e,First_72cae815,5050375952,user_715c4f12e0@example.com,Note_f8164d7b,938,B273EDA1-DD5A-4730-9544-5ECBA196A80F
OWNER_150d184ee300,Company_9d6fc041,Last_ef5d4f35,First_97959d73,5050158293,5050375952,user_8f6a18d1ea@example.com,Address_8f3e1b49,City_fe002fea,ZZ,81266,Address_a226cdca,City_c05d421a,ZZ,72477,Last_01919756,First_90ff4ca7,5050375952,user_715c4f12e0@example.com,Note_2168f0cd,1709,1CF06F06-D581-074D-980F-5F20C57EDD06
OWNER_393169f262ac,Company_9d6fc041,Last_7510731d,First_bbf35dcf,5057419882,5050375952,user_715c4f12e0@example.com,Address_4cc430c6,City_e6b38396,ZZ,88406,Address_82bf0cfb,City_1c973d51,ZZ,88406,Last_d178528e,First_72cae815,5050375952,user_715c4f12e0@example.com,Note_2168f0cd,1173,3F835A5D-F3D5-4AE0-8504-5F27A92D3AF3
OWNER_6469e2473523,Company_b9bd4016,Last_117e1330,First_76bce44d,5056231371,5058500932,user_65388cc1c8@example.com,Address_f8b886da,City_c9cb15d0,ZZ,95266,Address_3620bef9,City_e6e31e0a,ZZ,19053,Last_d178528e,First_72cae815,5050375952,user_715c4f12e0@example.com,Note_2168f0cd,1721,490FAB85-8ADD-964A-8514-5F7500B5DC71
OWNER_4555e661e3e6,Company_a7f8e445,Last_679d345d,First_32f0fee1,5052457264,5050375952,user_68633243b6@example.com,Address_15c62325,City_f56f2a96,ZZ,16176,Address_a226cdca,City_c05d421a,ZZ,72477,Last_dfc60dbb,First_df55eee4,5050375952,user_715c4f12e0@example.com,Note_2168f0cd,1037,15DCE067-0EAB-43DA-ACB8-5F824318D167
OWNER_31fd07ef39e8,Company_9d6fc041,Last_965b7a71,First_5a53d49c,5050375952,5053274345,user_56f6a0405d@example.com,Address_efafb936,City_c8ef49e0,ZZ,99337,Address_1c421bd7,City_253be803,ZZ,99337,Last_7556e3c0,First_74d5a602,5050375952,user_715c4f12e0@example.com,Note_2168f0cd,1874,FB641063-8647-4A46-B60A-5F9E3AEDA731
OWNER_686e13a49b2c,Company_9d6fc041,Last_7bd3af51,First_2c24c138,5050375952,5050375952,user_715c4f12e0@example.com,Address_f05df871,City_e708c712,ZZ,72477,Address_a226cdca,City_c05d421a,ZZ,72477,Last_d178528e,First_72cae815,5050375952,user_715c4f12e0@example.com,Note_2168f0cd,487,C19525CF-129F-4BB3-B667-5FA7C99B4861
OWNER_c4c25a54b61b,Company_9d6fc041,Last_3473807a,First_61c338eb,5053825713,5050375952,user_715c4f12e0@example.com,Address_d7c0a878,City_9870ba28,ZZ,26022,Address_a226cdca,City_c05d421a,ZZ,72477,Last_d178528e,First_72cae815,5050375952,user_715c4f12e0@example.com,Note_2168f0cd,602,BF6D5901-1DED-48FF-8838-5FC1101CCF78
OWNER_4c94bd14814b,Company_9d6fc041,Last_ec2cf5db,First_d8e8bb91,5050375952,5050375952,user_715c4f12e0@example.com,Address_f05df871,City_e708c712,ZZ,72477,Address_a226cdca,City_c05d421a,ZZ,72477,Last_d178528e,First_72cae815,5050375952,user_715c4f12e0@example.com,Note_8d43f9b4,622,CB08F32E-3BF5-4AC8-A303-5FEC8D5DAE1A
OWNER_2a997cb99fe7,Company_fecb9a1c,Last_7bd3af51,First_2c24c138,5050375952,5050375952,user_715c4f12e0@example.com,Address_f05df871,City_e708c712,ZZ,72477,Address_a226cdca,City_c05d421a,ZZ,72477,Last_d178528e,First_72cae815,5050375952,user_715c4f12e0@example.com,Note_f9c15a70,295,C58E3066-3CB4-479C-B86D-600F3FC50210
OWNER_8cb90fa9ff23,Company_9d6fc041,Last_d4a5c76a,First_258cb898,5050375952,5052472919,user_4a70777e77@example.com,Address_f05df871,City_e708c712,ZZ,72477,Address_7a422cfe,City_9415c49e,ZZ,15642,Last_d178528e,First_72cae815,5050375952,user_715c4f12e0@example.com,Note_2168f0cd,1801,C4B85369-A39D-40D8-87D1-6016784E95FE
OWNER_2f5573dcb554,Company_88fe05f7,Last_7bd3af51,First_2c24c138,5050375952,5050375952,user_715c4f12e0@example.com,Address_f05df871,City_e708c712,ZZ,72477,Address_a226cdca,City_c05d421a,ZZ,72477,Last_d178528e,First_72cae815,5050375952,user_715c4f12e0@example.com,Note_2168f0cd,1015,72FFF06D-9DC7-426B-9B2E-604541066081
OWNER_ce7283662c9f,Company_9d6fc041,Last_d3e9124a,First_bb656552,5050375952,5050375952,user_715c4f12e0@example.com,Address_f05df871,City_e708c712,ZZ,72477,Address_10c4ae85,City_17db8506,ZZ,70370,Last_c066b3d2,First_33a999a6,5050047835,user_5ecc77f19d@example.com,Note_b6c18e87,958,52E79FB4-E66F-459F-B991-604B91FE1A6F
OWNER_116843611079,Company_9d6fc041,Last_1d59083e,First_97959d73,5050375952,5058176554,user_4b9f65f0e5@example.com,Address_f05df871,City_279d84cc,ZZ,72477,Address_4a23df93,City_8dbac927,ZZ,72477,Last_d178528e,First_72cae815,5050375952,user_715c4f12e0@example.com,Note_13d7a143,673,C42563F1-A6F3-4B42-BAA1-60C5B25F501A
OWNER_0c1c8ba83228,Company_9d6fc041,Last_dfbb40de,First_85458ce4,5053064837,5050375952,user_715c4f12e0@example.com,Address_f05df871,City_e708c712,ZZ,72477,Address_a226cdca,City_c05d421a,ZZ,72477,Last_d178528e,First_72cae815,5050375952,user_715c4f12e0@example.com,Note_2168f0cd,396,AE26BF3F-F4BB-4C2B-A02F-60CF98392F35
OWNER_392c44c7dfc5,Company_9d6fc041,Last_9ec3926a,First_28f2faf5,5058172666,5050375952,user_80287346d0@example.com,Address_69e72f8b,City_d85b9afd,ZZ,30733,Address_c254785c,City_342f853b,ZZ,67087,Last_25716312,First_f266dd81,5050375952,user_715c4f12e0@example.com,Note_2168f0cd,1745,489F1AA1-3E09-E14B-A9FB-61137DF81A73
OWNER_8991e0a2a7cc,Company_9d6fc041,Last_8e8e30f2,First_098b7a78,5050375952,5050375952,user_715c4f12e0@example.com,Address_f05df871,City_e708c712,ZZ,72477,Address_a226cdca,City_c05d421a,ZZ,72477,Last_05a35a78,First_93e211be,5050375952,user_715c4f12e0@example.com,Note_1cc1fdc5,515,6EA9DD78-B617-43B5-8F3C-6118F8D3C559
OWNER_fea1346693c1,Company_3bae53c5,Last_7bd3af51,First_2c24c138,5050375952,5050375952,user_715c4f12e0@example.com,Address_f05df871,City_e708c712,ZZ,72477,Address_a226cdca,City_c05d421a,ZZ,72477,Last_d178528e,First_72cae815,5050375952,user_715c4f12e0@example.com,Note_2168f0cd,595,55C5678E-7814-4B81-8212-6139B519957C
OWNER_e9a36841e94b,Company_9d6fc041,Last_46dce99e,First_fa4dc384,5050375952,5050375952,user_715c4f12e0@example.com,Address_c6517429,City_a000d1fb,ZZ,72477,Address_a226cdca,City_c05d421a,ZZ,72477,Last_44c527db,First_45e1a47c,5053814108,user_87be2b8fe4@example.com,Note_80aaaf78,1390,6AC5A94C-3E1A-461C-8E75-618987CD6638
OWNER_0552380b19f5,Company_9d6fc041,Last_a42122e6,First_128a89c4,5055544317,5050375952,user_e55afd7b20@example.com,Address_f05df871,City_e708c712,ZZ,72477,Address_a226cdca,City_c05d421a,ZZ,72477,Last_d178528e,First_72cae815,5050375952,user_715c4f12e0@example.com,Note_2168f0cd,92,2EAC7A10-93FB-44DB-B1EE-61A050E03AAD
OWNER_0ff084989275,Company_9d6fc041,Last_9d0cda43,First_179c3cc1,5050375952,5051202697,user_3fb9b2ba29@example.com,Address_9adae8c7,City_d85b9afd,ZZ,95167,Address_9b8e06fe,City_253be803,ZZ,99337,Last_af72a068,First_6f110264,5050375952,user_6111e127de@example.com,Note_f0d8e86f,1715,746D7E66-396F-CD4F-9B31-620E3553A2A2
OWNER_0784df0e9031,Company_ffea15b9,Last_c7d04d5a,First_930b2cc5,5050375952,5050375952,user_715c4f12e0@example.com,Address_b24f6fbc,City_63a3aa80,ZZ,18017,Address_a226cdca,City_c05d421a,ZZ,72477,Last_d178528e,First_72cae815,5050375952,user_715c4f12e0@example.com,Note_7f0fae3c,897,A1E1E7CE-F846-4413-BEC3-620FAC2F3EE6
OWNER_0bfe13ac314e,Company_9d6fc041,Last_5e285c64,First_605333f9,5051954198,5050375952,user_498383b59b@example.com,Address_f05df871,City_e708c712,ZZ,72477,Address_73ecb53e,City_c05d421a,ZZ,72477,Last_d178528e,First_72cae815,5050375952,user_715c4f12e0@example.com,Note_2168f0cd,1562,9BF26ACB-30D8-964F-99C9-621C046C28BB
OWNER_00ae778ba998,Company_be61fa55,Last_7bd3af51,First_2c24c138,5050375952,5050375952,user_715c4f12e0@example.com,Address_f05df871,City_e708c712,ZZ,72477,Address_a226cdca,City_f4f05588,ZZ,72477,Last_d178528e,First_72cae815,5050375952,user_715c4f12e0@example.com,Note_2168f0cd,1669,D46F4FA7-3BF5-7147-A48F-621F86BBA77E
OWNER_2d6c1cae2037,Company_c29dfb45,Last_7bd3af51,First_2c24c138,5050375952,5050375952,user_715c4f12e0@example.com,Address_f05df871,City_e708c712,ZZ,72477,Address_a226cdca,City_c05d421a,ZZ,72477,Last_d178528e,First_72cae815,5050375952,user_715c4f12e0@example.com,Note_2168f0cd,419,86CB5606-45BC-4039-948E-6274488DF0BE
OWNER_26939187201c,Company_9d6fc041,Last_08b0f3cf,First_97959d73,5050375952,5058070597,user_17d2a6ca3a@example.com,Address_f05df871,City_e708c712,ZZ,72477,Address_1490d4f2,City_c0cd795e,ZZ,94038,Last_d178528e,First_72cae815,5050375952,user_715c4f12e0@example.com,Note_2168f0cd,1957,DB3A2062-1F8B-4CB2-B3E2-62894BBA3F21
OWNER_e378c407043f,Company_4f6ba04a,Last_7bd3af51,First_2c24c138,5050375952,5050375952,user_715c4f12e0@example.com,Address_f05df871,City_e708c712,ZZ,72477,Address_372124a1,City_c05d421a,ZZ,72477,Last_d178528e,First_72cae815,5050375952,user_715c4f12e0@example.com,Note_2168f0cd,1055,2FE4907A-29E0-4B8D-A6B2-62EF1B79AD49
OWNER_d83784895c21,Company_9d6fc041,Last_c3d4a251,First_69d72d44,5050375952,5050375952,user_715c4f12e0@example.com,Address_f05df871,City_e708c712,ZZ,72477,Address_a226cdca,City_c05d421a,ZZ,72477,Last_d178528e,First_72cae815,5050375952,user_715c4f12e0@example.com,Note_8671cb4a,64,8122CA1F-B0B8-402A-8760-634322B95F0D
OWNER_191ca5c6c455,Company_9d6fc041,Last_6334ab1c,First_040dfb45,5050375952,5058246211,user_715c4f12e0@example.com,Address_f05df871,City_e708c712,ZZ,72477,Address_d785896e,City_76200585,ZZ,75073,Last_bf6d5281,First_79ea783b,5053797347,user_715c4f12e0@example.com,Note_28ab50d0,1580,2B0A7E9D-A6E6-2B42-BE71-635CEDCA4EA9
OWNER_23a5fa7ec84d,Company_9d6fc041,Last_c7221427,First_667f00bd,5050375952,5050375952,user_715c4f12e0@example.com,Address_f05df871,City_e708c712,ZZ,72477,Address_a226cdca,City_c05d421a,ZZ,72477,Last_d178528e,First_72cae815,5050375952,user_715c4f12e0@example.com,Note_2168f0cd,990,85259B6D-8D14-4136-80C1-63A40CE78436
OWNER_dc859b7b422b,Company_9d6fc041,Last_270c8b64,First_69d72d44,5050178758,5050375952,user_b860b28e7b@example.com,Address_f05df871,City_e708c712,ZZ,72477,Address_a226cdca,City_c05d421a,ZZ,72477,Last_d178528e,First_72cae815,5050375952,user_715c4f12e0@example.com,Note_2168f0cd,1691,EAA5141E-E80A-814B-A338-647561024570
OWNER_1d310e79809a,Company_9d6fc041,Last_4cec6a05,First_0c97b3c5,5050375952,5059674110,user_42e1fc2338@example.com,Address_f05df871,City_e708c712,ZZ,72477,Address_4116bad7,City_03ac272d,ZZ,11928,Last_d178528e,First_72cae815,5050375952,user_715c4f12e0@example.com,Note_2168f0cd,1836,97E260AA-EC5C-45D0-88B9-64A29A805F04
OWNER_f5b892761464,Company_9d6fc041,Last_125199ac,First_b7ffef75,5057646773,5050375952,user_dbb9b82590@example.com,Address_f05df871,City_e708c712,ZZ,72477,Address_72686476,City_528281b9,ZZ,45530,Last_d178528e,First_72cae815,5050375952,user_715c4f12e0@example.com,Note_2168f0cd,1221,0AB0DB4D-6123-4F8D-9CDE-64D34CDBA824
OWNER_4b4b895bf64d,Company_9d6fc041,Last_b9fb04d0,First_70b991f4,5050375952,5050375952,user_715c4f12e0@example.com,Address_f05df871,City_e708c712,ZZ,72477,Address_a226cdca,City_c05d421a,ZZ,72477,Last_d178528e,First_72cae815,5050375952,user_715c4f12e0@example.com,Note_2168f0cd,195,A96F0C1A-C478-4587-B61C-64DABB8BE0D0
OWNER_ecbd088ccd33,Company_9d6fc041,Last_42e0a3be,First_dd5df4b2,5059332736,5050375952,user_715c4f12e0@example.com,Address_c882e082,City_013579ea,ZZ,74737,Address_a226cdca,City_c05d421a,ZZ,72477,Last_d178528e,First_72cae815,5050375952,user_715c4f12e0@example.com,Note_c2fa34c0,138,B611C1E5-1133-4AD4-BB8B-64F205A9701E
OWNER_062dcf763dff,Company_9d6fc041,Last_091c3535,First_86aee43b,5056258979,5050375952,user_715c4f12e0@example.com,Address_f05df871,City_e708c712,ZZ,72477,Address_91b06398,City_76200585,ZZ,72477,Last_1427ec87,First_5ee54428,5057305195,user_9a4388e3d5@example.com,Note_2168f0cd,1569,3D5F44D7-8E62-2D4C-A2B5-6538454DB7ED
OWNER_78fd5a5da6c5,Company_9d6fc041,Last_c68390ea,First_58d0bb84,5059722811,5050375952,user_715c4f12e0@example.com,Address_8b25dcc3,City_eb940fb0,ZZ,28095,Address_a226cdca,City_c05d421a,ZZ,72477,Last_d178528e,First_72cae815,5050375952,user_715c4f12e0@example.com,Note_2168f0cd,1027,1DB88FD7-C139-4011-BEB4-65483053861F
OWNER_02e2b029f6db,Company_9d6fc041,Last_420fb5af,First_891ccc85,5055300932,5050375952,user_c248866956@example.com,Address_f05df871,City_e708c712,ZZ,72477,Address_2be5900d,City_c05d421a,ZZ,72477,Last_d178528e,First_72cae815,5050375952,user_715c4f12e0@example.com,Note_2168f0cd,682,28BFD7E0-C2AD-4B79-80B9-6565A4BC2459
OWNER_46512faeddaf,Company_9d6fc041,Last_82e32478,First_057fa61d,5056174947,5050375952,user_715c4f12e0@example.com,Address_3781d5e5,City_6ec3f32a,ZZ,04722,Address_699b558a,City_c05d421a,ZZ,72477,Last_d178528e,First_72cae815,5050375952,user_715c4f12e0@example.com,Note_2168f0cd,620,2920A31B-2731-44F8-B038-658435781D44
OWNER_e5275971e79c,Company_9d6fc041,Last_c0c930a9,First_27b77574,5056552447,5050375952,user_715c4f12e0@example.com,Address_f05df871,City_e708c712,ZZ,72477,Address_db4d8a6a,City_c05d421a,ZZ,72477,Last_d178528e,First_72cae815,5050375952,user_715c4f12e0@example.com,Note_2168f0cd,477,ABD04B2D-F9B7-411B-BD62-65947511943F
OWNER_ca47b994f5c2,Company_9d6fc041,Last_731ab32f,First_afd8441e,5050375952,5050375952,user_715c4f12e0@example.com,Address_f05df871,City_e708c712,ZZ,72477,Address_a226cdca,City_c05d421a,ZZ,72477,Last_d178528e,First_72cae815,5050375952,user_715c4f12e0@example.com,Note_2168f0cd,935,92985E1D-CBEF-4C6B-8B69-65D3AE5EBBA2
OWNER_554b9139aa45,Company_9d6fc041,Last_2be40f51,First_a6480486,5050845586,5050375952,user_aff285c5de@example.com,Address_89eaa1d8,City_f56f2a96,ZZ,16176,Address_46dc83a8,City_733bf12c,ZZ,16176,Last_d178528e,First_72cae815,5050375952,user_715c4f12e0@example.com,Note_2168f0cd,256,4C9EA451-0327-42DC-8C4C-65EA66A37CDC
OWNER_0a64e5c1ba6f,Company_9d6fc041,Last_c2a6d75d,First_adfae757,5050375952,5053781615,user_715c4f12e0@example.com,Address_a1152fd3,City_c0fbf85c,ZZ,75073,Address_a226cdca,City_c05d421a,ZZ,72477,Last_d178528e,First_7db7c50b,5051034698,user_715c4f12e0@example.com,Note_2168f0cd,1575,5219062D-D003-5D4F-84BD-66505EBDF31B
OWNER_e6a88c05e81b,Company_9d6fc041,Last_20c6bed4,First_e35c9555,5050375952,5050375952,user_715c4f12e0@example.com,Address_f05df871,City_e708c712,ZZ,72477,Address_a226cdca,City_c05d421a,ZZ,72477,Last_529c84f0,First_fc5cc666,5056825080,user_715c4f12e0@example.com,Note_2d4a1a60,53,529E6DCB-AD03-4F36-B4B7-66511666FBC7
OWNER_a9981fbc5897,Company_9d6fc041,Last_2276056f,First_3f6bad62,5050375952,5058837928,user_715c4f12e0@example.com,Address_f05df871,City_e708c712,ZZ,72477,Address_f51272b2,City_76200585,ZZ,75073,Last_d178528e,First_72cae815,5050375952,user_715c4f12e0@example.com,Note_2168f0cd,1230,6902798B-A05E-4729-A380-665F370F40F8
OWNER_c21a5248a6f1,Company_9d6fc041,Last_91078794,First_f009ffdd,5050422386,5050375952,user_715c4f12e0@example.com,Address_f05df871,City_e708c712,ZZ,72477,Address_a226cdca,City_c05d421a,ZZ,72477,Last_d178528e,First_72cae815,5050375952,user_715c4f12e0@example.com,Note_2168f0cd,352,3B6145C1-58C6-4B2F-B81F-667BE6F5D2E3
OWNER_ffeda965c851,Company_9d6fc041,Last_9ef04db6,First_4f419f87,5050375952,5050375952,user_715c4f12e0@example.com,Address_f05df871,City_e708c712,ZZ,72477,Address_a226cdca,City_c05d421a,ZZ,72477,Last_d178528e,First_72cae815,5050375952,user_715c4f12e0@example.com,Note_2168f0cd,278,4404A99E-BAE2-4B2B-965D-6698981C981A
OWNER_be331660d1b0,Company_8030a373,Last_c9e6b4b3,First_4354f275,5052105220,5052012380,user_c32a3942d6@example.com,Address_0d728c09,City_a62e8786,ZZ,98066,Address_a226cdca,City_c05d421a,ZZ,72477,Last_d178528e,First_72cae815,5050375952,user_715c4f12e0@example.com,Note_2168f0cd,735,2158FA72-F5B9-4164-928A-66ACF069A2B1
OWNER_cd7c68a317a4,Company_9d6fc041,Last_823a76f3,First_4cf9c505,5059893366,5050375952,user_2f298ebcc6@example.com,Address_f05df871,City_e708c712,ZZ,72477,Address_a226cdca,City_c05d421a,ZZ,72477,Last_d178528e,First_72cae815,5050375952,user_715c4f12e0@example.com,Note_2168f0cd,1621,DC0980C8-E37F-304A-B671-66AEC919035D
OWNER_71b3ef9a40c7,Company_55e36b60,Last_0029b2c2,First_1ddd3610,5057978492,5050375952,user_8da2ad01ea@example.com,Address_f05df871,City_e708c712,ZZ,72477,Address_a226cdca,City_c05d421a,ZZ,72477,Last_d178528e,First_72cae815,5050375952,user_715c4f12e0@example.com,Note_2168f0cd,75,346AE45E-2565-4D1A-907C-66AF9F5FEFC4
OWNER_28fb99e215ae,Company_9d6fc041,Last_7d2b8fe1,First_b4a8e884,5052724501,5050375952,user_3539d1d155@example.com,Address_e16497f5,City_6ec3f32a,ZZ,04722,Address_a226cdca,City_c05d421a,ZZ,72477,Last_d178528e,First_72cae815,5050375952,user_715c4f12e0@example.com,Note_2168f0cd,947,5F479215-1335-40D5-B640-66CF99C2C5E3
OWNER_8c6fd23a70e2,Company_cb7fde8f,Last_6b4cffea,First_a584ce61,5050375952,5050375952,user_715c4f12e0@example.com,Address_f05df871,City_e708c712,ZZ,72477,Address_a226cdca,City_c05d421a,ZZ,72477,Last_d178528e,First_72cae815,5050375952,user_715c4f12e0@example.com,Note_dc6b34a6,1009,066B69E6-3367-4BF6-9970-674F09D7F1B7
OWNER_353ca127366f,Company_9d6fc041,Last_6aef51af,First_bf2ec069,5053255906,5050375952,user_dc254e3158@example.com,Address_f05df871,City_e708c712,ZZ,72477,Address_2082de41,City_adce70d4,ZZ,72477,Last_e3ed688a,First_260f0bd7,5056477168,user_ea8d6502b8@example.com,Note_6227c908,1474,FF8739AE-28A4-FD4C-AA47-67679562ACF2
OWNER_5dcd68f83121,Company_9d6fc041,Last_b36021f2,First_06d7fc66,5054489560,5050375952,user_715c4f12e0@example.com,Address_9193198d,City_c0fbf85c,ZZ,75073,Address_128da7c2,City_76200585,ZZ,75073,Last_d178528e,First_72cae815,5050375952,user_715c4f12e0@example.com,Note_2168f0cd,1282,B2E367F7-F6F2-4A48-AEAF-678DB6437C07
OWNER_71198c325ca9,Company_9d6fc041,Last_db1c2e8b,First_2c24c138,5050375952,5050375952,user_715c4f12e0@example.com,Address_f05df871,City_e708c712,ZZ,72477,Address_a226cdca,City_c05d421a,ZZ,72477,Last_d178528e,First_72cae815,5050375952,user_715c4f12e0@example.com,Note_45aec7df,953,270B348B-4976-4593-8281-679A14EBD75C
OWNER_8158f22cd20b,Company_41359724,Last_25de58f4,First_abf52d77,5059164330,5058600070,user_715c4f12e0@example.com,Address_e3ec0db9,City_9870ba28,ZZ,26022,Address_a226cdca,City_c05d421a,ZZ,72477,Last_d178528e,First_72cae815,5050375952,user_715c4f12e0@example.com,Note_2168f0cd,978,C19B25F1-156D-4211-8156-67C1AD0B10DB
OWNER_17736ab0697b,Company_9d6fc041,Last_c23e00ee,First_cb82789d,5050869369,5050375952,user_7f00a86f80@example.com,Address_9e331607,City_c0fbf85c,ZZ,75073,Address_6a8a0181,City_76200585,ZZ,75073,Last_d178528e,First_72cae815,5050375952,user_715c4f12e0@example.com,Note_2168f0cd,1355,756AA5E0-85C4-4806-9169-67CBA0DC2165
OWNER_b03631e1effa,Company_9d6fc041,Last_9ef04db6,First_3deb2967,5059597992,5050375952,user_a8dc93c1d7@example.com,Address_0cb7c87a,City_ca4bb91c,ZZ,72477,Address_60773421,City_17db8506,ZZ,72477,Last_d178528e,First_72cae815,5054746462,user_29e558e794@example.com,Note_a7478b82,1746,06E461AE-7BF7-7F4D-ADB4-67D81D279237
OWNER_7aa1887bd526,Company_9d6fc041,Last_4b5dde17,First_20b7c522,5059341298,5050375952,user_715c4f12e0@example.com,Address_f05df871,City_e708c712,ZZ,72477,Address_0383251d,City_f8f31c5f,ZZ,48412,Last_d178528e,First_72cae815,5050375952,user_715c4f12e0@example.com,Note_f092c597,752,A4D12F71-2E97-415A-ABEF-67EDA40C09AE
OWNER_ddffc456fef8,Company_9d6fc041,Last_cd72385a,First_6134f50b,5050375952,5057812230,user_715c4f12e0@example.com,Address_28430abd,City_6ec3f32a,ZZ,04722,Address_aedf78ae,City_e29f211c,ZZ,72477,Last_d178528e,First_72cae815,5050375952,user_715c4f12e0@example.com,Note_1dc27d34,520,347CF995-F9A3-41AC-9D58-680E715D22A9
OWNER_9787497bb29b,Company_9d6fc041,Last_7bd3af51,First_2c24c138,5050375952,5050375952,user_715c4f12e0@example.com,Address_f05df871,City_e708c712,ZZ,72477,Address_a226cdca,City_c05d421a,ZZ,72477,Last_d178528e,First_72cae815,5050375952,user_715c4f12e0@example.com,Note_2168f0cd,742,E57C11D6-1271-40F0-B4C5-68746B5F7E2F
OWNER_43b98519a718,Company_5939d713,Last_c3d4a251,First_b530a425,5050375952,5054472551,user_b4b1f9f621@example.com,Address_f05df871,City_e708c712,ZZ,72477,Address_a226cdca,City_c05d421a,ZZ,72477,Last_b8717731,First_7ece2cb2,5058346749,user_9ec0824551@example.com,Note_3493accf,1590,E26F0011-43A0-B340-AD61-6893632AF706
OWNER_bf675bb81844,Company_9d6fc041,Last_d32d61a8,First_7342f208,5050558124,5050389293,user_4705e93740@example.com,Address_f05df871,City_e708c712,ZZ,72477,Address_a226cdca,City_c05d421a,ZZ,72477,Last_d178528e,First_72cae815,5050375952,user_715c4f12e0@example.com,Note_2168f0cd,1641,132093EE-9674-9540-A78D-6896DD2A7BC3
OWNER_549c96c4e9da,Company_9d6fc041,Last_c5e13f82,First_0c064c3d,5050375952,5050375952,user_715c4f12e0@example.com,Address_f05df871,City_e708c712,ZZ,72477,Address_a226cdca,City_c05d421a,ZZ,72477,Last_f2030d61,First_9bae2851,5050033731,user_4ab8b36875@example.com,Note_68d23a69,1750,4876EE7E-33D6-AE43-9F3A-68BDD5486BB6
OWNER_15a080593c8e,Company_f98c6cf4,Last_7bd3af51,First_2c24c138,5050375952,5050375952,user_715c4f12e0@example.com,Address_f05df871,City_e708c712,ZZ,72477,Address_a226cdca,City_c05d421a,ZZ,72477,Last_d178528e,First_72cae815,5050375952,user_715c4f12e0@example.com,Note_2168f0cd,917,CD9DABE8-16CB-425C-A867-68E697E290A8
OWNER_b4565da114a8,Company_9d6fc041,Last_ef41aa53,First_6134f50b,5050375952,5056070214,user_7f522489ac@example.com,Address_7e90fa41,City_7745e686,ZZ,81820,Address_06507452,City_eb96bb0d,ZZ,81820,Last_279b8cbe,First_58c695bb,5050375952,user_715c4f12e0@example.com,Note_2168f0cd,1912,D5409C6E-1B43-4EAD-B07D-693E9AA085F3
OWNER_217b38e70fbb,Company_9d6fc041,Last_b9596f6d,First_45d7e4d7,5055067689,5050375952,user_6e13d7f433@example.com,Address_f05df871,City_e708c712,ZZ,72477,Address_a226cdca,City_c05d421a,ZZ,72477,Last_d178528e,First_72cae815,5050375952,user_715c4f12e0@example.com,Note_ad46114e,365,BC52FA1C-9103-4960-BF25-693FACE29D33
OWNER_ecd59c87da46,Company_d3ca4fd8,Last_90cb6654,First_82f03877,5050375952,5050375952,user_715c4f12e0@example.com,Address_f05df871,City_e708c712,ZZ,72477,Address_a226cdca,City_c05d421a,ZZ,72477,Last_d178528e,First_72cae815,5050375952,user_715c4f12e0@example.com,Note_3e70ab68,331,0D1449AC-FBBF-419A-B2E1-6959C4B29BF9
OWNER_0490c2f85980,Company_9d6fc041,Last_47d9907d,First_7e45797a,5058646514,5050375952,user_715c4f12e0@example.com,Address_f05df871,City_e708c712,ZZ,72477,Address_a226cdca,City_c05d421a,ZZ,72477,Last_d178528e,First_72cae815,5050375952,user_715c4f12e0@example.com,Note_2168f0cd,478,FC8A0967-50D4-4D98-94F2-6990F8FF73BE
OWNER_2cd89c1a29b2,Company_9d6fc041,Last_fd2dfae9,First_4fc66c23,5050375952,5051730483,user_092f899b3d@example.com,Address_f05df871,City_e708c712,ZZ,72477,Address_bbe042fa,City_2f6c614d,ZZ,45588,Last_415af4b2,First_941daa05,5055779279,user_715c4f12e0@example.com,Note_2168f0cd,1710,CF3138FA-92AC-0443-A4F3-69A1E6C4C802
OWNER_1779a6afe0eb,Company_f3499f0e,Last_9e83d766,First_098b7a78,5050375952,5050375952,user_11c50620e3@example.com,Address_f05df871,City_e708c712,ZZ,72477,Address_a226cdca,City_c05d421a,ZZ,72477,Last_d178528e,First_72cae815,5050375952,user_715c4f12e0@example.com,Note_2168f0cd,918,E87F19CC-EA30-4DD1-8AA2-6A9AA5300729
OWNER_57a1b6c2f8a8,Company_9d6fc041,Last_61f00f85,First_d9c2475d,5050375952,5053759021,user_b0ac337145@example.com,Address_88646a5a,City_c0fbf85c,ZZ,75073,Address_bdb26827,City_76200585,ZZ,75073,Last_d178528e,First_72cae815,5050375952,user_715c4f12e0@example.com,Note_8a89f3c7,1196,D1F20E18-DF1B-4ECC-86EF-6ABDF475BE2C
OWNER_0278268a2ec4,Company_9d6fc041,Last_e000a227,First_ed202d92,5055429264,5050375952,user_bd04cae743@example.com,Address_f05df871,City_e708c712,ZZ,72477,Address_b502f345,City_f8f31c5f,ZZ,48412,Last_f2e0d3db,First_80a889c7,5058150538,user_715c4f12e0@example.com,Note_79e3213b,813,33BC5295-E004-40BF-A9D4-6AFC10502A10
OWNER_04bf4a2eba45,Company_430d2bac,Last_083e897b,First_d63083bf,5056274725,5055925179,user_2449f18131@example.com,Address_0f47b252,City_4e31c25d,ZZ,28412,Address_a226cdca,City_c05d421a,ZZ,72477,Last_d178528e,First_72cae815,5050375952,user_715c4f12e0@example.com,Note_2168f0cd,362,45DE2AC0-C3F7-4855-A37B-6B2187A64BF5
OWNER_09d7110b7631,Company_9d6fc041,Last_834dc35b,First_5a53d49c,5051117964,5050375952,user_715c4f12e0@example.com,Address_c307fc1c,City_2402b24b,ZZ,48412,Address_a226cdca,City_c05d421a,ZZ,72477,Last_d178528e,First_72cae815,5050375952,user_715c4f12e0@example.com,Note_2168f0cd,681,D4C7853E-9BD9-4889-963B-6B2EB6CB2391
OWNER_24ad01209026,Company_9d6fc041,Last_fb673fcc,First_953a7401,5050375952,5054160775,user_165dd56174@example.com,Address_7af486cb,City_4e22efc3,ZZ,78114,Address_a226cdca,City_c05d421a,ZZ,72477,Last_d178528e,First_72cae815,5050375952,user_715c4f12e0@example.com,Note_2168f0cd,1930,BBBDA465-701C-4223-8828-6B82528D2C12
OWNER_7f75ba222300,Company_9d6fc041,Last_1b9d228f,First_ccd64c19,5050375952,5050375952,user_715c4f12e0@example.com,Address_f05df871,City_e708c712,ZZ,72477,Address_a226cdca,City_c05d421a,ZZ,72477,Last_d178528e,First_72cae815,5050375952,user_715c4f12e0@example.com,Note_2168f0cd,111,C55A4E72-798E-4B93-AC9C-6B991B271520
OWNER_341895f663bd,Company_9d6fc041,Last_48112897,First_533e1569,5050375952,5050375952,user_715c4f12e0@example.com,Address_f05df871,City_e708c712,ZZ,72477,Address_a226cdca,City_c05d421a,ZZ,72477,Last_d178528e,First_72cae815,5050375952,user_715c4f12e0@example.com,Note_8671cb4a,50,715391EB-2591-4F39-913A-6BB3EFFB5D3C
OWNER_a50346e44874,Company_9d6fc041,Last_7bd3af51,First_fbfd68dd,5050375952,5050375952,user_715c4f12e0@example.com,Address_f05df871,City_e708c712,ZZ,72477,Address_a226cdca,City_c05d421a,ZZ,72477,Last_d178528e,First_72cae815,5050375952,user_715c4f12e0@example.com,Note_2168f0cd,86,9F96B3F9-E5E7-40B6-8A6C-6BC64389F795
OWNER_e5694094f5ed,Company_cba60d00,Last_a4e29691,First_30f93594,5057575382,5050375952,user_887edc019e@example.com,Address_f05df871,City_e708c712,ZZ,72477,Address_a226cdca,City_c05d421a,ZZ,72477,Last_d178528e,First_72cae815,5050375952,user_715c4f12e0@example.com,Note_4dd68aaa,1081,F0F041F4-3051-4DE1-AA6D-6BCD05FED87A
OWNER_3db865de8b79,Company_9d6fc041,Last_60a1b24b,First_667f00bd,5051010237,5050375952,user_715c4f12e0@example.com,Address_f05df871,City_e708c712,ZZ,72477,Address_a226cdca,City_c05d421a,ZZ,72477,Last_d178528e,First_72cae815,5050375952,user_715c4f12e0@example.com,Note_89c639c2,985,F37AE4FA-D788-4DC2-BFDA-6C201CD2A882
OWNER_e9cfd77bbc78,Company_6dc25e58,Last_7bd3af51,First_a82d6021,5056926957,5050375952,user_715c4f12e0@example.com,Address_44f5d637,City_9870ba28,ZZ,26022,Address_a226cdca,City_c05d421a,ZZ,72477,Last_d178528e,First_72cae815,5050375952,user_715c4f12e0@example.com,Note_2168f0cd,125,4199572A-3F90-4CEF-9164-6C3140CC3BCC
OWNER_4f612e04353c,Company_9d6fc041,Last_ab7103ec,First_e2fa7e04,5059988784,5050375952,user_715c4f12e0@example.com,Address_74de3161,City_a62e8786,ZZ,98066,Address_a226cdca,City_c05d421a,ZZ,72477,Last_d178528e,First_72cae815,5050375952,user_715c4f12e0@example.com,Note_2168f0cd,82,E92CAE63-F129-4417-B11A-6C4C8F79130C
OWNER_539bc5647c11,Company_9d6fc041,Last_522e4fbb,First_4c767f00,5050375952,5050375952,user_715c4f12e0@example.com,Address_f05df871,City_e708c712,ZZ,72477,Address_a226cdca,City_c05d421a,ZZ,72477,Last_d178528e,First_72cae815,5050375952,user_715c4f12e0@example.com,Note_8671cb4a,458,4728020D-78BD-434C-9EA3-6C57DDF2B913
OWNER_494d8dbaf8b0,Company_9d6fc041,Last_b7961f7c,First_c8d071e0,5050258465,5050375952,user_715c4f12e0@example.com,Address_4e033a6f,City_2402b24b,ZZ,48412,Address_b6df0c0e,City_c05d421a,ZZ,72477,Last_d178528e,First_72cae815,5050375952,user_715c4f12e0@example.com,Note_2168f0cd,346,E070B2DD-6684-4C8B-9323-6C8C205C7A07
OWNER_e0500fdc9a5e,Company_9d6fc041,Last_c0c930a9,First_c251709b,5059462771,5050375952,user_715c4f12e0@example.com,Address_f05df871,City_e708c712,ZZ,72477,Address_a226cdca,City_c05d421a,ZZ,72477,Last_d178528e,First_72cae815,5050375952,user_715c4f12e0@example.com,Note_f9c54e9e,653,77519900-E45F-40D9-927C-6CA7D67311DF
OWNER_6c7e2188a020,Company_9d6fc041,Last_e7dbde39,First_5a53d49c,5054899461,5059839507,user_3c63f751d5@example.com,Address_0eb455a3,City_2402b24b,ZZ,48412,Address_a226cdca,City_c05d421a,ZZ,72477,Last_d178528e,First_72cae815,5050375952,user_715c4f12e0@example.com,Note_2168f0cd,406,FD896145-5934-423A-8559-6CB86A416BB3
OWNER_437ac9e20c60,Company_9d6fc041,Last_a8e25c8f,First_06573950,5059029510,5050375952,user_89afcf4e4e@example.com,Address_d157ef32,City_b2ee5841,ZZ,69941,Address_cc8cb4f5,City_84aa1a99,ZZ,72477,Last_d25a0d97,First_cb3cd73c,5053481075,user_715c4f12e0@example.com,Note_b176f761,1463,9CD7F848-BE98-4A61-BAAE-6CE2DBE0A607
OWNER_b86d9e2dbe42,Company_9d6fc041,Last_4e385e32,First_258cb898,5053692238,5050375952,user_7b76b3c10e@example.com,Address_3bcd08c3,City_ca4bb91c,ZZ,70370,Address_731782ba,City_17db8506,ZZ,72477,Last_d178528e,First_72cae815,5050375952,user_715c4f12e0@example.com,Note_2168f0cd,312,2E4ECD57-4F24-44AE-9B44-6D11FFC87D69
OWNER_035a35ab2fc2,Company_9d6fc041,Last_454884da,First_fa4408f9,5055254664,5050375952,user_b56dce2867@example.com,Address_816bd0c3,City_c0fbf85c,ZZ,75073,Address_9887060c,City_76200585,ZZ,75073,Last_d178528e,First_72cae815,5050375952,user_715c4f12e0@example.com,Note_cd002ce4,1183,A51956B1-261F-421C-AB8D-6D1CAAE14964
OWNER_9429f866b5f1,Company_9d6fc041,Last_9c22ff78,First_eb2fe4f1,5056011071,5057853771,user_33ee88cadc@example.com,Address_9124b747,City_c3e07d03,ZZ,11928,Address_bdf36050,City_03ac272d,ZZ,11928,Last_d178528e,First_72cae815,5050375952,user_715c4f12e0@example.com,Note_2168f0cd,1880,3FC62553-6A0A-43AB-8C8E-6D7BC350E978
OWNER_e7a8253c8ebe,Company_9d6fc041,Last_13a51b20,First_f9df078e,5055678768,5050375952,user_9db1a685f9@example.com,Address_1d3bdfcf,City_73ebcd64,ZZ,73247,Address_ec67afae,City_9415c49e,ZZ,73247,Last_d178528e,First_72cae815,5050375952,user_715c4f12e0@example.com,Note_2168f0cd,1889,98E878AD-4B95-4D25-B533-6D84E24D2BBE
OWNER_300f15d7a9ca,Company_9d6fc041,Last_42e0a3be,First_c19c4e3b,5050375952,5056107606,user_726cf69cad@example.com,Address_f05df871,City_e708c712,ZZ,72477,Address_bec3ad35,City_9415c49e,ZZ,15642,Last_d178528e,First_72cae815,5050375952,user_715c4f12e0@example.com,Note_19b9726a,763,B40D5343-CBCC-4457-84E2-6D8FF2E9FFA9
OWNER_456c1416fbc5,Company_9d6fc041,Last_3d0bebc4,First_b4d95f57,5055787622,5050375952,user_37e4aced8a@example.com,Address_70e3e52a,City_c0fbf85c,ZZ,75073,Address_a226cdca,City_c05d421a,ZZ,72477,Last_d178528e,First_72cae815,5050375952,user_715c4f12e0@example.com,Note_2168f0cd,1337,403F373F-A741-4A10-A49B-6DCCAB63448C
OWNER_2b53ec9976fb,Company_f9f1a8a8,Last_c4062955,First_422f0bad,5053091587,5050375952,user_5d9e9af218@example.com,Address_ba08fd2a,City_21ee0a23,ZZ,54730,Address_83bdb907,City_b9022cde,ZZ,54730,Last_10641cab,First_9beb68b0,5056268617,user_5d9e9af218@example.com,Note_af6e9f78,1150,69D674FE-30D0-4841-8312-6E13E104BA21
OWNER_0400b6b4fb35,Company_9d6fc041,Last_7e3fb7a9,First_0838a437,5059373435,5050375952,user_715c4f12e0@example.com,Address_5fecf19d,City_2402b24b,ZZ,72477,Address_f38688b4,City_f8f31c5f,ZZ,72477,Last_d178528e,First_72cae815,5050375952,user_715c4f12e0@example.com,Note_fbbeb7f6,373,D713E378-D20A-4FC8-BEBA-6E24C6065B18
OWNER_402096dfbe5a,Company_9d6fc041,Last_42e0a3be,First_09898890,5053102539,5050375952,user_715c4f12e0@example.com,Address_f05df871,City_e708c712,ZZ,72477,Address_6d536d2d,City_e29f211c,ZZ,24366,Last_d178528e,First_72cae815,5050375952,user_715c4f12e0@example.com,Note_5a40021a,421,7F091026-2E7A-4CDE-A596-6E450B60A994
OWNER_dc1cc8b9b0c3,Company_9d6fc041,Last_2dc01149,First_82a7604d,5056664111,5050375952,user_715c4f12e0@example.com,Address_f05df871,City_e708c712,ZZ,72477,Address_d6a5aaab,City_76200585,ZZ,75073,Last_d178528e,First_72cae815,5050375952,user_715c4f12e0@example.com,Note_b7c9b491,1572,71AE2B6A-3860-2842-BBC0-6E4B06A63DA0
OWNER_4dc2f13b19c4,Company_9d6fc041,Last_4b5dde17,First_ab1c84a6,5053665267,5050375952,user_715c4f12e0@example.com,Address_f05df871,City_e708c712,ZZ,72477,Address_dd704229,City_f8f31c5f,ZZ,48412,Last_d178528e,First_72cae815,5050375952,user_715c4f12e0@example.com,Note_2168f0cd,753,474F8345-A382-45A6-B87D-6E6659869A60
OWNER_5b3c892cc8be,Company_9d6fc041,Last_b3821ede,First_cd96949e,5056108364,5050375952,user_6ce6223edd@example.com,Address_f05df871,City_e708c712,ZZ,72477,Address_de258077,City_223baac0,ZZ,97210,Last_d178528e,First_72cae815,5050375952,user_715c4f12e0@example.com,Note_2168f0cd,1368,46D463BC-36AF-4F4C-B47D-6E72714BC4C5
OWNER_6745f6a9f433,Company_9d6fc041,Last_51eb9e0e,First_bc212453,5050375952,5059795670,user_f1e5c21a9b@example.com,Address_f05df871,City_e708c712,ZZ,72477,Address_4d574ee7,City_03ac272d,ZZ,11928,Last_d178528e,First_72cae815,5050375952,user_715c4f12e0@example.com,Note_2168f0cd,1878,452B6DF9-B46E-4291-8052-6EA276056798
OWNER_cb9e1232637a,Company_9d6fc041,Last_27acb2ad,First_2af77816,5057898301,5054345350,user_2d32000ad7@example.com,Address_f05df871,City_e708c712,ZZ,72477,Address_ffe68424,City_9415c49e,ZZ,73247,Last_d178528e,First_72cae815,5050375952,user_715c4f12e0@example.com,Note_2168f0cd,1751,93565AC1-CEF4-C34F-99CA-6EB31BFFC440
OWNER_684baf27eb3e,Company_9d6fc041,Last_bb535c80,First_a497483e,5050375952,5050375952,user_715c4f12e0@example.com,Address_f05df871,City_e708c712,ZZ,72477,Address_a226cdca,City_c05d421a,ZZ,72477,Last_d178528e,First_72cae815,5050375952,user_715c4f12e0@example.com,Note_ca9e5246,121,C6D02D16-4C08-4D31-A799-6F10262FA495
OWNER_7c70d9d79f14,Company_9d6fc041,Last_5ff6d9d6,First_2793097a,5058866973,5050375952,user_63316e5823@example.com,Address_f05df871,City_e708c712,ZZ,72477,Address_cdce861e,City_9675b9d7,ZZ,98272,Last_d178528e,First_72cae815,5050375952,user_715c4f12e0@example.com,Note_2168f0cd,1762,3D9E8B8C-90B1-0245-BEB8-6F306E5AA781
OWNER_09bfad0f8a41,Company_9d6fc041,Last_503c7b87,First_6d855beb,5055727608,5057654093,user_715c4f12e0@example.com,Address_f05df871,City_e708c712,ZZ,72477,Address_a226cdca,City_c05d421a,ZZ,72477,Last_6d02183d,First_d41c2d52,5050375952,user_715c4f12e0@example.com,Note_cc495c57,770,C8A2B677-3BF7-4F1B-8C5C-6F4B5749947A
OWNER_6905819920cb,Company_9d6fc041,Last_82e32478,First_dbdb88cc,5050375952,5050375952,user_715c4f12e0@example.com,Address_0b2df785,City_c8ef49e0,ZZ,99337,Address_643dbe4e,City_253be803,ZZ,99337,Last_d178528e,First_72cae815,5050375952,user_715c4f12e0@example.com,Note_2168f0cd,1869,9CDE8D08-6E85-47E0-907B-6F51481EC7F4
OWNER_952fa396c43c,Company_36d5d861,Last_85f2996a,First_b740cc38,5053595127,5050375952,user_59622e8af6@example.com,Address_f05df871,City_e708c712,ZZ,72477,Address_a226cdca,City_c05d421a,ZZ,72477,Last_dc13c988,First_737a82a3,5050375952,user_f89e954cac@example.com,Note_51db47f5,1136,63C5753E-0F37-47A1-9205-6F754D4DE992
OWNER_792d89cde6b7,Company_9d6fc041,Last_3f738662,First_6cd16bc6,5050375952,5050375952,user_715c4f12e0@example.com,Address_f05df871,City_e708c712,ZZ,72477,Address_a226cdca,City_c05d421a,ZZ,72477,Last_d178528e,First_72cae815,5050375952,user_715c4f12e0@example.com,Note_2168f0cd,193,E71F7974-7D03-4CB4-9DA0-6F77728B7ED4
OWNER_018a6ec89cd1,Company_9b572ea7,Last_074453c0,First_15f0b93f,5050375952,5056591425,user_715c4f12e0@example.com,Address_ac355b12,City_67db0316,ZZ,84611,Address_a226cdca,City_c05d421a,ZZ,72477,Last_df63f0ca,First_a14ae18f,5050375952,user_8156f556da@example.com,Note_5683d8a2,1450,1209A3E9-2594-42D8-BDB4-6F7D135684CD
OWNER_84a376071798,Company_9d6fc041,Last_77fece5d,First_dcf10ed1,5054700017,5056535945,user_715c4f12e0@example.com,Address_20d9ab52,City_3e1c0797,ZZ,91466,Address_a226cdca,City_c05d421a,ZZ,72477,Last_d178528e,First_72cae815,5050375952,user_715c4f12e0@example.com,Note_2168f0cd,1109,D291ED78-BB99-48C8-8BA5-6F8FA20C3DC5
OWNER_278d75225d6e,Company_9d6fc041,Last_a9a83dec,First_11575363,5054031476,5050375952,user_334f01891c@example.com,Address_f05df871,City_e708c712,ZZ,72477,Address_4dd280b5,City_76200585,ZZ,75073,Last_d178528e,First_72cae815,5050375952,user_715c4f12e0@example.com,Note_2168f0cd,1249,E4C58A51-7CFA-4179-9645-6F97A1149EFD
OWNER_c11112c5be09,Company_9d6fc041,Last_56f3cd64,First_098b7a78,5053244771,5050375952,user_715c4f12e0@example.com,Address_f05df871,City_e708c712,ZZ,72477,Address_a226cdca,City_c05d421a,ZZ,72477,Last_d178528e,First_72cae815,5050375952,user_715c4f12e0@example.com,Note_2168f0cd,507,3D927562-F6CD-4C32-8AB2-6FADFCC52CE9
OWNER_e29e9fc30f5c,Company_a98e33a1,Last_579c4a2f,First_35676814,5056899946,5055305736,user_715c4f12e0@example.com,Address_fdbf0c1c,City_fb775d72,ZZ,24366,Address_983e44c8,City_8dbac927,ZZ,04722,Last_92855bf3,First_c682552f,5050596127,user_715c4f12e0@example.com,Note_8c931b11,601,89A350AE-7D82-4284-98E7-6FC0DBCD0D0F
OWNER_26fc9999c306,Company_9d6fc041,Last_5a00471a,First_ef6066be,5058066286,5050375952,user_715c4f12e0@example.com,Address_64c6fceb,City_260d8739,ZZ,68832,Address_a226cdca,City_c05d421a,ZZ,72477,Last_d178528e,First_72cae815,5050375952,user_715c4f12e0@example.com,Note_2168f0cd,764,565F67DD-505E-4DAD-9194-6FD57E1B9369
OWNER_cbc79a5fb76b,Company_7bd52e95,Last_9ed3e93f,First_953a7401,5050375952,5050375952,user_715c4f12e0@example.com,Address_f05df871,City_e708c712,ZZ,72477,Address_a226cdca,City_c05d421a,ZZ,72477,Last_d178528e,First_72cae815,5050375952,user_715c4f12e0@example.com,Note_2168f0cd,960,FA202640-7A9A-4EA0-97FF-6FD78ED3F2A1
OWNER_aa55422b0edc,Company_9d6fc041,Last_0ebcdf12,First_2c24c138,5050375952,5050375952,user_715c4f12e0@example.com,Address_f05df871,City_e708c712,ZZ,72477,Address_a226cdca,City_c05d421a,ZZ,72477,Last_d178528e,First_72cae815,5050375952,user_715c4f12e0@example.com,Note_2168f0cd,967,BA5AD1F7-29B2-468D-9DDF-6FEBE0068F2B
OWNER_387768c3170a,Company_9d6fc041,Last_a196d3b1,First_b530a425,5050375952,5051196822,user_80467650f9@example.com,Address_27dd9677,City_ca4bb91c,ZZ,70370,Address_8f67ca36,City_17db8506,ZZ,70370,Last_d178528e,First_72cae815,5050375952,user_715c4f12e0@example.com,Note_2168f0cd,575,9ED6C702-58ED-4758-94D8-7005DA73A5A4
OWNER_97bf6bd86ad0,Company_9d6fc041,Last_270c8b64,First_d78ec84e,5055157764,5051663610,user_715c4f12e0@example.com,Address_b30137a4,City_c0fbf85c,ZZ,75073,Address_6598f9ff,City_76200585,ZZ,75073,Last_535c76ad,First_481dfbb0,5050375952,user_715c4f12e0@example.com,Note_e0618fd9,1300,EF50F26E-408C-4FDD-8B8E-70281BB50B92
OWNER_92c5fcc9245e,Company_9d6fc041,Last_9022b171,First_19a46788,5050375952,5050375952,user_715c4f12e0@example.com,Address_f05df871,City_e708c712,ZZ,72477,Address_a226cdca,City_c05d421a,ZZ,72477,Last_d178528e,First_72cae815,5050375952,user_715c4f12e0@example.com,Note_2168f0cd,273,0779A28C-CE6A-42DC-8C1F-704EF5F7EA17
OWNER_9e4b5d98c04a,Company_6c281d54,Last_bbb31d2f,First_24227722,5050375952,5050877115,user_78b0bb7c3d@example.com,Address_ed6ccbd0,City_3906d66e,ZZ,72477,Address_794e57b6,City_22c7dd4e,ZZ,72477,Last_d178528e,First_72cae815,5050375952,user_715c4f12e0@example.com,Note_2168f0cd,1553,A8630132-26FA-3D48-9BEE-708ED2013879
OWNER_0566fb5b2285,Company_9d6fc041,Last_9ef04db6,First_490ae46a,5051439846,5050375952,user_82dbea785f@example.com,Address_08fd14da,City_c0fbf85c,ZZ,75073,Address_c08038dc,City_c05d421a,ZZ,72477,Last_d178528e,First_72cae815,5050375952,user_715c4f12e0@example.com,Note_2168f0cd,1316,98AED69F-ED3C-4257-BDD0-70A577C2B028
OWNER_02c4e78156a4,Company_9d6fc041,Last_36089edf,First_5a53d49c,5050375952,5050375952,user_715c4f12e0@example.com,Address_f05df871,City_e708c712,ZZ,72477,Address_a226cdca,City_c05d421a,ZZ,72477,Last_d178528e,First_72cae815,5050375952,user_715c4f12e0@example.com,Note_8671cb4a,232,A9C9343D-E9C0-4A07-8193-70C60893676A
OWNER_9fe6797c9b14,Company_9d6fc041,Last_48f089fb,First_6cd16bc6,5053813187,5050375952,user_715c4f12e0@example.com,Address_6c7fd0e4,City_2402b24b,ZZ,48412,Address_f9b23edd,City_f8f31c5f,ZZ,72477,Last_d178528e,First_72cae815,5050375952,user_715c4f12e0@example.com,Note_391d41ac,153,CCF8C1FE-D654-4775-9F31-7126E9454B5F
OWNER_7cfc37a66720,Company_9d6fc041,Last_d682bb91,First_4c5249c6,5058309726,5050375952,user_715c4f12e0@example.com,Address_900b06bc,City_1c11a706,ZZ,65345,Address_a226cdca,City_c05d421a,ZZ,72477,Last_d178528e,First_72cae815,5050375952,user_715c4f12e0@example.com,Note_dda14028,889,5819E4B9-8F40-4E27-AE7E-714059D5BE5B
OWNER_e4dd23341de4,Company_9d6fc041,Last_096b5e96,First_ddb241d1,5050375952,5050375952,user_715c4f12e0@example.com,Address_f05df871,City_e708c712,ZZ,72477,Address_a226cdca,City_c05d421a,ZZ,72477,Last_d178528e,First_72cae815,5050375952,user_715c4f12e0@example.com,Note_8671cb4a,1086,8471E547-A0DB-47CE-B496-719F49D05944
OWNER_21252b60aeb7,Company_9d6fc041,Last_73a1dfd5,First_e67aeee2,5052835879,5050375952,user_715c4f12e0@example.com,Address_f05df871,City_e708c712,ZZ,72477,Address_9d4a28f9,City_76200585,ZZ,75073,Last_d178528e,First_72cae815,5050375952,user_715c4f12e0@example.com,Note_2168f0cd,1452,AEDB086A-8F19-4EE2-A08F-71AF15CEC26D
OWNER_0dd741823b3d,Company_9d6fc041,Last_7ec58257,First_1dcaeb8c,5055580555,5050375952,user_8fbb2eb3c0@example.com,Address_f05df871,City_e708c712,ZZ,72477,Address_da770855,City_8dbac927,ZZ,72477,Last_d178528e,First_72cae815,5050375952,user_715c4f12e0@example.com,Note_2168f0cd,227,C5D1BA20-A7F7-447B-8222-71DFCF7F56BB
OWNER_f95e48f95a3f,Company_9d6fc041,Last_5d6a8594,First_2c24c138,5050375952,5050375952,user_715c4f12e0@example.com,Address_f05df871,City_e708c712,ZZ,72477,Address_a226cdca,City_c05d421a,ZZ,72477,Last_d178528e,First_72cae815,5050375952,user_715c4f12e0@example.com,Note_2168f0cd,997,59E0CB39-E1A1-438F-82E5-72033680636B
OWNER_8fa1ab68fd09,Company_9d6fc041,Last_e0c55870,First_6abcdab2,5052716764,5050375952,user_715c4f12e0@example.com,Address_f05df871,City_e708c712,ZZ,72477,Address_a226cdca,City_c05d421a,ZZ,72477,Last_d178528e,First_72cae815,5050375952,user_715c4f12e0@example.com,Note_4a375d1f,666,6D56B312-85A4-488B-973C-7236D7D88BF0
OWNER_f0c87d180505,Company_9d6fc041,Last_e98be35c,First_a1d0da05,5050375952,5050375952,user_715c4f12e0@example.com,Address_f05df871,City_e708c712,ZZ,72477,Address_a226cdca,City_c05d421a,ZZ,72477,Last_d178528e,First_72cae815,5050375952,user_715c4f12e0@example.com,Note_59227b39,22,6B4ACFE2-260D-461F-877C-7266AD9EB8E0
OWNER_4cdf850cfb89,Company_9d6fc041,Last_0dd13f91,First_0161492b,5052179268,5050375952,user_715c4f12e0@example.com,Address_8f4a931c,City_2402b24b,ZZ,48412,Address_a226cdca,City_c05d421a,ZZ,72477,Last_d178528e,First_72cae815,5050375952,user_715c4f12e0@example.com,Note_2168f0cd,1004,E58AA7A2-C4DA-43E7-A71D-726976CC0B70
OWNER_c776e543c068,Company_9d6fc041,Last_5a00471a,First_daf61de4,5050375952,5050774620,user_850da6f692@example.com,Address_f05df871,City_e708c712,ZZ,72477,Address_2f84a90e,City_223baac0,ZZ,83181,Last_d178528e,First_72cae815,5050375952,user_715c4f12e0@example.com,Note_5d97661b,1364,33456BDF-8297-45D9-98CD-7281D37502C1
OWNER_d9ed3eea5d13,Company_9d6fc041,Last_f5f7a5e7,First_45f08446,5056805297,5050375952,user_df586161f9@example.com,Address_8105e5e1,City_2402b24b,ZZ,48412,Address_353d4a2c,City_c05d421a,ZZ,72477,Last_d178528e,First_72cae815,5050375952,user_715c4f12e0@example.com,Note_2168f0cd,102,50B889C9-FD91-426E-AF20-72C3DFD3BCF3
OWNER_ee10118750cd,Company_9d6fc041,Last_4dc01ee3,First_5c1c1acf,5057611867,5050375952,user_715c4f12e0@example.com,Address_f05df871,City_e708c712,ZZ,72477,Address_a226cdca,City_c05d421a,ZZ,72477,Last_d178528e,First_72cae815,5050375952,user_715c4f12e0@example.com,Note_2168f0cd,1108,F6826A5D-6E6D-4CFF-A914-72C46B3150B8
OWNER_cc574a39fc99,Company_16e7622d,Last_651d1777,First_c4b2d318,5053447126,5050375952,user_715c4f12e0@example.com,Address_de65870b,City_8fedf203,ZZ,69497,Address_a226cdca,City_c05d421a,ZZ,72477,Last_d178528e,First_72cae815,5050375952,user_715c4f12e0@example.com,Note_9f0f22d5,1023,330AD3E9-36B8-4A03-A44C-72F7DDBB63EB
OWNER_0901bdc01da6,Company_9d6fc041,Last_81ceaaec,First_eb2fe4f1,5050375952,5051642750,user_2f821d43bb@example.com,Address_9df4bb65,City_3d752395,ZZ,59580,Address_3b49a07e,City_f4f05588,ZZ,59580,Last_d178528e,First_72cae815,5050375952,user_715c4f12e0@example.com,Note_2168f0cd,1655,A7E2EF7F-A274-B24A-8D33-730E54478EBC
OWNER_b461498eb050,Company_9d6fc041,Last_ccea4d8c,First_f4f8f832,5050375952,5056401841,user_715c4f12e0@example.com,Address_4f5f16e8,City_ca4bb91c,ZZ,70370,Address_a226cdca,City_c05d421a,ZZ,72477,Last_d178528e,First_72cae815,5050375952,user_715c4f12e0@example.com,Note_2168f0cd,46,643B360D-D155-49B1-94E1-7317271900E6
OWNER_3ea32e16dabe,Company_9d6fc041,Last_b7961f7c,First_ec308f06,5050375952,5050894511,user_a6a92bd171@example.com,Address_33290403,City_73ebcd64,ZZ,15642,Address_0de00a18,City_9415c49e,ZZ,15642,Last_d178528e,First_72cae815,5050375952,user_715c4f12e0@example.com,Note_2168f0cd,1900,289A0B9B-BFA6-4A18-89D5-731B82E09AFE
OWNER_6f749168be9b,Company_12908a3b,Last_91703656,First_e04896de,5050375952,5050127914,user_6cf97215bf@example.com,Address_448360f1,City_108e3f9e,ZZ,98636,Address_f71f41b3,City_aca31459,ZZ,98636,Last_d178528e,First_72cae815,5050375952,user_715c4f12e0@example.com,Note_ccf83348,1606,6503DEAF-1442-3549-A172-736B681907CA
OWNER_4f83c66fb995,Company_9d6fc041,Last_9a513e22,First_e1b04ed6,5050375952,5051997569,user_715c4f12e0@example.com,Address_b8b8ad9c,City_2402b24b,ZZ,48412,Address_7c9a120e,City_c05d421a,ZZ,72477,Last_d178528e,First_72cae815,5050375952,user_715c4f12e0@example.com,Note_2168f0cd,945,3BCB83A1-46F8-4DCF-A63D-737FB93419F7
OWNER_2805cd2edcde,Company_9d6fc041,Last_54c0baef,First_cf3e17b2,5056665304,5050375952,user_715c4f12e0@example.com,Address_f05df871,City_e708c712,ZZ,72477,Address_a226cdca,City_c05d421a,ZZ,72477,Last_d178528e,First_72cae815,5050375952,user_715c4f12e0@example.com,Note_2168f0cd,605,1ADC70A5-48C4-491D-890E-73CB639E6A7B
OWNER_3922d52b523c,Company_507e7340,Last_7bd3af51,First_2c24c138,5050375952,5050375952,user_715c4f12e0@example.com,Address_f05df871,City_e708c712,ZZ,72477,Address_a226cdca,City_c05d421a,ZZ,72477,Last_d178528e,First_72cae815,5050375952,user_715c4f12e0@example.com,Note_2168f0cd,926,1BE9664E-9289-4CC2-B79F-73D6D20E1DA3
OWNER_8a770880baf0,Company_9d6fc041,Last_d8b40d52,First_1df40c15,5050375952,5059899954,user_715c4f12e0@example.com,Address_9b825d81,City_3906d66e,ZZ,32207,Address_c1d445cf,City_22c7dd4e,ZZ,32207,Last_d178528e,First_72cae815,5050375952,user_715c4f12e0@example.com,Note_2168f0cd,1179,17ACE93D-1AA5-456B-BE5E-744283F27187
OWNER_84136cf99bf8,Company_9d6fc041,Last_a19ef261,First_78839e30,5050375952,5050375952,user_d5d70e8a92@example.com,Address_2c70a628,City_4bb2dca6,ZZ,63226,Address_becec527,City_33aedca8,ZZ,63226,Last_d178528e,First_72cae815,5050375952,user_715c4f12e0@example.com,Note_2168f0cd,1936,03076328-94D6-4D90-9E3F-746C4340584D
OWNER_f2e2dbb5c971,Company_9d6fc041,Last_47d9907d,First_ef6066be,5054323484,5050375952,user_c1a8646629@example.com,Address_f05df871,City_e708c712,ZZ,72477,Address_0b1fffd2,City_30bd86a3,ZZ,72477,Last_44c527db,First_45e1a47c,5050375952,user_87be2b8fe4@example.com,Note_5d97661b,1394,61E8AC7D-3F80-430E-BD42-747C28E04A35
OWNER_02ced5a63d6a,Company_af02f522,Last_a8572e3c,First_36699fca,5052313206,5055244761,user_52f210e9e7@example.com,Address_7df589d8,City_6e3c45e1,ZZ,36127,Address_01b9b1f3,City_7feb186b,ZZ,72477,Last_d178528e,First_72cae815,5050375952,user_715c4f12e0@example.com,Note_a6058c93,1431,0F8117B7-9C23-4A55-8AA8-74CFBFF512FF
OWNER_a7c5dcdd54b5,Company_bf4341c5,Last_ac8f1836,First_4b0a6e88,5051942426,5050375952,user_715c4f12e0@example.com,Address_ccfa06e9,City_8fedf203,ZZ,69497,Address_a226cdca,City_c05d421a,ZZ,72477,Last_4c184595,First_5bd2c5f5,5050375952,user_715c4f12e0@example.com,Note_2168f0cd,72,73C59828-7FE0-42E9-912F-74E48FC82D5A
OWNER_9bf871ea5d1c,Company_05f6a893,Last_9357ed1b,First_e62390f3,5050375952,5059849598,user_975af0a36e@example.com,Address_29135365,City_73ebcd64,ZZ,71535,Address_9b7ac36e,City_9415c49e,ZZ,72477,Last_d178528e,First_72cae815,5050375952,user_715c4f12e0@example.com,Note_8e6025e5,598,5A452CFF-AE2E-48F0-960A-74EF10FE13CB
OWNER_8f97349b5a87,Company_e1f62c2f,Last_7bd3af51,First_667f00bd,5053749151,5050375952,user_f2038f9abf@example.com,Address_f05df871,City_e708c712,ZZ,72477,Address_a226cdca,City_c05d421a,ZZ,72477,Last_d178528e,First_98623083,5050375952,user_715c4f12e0@example.com,Note_2168f0cd,394,FD740CF6-2688-4105-9866-74F545DBD3FB
OWNER_67086f46d31c,Company_9d6fc041,Last_9f676692,First_407873b7,5051045390,5050375952,user_71c20b7145@example.com,Address_36c8a79e,City_c0fbf85c,ZZ,75073,Address_30392883,City_76200585,ZZ,75073,Last_d178528e,First_72cae815,5050375952,user_715c4f12e0@example.com,Note_2168f0cd,1299,5A9FC540-CAD2-422F-90EA-74F941D958E2
OWNER_c402f4f0ed6a,Company_9d6fc041,Last_713ec698,First_098b7a78,5056996841,5050375952,user_715c4f12e0@example.com,Address_a9416211,City_9870ba28,ZZ,26022,Address_a226cdca,City_c05d421a,ZZ,72477,Last_d178528e,First_72cae815,5050375952,user_715c4f12e0@example.com,Note_2168f0cd,513,214E4ABF-AFA4-4452-94B3-750BD1E0875D
OWNER_aa2488074159,Company_9d6fc041,Last_a17b77cf,First_098b7a78,5050375952,5050375952,user_555d87fec6@example.com,Address_3beff8f4,City_6e3c45e1,ZZ,36127,Address_a226cdca,City_c05d421a,ZZ,72477,Last_d178528e,First_72cae815,5050375952,user_715c4f12e0@example.com,Note_2168f0cd,1903,3120477A-DC84-433D-B875-75312D1B757E
OWNER_26b17800bd89,Company_74e4a249,Last_7bd3af51,First_2c24c138,5050375952,5050375952,user_715c4f12e0@example.com,Address_f05df871,City_e708c712,ZZ,72477,Address_a226cdca,City_c05d421a,ZZ,72477,Last_d178528e,First_72cae815,5050375952,user_715c4f12e0@example.com,Note_2168f0cd,208,E510B7DF-8B68-43CE-A33A-75E24B90FC50
OWNER_9ce7f6f68806,Company_9d6fc041,Last_aa4eaf99,First_62e142a8,5053221480,5050375952,user_715c4f12e0@example.com,Address_8d82686b,City_1c11a706,ZZ,65345,Address_a226cdca,City_c05d421a,ZZ,72477,Last_d178528e,First_72cae815,5050375952,user_715c4f12e0@example.com,Note_8d3a3ba2,24,20FC2A8F-4900-4585-8C0B-75EFEC01DF72
OWNER_aa54dbef8fdf,Company_9d6fc041,Last_1679e5c6,First_098b7a78,5050375952,5050375952,user_715c4f12e0@example.com,Address_f05df871,City_e708c712,ZZ,72477,Address_a226cdca,City_c05d421a,ZZ,72477,Last_d178528e,First_72cae815,5050375952,user_715c4f12e0@example.com,Note_463f1d04,497,F890B0CC-A6BD-42DF-A87E-763A94838AF4
OWNER_b4809a16782f,Company_9d6fc041,Last_c148f8fc,First_b28e6acc,5053872329,5050375952,user_04b7ded1ba@example.com,Address_f1a9315f,City_c0fbf85c,ZZ,75073,Address_4497813b,City_76200585,ZZ,75073,Last_d178528e,First_72cae815,5050375952,user_715c4f12e0@example.com,Note_2168f0cd,1215,2D508A85-A151-4CFD-B33B-7681F7B39B94
OWNER_44576479d4ea,Company_7e8d6279,Last_1be95d64,First_a2c011c9,5050375952,5050809863,user_0d21625372@example.com,Address_7482ccc4,City_02ebf723,ZZ,28617,Address_a226cdca,City_c05d421a,ZZ,72477,Last_d178528e,First_72cae815,5050375952,user_715c4f12e0@example.com,Note_ecfac722,1469,E5B265F2-E33A-CD45-911D-76B5239226D8
OWNER_1f70f803c463,Company_9d6fc041,Last_52867200,First_09492bcc,5058979852,5050375952,user_715c4f12e0@example.com,Address_2f3453cb,City_d4ca675c,ZZ,37387,Address_a226cdca,City_c05d421a,ZZ,72477,Last_d178528e,First_72cae815,5050375952,user_715c4f12e0@example.com,Note_2168f0cd,1923,DD40D2C7-76B5-4B74-9C4F-76F30F25BF2E
OWNER_19e41d7d17ef,Company_ff75e8e0,Last_7bd3af51,First_2c24c138,5050375952,5050375952,user_715c4f12e0@example.com,Address_f05df871,City_e708c712,ZZ,72477,Address_a226cdca,City_c05d421a,ZZ,72477,Last_d178528e,First_72cae815,5050375952,user_715c4f12e0@example.com,Note_2168f0cd,747,6D5CA36D-8F76-4F91-9513-76F3E4B6DA81
OWNER_49f20a888710,Company_9d6fc041,Last_6ccfc925,First_b0684081,5050375952,5051095696,user_715c4f12e0@example.com,Address_f05df871,City_e708c712,ZZ,72477,Address_a226cdca,City_c05d421a,ZZ,72477,Last_d178528e,First_72cae815,5050375952,user_715c4f12e0@example.com,Note_2168f0cd,1658,FD57616B-67C0-0442-AB5C-7701D13C790D
OWNER_3c6be3b1e418,Company_9d6fc041,Last_22247102,First_907df770,5059935665,5050375952,user_715c4f12e0@example.com,Address_2a45c780,City_fb775d72,ZZ,24366,Address_6781fac9,City_c05d421a,ZZ,72477,Last_d178528e,First_72cae815,5050375952,user_715c4f12e0@example.com,Note_ddaaf869,736,BCAEE73B-C4EB-4FFA-82FF-7709B2355AE7
OWNER_500815e27c73,Company_9d6fc041,Last_a2b98414,First_b4337b59,5050375952,5054679127,user_befe7372bf@example.com,Address_dbcb9ca6,City_f5f38e56,ZZ,52085,Address_a226cdca,City_c05d421a,ZZ,72477,Last_d178528e,First_72cae815,5050375952,user_715c4f12e0@example.com,Note_2168f0cd,1933,71E8B20C-B5C7-4963-A70E-771C40E89761
OWNER_a2965dd52905,Company_9d6fc041,Last_4128075f,First_cb4cc3e5,5058066896,5050375952,user_af7b01cbc6@example.com,Address_a24c3e2d,City_eb940fb0,ZZ,28095,Address_a226cdca,City_c05d421a,ZZ,72477,Last_d178528e,First_72cae815,5050375952,user_715c4f12e0@example.com,Note_cf32de2d,240,5269984B-F3DC-40BF-95FB-774053DAA415
OWNER_65a80faab0f4,Company_9d6fc041,Last_2e639bc2,First_6ea1b591,5058645181,5050375952,user_715c4f12e0@example.com,Address_f05df871,City_e708c712,ZZ,72477,Address_a226cdca,City_c05d421a,ZZ,72477,Last_d178528e,First_72cae815,5050375952,user_715c4f12e0@example.com,Note_b2836c8a,464,9FE41A92-12AE-4550-A320-7742E6D30527
OWNER_451bdd4fc650,Company_9d6fc041,Last_b7ab5441,First_5a53d49c,5050375952,5056041114,user_f7fdafd413@example.com,Address_3a18c963,City_73ebcd64,ZZ,94743,Address_43b0029c,City_9415c49e,ZZ,71535,Last_d178528e,First_72cae815,5050375952,user_715c4f12e0@example.com,Note_2168f0cd,1686,012A2F8D-42C6-A944-A33D-774A07A20A93
OWNER_5bbaf3852eb0,Company_9d6fc041,Last_22b628de,First_cd96949e,5052844468,5050375952,user_715c4f12e0@example.com,Address_f05df871,City_e708c712,ZZ,72477,Address_6dd02b34,City_e29f211c,ZZ,24366,Last_d178528e,First_72cae815,5050375952,user_715c4f12e0@example.com,Note_97983b70,145,FF3B2308-D843-45F6-8DC0-774D8D15F201
OWNER_5fcb6113b89a,Company_9d6fc041,Last_726e8949,First_7ad6c1a7,5050375952,5053419288,user_a3ff22c8df@example.com,Address_f05df871,City_e708c712,ZZ,72477,Address_f0fc4f35,City_205010fe,ZZ,27024,Last_49238b3d,First_d44908a6,5050375952,user_715c4f12e0@example.com,Note_2168f0cd,1755,235E244E-08B8-8C40-A8C8-774FF24A97BD
OWNER_926ad04cace2,Company_d1813818,Last_8493d7a5,First_35798c05,5051676172,5052122867,user_715c4f12e0@example.com,Address_f05df871,City_e708c712,ZZ,72477,Address_a226cdca,City_c05d421a,ZZ,72477,Last_d178528e,First_72cae815,5050375952,user_715c4f12e0@example.com,Note_b9d5cdf0,934,4FEFA346-370C-4404-9E82-776541B533FA
OWNER_a522459033cd,Company_9d6fc041,Last_c2951060,First_d78ec84e,5050375952,5050375952,user_715c4f12e0@example.com,Address_f05df871,City_e708c712,ZZ,72477,Address_a226cdca,City_c05d421a,ZZ,72477,Last_d178528e,First_72cae815,5050375952,user_715c4f12e0@example.com,Note_22f3423a,132,84CBFB2F-DCB6-4835-8A15-776E2BBAABD2
OWNER_1aa5fdded7d0,Company_9d6fc041,Last_e39e0d6b,First_2d4d7185,5058725307,5050375952,user_4ba77cab21@example.com,Address_f05df871,City_e708c712,ZZ,72477,Address_a226cdca,City_c05d421a,ZZ,72477,Last_cd2886d2,First_e9344174,5050375952,user_715c4f12e0@example.com,Note_661aee79,775,CDCEA2FF-1FBC-4343-80E7-7797729C96A6
OWNER_70e2d1a8336e,Company_9d6fc041,Last_9ed3e93f,First_e9572bbb,5057557401,5050375952,user_715c4f12e0@example.com,Address_fb5609f5,City_3a05a3a0,ZZ,83181,Address_a226cdca,City_c05d421a,ZZ,72477,Last_d178528e,First_72cae815,5050375952,user_715c4f12e0@example.com,Note_1601c524,645,FBDE24C8-DF93-4B50-89D7-77D7908A0442
OWNER_eefb4fac3fa9,Company_9d6fc041,Last_c97b2f63,First_54cb0fff,5058632182,5050375952,user_715c4f12e0@example.com,Address_0f517dc2,City_8fedf203,ZZ,69497,Address_a226cdca,City_c05d421a,ZZ,72477,Last_d178528e,First_72cae815,5050375952,user_715c4f12e0@example.com,Note_2168f0cd,97,83DF0CE8-17C3-4805-A61C-77EB33E7EA48
OWNER_16ba92473ae6,Company_9d6fc041,Last_c97b2f63,First_6221b53a,5053213338,5054130418,user_70b72219d6@example.com,Address_4122e5b9,City_d85b9afd,ZZ,67238,Address_a226cdca,City_c05d421a,ZZ,72477,Last_86b8d6e3,First_cf88ab35,5050790468,user_d6a5cf1352@example.com,Note_247fa84e,147,F53071E4-9A1C-417F-90F2-787F46659843
OWNER_4fee19ea5792,Company_256d85d2,Last_7bd3af51,First_2c24c138,5050375952,5050375952,user_715c4f12e0@example.com,Address_f05df871,City_e708c712,ZZ,72477,Address_a226cdca,City_c05d421a,ZZ,72477,Last_d178528e,First_72cae815,5050375952,user_715c4f12e0@example.com,Note_2168f0cd,1078,A175C76C-899D-447F-95DB-78818ED9E36B
OWNER_7a295f4e9237,Company_4cd23d0c,Last_7bd3af51,First_2c24c138,5050375952,5050375952,user_715c4f12e0@example.com,Address_f05df871,City_e708c712,ZZ,72477,Address_a226cdca,City_c05d421a,ZZ,72477,Last_d178528e,First_72cae815,5050375952,user_715c4f12e0@example.com,Note_2168f0cd,1092,31F85A03-7EAA-46FE-90DF-78BDDB2E34E4
OWNER_72da800c3203,Company_9d6fc041,Last_7e3fb7a9,First_1fa5fa7a,5055248119,5050582332,user_715c4f12e0@example.com,Address_f05df871,City_e708c712,ZZ,72477,Address_a226cdca,City_c05d421a,ZZ,72477,Last_d178528e,First_72cae815,5050375952,user_715c4f12e0@example.com,Note_ad46114e,94,1C13EA55-7E93-420E-84D0-78C68FFB3849
OWNER_877ff6b5b9ae,Company_9d6fc041,Last_2732e7e0,First_2ac4696f,5059717346,5058415438,user_715c4f12e0@example.com,Address_f05df871,City_e708c712,ZZ,72477,Address_a226cdca,City_c05d421a,ZZ,72477,Last_d178528e,First_72cae815,5050375952,user_715c4f12e0@example.com,Note_2168f0cd,253,1AD15C33-8246-4EF5-9604-78CC1C1C8139
OWNER_2f3075de366a,Company_00e92160,Last_7bd3af51,First_2c24c138,5050375952,5050375952,user_715c4f12e0@example.com,Address_f05df871,City_e708c712,ZZ,72477,Address_a226cdca,City_c05d421a,ZZ,72477,Last_d178528e,First_72cae815,5050375952,user_715c4f12e0@example.com,Note_2168f0cd,420,85205C5B-BC44-4778-A2D9-791227BB7974
OWNER_7f43853d1af9,Company_f1da8861,Last_e77fee8b,First_ec308f06,5050375952,5052766057,user_f6cae9496f@example.com,Address_a4c2d999,City_e66b9613,ZZ,11976,Address_387df068,City_88fbff6d,ZZ,11976,Last_d178528e,First_72cae815,5050375952,user_715c4f12e0@example.com,Note_2168f0cd,1905,D3FC23AA-D48A-4294-BAAC-792D0603AC32
OWNER_0def80f7d3d3,Company_9d6fc041,Last_d487c33d,First_97e5d40d,5050191042,5056566152,user_573112b60c@example.com,Address_b834a5c9,City_ca4bb91c,ZZ,70370,Address_775101e9,City_17db8506,ZZ,72477,Last_d178528e,First_72cae815,5050375952,user_715c4f12e0@example.com,Note_2168f0cd,1586,59062F9A-0DCA-BC46-8436-792E1DB5A7F0
OWNER_d7aabf0c87f4,Company_05e43b77,Last_7bd3af51,First_2c24c138,5050375952,5050375952,user_715c4f12e0@example.com,Address_f05df871,City_e708c712,ZZ,72477,Address_a226cdca,City_c05d421a,ZZ,72477,Last_d178528e,First_72cae815,5050375952,user_715c4f12e0@example.com,Note_2168f0cd,846,0B8B2BCC-1B15-4A03-A9C2-793F7234A0AD
OWNER_ce1bb13a1144,Company_9d6fc041,Last_c27da9bc,First_69aa8fb0,5059705437,5050375952,user_715c4f12e0@example.com,Address_dcb14a8c,City_c0fbf85c,ZZ,75073,Address_6bb4f7f6,City_76200585,ZZ,72477,Last_d178528e,First_72cae815,5050375952,user_715c4f12e0@example.com,Note_2168f0cd,1571,C04D51A5-91D0-114C-B0BB-796C278B2A0C
OWNER_475f2e1dc242,Company_9d6fc041,Last_9422b6c2,First_7beb96e8,5053357767,5051488136,user_2c130419f5@example.com,Address_a935f178,City_3a05a3a0,ZZ,83181,Address_a226cdca,City_c05d421a,ZZ,72477,Last_73b69182,First_a5d7eba7,5050375952,user_715c4f12e0@example.com,Note_e7ec9fa1,207,D29BB3D8-10AB-4451-A232-79C09C988662
OWNER_a1a8809dd861,Company_9d6fc041,Last_af05e7f2,First_4212ee2b,5057644890,5050375952,user_07e133fa37@example.com,Address_4cbed7b6,City_fb775d72,ZZ,24366,Address_c1f51dbf,City_c05d421a,ZZ,72477,Last_d178528e,First_72cae815,5050375952,user_715c4f12e0@example.com,Note_2168f0cd,596,B4B0B82B-A872-4EBC-81A4-79C1FFA8AA2C
OWNER_76fea13bac0f,Company_cfe39e35,Last_feef3319,First_69d72d44,5050375952,5050375952,user_715c4f12e0@example.com,Address_f05df871,City_e708c712,ZZ,72477,Address_a226cdca,City_c05d421a,ZZ,72477,Last_d178528e,First_72cae815,5050375952,user_715c4f12e0@example.com,Note_813d70d0,725,DBCCE88E-2A0D-47A6-BB12-79F69F993183
OWNER_fdb5ff6547ed,Company_9d6fc041,Last_8e708493,First_098b7a78,5050375952,5050630477,user_dbfd7d2ca4@example.com,Address_11ef053b,City_9c18f4e0,ZZ,05973,Address_a226cdca,City_c05d421a,ZZ,72477,Last_d178528e,First_72cae815,5050375952,user_715c4f12e0@example.com,Note_2168f0cd,1893,A80D12A9-039C-46C8-84B5-7A1C4EDF18C9
OWNER_544eccbe20ef,Company_9d6fc041,Last_2fb65a10,First_d2aed8e3,5051431720,5051804689,user_715c4f12e0@example.com,Address_f05df871,City_e708c712,ZZ,72477,Address_f117a4d3,City_c05d421a,ZZ,72477,Last_d178528e,First_72cae815,5050375952,user_715c4f12e0@example.com,Note_a43ffd52,301,BD580215-AAC9-401E-B33B-7A26E4723E9E
OWNER_e806734ae43e,Company_9d6fc041,Last_68cdc7fa,First_d23b6ba9,5050375952,5050375952,user_715c4f12e0@example.com,Address_255b91d3,City_a000d1fb,ZZ,66775,Address_6aa9e745,City_30bd86a3,ZZ,66775,Last_1546fab4,First_45e1a47c,5053814108,user_87be2b8fe4@example.com,Note_1fb3f030,1384,0C040A7E-34D9-45D9-9C9B-7A366A41A4AB
OWNER_8c140a2914e9,Company_9d6fc041,Last_82e32478,First_78d0610a,5057975448,5054268493,user_d938e0231e@example.com,Address_51bc8638,City_73ebcd64,ZZ,15642,Address_bb43daf8,City_9415c49e,ZZ,15642,Last_d178528e,First_72cae815,5050375952,user_715c4f12e0@example.com,Note_2168f0cd,1898,2CA8A064-900D-4A9C-B1B8-7A532DA9C80C
OWNER_57be7b90454a,Company_9d6fc041,Last_aad002b6,First_cccf10e1,5050375952,5050375952,user_715c4f12e0@example.com,Address_f05df871,City_e708c712,ZZ,72477,Address_a226cdca,City_c05d421a,ZZ,72477,Last_d178528e,First_72cae815,5050375952,user_715c4f12e0@example.com,Note_2168f0cd,643,28E477E5-5402-44DE-8116-7A54CA25A8A2
OWNER_be00e195f9c8,Company_9d6fc041,Last_a95cde8c,First_f7dc61a0,5053068511,5050375952,user_4a9dac2671@example.com,Address_f05df871,City_e708c712,ZZ,72477,Address_2ab7d7b2,City_6e110427,ZZ,56868,Last_d178528e,First_72cae815,5050375952,user_715c4f12e0@example.com,Note_2168f0cd,1904,FBA8A162-9FDC-4707-8CF4-7A736357C1C1
OWNER_f998268b7f61,Company_9d6fc041,Last_a42122e6,First_a7be58cc,5052411690,5050375952,user_715c4f12e0@example.com,Address_3a1b79cd,City_2402b24b,ZZ,48412,Address_a226cdca,City_c05d421a,ZZ,72477,Last_d178528e,First_72cae815,5050375952,user_715c4f12e0@example.com,Note_93893f8d,1128,1650BB71-7119-4750-9D7B-7A8F3338E648
OWNER_1f43678e30ac,Company_9d6fc041,Last_0ebcdf12,First_28f2faf5,5050375952,5050375952,user_715c4f12e0@example.com,Address_f05df871,City_e708c712,ZZ,72477,Address_a226cdca,City_c05d421a,ZZ,72477,Last_d178528e,First_72cae815,5050375952,user_715c4f12e0@example.com,Note_00d65b99,538,E4C1FC1A-7BA7-4B10-8C13-7A96639645CE
OWNER_c70da25b07e2,Company_9d6fc041,Last_c8d9e3b0,First_fc008e02,5050375952,5053220393,user_b589573079@example.com,Address_5f513425,City_9b94cfc5,ZZ,58363,Address_48bc5662,City_32d30c4f,ZZ,58363,Last_d178528e,First_72cae815,5050375952,user_715c4f12e0@example.com,Note_2168f0cd,1830,54472B3C-0FE6-4933-8FD1-7AB4C1027290
OWNER_e1516bd34793,Company_9d6fc041,Last_4c6799e7,First_0c5d8d0b,5050375952,5050375952,user_715c4f12e0@example.com,Address_f05df871,City_e708c712,ZZ,72477,Address_a226cdca,City_c05d421a,ZZ,72477,Last_d178528e,First_72cae815,5050375952,user_715c4f12e0@example.com,Note_2168f0cd,979,13931B95-E4AC-4C29-BB62-7ABAD8E1C99F
OWNER_5745eeaca10e,Company_9d6fc041,Last_54bdb449,First_2efdb131,5050375952,5050375952,user_715c4f12e0@example.com,Address_f05df871,City_e708c712,ZZ,72477,Address_e4856a60,City_c05d421a,ZZ,72477,Last_d178528e,First_72cae815,5050375952,user_715c4f12e0@example.com,Note_1109cad6,905,80035088-6F72-413B-BE10-7B2B05E22D14
OWNER_26c35706104f,Company_9d6fc041,Last_f888b46e,First_eb2fe4f1,5050375952,5056403816,user_715c4f12e0@example.com,Address_f05df871,City_e708c712,ZZ,72477,Address_f4933224,City_76200585,ZZ,75073,Last_d178528e,First_72cae815,5050375952,user_715c4f12e0@example.com,Note_2168f0cd,1583,A5CF7462-1DE7-FB4E-B8CC-7B37BF866565
OWNER_aef25b8f2051,Company_9d6fc041,Last_b85d59d0,First_e913b4ee,5056586633,5050375952,user_715c4f12e0@example.com,Address_93d12d75,City_c0fbf85c,ZZ,75073,Address_c0e93aa8,City_76200585,ZZ,75073,Last_d178528e,First_72cae815,5050375952,user_715c4f12e0@example.com,Note_2168f0cd,1321,4A13C450-7984-4D22-8277-7B81BB5C3CEE
OWNER_05b95bbbfd92,Company_9d6fc041,Last_75569b5c,First_05efaa9c,5056409085,5050375952,user_715c4f12e0@example.com,Address_f05df871,City_e708c712,ZZ,72477,Address_a226cdca,City_c05d421a,ZZ,72477,Last_d178528e,First_72cae815,5050375952,user_715c4f12e0@example.com,Note_2168f0cd,337,FB2E05A1-35B6-4C22-A3A3-7BE5419CF7FE
OWNER_4b49e0c88ad4,Company_9d6fc041,Last_1647ffbf,First_7de7a061,5056548184,5050375952,user_70bf302266@example.com,Address_f05df871,City_e708c712,ZZ,72477,Address_df723b5f,City_c05d421a,ZZ,72477,Last_d178528e,First_72cae815,5050375952,user_715c4f12e0@example.com,Note_2168f0cd,1561,85C15949-58E6-8E44-8F01-7C040F427F61
OWNER_d094dcfe678d,Company_9d6fc041,Last_75223da1,First_8f7cf3cd,5052734920,5050375952,user_715c4f12e0@example.com,Address_7b07b595,City_6ec3f32a,ZZ,72477,Address_240fc754,City_c05d421a,ZZ,72477,Last_d178528e,First_72cae815,5050375952,user_715c4f12e0@example.com,Note_2168f0cd,284,C73EE889-3E2F-4264-AB29-7C3E53ADFAD2
OWNER_013ad3aab5d6,Company_9d6fc041,Last_49cbf3d7,First_fe3cbe5d,5050375952,5050375952,user_715c4f12e0@example.com,Address_f05df871,City_e708c712,ZZ,72477,Address_a226cdca,City_c05d421a,ZZ,72477,Last_d178528e,First_72cae815,5050375952,user_715c4f12e0@example.com,Note_2168f0cd,531,9D2D7683-8581-4D32-87AE-7C41F669DB66
OWNER_cb4748f8cb81,Company_efe278ce,Last_3fa3dcd4,First_abf52d77,5050375952,5059247771,user_715c4f12e0@example.com,Address_1dd98928,City_e6b38396,ZZ,99471,Address_a226cdca,City_c05d421a,ZZ,72477,Last_d178528e,First_72cae815,5050375952,user_715c4f12e0@example.com,Note_2168f0cd,1177,A2E6E6C5-054A-4AEE-A9AC-7C5BCBDA8A34
OWNER_b6582866bf56,Company_863bcb2d,Last_64c15f19,First_761bd00f,5055428750,5053520978,user_56ad080382@example.com,Address_f05df871,City_e708c712,ZZ,72477,Address_a226cdca,City_c05d421a,ZZ,72477,Last_d178528e,First_72cae815,5050375952,user_715c4f12e0@example.com,Note_2168f0cd,134,0ADBE888-0FBA-4BBC-A635-7C9D81DF9508
OWNER_be4eddbee51e,Company_9d6fc041,Last_eb60f9d6,First_c8d071e0,5050375952,5050375952,user_715c4f12e0@example.com,Address_f05df871,City_e708c712,ZZ,72477,Address_a226cdca,City_c05d421a,ZZ,72477,Last_d178528e,First_72cae815,5050375952,user_715c4f12e0@example.com,Note_ad55bd15,581,FE1BB983-8405-48A5-AD7B-7CFB6FB8448D
OWNER_250602a7df46,Company_9d6fc041,Last_cd6cfbe0,First_aa19c4e2,5056282152,5050375952,user_715c4f12e0@example.com,Address_f05df871,City_e708c712,ZZ,72477,Address_a226cdca,City_c05d421a,ZZ,72477,Last_d178528e,First_72cae815,5050375952,user_715c4f12e0@example.com,Note_2168f0cd,103,463F3D9D-1828-4694-805F-7D45D062627B
OWNER_56de269bfb2c,Company_e7cf2044,Last_764913f1,First_2479f8e1,5052640467,5050375952,user_9d3361e00c@example.com,Address_f348adff,City_9bb0076f,ZZ,94763,Address_9856c53a,City_975035c7,ZZ,94763,Last_d178528e,First_72cae815,5050375952,user_715c4f12e0@example.com,Note_e94008cf,1432,CF22B039-A635-4787-AC91-7DB2AA12226B
OWNER_fe9fd5bcdf36,Company_9d6fc041,Last_599dff70,First_2200782e,5058618510,5057728143,user_715c4f12e0@example.com,Address_5a9e1071,City_2402b24b,ZZ,48412,Address_a226cdca,City_c05d421a,ZZ,72477,Last_d178528e,First_72cae815,5050375952,user_715c4f12e0@example.com,Note_e53ea49c,368,D4D1C919-F7CD-4BFA-B195-7DC973EE7F6A
OWNER_5f194fb71aef,Company_9d6fc041,Last_cc271507,First_360149c1,5050375952,5050375952,user_715c4f12e0@example.com,Address_f05df871,City_e708c712,ZZ,72477,Address_a226cdca,City_c05d421a,ZZ,72477,Last_d178528e,First_72cae815,5050375952,user_715c4f12e0@example.com,Note_8671cb4a,1028,DD3E2DDE-B7EE-4EB8-89A9-7DF44C504D98
OWNER_375cc6a17ef2,Company_9d6fc041,Last_43cdc24e,First_0d67a568,5050375952,5050375952,user_715c4f12e0@example.com,Address_f05df871,City_e708c712,ZZ,72477,Address_a226cdca,City_c05d421a,ZZ,72477,Last_d178528e,First_72cae815,5050375952,user_715c4f12e0@example.com,Note_2168f0cd,214,D6EC53F3-8F79-43B9-9CAD-7E2E857ACDDB
OWNER_79e76980f9b1,Company_9d6fc041,Last_f782b973,First_e162a84b,5050456759,5052880046,user_ebc788c3b7@example.com,Address_4dcfc205,City_37084ed9,ZZ,60339,Address_252d2a39,City_528281b9,ZZ,60339,Last_d178528e,First_792c1cd1,5050375952,user_715c4f12e0@example.com,Note_2168f0cd,1409,6AC7AEDE-52A7-4740-A827-7E371AE18D05
OWNER_71640d9779a5,Company_9d6fc041,Last_2a9e0866,First_4f605ac3,5056283890,5050375952,user_715c4f12e0@example.com,Address_f05df871,City_e708c712,ZZ,72477,Address_a226cdca,City_c05d421a,ZZ,72477,Last_d178528e,First_72cae815,5050375952,user_715c4f12e0@example.com,Note_2168f0cd,131,18638531-2A7F-4080-8FBA-7E4222AFAAD4
OWNER_fb89a89a3408,Company_9d6fc041,Last_244255ca,First_2c24c138,5050375952,5050375952,user_715c4f12e0@example.com,Address_f05df871,City_e708c712,ZZ,72477,Address_a226cdca,City_c05d421a,ZZ,72477,Last_d178528e,First_72cae815,5050375952,user_715c4f12e0@example.com,Note_2168f0cd,574,CB8E68C1-3B55-404B-A030-7EAD985C645B
OWNER_7c7c83907254,Company_9d6fc041,Last_e0b84404,First_6d855beb,5058820648,5050375952,user_715c4f12e0@example.com,Address_ad299972,City_22d11c38,ZZ,72477,Address_256e4ef0,City_76200585,ZZ,75073,Last_d178528e,First_72cae815,5050375952,user_715c4f12e0@example.com,Note_2168f0cd,1336,EC6E1872-EC61-47C5-9A53-7EB1A0E352FB
OWNER_0e331b4faa77,Company_9d6fc041,Last_25130c96,First_ab87cbec,5056674414,5050375952,user_715c4f12e0@example.com,Address_f05df871,City_e708c712,ZZ,72477,Address_f64d519e,City_76200585,ZZ,75073,Last_c5738c95,First_d41c2d52,5050375952,user_715c4f12e0@example.com,Note_2168f0cd,1286,49163854-F045-4DB7-AFF5-7EC80BA00C65
OWNER_61ac19f032d4,Company_9d6fc041,Last_3bd6ce97,First_930b2cc5,5059839299,5050375952,user_715c4f12e0@example.com,Address_f05df871,City_e708c712,ZZ,72477,Address_a226cdca,City_c05d421a,ZZ,72477,Last_d178528e,First_72cae815,5050375952,user_715c4f12e0@example.com,Note_2168f0cd,844,0C64F725-4AD6-4975-92D6-7F08766041AB
OWNER_bafcb8cbceb8,Company_e99515e8,Last_7bd3af51,First_2c24c138,5050375952,5050375952,user_715c4f12e0@example.com,Address_f05df871,City_e708c712,ZZ,72477,Address_a226cdca,City_c05d421a,ZZ,72477,Last_d178528e,First_72cae815,5050375952,user_715c4f12e0@example.com,Note_2168f0cd,209,79B00A98-941C-463F-BCF7-7F1E426F3831
OWNER_89ad4a7c197a,Company_9d6fc041,Last_8bd2e75c,First_a82d6021,5052493489,5053399827,user_28b0583f8a@example.com,Address_fa62ea11,City_1c11a706,ZZ,65345,Address_a226cdca,City_c05d421a,ZZ,72477,Last_a5d9479b,First_2398ebbd,5050375952,user_715c4f12e0@example.com,Note_cd3cdbae,470,B394472B-6964-4B7A-A41E-7F4E596807DA
OWNER_bdd14e02ae59,Company_9d6fc041,Last_a5da02b5,First_724a30d5,5056463407,5057623634,user_715c4f12e0@example.com,Address_21bc23aa,City_eb940fb0,ZZ,28095,Address_a226cdca,City_c05d421a,ZZ,72477,Last_d178528e,First_72cae815,5050375952,user_715c4f12e0@example.com,Note_33a3597f,612,3AA9B983-03C7-4CD2-B6C3-7F6144DF19DD
OWNER_232b894348a4,Company_9d6fc041,Last_cd72385a,First_05ea15b6,5056439731,5050375952,user_71db12bef9@example.com,Address_f05df871,City_e708c712,ZZ,72477,Address_a226cdca,City_c05d421a,ZZ,72477,Last_d178528e,First_72cae815,5050375952,user_715c4f12e0@example.com,Note_46976f2c,648,18F6A04D-2CE5-4983-94E7-7F67B7B77A3E
OWNER_439a219c5b45,Company_9d6fc041,Last_6a6d513b,First_490ae46a,5050375952,5050375952,user_715c4f12e0@example.com,Address_f05df871,City_e708c712,ZZ,72477,Address_a226cdca,City_c05d421a,ZZ,72477,Last_d9fc10e4,First_adfbecda,5050552449,user_715c4f12e0@example.com,Note_ba313895,824,7AD836C6-E083-4EC6-B31B-7FC6030DD145
OWNER_c4debbcec1c4,Company_9d6fc041,Last_ab5d19b1,First_42dac5f7,5053117514,5050375952,user_9ef5e5a8eb@example.com,Address_f05df871,City_e708c712,ZZ,72477,Address_79ef083b,City_90129d13,ZZ,72477,Last_d178528e,First_72cae815,5050375952,user_715c4f12e0@example.com,Note_2168f0cd,1707,F8D658AC-615E-344F-BE6F-7FD9E674DD24
OWNER_0ce3a4c4127d,Company_9d6fc041,Last_e9b70280,First_91186fa4,5050375952,5050375952,user_715c4f12e0@example.com,Address_f05df871,City_e708c712,ZZ,72477,Address_a226cdca,City_c05d421a,ZZ,72477,Last_d178528e,First_72cae815,5050375952,user_715c4f12e0@example.com,Note_2168f0cd,650,61590043-70D1-47CA-A62A-7FEAE9061088
OWNER_9fdc8047f390,Company_9d6fc041,Last_ca8c2e22,First_56a007bc,5056224407,5050375952,user_715c4f12e0@example.com,Address_9f9d0bad,City_c0fbf85c,ZZ,75073,Address_0d09841e,City_76200585,ZZ,75073,Last_d178528e,First_72cae815,5050375952,user_715c4f12e0@example.com,Note_2168f0cd,1348,5520605D-7CF3-423C-BFF9-7FF6A3105B39
OWNER_f781e9d9756f,Company_9d6fc041,Last_18d3f80b,First_1e411bec,5059936946,5050375952,user_8b5394012b@example.com,Address_f05df871,City_e708c712,ZZ,72477,Address_a226cdca,City_c05d421a,ZZ,72477,Last_d178528e,First_72cae815,5050375952,user_715c4f12e0@example.com,Note_2168f0cd,459,AF5F7BBE-D795-4590-A68E-800AF5A0C723
OWNER_ae78c80bebb8,Company_9d6fc041,Last_294dad27,First_d78ec84e,5054564111,5050375952,user_715c4f12e0@example.com,Address_f05df871,City_e708c712,ZZ,72477,Address_0d7d00f3,City_76200585,ZZ,75073,Last_d178528e,First_72cae815,5050375952,user_715c4f12e0@example.com,Note_2168f0cd,1258,B0F38606-EDE3-4F8F-97CD-800F4C87D4B3
OWNER_2e0825b877fe,Company_9d6fc041,Last_f4daf5dc,First_a2bf0446,5051553241,5050375952,user_715c4f12e0@example.com,Address_f05df871,City_e708c712,ZZ,72477,Address_a226cdca,City_9415c49e,ZZ,72477,Last_d178528e,First_72cae815,5050375952,user_715c4f12e0@example.com,Note_4c917c83,834,3E845D36-46C0-4DBC-AA16-80119D6F30E9
OWNER_aa75fa5f6f7d,Company_9d6fc041,Last_ede95fb1,First_da10a87c,5050375952,5050375952,user_715c4f12e0@example.com,Address_f05df871,City_e708c712,ZZ,72477,Address_a226cdca,City_c05d421a,ZZ,72477,Last_d178528e,First_72cae815,5050375952,user_715c4f12e0@example.com,Note_2168f0cd,26,7CB4C864-101A-4554-9180-8041BFCF393E
OWNER_16e15c1525a8,Company_9d6fc041,Last_d92d80c4,First_a1686526,5058429044,5050375952,user_715c4f12e0@example.com,Address_f05df871,City_e708c712,ZZ,72477,Address_a226cdca,City_c05d421a,ZZ,72477,Last_3ec173a7,First_0d8f890c,5050375952,user_715c4f12e0@example.com,Note_2168f0cd,1773,14C92338-4377-F848-A45B-804D2C2AEFB9
OWNER_eb025b79223e,Company_9d6fc041,Last_02fea62c,First_e1357c6a,5051787719,5050375952,user_715c4f12e0@example.com,Address_4de7ac65,City_2402b24b,ZZ,27024,Address_a226cdca,City_c05d421a,ZZ,72477,Last_d178528e,First_72cae815,5050375952,user_715c4f12e0@example.com,Note_2168f0cd,476,B6F2C226-ECA7-427D-AFF1-8070146D917C
OWNER_f5788b28618d,Company_54fc3c19,Last_6b28837e,First_d8d8de3c,5059708677,5055593926,user_715c4f12e0@example.com,Address_18659b70,City_f3d1000a,ZZ,45588,Address_a226cdca,City_c05d421a,ZZ,72477,Last_d178528e,First_72cae815,5053811760,user_715c4f12e0@example.com,Note_1b83b052,1042,63F0EADC-A414-49D3-BEF8-8090E51404EB
OWNER_b39dbf364400,Company_d7220b7d,Last_03bd255e,First_c3c9ac76,5050375952,5050375952,user_715c4f12e0@example.com,Address_f05df871,City_e708c712,ZZ,72477,Address_a226cdca,City_c05d421a,ZZ,72477,Last_d178528e,First_72cae815,5050375952,user_715c4f12e0@example.com,Note_2168f0cd,972,D4386D74-4476-48C0-ABF6-80AF90DA92D9
OWNER_8d2b1792aca1,Company_9d6fc041,Last_22eb10b3,First_1ddd3610,5050375952,5050375952,user_715c4f12e0@example.com,Address_f05df871,City_e708c712,ZZ,72477,Address_a226cdca,City_c05d421a,ZZ,72477,Last_d178528e,First_72cae815,5050375952,user_715c4f12e0@example.com,Note_2168f0cd,382,1D765F67-7BA0-4EE7-8EFB-80C2798C81D5
OWNER_c468a6757517,Company_9d6fc041,Last_57eafdb5,First_fc200e55,5050375952,5050375952,user_715c4f12e0@example.com,Address_f05df871,City_e708c712,ZZ,72477,Address_a226cdca,City_c05d421a,ZZ,72477,Last_d178528e,First_72cae815,5050375952,user_715c4f12e0@example.com,Note_f215fccc,629,C583B365-D716-4258-B34F-80DB9D2F7144
OWNER_0f8251f16109,Company_9d6fc041,Last_28415a83,First_cd201498,5059957149,5050375952,user_2a3b091d68@example.com,Address_d8943b42,City_c0fbf85c,ZZ,75073,Address_9ebadd10,City_76200585,ZZ,75073,Last_d178528e,First_72cae815,5050375952,user_715c4f12e0@example.com,Note_2168f0cd,1354,615E660A-6EAE-49B8-A6D1-80EA3208C846
OWNER_a6aeed492669,Company_0f14cb0d,Last_7bd3af51,First_2c24c138,5050375952,5050375952,user_715c4f12e0@example.com,Address_f05df871,City_e708c712,ZZ,72477,Address_a226cdca,City_c05d421a,ZZ,72477,Last_d178528e,First_72cae815,5050375952,user_715c4f12e0@example.com,Note_2168f0cd,957,D94A40BE-F660-4236-BE45-80F53D82572E
OWNER_5c38ea39e53b,Company_9d6fc041,Last_c59d7d01,First_407873b7,5057185058,5050375952,user_715c4f12e0@example.com,Address_f05df871,City_e708c712,ZZ,72477,Address_2d7febd5,City_8dbac927,ZZ,24366,Last_d178528e,First_72cae815,5050375952,user_715c4f12e0@example.com,Note_2168f0cd,780,A05CDF64-8FB3-44C9-B02D-8109973D408C
OWNER_387ea2eea002,Company_9d6fc041,Last_259b2c54,First_b46411c7,5057312634,5050375952,user_c5f16da4fe@example.com,Address_f05df871,City_e708c712,ZZ,72477,Address_a226cdca,City_c05d421a,ZZ,72477,Last_67317b5a,First_fbd58f1d,5050375952,user_715c4f12e0@example.com,Note_a0d54309,610,E62F7DB6-3A02-4CCA-A4C9-81205E82BD66
OWNER_8aae040fb8b2,Company_741aa172,Last_be4951eb,First_e2fa7e04,5053790011,5058481505,user_9dccbe189d@example.com,Address_7784a647,City_63cf76c5,ZZ,07893,Address_a226cdca,City_c05d421a,ZZ,72477,Last_d178528e,First_72cae815,5050375952,user_715c4f12e0@example.com,Note_2168f0cd,1492,E0EE79D8-6DCD-314F-A1F9-812FA06529D6
OWNER_2ffeab492f83,Company_c85bce80,Last_9c34c3bb,First_c49e1526,5055081974,5056002706,user_715c4f12e0@example.com,Address_7ca42cda,City_f3d1000a,ZZ,45588,Address_2a1997e9,City_2f6c614d,ZZ,45588,Last_d178528e,First_72cae815,5050375952,user_715c4f12e0@example.com,Note_a6a262a6,129,57713B66-34CF-4A0E-85BD-817AFFF493A0
OWNER_3cad7f66ed42,Company_081f4c78,Last_04192c01,First_5e0b1784,5054248596,5050375952,user_3a507846af@example.com,Address_e5ea803c,City_73ebcd64,ZZ,18152,Address_a226cdca,City_c05d421a,ZZ,72477,Last_d178528e,First_72cae815,5050375952,user_715c4f12e0@example.com,Note_da0107ae,1717,E12793DB-0D5F-1443-B49B-81FACCFC1F66
OWNER_cd0956bd5dd9,Company_fe7a42e6,Last_7bd3af51,First_2c24c138,5050375952,5050375952,user_715c4f12e0@example.com,Address_f05df871,City_e708c712,ZZ,72477,Address_a226cdca,City_c05d421a,ZZ,72477,Last_d178528e,First_72cae815,5050375952,user_715c4f12e0@example.com,Note_2168f0cd,1753,979B1426-45E7-7D47-AE3C-823AFABAE559
OWNER_455cd0f23f6e,Company_9d6fc041,Last_768ad5f5,First_15ebf658,5050375952,5059216241,user_18bfec8f08@example.com,Address_4d5f3431,City_c8ef49e0,ZZ,99337,Address_23ce7a91,City_253be803,ZZ,99337,Last_904d3fe8,First_c90b16cd,5050375952,user_715c4f12e0@example.com,Note_2168f0cd,1870,CEA32323-2B9B-4CBC-87BA-8241BFE40EAF
OWNER_7d55b2cda916,Company_9d6fc041,Last_12300e62,First_fa0d2662,5054538455,5050375952,user_5a93292a7f@example.com,Address_13397f8c,City_a62e8786,ZZ,98066,Address_a226cdca,City_c05d421a,ZZ,72477,Last_d178528e,First_72cae815,5050375952,user_715c4f12e0@example.com,Note_2168f0cd,873,76103884-AEE5-4679-9D32-824DEB858876
OWNER_4bca118e8c3f,Company_bd334629,Last_401da5fe,First_098b7a78,5059366323,5050493021,user_a8b982693e@example.com,Address_4f9f06c0,City_3906d66e,ZZ,02338,Address_a226cdca,City_c05d421a,ZZ,72477,Last_3371391f,First_627d65e8,5050375952,user_715c4f12e0@example.com,Note_029424ac,1157,FCF6F445-51C9-4613-9622-824EFAF5BF0B
OWNER_3fae7f246a88,Company_e82ec2a7,Last_7bd3af51,First_2c24c138,5050375952,5050375952,user_715c4f12e0@example.com,Address_f05df871,City_e708c712,ZZ,72477,Address_a226cdca,City_c05d421a,ZZ,72477,Last_d178528e,First_72cae815,5050375952,user_715c4f12e0@example.com,Note_2168f0cd,178,DBFAD8A7-BED1-4100-9358-8282A910DFDC
OWNER_660fcd8bbf52,Company_7fe0b73d,Last_637500ce,First_2c24c138,5050375952,5050375952,user_715c4f12e0@example.com,Address_f05df871,City_e708c712,ZZ,72477,Address_a226cdca,City_c05d421a,ZZ,72477,Last_d178528e,First_72cae815,5050375952,user_715c4f12e0@example.com,Note_2168f0cd,1123,DAF01128-43A7-4208-A54E-82E6813424CE
OWNER_af6fd6f46ce6,Company_9d6fc041,Last_5f6dde10,First_fe3cbe5d,5051591227,5052944635,user_715c4f12e0@example.com,Address_43a69e1f,City_6ec3f32a,ZZ,04722,Address_a226cdca,City_c05d421a,ZZ,72477,Last_f66f60b5,First_c90b16cd,5050375952,user_715c4f12e0@example.com,Note_2168f0cd,530,4D8DFA34-9CD9-4FF3-8CEE-834B97C2AB0B
OWNER_bc931a401b23,Company_9d6fc041,Last_b0f0a2ed,First_b0684081,5050375952,5050375952,user_b00293029c@example.com,Address_f05df871,City_e708c712,ZZ,72477,Address_ff521cad,City_14b44757,ZZ,72477,Last_3d9f9f3e,First_7edc05dd,5050375952,user_d2278472ec@example.com,Note_2168f0cd,1684,AE54E4F2-7C8E-8B48-9D2F-8372C10FB65A
OWNER_8943321e2ff0,Company_9d6fc041,Last_aa4eaf99,First_8eafae4a,5050375952,5050375952,user_715c4f12e0@example.com,Address_9627d2d4,City_a000d1fb,ZZ,66775,Address_565a4f71,City_30bd86a3,ZZ,66775,Last_1546fab4,First_45e1a47c,5053814108,user_87be2b8fe4@example.com,Note_1fb3f030,1381,D65F3008-D434-4C80-8929-83C744553ED9
OWNER_ad88984b670f,Company_d167ac6a,Last_54800546,First_5a53d49c,5058623006,5050375952,user_74c21c3b9f@example.com,Address_4de7ac65,City_3c553bcc,ZZ,68368,Address_a226cdca,City_c05d421a,ZZ,72477,Last_ce0a8c10,First_be05bbd1,5055841415,user_715c4f12e0@example.com,Note_2168f0cd,1498,D49F5F81-4F41-1147-A793-840008E93CE2
OWNER_494ba0b3506a,Company_45aa26b6,Last_42e0a3be,First_ba8ce9a3,5053287499,5050375952,user_715c4f12e0@example.com,Address_f05df871,City_e708c712,ZZ,72477,Address_a226cdca,City_c05d421a,ZZ,72477,Last_f2e0d3db,First_7ece2cb2,5054269009,user_715c4f12e0@example.com,Note_1cbabadb,107,BCC4BBBD-5844-4FB8-9C45-84086368D4CB
OWNER_a63e26b864a6,Company_9d6fc041,Last_4701647a,First_d563520f,5050375952,5050375952,user_715c4f12e0@example.com,Address_f05df871,City_e708c712,ZZ,72477,Address_a226cdca,City_c05d421a,ZZ,72477,Last_d178528e,First_72cae815,5050375952,user_715c4f12e0@example.com,Note_00b9d8ea,210,220EB19C-C11E-40F8-8915-840EB7F8AC45
OWNER_a3a9689df0cc,Company_9d6fc041,Last_fadda208,First_f44bc895,5054827936,5050375952,user_715c4f12e0@example.com,Address_f05df871,City_e708c712,ZZ,72477,Address_a226cdca,City_c05d421a,ZZ,72477,Last_d178528e,First_72cae815,5050375952,user_715c4f12e0@example.com,Note_57001b76,291,1232F493-0AEC-4D8E-953E-8433CB010333
OWNER_cedf3d665e6c,Company_9d6fc041,Last_c5ee3c7c,First_2c3694c7,5051761393,5050375952,user_715c4f12e0@example.com,Address_afb80ea5,City_6362488e,ZZ,82040,Address_a226cdca,City_c05d421a,ZZ,72477,Last_d178528e,First_72cae815,5050375952,user_715c4f12e0@example.com,Note_2168f0cd,404,D51B4F9F-E881-46AA-88FE-843E43CB85F3
OWNER_90444f7e9d07,Company_9d6fc041,Last_518a0531,First_761bd00f,5050902019,5050902019,user_332ade9850@example.com,Address_f05df871,City_e708c712,ZZ,72477,Address_79e6d674,City_8dbac927,ZZ,72477,Last_d178528e,First_72cae815,5050375952,user_715c4f12e0@example.com,Note_2168f0cd,536,4F55EA49-E6A0-41CA-8EC4-8446E7FB23FA
OWNER_b01235b7326f,Company_9d6fc041,Last_1d8f589b,First_0787ab3c,5050375952,5050375952,user_d5f37226fb@example.com,Address_f05df871,City_e708c712,ZZ,72477,Address_ae4198c4,City_30bd86a3,ZZ,66775,Last_d178528e,First_72cae815,5050375952,user_715c4f12e0@example.com,Note_2168f0cd,1399,8F2AA77F-4502-4550-95EE-8471BDDF3705
OWNER_7056463306c6,Company_9d6fc041,Last_7bd3af51,First_2c24c138,5050375952,5050375952,user_715c4f12e0@example.com,Address_f05df871,City_e708c712,ZZ,72477,Address_a226cdca,City_c05d421a,ZZ,72477,Last_d178528e,First_72cae815,5050375952,user_715c4f12e0@example.com,Note_2168f0cd,322,EB3CC357-E36F-4CE7-B9D9-847D82427465
OWNER_c769f692f168,Company_9d6fc041,Last_3347d844,First_fad3edfc,5055482437,5056481816,user_715c4f12e0@example.com,Address_e88b7ee8,City_e6b38396,ZZ,88406,Address_d54b07f1,City_1c973d51,ZZ,88406,Last_d178528e,First_72cae815,5050375952,user_715c4f12e0@example.com,Note_2168f0cd,1165,D22554A0-B48F-4960-8BDA-84CFF035777F
OWNER_dc142972c372,Company_a03baee2,Last_42e0a3be,First_5959f75e,5050375952,5050048342,user_b699a42321@example.com,Address_9baf3cac,City_f194ca26,ZZ,67893,Address_2abc87fd,City_94b6fd86,ZZ,67893,Last_5bd9189a,First_83bc3e08,5059496591,user_715c4f12e0@example.com,Note_b6efe649,1608,4C3A2CCC-CEDA-474B-9662-84E983D1B6C3
OWNER_de32971e3650,Company_9d6fc041,Last_45ce584b,First_b8d9f915,5057042632,5050375952,user_601b7d7273@example.com,Address_f05df871,City_e708c712,ZZ,72477,Address_a226cdca,City_c05d421a,ZZ,72477,Last_e3cc7cf9,First_9f5cf46a,5055327495,user_715c4f12e0@example.com,Note_04b566b4,328,E613196B-5C26-40EA-97F2-84F40DF716E6
OWNER_181dce37a415,Company_9d6fc041,Last_fb1ba52b,First_24ca7c32,5052160939,5050375952,user_715c4f12e0@example.com,Address_aea3c737,City_c0fbf85c,ZZ,75073,Address_a226cdca,City_76200585,ZZ,75073,Last_d178528e,First_72cae815,5050375952,user_715c4f12e0@example.com,Note_2168f0cd,1334,6B55A65A-4407-46E6-9FDC-85321B2B740E
OWNER_641fb5e86289,Company_a3c41534,Last_bc2d0e56,First_2b194b84,5050474491,5053446629,user_715c4f12e0@example.com,Address_0b2f809f,City_3c553bcc,ZZ,68368,Address_8ab12dee,City_c057d8df,ZZ,68368,Last_d178528e,First_72cae815,5050375952,user_715c4f12e0@example.com,Note_2168f0cd,1506,6C6C6349-A888-9F4A-B57F-853D201AE881
OWNER_6d24329e0ff3,Company_9d6fc041,Last_b02716dd,First_93d1fcb8,5050375952,5050116743,user_b5e39d2284@example.com,Address_7db49d89,City_3d752395,ZZ,59580,Address_a226cdca,City_c05d421a,ZZ,72477,Last_d178528e,First_72cae815,5050375952,user_715c4f12e0@example.com,Note_2168f0cd,1906,D8F45249-6E99-4F25-BB45-85664EBA1297
OWNER_293ed380830d,Company_12d3f091,Last_8a44d888,First_490ae46a,5051865424,5053624459,user_1a75f67713@example.com,Address_f05df871,City_e708c712,ZZ,72477,Address_a226cdca,City_c05d421a,ZZ,72477,Last_d178528e,First_72cae815,5050375952,user_32b6ddc313@example.com,Note_2168f0cd,1636,F92CB94E-1930-714F-BADD-8571C32BBE22
OWNER_9404ac08aea8,Company_9d6fc041,Last_a2b98414,First_3dfbec13,5051469669,5050375952,user_c5067f098b@example.com,Address_f6a0e15e,City_2e663e2c,ZZ,26334,Address_5b10326d,City_81793998,ZZ,26334,Last_d178528e,First_72cae815,5050375952,user_715c4f12e0@example.com,Note_2168f0cd,1736,61AC2B0C-B619-2248-873B-8575DBF4076C
OWNER_8fac7b6bea39,Company_9d6fc041,Last_bce3d3a6,First_f325e8ba,5053986097,5050375952,user_715c4f12e0@example.com,Address_f05df871,City_e708c712,ZZ,72477,Address_a226cdca,City_c05d421a,ZZ,72477,Last_d178528e,First_72cae815,5050375952,user_715c4f12e0@example.com,Note_2168f0cd,1777,6E9F3B74-113F-1846-A88B-85902433D063
OWNER_56b108b15027,Company_9d6fc041,Last_bfd24cea,First_aa7343c5,5058649166,5050375952,user_a504bb4e68@example.com,Address_f05df871,City_e708c712,ZZ,72477,Address_a226cdca,City_c05d421a,ZZ,72477,Last_d178528e,First_72cae815,5050375952,user_715c4f12e0@example.com,Note_984cf2bf,388,A4192D72-87A9-4991-8955-85BE61BD2A09
OWNER_270f18ddd749,Company_e30b16ee,Last_c6129fcb,First_2ce7d3bd,5058590965,5053053055,user_87be2b8fe4@example.com,Address_4654570a,City_d85b9afd,ZZ,11388,Address_e1a0dd48,City_30bd86a3,ZZ,66775,Last_d178528e,First_72cae815,5050375952,user_715c4f12e0@example.com,Note_2168f0cd,1387,6E5894F6-47F3-4C79-BBD7-85C01754939C
OWNER_eda0c412d67a,Company_9d6fc041,Last_3796f7fd,First_5a53d49c,5056088898,5050375952,user_715c4f12e0@example.com,Address_f05df871,City_e708c712,ZZ,72477,Address_a226cdca,City_c05d421a,ZZ,72477,Last_d178528e,First_72cae815,5050375952,user_715c4f12e0@example.com,Note_2168f0cd,1030,9265CBC1-AD17-4499-915A-85E6866039A3
OWNER_ce55dfa3304b,Company_9d6fc041,Last_42f33eab,First_a82d6021,5059904218,5050375952,user_715c4f12e0@example.com,Address_43b18b7f,City_9870ba28,ZZ,26022,Address_a226cdca,City_c05d421a,ZZ,72477,Last_d178528e,First_72cae815,5050375952,user_715c4f12e0@example.com,Note_2168f0cd,471,04AC1C1E-E3CA-414D-8176-85F9D91AEB4F
OWNER_823260f0c238,Company_9d6fc041,Last_72a28859,First_32f0fee1,5050375952,5050375952,user_715c4f12e0@example.com,Address_f05df871,City_e708c712,ZZ,72477,Address_a226cdca,City_c05d421a,ZZ,72477,Last_d178528e,First_72cae815,5050375952,user_715c4f12e0@example.com,Note_8671cb4a,1035,689E5A86-577A-4FE2-943A-8600CB27B08A
OWNER_ef310b3c9447,Company_9d6fc041,Last_41f51f72,First_a7be58cc,5052745500,5050375952,user_715c4f12e0@example.com,Address_f05df871,City_e708c712,ZZ,72477,Address_a226cdca,City_c05d421a,ZZ,72477,Last_8b52eb13,First_c169cb4a,5050375952,user_715c4f12e0@example.com,Note_9184eb28,895,4FC57DEC-E1BC-40F6-8D76-8623DEA0B257
OWNER_19cc03cfda76,Company_9d6fc041,Last_622296aa,First_bf2ec069,5057686226,5050375952,user_ab473df765@example.com,Address_f05df871,City_e708c712,ZZ,72477,Address_a226cdca,City_c05d421a,ZZ,72477,Last_d178528e,First_72cae815,5050375952,user_715c4f12e0@example.com,Note_2168f0cd,685,A94884BD-B3C6-4C8B-A074-8668864E0DD1
OWNER_16290937435f,Company_9d6fc041,Last_9d8fb935,First_8b7ca3ca,5050375952,5050375952,user_715c4f12e0@example.com,Address_f05df871,City_e708c712,ZZ,72477,Address_a226cdca,City_c05d421a,ZZ,72477,Last_d178528e,First_72cae815,5050375952,user_715c4f12e0@example.com,Note_d23e1c82,45,2E01B7BB-A12F-478E-92A7-86990C74CBA2
OWNER_cdd60685e9d5,Company_9d6fc041,Last_ea92d517,First_07ce98c2,5050375952,5050375952,user_715c4f12e0@example.com,Address_f05df871,City_e708c712,ZZ,72477,Address_a226cdca,City_c05d421a,ZZ,72477,Last_d178528e,First_72cae815,5050375952,user_715c4f12e0@example.com,Note_2168f0cd,194,EBC9CD49-ABB6-43AE-AB1A-873B16064026
OWNER_ee00bff39e5e,Company_9d6fc041,Last_aee0080f,First_69df9417,5053315873,5050375952,user_0a1fb9ef45@example.com,Address_c3edac17,City_c0fbf85c,ZZ,75073,Address_5fda2012,City_76200585,ZZ,75073,Last_d178528e,First_72cae815,5050375952,user_715c4f12e0@example.com,Note_3f453834,1309,56D43179-AFCE-4DD0-AE51-873F0E8A6D6B
OWNER_4095c2234929,Company_9d6fc041,Last_e426d275,First_ed202d92,5051219620,5050375952,user_715c4f12e0@example.com,Address_f53a10f5,City_2402b24b,ZZ,48412,Address_a226cdca,City_c05d421a,ZZ,72477,Last_d178528e,First_72cae815,5050375952,user_715c4f12e0@example.com,Note_2168f0cd,901,DE981F61-CB82-46D5-9D69-875DF2A55F2C
OWNER_565953890d16,Company_9d6fc041,Last_dea24287,First_c59103a9,5050375952,5059923180,user_e4433a0c6f@example.com,Address_51b672c8,City_73ebcd64,ZZ,73247,Address_a226cdca,City_c05d421a,ZZ,72477,Last_d178528e,First_72cae815,5050375952,user_715c4f12e0@example.com,Note_3220ae2a,1789,50614B3C-AB31-4C55-ACD1-878FB3DE75CD
OWNER_9331ac6dcda5,Company_9d6fc041,Last_2af9f399,First_1fa5fa7a,5050557134,5050375952,user_2142e14a55@example.com,Address_0056c231,City_8d1f3f5d,ZZ,31956,Address_c9b96236,City_eeceafd5,ZZ,31956,Last_d178528e,First_72cae815,5050375952,user_715c4f12e0@example.com,Note_2168f0cd,1786,D8F0E855-C3D9-6A45-B953-87989F30EA81
OWNER_331cf1419c66,Company_9d6fc041,Last_d449b4d5,First_6107bd3c,5050375952,5052106605,user_d875bbc5e5@example.com,Address_7b8f16dd,City_9b94cfc5,ZZ,58363,Address_43c30310,City_32d30c4f,ZZ,58363,Last_d178528e,First_72cae815,5050375952,user_715c4f12e0@example.com,Note_2168f0cd,1803,C2DC86C0-EFFB-45B1-9D44-87C0165D45A6
OWNER_e74253f61e4b,Company_0494ef86,Last_4ef70dcc,First_2c24c138,5050375952,5050375952,user_715c4f12e0@example.com,Address_f05df871,City_e708c712,ZZ,72477,Address_a226cdca,City_c05d421a,ZZ,72477,Last_d178528e,First_72cae815,5050375952,user_715c4f12e0@example.com,Note_2168f0cd,930,7E70FA5E-E0DE-45BE-A941-87CC05B501B4
OWNER_4241dca7acb7,Company_9d6fc041,Last_66d393ca,First_61bfce42,5050375952,5057669052,user_715c4f12e0@example.com,Address_f05df871,City_e708c712,ZZ,72477,Address_4ec4df7a,City_253be803,ZZ,99337,Last_d178528e,First_72cae815,5050375952,user_715c4f12e0@example.com,Note_2168f0cd,1926,0C500F45-017B-498C-9DF5-87D76F3C95D6
OWNER_f476e7ce00e1,Company_9d6fc041,Last_dea24287,First_5d79f087,5050375952,5050375952,user_715c4f12e0@example.com,Address_f05df871,City_e708c712,ZZ,72477,Address_a226cdca,City_c05d421a,ZZ,72477,Last_d178528e,First_72cae815,5050375952,user_715c4f12e0@example.com,Note_8671cb4a,1120,956DB1F8-8BAF-4650-B499-882629557FD4
OWNER_43f7e13f55c8,Company_9d6fc041,Last_00f34880,First_490ae46a,5050375952,5050375952,user_715c4f12e0@example.com,Address_f05df871,City_e708c712,ZZ,72477,Address_aabf9dee,City_76200585,ZZ,75073,Last_a58e9215,First_1232b05b,5054556590,user_715c4f12e0@example.com,Note_69cbf4fe,1269,D86B4962-711C-4C8F-9FED-8830A7C9F5D8
OWNER_545e525d35c5,Company_9d6fc041,Last_8576e9e5,First_1686c06d,5056760147,5050375952,user_f4309fde33@example.com,Address_dc85f23b,City_c0fbf85c,ZZ,75073,Address_a8b7800d,City_76200585,ZZ,75073,Last_d178528e,First_72cae815,5050375952,user_715c4f12e0@example.com,Note_2168f0cd,1188,0BD26C90-F69E-43C0-9D37-8831FEC85389
OWNER_4fb77642ea09,Company_9d6fc041,Last_eb60f9d6,First_0d67a568,5058209502,5056813606,user_715c4f12e0@example.com,Address_f05df871,City_e708c712,ZZ,72477,Address_a226cdca,City_c05d421a,ZZ,72477,Last_e928afe5,First_1d60961b,5058721632,user_9d25fdb238@example.com,Note_d9e85f2f,1749,4F808C12-F0E3-7A42-BE5F-883C5FF3C4B3
OWNER_31f7a20c9040,Company_9d6fc041,Last_eed55ee8,First_2efdb131,5050375952,5050375952,user_715c4f12e0@example.com,Address_f05df871,City_e708c712,ZZ,72477,Address_a226cdca,City_c05d421a,ZZ,72477,Last_d178528e,First_72cae815,5050375952,user_715c4f12e0@example.com,Note_8671cb4a,904,2DCA9FEC-8D5E-4211-A1BF-88A0826BD69F
OWNER_c84e14d1f91e,Company_9d6fc041,Last_736c97bf,First_69aa8fb0,5052253538,5050375952,user_715c4f12e0@example.com,Address_f05df871,City_e708c712,ZZ,72477,Address_8ffb6ace,City_76200585,ZZ,75073,Last_74d93fca,First_1b1159eb,5051502108,user_715c4f12e0@example.com,Note_a76b62ac,1265,D0996216-25BA-4BBB-AD77-88BF6D5021F8
OWNER_cd39d4cca6e1,Company_9d6fc041,Last_13239b3e,First_7bd20d90,5058721696,5050375952,user_8fda2d2f7b@example.com,Address_2dd44342,City_c0fbf85c,ZZ,75073,Address_eb4507a4,City_76200585,ZZ,75073,Last_d178528e,First_72cae815,5050375952,user_715c4f12e0@example.com,Note_2168f0cd,1318,42A087D0-B6A0-435A-AA2E-88D5D82463FA
OWNER_9dc65c2bb85c,Company_9d6fc041,Last_dddbd223,First_667f00bd,5050375952,5059146038,user_715c4f12e0@example.com,Address_2c978b19,City_c0fbf85c,ZZ,75073,Address_55a5ceb0,City_76200585,ZZ,75073,Last_d178528e,First_72cae815,5050375952,user_715c4f12e0@example.com,Note_2168f0cd,1578,8804B8F6-859F-C646-8428-88F0507096E6
OWNER_889cb7d8c292,Company_9d6fc041,Last_b4c33618,First_6b428963,5054441977,5050375952,user_715c4f12e0@example.com,Address_d1402183,City_9bb0076f,ZZ,94763,Address_a226cdca,City_c05d421a,ZZ,72477,Last_d178528e,First_72cae815,5050375952,user_715c4f12e0@example.com,Note_3f68959d,553,5EB3D281-5D7A-48C1-86BA-8915A380EF43
OWNER_b2b9464e83e5,Company_020c4978,Last_7bd3af51,First_24227722,5050859182,5050375952,user_f435fa26b0@example.com,Address_dd3a8c62,City_a6baaf0b,ZZ,03953,Address_a226cdca,City_c05d421a,ZZ,72477,Last_d178528e,First_07139f1b,5058769539,user_715c4f12e0@example.com,Note_2168f0cd,1444,4527E35E-B336-4599-91C9-8919B4E7AE77
OWNER_5778d0d9a2c6,Company_9d6fc041,Last_b36021f2,First_668bda53,5059614560,5050375952,user_715c4f12e0@example.com,Address_667b8c6e,City_260d8739,ZZ,68832,Address_a226cdca,City_c05d421a,ZZ,72477,Last_d178528e,First_72cae815,5050375952,user_715c4f12e0@example.com,Note_2168f0cd,1910,DF5B6D37-9958-41DB-B8C5-8944318152D2
OWNER_0b628cd4000a,Company_9d6fc041,Last_5116e138,First_bafd54f4,5058851979,5057557938,user_d57ea903b3@example.com,Address_2d169be1,City_9870ba28,ZZ,26022,Address_a226cdca,City_c05d421a,ZZ,72477,Last_d178528e,First_72cae815,5050375952,user_715c4f12e0@example.com,Note_2168f0cd,854,EC98F234-E99D-4DE2-B266-8948CDB7A6C3
OWNER_e83c3939f4aa,Company_9d6fc041,Last_e93691ec,First_f70ab422,5059839299,5057459434,user_715c4f12e0@example.com,Address_f05df871,City_e708c712,ZZ,72477,Address_a226cdca,City_c05d421a,ZZ,72477,Last_0110c952,First_79ea783b,5050375952,user_715c4f12e0@example.com,Note_ad46114e,119,57D15A66-862E-4883-873C-894FC69B9EBD
OWNER_09457073a2e9,Company_9d6fc041,Last_bdecb274,First_52933a36,5050375952,5050375952,user_715c4f12e0@example.com,Address_f05df871,City_e708c712,ZZ,72477,Address_a226cdca,City_c05d421a,ZZ,72477,Last_d178528e,First_72cae815,5050375952,user_715c4f12e0@example.com,Note_8671cb4a,245,4FA2D245-33A9-4430-A24D-895043B267E5
OWNER_7bf2d40920b5,Company_81686147,Last_ca8c2e22,First_2c24c138,5050375952,5050375952,user_715c4f12e0@example.com,Address_f05df871,City_e708c712,ZZ,72477,Address_a226cdca,City_c05d421a,ZZ,72477,Last_d178528e,First_72cae815,5050375952,user_715c4f12e0@example.com,Note_2168f0cd,1022,7A490506-52F5-46F2-BFC7-89682E5FC3FB
OWNER_5ea7cb25e0aa,Company_9d6fc041,Last_8bf6033c,First_317702d6,5050375952,5057898415,user_a7b2856d9f@example.com,Address_09e216b2,City_50cdb0ed,ZZ,00030,Address_131e65d8,City_23f9b279,ZZ,00030,Last_d178528e,First_72cae815,5050375952,user_715c4f12e0@example.com,Note_2168f0cd,1831,A813C7F8-2AD7-496F-8E17-89798B2BDF8E
OWNER_1513cd948122,Company_9d6fc041,Last_6aef51af,First_bf2ec069,5053255906,5050375952,user_dc254e3158@example.com,Address_d8119ab0,City_23604209,ZZ,73028,Address_82d89243,City_adce70d4,ZZ,72477,Last_08e636e9,First_393c83ed,5052601352,user_715c4f12e0@example.com,Note_6d661179,1472,F4772CB5-C0B7-8240-9C2C-898508690142
OWNER_594c8b9c245b,Company_9d6fc041,Last_00f361d7,First_490ae46a,5054743929,5050375952,user_715c4f12e0@example.com,Address_5876190c,City_fe002fea,ZZ,96665,Address_a226cdca,City_c05d421a,ZZ,72477,Last_d178528e,First_72cae815,5050375952,user_715c4f12e0@example.com,Note_2168f0cd,821,128A1928-1EA7-43C6-86FF-89E900977830
OWNER_2fe6ea8fcb58,Company_9d6fc041,Last_96bd5321,First_db18f187,5050375952,5050375952,user_715c4f12e0@example.com,Address_f05df871,City_e708c712,ZZ,72477,Address_a226cdca,City_c05d421a,ZZ,72477,Last_d178528e,First_72cae815,5050375952,user_715c4f12e0@example.com,Note_3667cda0,633,B81B10CA-B382-421E-AF72-89FEC129CDE4
OWNER_d1a02fec9930,Company_9d6fc041,Last_93da396b,First_19a46788,5050375952,5050375952,user_715c4f12e0@example.com,Address_b295a8d7,City_a000d1fb,ZZ,66775,Address_2d25a5cf,City_30bd86a3,ZZ,66775,Last_1546fab4,First_45e1a47c,5053814108,user_87be2b8fe4@example.com,Note_1fb3f030,1386,06ECB4B7-2028-4F27-A7E8-8A051DDEB818
OWNER_ae961d00745e,Company_9d6fc041,Last_20cf5263,First_2c24c138,5050375952,5050375952,user_715c4f12e0@example.com,Address_f05df871,City_e708c712,ZZ,72477,Address_a226cdca,City_c05d421a,ZZ,72477,Last_d178528e,First_72cae815,5050375952,user_715c4f12e0@example.com,Note_2168f0cd,940,2B65B349-CB32-4A4F-9C21-8A1125C3C801
OWNER_1f3609a28c18,Company_457cee28,Last_1c1b4c56,First_07295855,5056699911,5050375952,user_715c4f12e0@example.com,Address_f05df871,City_e708c712,ZZ,72477,Address_a226cdca,City_c05d421a,ZZ,72477,Last_d178528e,First_72cae815,5050375952,user_715c4f12e0@example.com,Note_2168f0cd,7,D9FC9AA8-58DB-4573-B680-8ACE1B56FC87
OWNER_bdbb01eba2a6,Company_9d6fc041,Last_ef77fbd7,First_ef6066be,5053923356,5050375952,user_3caa31bd56@example.com,Address_f05df871,City_e708c712,ZZ,72477,Address_a226cdca,City_c05d421a,ZZ,72477,Last_d178528e,First_72cae815,5050375952,user_715c4f12e0@example.com,Note_2168f0cd,766,43C88378-4A86-4092-830C-8B02BB0571F0
OWNER_8b9cd9a567de,Company_9d6fc041,Last_2e36cc8d,First_b0684081,5050375952,5050375952,user_715c4f12e0@example.com,Address_f05df871,City_e708c712,ZZ,72477,Address_a226cdca,City_c05d421a,ZZ,72477,Last_d178528e,First_72cae815,5050375952,user_715c4f12e0@example.com,Note_2168f0cd,443,C3A09514-AEB0-4203-B0DE-8B097816A0B7
OWNER_a4f7ff9a3be1,Company_9d6fc041,Last_aa4eaf99,First_86415bfd,5057479217,5050375952,user_715c4f12e0@example.com,Address_5d95cc4e,City_a000d1fb,ZZ,66775,Address_d3e9ac9f,City_30bd86a3,ZZ,72477,Last_44c527db,First_45e1a47c,5053814108,user_87be2b8fe4@example.com,Note_4a80e5b1,1396,7664B7EA-CC96-4003-9459-8B44FC61332C
OWNER_5d73af2e0f41,Company_23a4c8f0,Last_9f8f79eb,First_1713ac90,5053509134,5050571923,user_715c4f12e0@example.com,Address_f05df871,City_e708c712,ZZ,72477,Address_a226cdca,City_c05d421a,ZZ,72477,Last_d178528e,First_72cae815,5050375952,user_715c4f12e0@example.com,Note_2168f0cd,1357,1D7EBCC7-9334-4F9A-9299-8B52D9A7D451
OWNER_56e7820a6d5b,Company_9d6fc041,Last_b601efa6,First_2c24c138,5050375952,5050375952,user_715c4f12e0@example.com,Address_f05df871,City_e708c712,ZZ,72477,Address_a226cdca,City_c05d421a,ZZ,72477,Last_d178528e,First_72cae815,5050375952,user_715c4f12e0@example.com,Note_2168f0cd,1067,F2629397-6137-4C73-9493-8B6F13FFAFFD
OWNER_c2a9d28e6e9e,Company_9d6fc041,Last_358a56da,First_50c7da7f,5053530877,5050375952,user_d49103aceb@example.com,Address_eae110f0,City_fb775d72,ZZ,24366,Address_f77c22cf,City_c05d421a,ZZ,72477,Last_d178528e,First_72cae815,5050375952,user_715c4f12e0@example.com,Note_cd88a076,664,77E46766-EE95-44D4-8BA2-8BB0FD0AC228
OWNER_4b22a4793ed0,Company_9d6fc041,Last_2c7217e4,First_ddb241d1,5051829604,5050375952,user_715c4f12e0@example.com,Address_50399cc0,City_2402b24b,ZZ,48412,Address_a226cdca,City_c05d421a,ZZ,72477,Last_d178528e,First_72cae815,5050375952,user_715c4f12e0@example.com,Note_2168f0cd,90,0223C51D-8A5D-457D-B6FF-8BDC1AC22DEF
OWNER_c6733495f98c,Company_9d6fc041,Last_74218f1f,First_098b7a78,5050375952,5050375952,user_715c4f12e0@example.com,Address_f05df871,City_e708c712,ZZ,72477,Address_a226cdca,City_c05d421a,ZZ,72477,Last_d178528e,First_72cae815,5050375952,user_715c4f12e0@example.com,Note_2168f0cd,498,0849E03B-01EC-4ED0-B074-8BF034E441CE
OWNER_13de7162d867,Company_9d6fc041,Last_ace93172,First_1df40c15,5056514308,5050375952,user_a0c8c9eed1@example.com,Address_f05df871,City_e708c712,ZZ,72477,Address_75439c61,City_4e9d70b8,ZZ,36173,Last_d178528e,First_72cae815,5050375952,user_715c4f12e0@example.com,Note_2168f0cd,1917,906644A3-028F-4EEE-8738-8BF3C1EFE8CD
OWNER_e007df5acb32,Company_e586593c,Last_7bd3af51,First_2c24c138,5050375952,5050375952,user_715c4f12e0@example.com,Address_f05df871,City_e708c712,ZZ,72477,Address_a226cdca,City_c05d421a,ZZ,72477,Last_d178528e,First_72cae815,5050375952,user_715c4f12e0@example.com,Note_2168f0cd,1130,13A5CEFB-B63A-4E68-89A9-8C08293DB4C9
OWNER_28462ecd9b76,Company_ebd5cdc0,Last_2b7bdd24,First_1c100ac5,5058145741,5058145741,user_6ae0ad9b5f@example.com,Address_f05df871,City_e708c712,ZZ,72477,Address_177be0a3,City_ff7b5c81,ZZ,72477,Last_4180d03e,First_178fa2c5,5057991928,user_25085cd726@example.com,Note_2168f0cd,1488,20B0276B-3F99-1D4B-9717-8CB1E1B3882A
OWNER_0a92d80f7878,Company_5215a588,Last_7bd3af51,First_2c24c138,5050375952,5050375952,user_715c4f12e0@example.com,Address_f05df871,City_e708c712,ZZ,72477,Address_a226cdca,City_c05d421a,ZZ,72477,Last_d178528e,First_72cae815,5050375952,user_715c4f12e0@example.com,Note_0ff31af3,732,15978131-0A9D-40C2-9870-8CC1A8315BB0
OWNER_8521851183b1,Company_9d6fc041,Last_5173365a,First_1da0df01,5050375952,5057222596,user_0e1c76a950@example.com,Address_cd1ba659,City_f194ca26,ZZ,67893,Address_6f2a20cf,City_94b6fd86,ZZ,67893,Last_d178528e,First_72cae815,5050375952,user_715c4f12e0@example.com,Note_2168f0cd,1894,BCDE67B5-D0AF-4952-88AE-8CE29D331F2D
OWNER_329a5b4cd955,Company_9d6fc041,Last_40875277,First_d28b79e9,5052951645,5055627317,user_5c61c6ba93@example.com,Address_86cf47bc,City_3c553bcc,ZZ,72477,Address_ec45d367,City_c057d8df,ZZ,68368,Last_264d58ab,First_1b9e72b0,5050375952,user_715c4f12e0@example.com,Note_2168f0cd,1516,29EC5E4C-EEC9-5A41-8B85-8CEAD543D782
OWNER_c368c70528df,Company_9d6fc041,Last_7fe09a50,First_27be31b2,5059450422,5050375952,user_715c4f12e0@example.com,Address_707a465b,City_c0fbf85c,ZZ,75073,Address_2ac8046b,City_76200585,ZZ,75073,Last_d178528e,First_72cae815,5050375952,user_715c4f12e0@example.com,Note_2168f0cd,1276,030BC2D6-BEF2-4CAF-918C-8D287AE1B27B
OWNER_8fae33f410c0,Company_9d6fc041,Last_638eb619,First_f39e9388,5050922549,5051177555,user_715c4f12e0@example.com,Address_f05df871,City_e708c712,ZZ,72477,Address_70dc8d49,City_76200585,ZZ,75073,Last_d178528e,First_72cae815,5050375952,user_715c4f12e0@example.com,Note_c0597cb5,1244,E0B68CEB-07F7-43E9-A6A8-8D7D19A295F8
OWNER_5af5a32e0cbb,Company_9d6fc041,Last_d92b586f,First_69d72d44,5056580579,5050375952,user_715c4f12e0@example.com,Address_f05df871,City_e708c712,ZZ,72477,Address_a226cdca,City_c05d421a,ZZ,72477,Last_d178528e,First_72cae815,5050375952,user_715c4f12e0@example.com,Note_2168f0cd,1656,DF1B0425-A461-2B43-A72E-8D86B61CE3BB
OWNER_8d1f623e89d1,Company_7f642d10,Last_0eabb2a1,First_e3731ead,5050375952,5050375952,user_715c4f12e0@example.com,Address_f05df871,City_e708c712,ZZ,72477,Address_a226cdca,City_c05d421a,ZZ,72477,Last_d178528e,First_72cae815,5050375952,user_715c4f12e0@example.com,Note_2168f0cd,395,9FB76830-9A0C-484E-B878-8DAD4C95345B
OWNER_f54e1184792e,Company_5a248318,Last_7bd3af51,First_2c24c138,5050375952,5050375952,user_715c4f12e0@example.com,Address_f05df871,City_e708c712,ZZ,72477,Address_a226cdca,City_c05d421a,ZZ,72477,Last_d178528e,First_72cae815,5050375952,user_715c4f12e0@example.com,Note_9c8abdb2,792,9CC8E841-381C-4007-A226-8DCF79624FFC
OWNER_26d0d8febe96,Company_9d6fc041,Last_78e3ab1f,First_5624b0bc,5050375952,5050375952,user_715c4f12e0@example.com,Address_f05df871,City_e708c712,ZZ,72477,Address_a226cdca,City_c05d421a,ZZ,72477,Last_d178528e,First_72cae815,5050375952,user_715c4f12e0@example.com,Note_2168f0cd,287,CCB2ADA5-D2E0-4690-97B7-8DF30D5E58D7
OWNER_60775d313923,Company_9d6fc041,Last_5cdf9661,First_2479f8e1,5054792119,5058941612,user_6c3b97a48b@example.com,Address_f05df871,City_e708c712,ZZ,72477,Address_ad7ade19,City_76200585,ZZ,75073,Last_d178528e,First_72cae815,5050375952,user_715c4f12e0@example.com,Note_47d7414b,1223,84729890-C1C1-46E2-8D39-8DF6A2855A4D
OWNER_32d46a061e55,Company_9d6fc041,Last_f264c7ad,First_d8d8de3c,5054069639,5050375952,user_2ca80b3690@example.com,Address_71b70ba7,City_9bb0076f,ZZ,94763,Address_a226cdca,City_c05d421a,ZZ,72477,Last_d178528e,First_72cae815,5050375952,user_715c4f12e0@example.com,Note_2168f0cd,1045,3CBE7A5D-6B64-41EF-AACC-8DFC0485E4C5
OWNER_be3f47e88b53,Company_9d6fc041,Last_0438958b,First_49397184,5055426766,5050375952,user_1ea7d9e5c9@example.com,Address_b2a2033b,City_fb775d72,ZZ,24366,Address_a226cdca,City_c05d421a,ZZ,72477,Last_d178528e,First_72cae815,5050375952,user_715c4f12e0@example.com,Note_2168f0cd,333,250FF8A0-C662-4E57-A2BF-8DFC59F749B3
OWNER_86d97ec25223,Company_248b3873,Last_fd37c1da,First_97959d73,5050375952,5058796704,user_715c4f12e0@example.com,Address_f05df871,City_e708c712,ZZ,72477,Address_87aa2cb2,City_92abf05f,ZZ,76261,Last_d178528e,First_72cae815,5050375952,user_715c4f12e0@example.com,Note_2168f0cd,1524,9BB8D933-832E-654A-8E5B-8E21E14C8FEB
OWNER_9bab97fd4e99,Company_9d6fc041,Last_c3d4a251,First_5ba78d3d,5050375952,5056004098,user_fa43d22742@example.com,Address_05697a35,City_4e22efc3,ZZ,78114,Address_3b3898ec,City_08800bea,ZZ,78114,Last_d178528e,First_72cae815,5050375952,user_715c4f12e0@example.com,Note_2168f0cd,1975,D08EABF4-97F4-4BDF-B631-8E3F82DD3975
OWNER_484f73087a4b,Company_9d6fc041,Last_578d13d1,First_c0e8719e,5055623577,5050375952,user_715c4f12e0@example.com,Address_b9cab0ff,City_9bb0076f,ZZ,94763,Address_a226cdca,City_c05d421a,ZZ,72477,Last_d178528e,First_72cae815,5050375952,user_715c4f12e0@example.com,Note_2168f0cd,619,B7D2A3CD-9BE7-4E8E-85EF-8E51D9CC545F
OWNER_f1f73c2c0437,Company_f1be388b,Last_46c883b8,First_b1479f30,5058623846,5055743186,user_715c4f12e0@example.com,Address_16ccc5bd,City_2eff78d6,ZZ,39805,Address_a226cdca,City_c05d421a,ZZ,72477,Last_0f062ae6,First_dc4c5831,5056106934,user_648ea893dd@example.com,Note_4500b101,1001,C5C74E1E-3195-4FD1-9C40-8E6117837579
OWNER_1ef856e33fe2,Company_9d6fc041,Last_a75ff5c9,First_a95e6d68,5051735329,5054574919,user_09350bf661@example.com,Address_f61fa78f,City_d85b9afd,ZZ,56592,Address_a226cdca,City_c05d421a,ZZ,72477,Last_d178528e,First_72cae815,5050375952,user_715c4f12e0@example.com,Note_2168f0cd,565,C1C6D530-BE9D-42B2-91CA-8E77C181EFFE
OWNER_de757b985e7f,Company_9d6fc041,Last_bce3d3a6,First_b793f89a,5057676572,5050375952,user_715c4f12e0@example.com,Address_f05df871,City_e708c712,ZZ,72477,Address_a226cdca,City_c05d421a,ZZ,72477,Last_d178528e,First_72cae815,5050375952,user_715c4f12e0@example.com,Note_2168f0cd,348,2F21ACE2-26DE-4E92-8ACA-8E852BB44292
OWNER_fc553d57aabf,Company_9d6fc041,Last_08bd598f,First_5a53d49c,5050375952,5056582687,user_cad46017ce@example.com,Address_2612d894,City_c3e07d03,ZZ,11928,Address_1404f9d3,City_03ac272d,ZZ,11928,Last_d178528e,First_fbd58f1d,5053480505,user_715c4f12e0@example.com,Note_2168f0cd,1835,3BF140C5-9208-480F-8D31-8EAB6430CB61
OWNER_239892441954,Company_7229f449,Last_2e511b52,First_5a53d49c,5050375952,5057320854,user_a59485999e@example.com,Address_86ae5c3d,City_88a15d25,ZZ,17557,Address_a226cdca,City_c05d421a,ZZ,72477,Last_d178528e,First_72cae815,5050375952,user_715c4f12e0@example.com,Note_2168f0cd,1064,39F25FD4-8B46-483A-A5A6-8EB09364CA38
OWNER_d7acedc1916c,Company_9d6fc041,Last_e05b8ae3,First_5fb8b2a7,5055061461,5055509181,user_715c4f12e0@example.com,Address_f05df871,City_e708c712,ZZ,72477,Address_a226cdca,City_c05d421a,ZZ,72477,Last_d178528e,First_72cae815,5050375952,user_715c4f12e0@example.com,Note_2168f0cd,868,07E6B1A5-7997-434A-8AE1-8EE01EFB3A81
OWNER_b5986d4762ea,Company_9d6fc041,Last_39ae135e,First_ef6066be,5052983668,5050375952,user_c58d2802f5@example.com,Address_d7c0a878,City_ca4bb91c,ZZ,70370,Address_22527e80,City_17db8506,ZZ,72477,Last_7ff91129,First_499cf7dd,5050375952,user_715c4f12e0@example.com,Note_2168f0cd,616,8D75AFB5-4734-4D97-BE92-8EEAF98D08EF
OWNER_57d118728ead,Company_9d6fc041,Last_507f70f5,First_a82d6021,5050375952,5050836973,user_0f0f7d0792@example.com,Address_35847b33,City_f194ca26,ZZ,67893,Address_451a1340,City_94b6fd86,ZZ,67893,Last_d178528e,First_72cae815,5050375952,user_715c4f12e0@example.com,Note_2168f0cd,1896,3690749C-CF07-4935-9FBD-8F03F5FBA0E6
OWNER_2df41af7b511,Company_9d6fc041,Last_c3d4a251,First_52933a36,5053784881,5050375952,user_715c4f12e0@example.com,Address_f05df871,City_e708c712,ZZ,72477,Address_34c22043,City_76200585,ZZ,75073,Last_92855bf3,First_8d1bdfe7,5057979643,user_715c4f12e0@example.com,Note_2168f0cd,1252,F2F124C8-E59D-44AF-A449-8F1368B861FA
OWNER_725e0c50296a,Company_9d6fc041,Last_517a5f95,First_97959d73,5054480358,5050375952,user_715c4f12e0@example.com,Address_600fbb0d,City_c0fbf85c,ZZ,75073,Address_80572fa3,City_76200585,ZZ,75073,Last_d178528e,First_72cae815,5050375952,user_715c4f12e0@example.com,Note_2168f0cd,1237,24F18D7A-8815-4A4D-9175-8F388D43C48C
OWNER_e278a19f3cb9,Company_e3d847c4,Last_f154e9b0,First_1df40c15,5055881584,5050375952,user_86e1ebcf28@example.com,Address_f05df871,City_e708c712,ZZ,72477,Address_a226cdca,City_c05d421a,ZZ,72477,Last_d178528e,First_72cae815,5050375952,user_715c4f12e0@example.com,Note_c855a773,326,B3896224-6EC6-4835-9FD4-8F7F411629B9
OWNER_ce7d921b14ed,Company_9d6fc041,Last_6db77db6,First_d21c8c64,5051055086,5059451287,user_715c4f12e0@example.com,Address_7b7a8718,City_1c1b694b,ZZ,61339,Address_a226cdca,City_c05d421a,ZZ,72477,Last_00a6dc9b,First_7f3ac315,5050375952,user_715c4f12e0@example.com,Note_4f743284,204,46784BBA-9D3C-4CE6-83B4-8F8D0DF6C1E2
OWNER_a0597e3d04be,Company_9d6fc041,Last_fa3fa16a,First_b0684081,5050375952,5050375952,user_715c4f12e0@example.com,Address_f05df871,City_e708c712,ZZ,72477,Address_a226cdca,City_c05d421a,ZZ,72477,Last_d178528e,First_72cae815,5050375952,user_715c4f12e0@example.com,Note_2168f0cd,441,B3868163-B071-40BE-B34D-8FD2163BB29E
OWNER_64dbea3eafb7,Company_602134c7,Last_7bd3af51,First_2c24c138,5050375952,5050375952,user_715c4f12e0@example.com,Address_f05df871,City_e708c712,ZZ,72477,Address_a226cdca,City_c05d421a,ZZ,72477,Last_d178528e,First_72cae815,5050375952,user_715c4f12e0@example.com,Note_2168f0cd,277,3556F412-9681-4D2D-B3B5-9023B3150E35
OWNER_f27bc58c01e2,Company_9d6fc041,Last_aa4eaf99,First_ef7fee84,5053199003,5050375952,user_715c4f12e0@example.com,Address_5994afe3,City_d85b9afd,ZZ,93755,Address_a226cdca,City_c05d421a,ZZ,72477,Last_d178528e,First_72cae815,5050375952,user_715c4f12e0@example.com,Note_2168f0cd,528,05D4FD27-2494-4928-B9F0-90320664F38F
OWNER_9ff8215cd7d8,Company_9d6fc041,Last_6d069373,First_f0447bd5,5056508966,5050375952,user_db68c6e553@example.com,Address_f05df871,City_e708c712,ZZ,72477,Address_a226cdca,City_c05d421a,ZZ,72477,Last_5bac7ddb,First_ff6d2f67,5050375952,user_305e36fbdf@example.com,Note_d04fb8ab,393,822436D5-254C-42E1-A666-90570329F0A4
OWNER_60bb73a0d836,Company_9d6fc041,Last_9365efaf,First_0f816347,5055433387,5050375952,user_715c4f12e0@example.com,Address_f05df871,City_e708c712,ZZ,72477,Address_a226cdca,City_c05d421a,ZZ,72477,Last_d178528e,First_72cae815,5050375952,user_715c4f12e0@example.com,Note_9cf163ad,1006,9B7A271D-9496-46AF-8CB3-90701B60E0A6
OWNER_4e33db93c7da,Company_f1f19673,Last_83e020cf,First_edc651c9,5050375952,5050375952,user_715c4f12e0@example.com,Address_f05df871,City_e708c712,ZZ,72477,Address_a226cdca,City_c05d421a,ZZ,72477,Last_d178528e,First_72cae815,5050375952,user_715c4f12e0@example.com,Note_c4ea3e1e,1059,ADE9D59A-6F02-41AE-AEDD-90740068C7D8
OWNER_ddc244907693,Company_9d6fc041,Last_528604f1,First_d0fb6611,5050375952,5052354673,user_d17c8415a7@example.com,Address_f05df871,City_e708c712,ZZ,72477,Address_3627455e,City_94b6fd86,ZZ,67893,Last_d178528e,First_72cae815,5050375952,user_715c4f12e0@example.com,Note_2168f0cd,1602,A6D8FA7C-A995-3D4D-A768-9097EC7A2EA6
OWNER_d658aa61e16f,Company_9d6fc041,Last_22e4461d,First_49629f5f,5051053035,5050375952,user_715c4f12e0@example.com,Address_3534771c,City_9870ba28,ZZ,26022,Address_a226cdca,City_c05d421a,ZZ,72477,Last_d178528e,First_72cae815,5050375952,user_715c4f12e0@example.com,Note_2168f0cd,625,8FE93B1A-A147-4008-AE8E-90A9FF318425
OWNER_78fe3485c3ce,Company_9d6fc041,Last_0d4b4154,First_de2c0527,5050375952,5054827030,user_ffb42cedd2@example.com,Address_f05df871,City_19fa6f82,ZZ,72477,Address_1c960e45,City_57d56525,ZZ,90233,Last_aa238550,First_f395de2a,5050008422,user_715c4f12e0@example.com,Note_731db0e9,1567,3E31B432-60DE-4344-9577-90B5B0F40B79
OWNER_92cd3a665e6a,Company_9d6fc041,Last_cbf85b71,First_69b6c4a5,5050500388,5056208762,user_61c53bee8a@example.com,Address_97cbdb19,City_937eb927,ZZ,92477,Address_82bfdec1,City_5e563603,ZZ,92477,Last_d178528e,First_72cae815,5050375952,user_715c4f12e0@example.com,Note_23a60fce,1169,A7B15ED1-45F4-4A03-9E32-90C73FE3ABA0
OWNER_b114e04868d8,Company_74290b58,Last_7bd3af51,First_2c24c138,5050375952,5050375952,user_715c4f12e0@example.com,Address_f05df871,City_e708c712,ZZ,72477,Address_a226cdca,City_c05d421a,ZZ,72477,Last_d178528e,First_72cae815,5050375952,user_715c4f12e0@example.com,Note_2168f0cd,59,FAC28207-620B-43E5-BBAC-915531CA9256
OWNER_595d3ecba8a5,Company_ea5a9fff,Last_bc2d0e56,First_58d0bb84,5058434150,5050375952,user_715c4f12e0@example.com,Address_6c7e49f3,City_6ec3f32a,ZZ,04722,Address_a226cdca,City_c05d421a,ZZ,72477,Last_99283c06,First_09779e53,5055775286,user_715c4f12e0@example.com,Note_e8167a5b,1061,FDF67BB5-85CE-4816-82DE-919A132BEB81
OWNER_65d4461812a8,Company_9d6fc041,Last_bc01035e,First_d6e2c163,5050375952,5050375952,user_715c4f12e0@example.com,Address_f05df871,City_e708c712,ZZ,72477,Address_a226cdca,City_c05d421a,ZZ,72477,Last_d178528e,First_72cae815,5050375952,user_715c4f12e0@example.com,Note_2168f0cd,114,E9E03CB1-995B-4664-8010-91D4A7A78654
OWNER_4547a96e79f6,Company_9d6fc041,Last_ee62b7c3,First_89fe58a0,5050375952,5053070883,user_715c4f12e0@example.com,Address_61199da4,City_c0fbf85c,ZZ,75073,Address_6cf9523b,City_76200585,ZZ,75073,Last_0b81783c,First_5439e735,5050375952,user_715c4f12e0@example.com,Note_2168f0cd,1585,6768ABB5-7775-4443-AADA-920EF1D56C1C
OWNER_a04fe2102948,Company_9d6fc041,Last_c10cfe1d,First_b28e6acc,5050375952,5050375952,user_715c4f12e0@example.com,Address_f05df871,City_e708c712,ZZ,72477,Address_a226cdca,City_c05d421a,ZZ,72477,Last_d178528e,First_72cae815,5050375952,user_715c4f12e0@example.com,Note_8671cb4a,454,1DC920FF-2B6A-4669-AA20-9241C2BD80B3
OWNER_1ecf63d0c531,Company_9d6fc041,Last_c91c7bdb,First_0c030eba,5055557409,5059438547,user_3adb16a11c@example.com,Address_f05df871,City_e708c712,ZZ,72477,Address_5718bfd6,City_2be19415,ZZ,48704,Last_d178528e,First_72cae815,5050375952,user_715c4f12e0@example.com,Note_2168f0cd,1604,0B60AE8E-3C31-7440-9767-924E8D5EACAB
OWNER_6b80f6044894,Company_9d6fc041,Last_83d0637f,First_282ae037,5054712484,5050375952,user_25312ea2cf@example.com,Address_ba16e4f1,City_3a05a3a0,ZZ,83181,Address_7ab4db30,City_223baac0,ZZ,72477,Last_d178528e,First_72cae815,5050375952,user_715c4f12e0@example.com,Note_2168f0cd,1362,F1310096-407E-48EE-9663-9255AB7788D3
OWNER_3e98a34c54ce,Company_9d6fc041,Last_7bd3af51,First_2c24c138,5052870418,5050375952,user_715c4f12e0@example.com,Address_f05df871,City_e708c712,ZZ,72477,Address_a226cdca,City_c05d421a,ZZ,72477,Last_d178528e,First_72cae815,5050375952,user_715c4f12e0@example.com,Note_fe21b3ab,1071,EF906A79-D970-487D-B181-92C19491295B
OWNER_d451fffd0856,Company_9d6fc041,Last_05b6dd9d,First_97959d73,5059478517,5050375952,user_430c414f54@example.com,Address_2fd72803,City_ca4bb91c,ZZ,01800,Address_05ea84c8,City_17db8506,ZZ,72477,Last_d178528e,First_72cae815,5050375952,user_715c4f12e0@example.com,Note_2168f0cd,70,8A2D9581-E060-4C1C-8C2E-92C858E0D614
OWNER_0c5dfbf09bfd,Company_9d6fc041,Last_636e4abc,First_b4a8e884,5050375952,5050375952,user_715c4f12e0@example.com,Address_f05df871,City_e708c712,ZZ,72477,Address_a226cdca,City_c05d421a,ZZ,72477,Last_a2dfc4c5,First_d41c2d52,5050375952,user_715c4f12e0@example.com,Note_8671cb4a,950,F697C5B3-ADC5-4C37-8D15-92E11123B1EB
OWNER_0880bda61cda,Company_9d6fc041,Last_c3d4a251,First_0472e268,5050189612,5053140290,user_804c51b487@example.com,Address_3c81867b,City_9b94cfc5,ZZ,58363,Address_41a8073a,City_32d30c4f,ZZ,58363,Last_d178528e,First_72cae815,5050375952,user_715c4f12e0@example.com,Note_2168f0cd,1817,4D2BF39F-F979-4DD4-A7B9-92F88038C414
OWNER_781c9deb1d1f,Company_211e4e32,Last_6852b19b,First_5ba78d3d,5052070109,5050375952,user_2236fac70b@example.com,Address_029f2c76,City_42719c5e,ZZ,20251,Address_a226cdca,City_c05d421a,ZZ,72477,Last_a6c2b460,First_67ec839e,5059382743,user_715c4f12e0@example.com,Note_496d2a8e,1148,3D800293-4BCB-4689-8E10-92FA7E76CC13
OWNER_79568e0522e6,Company_9d6fc041,Last_aa3715e0,First_290169a0,5050038247,5050375952,user_715c4f12e0@example.com,Address_bc480284,City_c3e07d03,ZZ,11928,Address_8cf7736b,City_03ac272d,ZZ,11928,Last_d178528e,First_72cae815,5050375952,user_715c4f12e0@example.com,Note_2168f0cd,1850,E58108EF-8BDB-4103-A877-930AEC833478
OWNER_e5617e067fdf,Company_9d6fc041,Last_bac87c5c,First_abf52d77,5050375952,5050375952,user_a617d5ab4d@example.com,Address_3ddfefea,City_eb940fb0,ZZ,28095,Address_674d0af1,City_ef9a3070,ZZ,28095,Last_d178528e,First_72cae815,5050375952,user_6985082909@example.com,Note_1de50c2c,632,BDB59DC7-935C-4660-B8E1-9318730945F1
OWNER_0a3c1d0aa783,Company_9d6fc041,Last_0d93a555,First_28f2faf5,5050375952,5058233829,user_928924bfb9@example.com,Address_f05df871,City_e708c712,ZZ,72477,Address_e516fedd,City_5623d0c4,ZZ,65345,Last_f6711e71,First_ba69abcc,5054929166,user_715c4f12e0@example.com,Note_2168f0cd,1922,ADC97ED0-A2A7-48AD-BB2A-934277188AFF
OWNER_3c7ca760623f,Company_9d6fc041,Last_a9994f01,First_a82d6021,5058922300,5050375952,user_715c4f12e0@example.com,Address_aff65469,City_c0fbf85c,ZZ,75073,Address_beabca80,City_76200585,ZZ,75073,Last_d178528e,First_72cae815,5050375952,user_715c4f12e0@example.com,Note_2168f0cd,1406,BF0273F5-4212-4468-AEED-93434B00D2D9
OWNER_e28ce1c8acf9,Company_9d6fc041,Last_5aba2d23,First_5c18ff35,5050375952,5050375952,user_715c4f12e0@example.com,Address_f05df871,City_e708c712,ZZ,72477,Address_a4940950,City_505a9a96,ZZ,69939,Last_1a385f21,First_8d1bdfe7,5051151066,user_715c4f12e0@example.com,Note_36ec6028,1725,75BD57D1-5D59-174A-8FD4-93BCCFFF552D
OWNER_a0f31a393f01,Company_9d6fc041,Last_2fb65a10,First_1ae4c6a5,5050375952,5050375952,user_715c4f12e0@example.com,Address_f05df871,City_e708c712,ZZ,72477,Address_a226cdca,City_c05d421a,ZZ,72477,Last_d178528e,First_72cae815,5050375952,user_715c4f12e0@example.com,Note_2168f0cd,1141,8CEBA051-AED8-4C15-86E3-94178EC74C43
OWNER_d0de03eff9a9,Company_9d6fc041,Last_841ea98a,First_e72311c9,5058501588,5050375952,user_133710a94e@example.com,Address_353012fd,City_c0fbf85c,ZZ,75073,Address_004d8078,City_76200585,ZZ,75073,Last_91b12731,First_5439e735,5054480056,user_715c4f12e0@example.com,Note_2168f0cd,1246,D22A7132-3F75-4585-9468-948416985C6B
OWNER_e2bf5a748851,Company_9d6fc041,Last_e652148e,First_4013c12a,5050375952,5050375952,user_715c4f12e0@example.com,Address_f05df871,City_e708c712,ZZ,72477,Address_a226cdca,City_c05d421a,ZZ,72477,Last_d178528e,First_72cae815,5050375952,user_715c4f12e0@example.com,Note_2168f0cd,379,0231855A-3E5A-4588-93AD-94B87D9BFCB6
OWNER_d5dccedce061,Company_9d6fc041,Last_570a862a,First_35798c05,5050375952,5050375952,user_715c4f12e0@example.com,Address_f05df871,City_e708c712,ZZ,72477,Address_a226cdca,City_c05d421a,ZZ,72477,Last_d178528e,First_72cae815,5050375952,user_715c4f12e0@example.com,Note_2168f0cd,349,23B35760-FED2-46BB-A749-94D50A44F3B9
OWNER_c488e627bcd8,Company_9d6fc041,Last_9d48b497,First_9372481d,5054680771,5050375952,user_715c4f12e0@example.com,Address_f34bf2c3,City_73ebcd64,ZZ,94743,Address_ad67601c,City_25684dcf,ZZ,72477,Last_0f7727d2,First_356a93bc,5050375952,user_715c4f12e0@example.com,Note_c41456e3,397,DFD318AF-5DE2-4386-AFD1-95293FD6EA9C
OWNER_74fe8bf68bc7,Company_327be5cf,Last_7bd3af51,First_057fa61d,5058524777,5050923745,user_715c4f12e0@example.com,Address_d0a7775b,City_848a3f6b,ZZ,68376,Address_2ccde071,City_33510e56,ZZ,68376,Last_d178528e,First_72cae815,5050375952,user_715c4f12e0@example.com,Note_2168f0cd,1523,F9995A67-26A5-F744-B49B-9561902433E5
OWNER_f6546887127e,Company_85d29481,Last_9d713b18,First_18ed79c8,5050375952,5055309224,user_715c4f12e0@example.com,Address_600fbb0d,City_9ecbd034,ZZ,08271,Address_a226cdca,City_c05d421a,ZZ,72477,Last_d178528e,First_72cae815,5050375952,user_715c4f12e0@example.com,Note_2168f0cd,1651,A883D2BA-CB8E-7C4B-A69C-9568DCAE38BD
OWNER_acfce1bac740,Company_077c5256,Last_2cee0416,First_abf52d77,5050375952,5050375952,user_715c4f12e0@example.com,Address_f05df871,City_9bb0076f,ZZ,72477,Address_a226cdca,City_c05d421a,ZZ,72477,Last_d178528e,First_72cae815,5050375952,user_715c4f12e0@example.com,Note_e7b7444f,630,60E42306-5FA5-42A0-B8F6-956FB7A8A6B5
OWNER_d06c32c922d4,Company_9d6fc041,Last_35874aaf,First_c59103a9,5053086415,5050375952,user_715c4f12e0@example.com,Address_f05df871,City_e708c712,ZZ,72477,Address_a226cdca,City_c05d421a,ZZ,72477,Last_d178528e,First_72cae815,5050375952,user_715c4f12e0@example.com,Note_85a53a2f,377,8DEE6A57-5BA1-4547-A039-95C7C2F10B47
OWNER_ce0e72ae4d4b,Company_945aa3c5,Last_a40d176b,First_b530a425,5054838930,5058572321,user_6934e2255e@example.com,Address_f05df871,City_e708c712,ZZ,72477,Address_a27e57b1,City_e29f211c,ZZ,24366,Last_d178528e,First_72cae815,5050375952,user_715c4f12e0@example.com,Note_5a0dfd7f,1010,52CECC11-9666-43B3-A729-95D5699BEAC1
OWNER_d18882489289,Company_07accd3b,Last_74b784e6,First_91186fa4,5050375952,5050075693,user_715c4f12e0@example.com,Address_f05df871,City_e708c712,ZZ,72477,Address_a226cdca,City_c05d421a,ZZ,72477,Last_d178528e,First_72cae815,5050375952,user_715c4f12e0@example.com,Note_1ce6ea49,1461,F7AE9858-7A74-478A-BF65-9609A8F98E48
OWNER_cb177e3abecf,Company_9d6fc041,Last_26f619a5,First_58d0bb84,5053930744,5050375952,user_dc7474f94a@example.com,Address_c39dcedf,City_d85b9afd,ZZ,67238,Address_bb3cdce6,City_342f853b,ZZ,67087,Last_b7d5535d,First_3f7a237f,5050375952,user_715c4f12e0@example.com,Note_2168f0cd,1744,53D8DC77-94D1-F740-9603-961187AEF1E2
OWNER_460f8588d45f,Company_9d6fc041,Last_fb042fb7,First_bf2ec069,5053661850,5053855152,user_715c4f12e0@example.com,Address_f05df871,City_e708c712,ZZ,72477,Address_a226cdca,City_c05d421a,ZZ,72477,Last_d178528e,First_72cae815,5050375952,user_715c4f12e0@example.com,Note_b4bd348b,689,9AF32337-CEAC-40B3-A604-9611A52B3710
OWNER_32677a0b8c9e,Company_9d6fc041,Last_95b7d653,First_ce62a2a3,5050375952,5050375952,user_715c4f12e0@example.com,Address_f05df871,City_e708c712,ZZ,72477,Address_a226cdca,City_c05d421a,ZZ,72477,Last_d178528e,First_72cae815,5050375952,user_715c4f12e0@example.com,Note_8671cb4a,425,D64DF755-BF48-43D6-99E8-9619A8C2FCB5
OWNER_7e478dec268d,Company_9d6fc041,Last_22617a5f,First_f0e7c42f,5055931130,5050375952,user_1386c60b5f@example.com,Address_0b7be1e6,City_37084ed9,ZZ,86068,Address_19301efb,City_528281b9,ZZ,72477,Last_d178528e,First_72cae815,5050375952,user_715c4f12e0@example.com,Note_2168f0cd,1206,F8A4078D-43C6-4605-9F3A-9625BBFC5445
OWNER_b0d354ac7798,Company_9d6fc041,Last_a2503d84,First_419ded4c,5058443651,5050375952,user_715c4f12e0@example.com,Address_3a58d1f7,City_a31b2c91,ZZ,17499,Address_f320bdf1,City_c05d421a,ZZ,72477,Last_d178528e,First_72cae815,5050375952,user_715c4f12e0@example.com,Note_2168f0cd,408,7C4C0828-19CF-4EE1-BD07-963393F03695
OWNER_4203429098a4,Company_9d6fc041,Last_f305f83b,First_9d93b759,5050375952,5050375952,user_715c4f12e0@example.com,Address_f05df871,City_e708c712,ZZ,72477,Address_a226cdca,City_c05d421a,ZZ,72477,Last_d178528e,First_72cae815,5050375952,user_715c4f12e0@example.com,Note_2677b47d,280,1B2D0B0B-5724-4BF7-8287-965B1A1934FE
OWNER_cc213bb9d183,Company_abd86a1f,Last_e987e953,First_8cc01aa7,5050375952,5057580924,user_3ac5ee489e@example.com,Address_132f000a,City_d85b9afd,ZZ,43789,Address_a226cdca,City_c05d421a,ZZ,72477,Last_1e861220,First_c8bbd30a,5051761904,user_b153239aba@example.com,Note_c688dd40,1714,0BB6CCF1-4B5F-2C42-B273-968F57D12FE6
OWNER_f5a2570ec543,Company_9d6fc041,Last_82f99b6e,First_258cb898,5051853294,5050375952,user_715c4f12e0@example.com,Address_6fbad349,City_6ec3f32a,ZZ,04722,Address_a226cdca,City_c05d421a,ZZ,72477,Last_bebcd6e2,First_314c1627,5051033835,user_715c4f12e0@example.com,Note_44793957,1637,9E6FC351-BA89-F343-A0BE-96A1A955A519
OWNER_681f25ebcaa9,Company_c6439285,Last_7bd3af51,First_2c24c138,5050375952,5050375952,user_715c4f12e0@example.com,Address_f05df871,City_e708c712,ZZ,72477,Address_a226cdca,City_c05d421a,ZZ,72477,Last_d178528e,First_72cae815,5050375952,user_715c4f12e0@example.com,Note_2168f0cd,852,053F4F9D-65A4-4DC8-B9F2-9714DE9FD08C
OWNER_12b9b89e36b2,Company_9d6fc041,Last_22617a5f,First_1ddd3610,5050375952,5053393631,user_4731676678@example.com,Address_f05df871,City_e708c712,ZZ,72477,Address_a97628bd,City_4e9d70b8,ZZ,36173,Last_d178528e,First_72cae815,5050375952,user_715c4f12e0@example.com,Note_2168f0cd,1956,C629BFB0-9255-4DE2-BAFD-9725DF3E4C12
OWNER_1c4e1c2117d5,Company_9d6fc041,Last_28ef5662,First_258cb898,5050724269,5050375952,user_715c4f12e0@example.com,Address_2182cf29,City_fb775d72,ZZ,24366,Address_a226cdca,City_c05d421a,ZZ,72477,Last_fd9b0e28,First_e14cef26,5050375952,user_715c4f12e0@example.com,Note_ea485415,282,71C6338A-1B0B-4F2A-9B82-973A0E277F97
OWNER_0e0d874f036a,Company_9d6fc041,Last_04034d7d,First_cfb52342,5052138835,5050375952,user_715c4f12e0@example.com,Address_d15a9be9,City_7b197ff8,ZZ,62553,Address_a226cdca,City_c05d421a,ZZ,72477,Last_d178528e,First_72cae815,5050375952,user_715c4f12e0@example.com,Note_2168f0cd,173,86360854-654B-4C7C-BEE7-975B1D60BF09
OWNER_ea6f964fd0af,Company_9d6fc041,Last_bccaa259,First_8194423a,5054451977,5050375952,user_de96921dc5@example.com,Address_f05df871,City_e708c712,ZZ,72477,Address_a226cdca,City_c05d421a,ZZ,72477,Last_45ea1a87,First_dea05b0b,5056184589,user_4237fd4efa@example.com,Note_a5e81ea7,1620,CC4B0906-03B8-A34C-9F0A-975E9C21014F
OWNER_7467f34ed99c,Company_9d6fc041,Last_6aef51af,First_bf2ec069,5050375952,5050375952,user_715c4f12e0@example.com,Address_87abd350,City_23604209,ZZ,73028,Address_a226cdca,City_c05d421a,ZZ,72477,Last_08e636e9,First_62f6a83d,5052601352,user_715c4f12e0@example.com,Note_b1730103,1548,B18EBC90-9CDB-C94F-88A0-97BA4B933CEA
OWNER_a568ac39e907,Company_9d6fc041,Last_87f4ffb1,First_52933a36,5055916843,5050375952,user_16abbb261f@example.com,Address_fdc4be50,City_cfb0a9d5,ZZ,45555,Address_a226cdca,City_c05d421a,ZZ,72477,Last_f1573a58,First_ddb313c7,5058444828,user_6b44169804@example.com,Note_2168f0cd,1884,6C573214-B9B4-4F88-83FB-97CF641869E4
OWNER_b8408f5b8ebc,Company_9d6fc041,Last_aa4eaf99,First_c48dadcf,5050375952,5050375952,user_715c4f12e0@example.com,Address_f05df871,City_e708c712,ZZ,72477,Address_a226cdca,City_c05d421a,ZZ,72477,Last_d178528e,First_72cae815,5050375952,user_715c4f12e0@example.com,Note_d4f17a9f,589,24465A1D-A696-4ECD-BF6B-97F1D544F75E
OWNER_986369fa92c9,Company_9d6fc041,Last_c3d4a251,First_0337f35b,5050375952,5050375952,user_715c4f12e0@example.com,Address_f05df871,City_e708c712,ZZ,72477,Address_a226cdca,City_c05d421a,ZZ,72477,Last_d178528e,First_72cae815,5050375952,user_715c4f12e0@example.com,Note_2168f0cd,1012,7AC636D8-0D1F-4DBC-992A-97FA7DCB1352
OWNER_b8ac1e7ee6fe,Company_9d6fc041,Last_8493d7a5,First_1df40c15,5050375952,5050375952,user_715c4f12e0@example.com,Address_f05df871,City_e708c712,ZZ,72477,Address_0dcd9534,City_c05d421a,ZZ,72477,Last_d178528e,First_72cae815,5050375952,user_715c4f12e0@example.com,Note_2168f0cd,842,E01CD026-7B71-4264-A989-9818ED284A02
OWNER_ebb677a3fe00,Company_9d6fc041,Last_b7961f7c,First_c48dadcf,5058550741,5050375952,user_8b31976593@example.com,Address_f05df871,City_e708c712,ZZ,72477,Address_a226cdca,City_c05d421a,ZZ,72477,Last_d178528e,First_72cae815,5050375952,user_715c4f12e0@example.com,Note_2b369fe4,590,626D459F-660D-451A-8DC5-9841435FD591
OWNER_b39f08ae7091,Company_9d6fc041,Last_ce3ffb4b,First_5a53d49c,5050375952,5050375952,user_715c4f12e0@example.com,Address_1da51989,City_63cf76c5,ZZ,07893,Address_a226cdca,City_c05d421a,ZZ,72477,Last_d178528e,First_72cae815,5050375952,user_715c4f12e0@example.com,Note_42a03ec0,1653,BB2A49E6-737C-B34C-9874-9843B518D6A5
OWNER_34d29160d900,Company_9d6fc041,Last_307cf7ee,First_c0566a85,5059071235,5050375952,user_715c4f12e0@example.com,Address_252ab57e,City_6ec3f32a,ZZ,72477,Address_c236197b,City_c05d421a,ZZ,72477,Last_d178528e,First_72cae815,5050375952,user_715c4f12e0@example.com,Note_38e047eb,281,EE119A99-C71A-46DF-8B47-985C7857615B
OWNER_a5a79aaf9150,Company_9d6fc041,Last_3b65d955,First_8808c14f,5057700863,5057680181,user_fd87b17ae2@example.com,Address_b8cdb5c3,City_c3e07d03,ZZ,11928,Address_14daeb35,City_03ac272d,ZZ,11928,Last_d178528e,First_72cae815,5050375952,user_715c4f12e0@example.com,Note_2168f0cd,1846,60531B80-8354-49CD-A3B8-987A86D06298
OWNER_6124fc181dad,Company_9d6fc041,Last_4ef4d1ea,First_bc212453,5050375952,5050144493,user_2ed39f3df8@example.com,Address_f05df871,City_e708c712,ZZ,72477,Address_d0a0b689,City_30bd86a3,ZZ,72477,Last_44c527db,First_45e1a47c,5053814108,user_87be2b8fe4@example.com,Note_373dea08,1392,BEEA652D-39FA-4823-BA24-987B80EC244C
OWNER_72675d4a3f98,Company_9d6fc041,Last_5f2defdf,First_28f2faf5,5051952567,5051977642,user_bdf72d8feb@example.com,Address_f05df871,City_e708c712,ZZ,72477,Address_4e6ea7d6,City_76200585,ZZ,75073,Last_d178528e,First_72cae815,5050375952,user_715c4f12e0@example.com,Note_2168f0cd,1259,96731612-DE77-4B97-BB6A-98B82BAF37E0
OWNER_9127555b3259,Company_28cc132b,Last_da6701f1,First_a2c011c9,5051359392,5050375952,user_715c4f12e0@example.com,Address_f05df871,City_e708c712,ZZ,72477,Address_a226cdca,City_c05d421a,ZZ,72477,Last_d178528e,First_72cae815,5050375952,user_715c4f12e0@example.com,Note_2168f0cd,113,15E484D2-424E-4C01-9B62-98CF137F8CEA
OWNER_9d8e88df19dd,Company_9d6fc041,Last_32223f28,First_b28e6acc,5050859876,5050375952,user_715c4f12e0@example.com,Address_f05df871,City_e708c712,ZZ,72477,Address_a226cdca,City_c05d421a,ZZ,72477,Last_d178528e,First_72cae815,5050375952,user_715c4f12e0@example.com,Note_2168f0cd,453,BADF77C3-1354-46A3-84B6-98DC6B6722CD
OWNER_b4fab72b915b,Company_9d6fc041,Last_55941aaa,First_471b975a,5055756899,5050375952,user_715c4f12e0@example.com,Address_fcf8f986,City_f3d1000a,ZZ,45588,Address_a226cdca,City_c05d421a,ZZ,72477,Last_d178528e,First_72cae815,5050375952,user_715c4f12e0@example.com,Note_0df14aa5,871,79EB0CDC-0F1A-4060-A0BA-990F1813CC10
OWNER_5e7df3a1f81c,Company_9d6fc041,Last_69051924,First_7d06e73d,5050375952,5050375952,user_715c4f12e0@example.com,Address_f05df871,City_e708c712,ZZ,72477,Address_a226cdca,City_c05d421a,ZZ,72477,Last_d178528e,First_72cae815,5050375952,user_715c4f12e0@example.com,Note_2168f0cd,891,5599E27F-EFCA-4DD7-860D-992E83661AF0
OWNER_14f64404bd7b,Company_9d6fc041,Last_e9d5575e,First_f4b11c17,5050375952,5050846810,user_715c4f12e0@example.com,Address_f77709a3,City_88a15d25,ZZ,17557,Address_ed794139,City_d90e4c49,ZZ,17557,Last_d178528e,First_72cae815,5050375952,user_715c4f12e0@example.com,Note_2168f0cd,1660,114593FF-5620-8D41-B29C-9A3CC24FE8CE
OWNER_faebdd9bafdb,Company_9d6fc041,Last_e9d5575e,First_ea403d01,5050375952,5050375952,user_715c4f12e0@example.com,Address_f05df871,City_e708c712,ZZ,72477,Address_a226cdca,City_c05d421a,ZZ,72477,Last_29330167,First_950bc38f,5058487051,user_be10a7dfea@example.com,Note_8e361d63,257,6A82A8C9-A6C5-4260-8610-9A711516E85D
OWNER_b79d143a5594,Company_3a2b135a,Last_7bd3af51,First_2c24c138,5050375952,5050375952,user_715c4f12e0@example.com,Address_f05df871,City_e708c712,ZZ,72477,Address_a226cdca,City_c05d421a,ZZ,72477,Last_d178528e,First_72cae815,5050375952,user_715c4f12e0@example.com,Note_2168f0cd,10,A08A37CB-C4A3-45F2-98F2-9A71256E3BB5
OWNER_bb202ca693c2,Company_9d6fc041,Last_e9d5575e,First_fa157f1b,5050113672,5050375952,user_715c4f12e0@example.com,Address_f05df871,City_e708c712,ZZ,72477,Address_a226cdca,City_c05d421a,ZZ,72477,Last_d178528e,First_72cae815,5050375952,user_715c4f12e0@example.com,Note_3a5c29fa,523,88BF8F6D-F0AE-4CAD-A9DE-9A732EBA0D21
OWNER_52a69503581a,Company_9d6fc041,Last_e6ba7273,First_18ed79c8,5057003115,5050375952,user_715c4f12e0@example.com,Address_f05df871,City_e708c712,ZZ,72477,Address_a226cdca,City_c05d421a,ZZ,72477,Last_d178528e,First_72cae815,5050375952,user_715c4f12e0@example.com,Note_2168f0cd,356,69A03B0B-CC8A-4F2D-AE13-9A9531FCF194
OWNER_81b88cb6c9d0,Company_f3499f0e,Last_7bd3af51,First_2c24c138,5050375952,5050375952,user_715c4f12e0@example.com,Address_f05df871,City_e708c712,ZZ,72477,Address_a226cdca,City_c05d421a,ZZ,72477,Last_d178528e,First_72cae815,5050375952,user_715c4f12e0@example.com,Note_2168f0cd,921,E07C7305-12A9-4849-9EE2-9AB0312130CB
OWNER_792fcf0844c8,Company_9d6fc041,Last_4382f332,First_ec4cb312,5050472510,5050375952,user_715c4f12e0@example.com,Address_ac5694d9,City_9870ba28,ZZ,26022,Address_a226cdca,City_c05d421a,ZZ,72477,Last_d178528e,First_72cae815,5050375952,user_715c4f12e0@example.com,Note_2168f0cd,12,D3056446-8691-4D6D-9E7A-9AC8C8C9E939
OWNER_4559bf693385,Company_540b4275,Last_eccf1999,First_4e97208b,5050375952,5050375952,user_715c4f12e0@example.com,Address_f05df871,City_e708c712,ZZ,72477,Address_a226cdca,City_c05d421a,ZZ,72477,Last_40cfe9c8,First_a00953e5,5052624186,user_715c4f12e0@example.com,Note_af28f5d4,516,9948813F-64A3-46A1-854F-9AD2AC8A008C
OWNER_ff9062f9efd0,Company_9d6fc041,Last_25a448a9,First_407873b7,5052254083,5057645316,user_9c1a84755a@example.com,Address_f05df871,City_e708c712,ZZ,72477,Address_dd5bfe32,City_81793998,ZZ,05295,Last_d178528e,First_72cae815,5050375952,user_715c4f12e0@example.com,Note_2168f0cd,1732,2B9DCFBE-ABB6-4B40-9F34-9AE3E271988C
OWNER_25d1186cd5b2,Company_9d6fc041,Last_7bd3af51,First_2c24c138,5050375952,5050375952,user_715c4f12e0@example.com,Address_f05df871,City_e708c712,ZZ,72477,Address_a226cdca,City_c05d421a,ZZ,72477,Last_d178528e,First_72cae815,5050375952,user_715c4f12e0@example.com,Note_2168f0cd,1011,1A8957D5-C2A6-4A05-8F76-9B24BF425C46
OWNER_f065c50c89c5,Company_9d6fc041,Last_5eb994df,First_15ad975e,5056561466,5050375952,user_804f9e66b9@example.com,Address_869cdcc6,City_73ebcd64,ZZ,15642,Address_a226cdca,City_c05d421a,ZZ,72477,Last_d178528e,First_72cae815,5050375952,user_715c4f12e0@example.com,Note_45f40a6a,963,58F042AD-C8F5-4BF3-ADE7-9B2A9D25EF6A
OWNER_d5b480df6bb7,Company_9d6fc041,Last_67d7c4d8,First_1bdd2d88,5050375952,5050375952,user_715c4f12e0@example.com,Address_f05df871,City_e708c712,ZZ,72477,Address_a226cdca,City_c05d421a,ZZ,72477,Last_d178528e,First_72cae815,5050375952,user_715c4f12e0@example.com,Note_2168f0cd,585,E698FEB0-CAA3-4D0E-8308-9B3B58DD543E
OWNER_5986f8bc6323,Company_98e646cb,Last_7bd3af51,First_2c24c138,5050375952,5050375952,user_715c4f12e0@example.com,Address_f05df871,City_e708c712,ZZ,72477,Address_a226cdca,City_c05d421a,ZZ,72477,Last_d178528e,First_72cae815,5050375952,user_715c4f12e0@example.com,Note_e9d07644,772,B0A6CF22-497A-4594-9454-9B5CE7FDCE99
OWNER_30b4690a8243,Company_9d6fc041,Last_b7961f7c,First_fe98cac8,5050375952,5057732296,user_954b8a4adb@example.com,Address_f05df871,City_e708c712,ZZ,72477,Address_a5dae305,City_4e9d70b8,ZZ,36173,Last_d178528e,First_72cae815,5050375952,user_715c4f12e0@example.com,Note_2168f0cd,1951,4A76DF8D-78DF-4145-B929-9B711C7335FC
OWNER_e62d25f4146d,Company_a78bacda,Last_60f8c3dd,First_ea403d01,5058811969,5050375952,user_715c4f12e0@example.com,Address_f05df871,City_e708c712,ZZ,72477,Address_a226cdca,City_c05d421a,ZZ,72477,Last_60e99eb3,First_e432cb7e,5050375952,user_715c4f12e0@example.com,Note_927449c5,1077,7BB9501B-5514-4955-8472-9B87C7C52943
OWNER_951aacf3db56,Company_9d6fc041,Last_2dc01149,First_af084e2e,5057085460,5050375952,user_715c4f12e0@example.com,Address_f05df871,City_e708c712,ZZ,72477,Address_ed89c12c,City_76200585,ZZ,75073,Last_d178528e,First_72cae815,5050375952,user_715c4f12e0@example.com,Note_2168f0cd,1231,A8D4D9DC-3A5F-4613-8675-9B8E194018DF
OWNER_e0e3aef740e7,Company_9d6fc041,Last_e508f983,First_91b71415,5057250484,5050375952,user_715c4f12e0@example.com,Address_40dbb94c,City_2e663e2c,ZZ,26334,Address_a226cdca,City_c05d421a,ZZ,72477,Last_d178528e,First_72cae815,5050375952,user_715c4f12e0@example.com,Note_2168f0cd,9,6045A88A-66F0-486E-8155-9BF80FF5A8D0
OWNER_49d3e3366717,Company_9d6fc041,Last_cb1c398f,First_5a53d49c,5050837506,5050375952,user_715c4f12e0@example.com,Address_f05df871,City_e708c712,ZZ,72477,Address_22f865fa,City_76200585,ZZ,75073,Last_d178528e,First_72cae815,5050375952,user_715c4f12e0@example.com,Note_2168f0cd,1581,2A349D2F-9869-1B42-87BA-9C3EAFF1DC61
OWNER_a6f58ea5429f,Company_9d6fc041,Last_5b7a8d1b,First_debe4346,5050375952,5058740597,user_17d62cd67b@example.com,Address_06982bf8,City_c3e07d03,ZZ,11928,Address_9ee54d42,City_729a8613,ZZ,39493,Last_d178528e,First_72cae815,5050375952,user_715c4f12e0@example.com,Note_2168f0cd,1879,BCE4E775-37E5-45B0-83CA-9C65B3BFB4B9
OWNER_655ab6c97488,Company_9d6fc041,Last_a90160f4,First_a165c52b,5050375952,5050375952,user_715c4f12e0@example.com,Address_f05df871,City_e708c712,ZZ,72477,Address_a226cdca,City_c05d421a,ZZ,72477,Last_d178528e,First_72cae815,5050375952,user_715c4f12e0@example.com,Note_2168f0cd,384,C1BC99C4-5336-41F6-9356-9C93CE0896AF
OWNER_6c45b34492c5,Company_9d6fc041,Last_c0cc6122,First_f5819005,5050544745,5050375952,user_2daa76d9bd@example.com,Address_fbdff79c,City_2b10924d,ZZ,36173,Address_9552822d,City_17db8506,ZZ,72477,Last_d178528e,First_72cae815,5050375952,user_715c4f12e0@example.com,Note_2168f0cd,89,3BF81278-7A89-4442-820B-9C9AE78995EF
OWNER_2d055d6b38be,Company_424b786c,Last_181c5835,First_6f065d35,5054323307,5054142130,user_715c4f12e0@example.com,Address_f05df871,City_e708c712,ZZ,72477,Address_a226cdca,City_c05d421a,ZZ,72477,Last_6daa6ba9,First_dc4c5831,5050375952,user_715c4f12e0@example.com,Note_142cde9d,1126,49D8A929-D29B-4E7A-90FA-9CEC3BD666C0
OWNER_d39f57988577,Company_9d6fc041,Last_d2f643d6,First_08d30710,5057242143,5050375952,user_715c4f12e0@example.com,Address_f32300e7,City_37084ed9,ZZ,45530,Address_a226cdca,City_c05d421a,ZZ,72477,Last_d178528e,First_72cae815,5050375952,user_715c4f12e0@example.com,Note_2168f0cd,1203,548184C5-D074-4142-A344-9D03F4B95CAE
OWNER_d9b394e85ec0,Company_9d6fc041,Last_d8b40d52,First_69df9417,5057012341,5050375952,user_715c4f12e0@example.com,Address_f05df871,City_e708c712,ZZ,72477,Address_a226cdca,City_c05d421a,ZZ,72477,Last_d178528e,First_72cae815,5050375952,user_715c4f12e0@example.com,Note_2168f0cd,603,288CEAD3-E03C-478F-B81A-9D74EC234F05
OWNER_e8fdf620e14b,Company_9d6fc041,Last_056e3e5b,First_0a9c8886,5055522310,5050375952,user_715c4f12e0@example.com,Address_620b295d,City_fe002fea,ZZ,96665,Address_a226cdca,City_c05d421a,ZZ,72477,Last_d178528e,First_72cae815,5050375952,user_715c4f12e0@example.com,Note_140a3ba6,678,E1266D62-1EA3-45BB-8CB2-9DC468276021
OWNER_dfaef58a1558,Company_99561fa7,Last_8b7f4f44,First_8cdc74ac,5050375952,5050375952,user_715c4f12e0@example.com,Address_f05df871,City_e708c712,ZZ,72477,Address_a226cdca,City_c05d421a,ZZ,72477,Last_8356b50e,First_29264aed,5053645102,user_0144ff8c13@example.com,Note_028aebfb,1360,7EFB84AD-7480-47A5-96EC-9DD7F7185E82
OWNER_de7c42f9c849,Company_9d6fc041,Last_89338b47,First_c5ea512f,5054103711,5050375952,user_8c731519a2@example.com,Address_f05df871,City_e708c712,ZZ,72477,Address_a226cdca,City_c05d421a,ZZ,72477,Last_d178528e,First_72cae815,5050375952,user_715c4f12e0@example.com,Note_4ad17ef7,533,BFB97505-8544-4E71-9271-9E0393A67A12
OWNER_562792ca700b,Company_9d6fc041,Last_4e5ec65a,First_89fe58a0,5052658516,5055971699,user_715c4f12e0@example.com,Address_7016d7a8,City_6ec3f32a,ZZ,04722,Address_8d838939,City_c05d421a,ZZ,72477,Last_d178528e,First_72cae815,5050375952,user_715c4f12e0@example.com,Note_32b2034c,289,3F39C5C2-35A0-45D6-A06C-9E184414E528
OWNER_cc6e89a0e7cd,Company_9d6fc041,Last_a43f7200,First_303ac1bb,5050375952,5050375952,user_715c4f12e0@example.com,Address_f05df871,City_e708c712,ZZ,72477,Address_a226cdca,City_c05d421a,ZZ,72477,Last_d178528e,First_72cae815,5050375952,user_715c4f12e0@example.com,Note_2168f0cd,285,7F581DE9-58B8-4527-8DD7-9E1D05EB6333
OWNER_319447a84d47,Company_74092947,Last_a7b2fd4e,First_407873b7,5057286274,5050375952,user_bfa1b0eb86@example.com,Address_379e2ece,City_73ebcd64,ZZ,71535,Address_43784a29,City_9415c49e,ZZ,72477,Last_19373b9e,First_444432ff,5051516986,user_715c4f12e0@example.com,Note_c4139a02,1550,4CBF92E8-852B-4F33-BA51-9E25051C7044
OWNER_63cd709a1aa0,Company_9d6fc041,Last_e159e529,First_bf2ec069,5055273575,5050375952,user_e39dfeaf4f@example.com,Address_f05df871,City_e708c712,ZZ,72477,Address_65ac3ae7,City_70ba2637,ZZ,72477,Last_d178528e,First_72cae815,5050375952,user_715c4f12e0@example.com,Note_2168f0cd,1734,E77D31E7-E0E2-3B4C-A7EA-9E3466525099
OWNER_7d941f5ac87b,Company_9d6fc041,Last_e426d275,First_1ddd3610,5051977734,5050375952,user_715c4f12e0@example.com,Address_f05df871,City_e708c712,ZZ,72477,Address_07e660cf,City_9fb03833,ZZ,27797,Last_d178528e,First_72cae815,5050375952,user_715c4f12e0@example.com,Note_2168f0cd,1913,217EF2A2-BD40-42C0-85BA-9E4573141674
OWNER_84348846b753,Company_f8beaf0b,Last_7bd3af51,First_2c24c138,5050375952,5050375952,user_715c4f12e0@example.com,Address_f05df871,City_e708c712,ZZ,72477,Address_a226cdca,City_c05d421a,ZZ,72477,Last_d178528e,First_72cae815,5050375952,user_715c4f12e0@example.com,Note_2168f0cd,14,BC4D8210-F616-443F-BA66-9E596570BA84
OWNER_ec0a9951ec74,Company_db75ea33,Last_00ae8a8a,First_bf2ec069,5057891810,5050375952,user_715c4f12e0@example.com,Address_f05df871,City_e708c712,ZZ,72477,Address_a226cdca,City_c05d421a,ZZ,72477,Last_d178528e,First_72cae815,5050375952,user_715c4f12e0@example.com,Note_8dc8bc23,713,E15ED1B9-A0BF-4B12-A416-9E93356885C7
OWNER_1fff5ccadd09,Company_9d6fc041,Last_3e81cdcc,First_c6bd3d83,5059243079,5050375952,user_715c4f12e0@example.com,Address_66488be1,City_73ebcd64,ZZ,12098,Address_a226cdca,City_c05d421a,ZZ,72477,Last_a9365117,First_a416bfc2,5054030085,user_715c4f12e0@example.com,Note_d7156a9d,203,96D69CFB-D71B-4FED-9C42-9E9B8AF8F22F
OWNER_739d4818f2cf,Company_9d6fc041,Last_83d0637f,First_fd9b8a03,5056141779,5050375952,user_715c4f12e0@example.com,Address_f05df871,City_e708c712,ZZ,72477,Address_a226cdca,City_c05d421a,ZZ,72477,Last_87c6537a,First_fb2c9ad5,5055598897,user_715c4f12e0@example.com,Note_1471948e,1748,FF637674-74B2-9C44-8AA2-9EA5377B4987
OWNER_bb43e367667f,Company_9d6fc041,Last_c5a721d3,First_58d0bb84,5056761262,5050375952,user_715c4f12e0@example.com,Address_89ae6ab0,City_c0fbf85c,ZZ,75073,Address_3ffb9a68,City_76200585,ZZ,75073,Last_d178528e,First_72cae815,5050375952,user_715c4f12e0@example.com,Note_2168f0cd,1278,DCD0099B-54B6-4CDA-BA2B-9EB07EC35E2C
OWNER_aa1b1e744c8a,Company_9d6fc041,Last_83a63167,First_a34e517f,5057331656,5056741090,user_4ed8739d60@example.com,Address_f05df871,City_5973e7d4,ZZ,24668,Address_a226cdca,City_c05d421a,ZZ,72477,Last_d178528e,First_72cae815,5050375952,user_715c4f12e0@example.com,Note_2c1607d2,537,EBD4E0D9-7D18-466A-A318-9EF428BB99D1
OWNER_9d844dc60a11,Company_9d6fc041,Last_cb71f054,First_6ebee594,5050375952,5050375952,user_715c4f12e0@example.com,Address_f05df871,City_e708c712,ZZ,72477,Address_a226cdca,City_c05d421a,ZZ,72477,Last_d2e5ea76,First_fcd3ea76,5056784313,user_715c4f12e0@example.com,Note_782944bf,1682,541A8446-5D05-6645-B9AD-9F0E0AD97A8B
OWNER_21a90d52df81,Company_9d6fc041,Last_f5945a8e,First_026404db,5050375952,5050375952,user_715c4f12e0@example.com,Address_f05df871,City_e708c712,ZZ,72477,Address_a226cdca,City_c05d421a,ZZ,72477,Last_d178528e,First_72cae815,5050375952,user_715c4f12e0@example.com,Note_462775b7,539,AD2619A7-4940-4CDA-935F-9F1C08272AF7
OWNER_572767ab2046,Company_9d6fc041,Last_31775424,First_d22243bf,5057790957,5050137387,user_979c914ce3@example.com,Address_322e3923,City_c3e07d03,ZZ,11928,Address_6197a71d,City_03ac272d,ZZ,11928,Last_d178528e,First_72cae815,5050375952,user_715c4f12e0@example.com,Note_2168f0cd,1858,6BED2288-C2DC-4D10-B6A2-9F448106C180
OWNER_5c4a33dfeceb,Company_9d6fc041,Last_a2b98414,First_972d620f,5055170163,5050375952,user_a1e70ff40b@example.com,Address_fb69da08,City_96734b39,ZZ,34348,Address_84e8aa30,City_253efd4b,ZZ,34348,Last_35000af9,First_ff095962,5057008615,user_715c4f12e0@example.com,Note_eec361af,1439,C18E6A39-076A-40E0-BADE-9F51C7FDEE50
OWNER_a77618880f0b,Company_218a2677,Last_2f21d8c2,First_e2fa7e04,5050038538,5056347463,user_676d9c00dc@example.com,Address_f05df871,City_e708c712,ZZ,72477,Address_471adc28,City_c88bd1e7,ZZ,88667,Last_1a6c6821,First_9a8535b6,5050375952,user_715c4f12e0@example.com,Note_2168f0cd,1741,1202C1D3-53CB-934F-BC74-9F96813A3351
OWNER_ccaf3c4e3567,Company_9d6fc041,Last_5472a06f,First_cd96949e,5050375952,5050375952,user_715c4f12e0@example.com,Address_f05df871,City_e708c712,ZZ,72477,Address_22b3d398,City_992e4702,ZZ,72477,Last_d178528e,First_72cae815,5050375952,user_715c4f12e0@example.com,Note_2168f0cd,1639,ECA7F32B-B179-BA42-A723-9FA132DEE7EC
OWNER_140b3cf71834,Company_9d6fc041,Last_6aef51af,First_bf2ec069,5053255906,5050375952,user_dc254e3158@example.com,Address_0ba6eca1,City_23604209,ZZ,72477,Address_58a81495,City_adce70d4,ZZ,72477,Last_cb2ec9c5,First_223dd334,5054508459,user_715c4f12e0@example.com,Note_5f1b472b,1473,FAC48533-B070-9D4F-9AE9-9FC4CB0A0ED3
OWNER_19c9fdbd88e1,Company_9d6fc041,Last_a56ac2d2,First_9244c76b,5056215164,5050375952,user_52cc154718@example.com,Address_08c8e2ea,City_37084ed9,ZZ,60339,Address_26986164,City_528281b9,ZZ,60339,Last_d178528e,First_72cae815,5050375952,user_715c4f12e0@example.com,Note_2168f0cd,1207,4B371037-47E6-4CD6-B4BD-A02095F19CDA
OWNER_b4252fcd0231,Company_9d6fc041,Last_e0515b23,First_4c5249c6,5050375952,5050375952,user_715c4f12e0@example.com,Address_f05df871,City_e708c712,ZZ,72477,Address_a226cdca,City_c05d421a,ZZ,72477,Last_d178528e,First_72cae815,5050375952,user_715c4f12e0@example.com,Note_2168f0cd,888,1CF28E5E-69AC-47FF-B9BC-A045B916BCBC
OWNER_bc3f86d11e87,Company_9d6fc041,Last_7bd3af51,First_7a26a54e,5050375952,5050375952,user_715c4f12e0@example.com,Address_49a4e788,City_a000d1fb,ZZ,66775,Address_094886cf,City_30bd86a3,ZZ,66775,Last_1546fab4,First_45e1a47c,5053814108,user_87be2b8fe4@example.com,Note_788700ef,1382,328AA75F-10BD-4DF0-AE14-A059393F6193
OWNER_9bd6f8a6b7e0,Company_aa5685be,Last_83e020cf,First_edc651c9,5055224257,5053772034,user_f080e69dc0@example.com,Address_75c000c3,City_fb775d72,ZZ,24366,Address_71270859,City_c05d421a,ZZ,72477,Last_d178528e,First_72cae815,5050375952,user_715c4f12e0@example.com,Note_2168f0cd,746,C819757C-7CFA-4635-B896-A062EDFB56D2
OWNER_6b39a29b626d,Company_9d6fc041,Last_bce3d3a6,First_1df40c15,5057965633,5050375952,user_715c4f12e0@example.com,Address_f05df871,City_e708c712,ZZ,72477,Address_3faa33be,City_f4f05588,ZZ,59580,Last_d083b6cf,First_e432cb7e,5050375952,user_715c4f12e0@example.com,Note_fdbc38c2,1634,A8CEA359-481B-A34C-9545-A0A71F82CF0D
OWNER_533aeff959df,Company_9d6fc041,Last_d4a5c76a,First_a82d6021,5050375952,5050375952,user_715c4f12e0@example.com,Address_f05df871,City_e708c712,ZZ,72477,Address_a226cdca,City_c05d421a,ZZ,72477,Last_d178528e,First_72cae815,5050375952,user_715c4f12e0@example.com,Note_d505eaa5,472,B9E9EBC3-C609-4857-9907-A0C957DADBC3
OWNER_1d41642fe488,Company_9d6fc041,Last_7a31ff8d,First_098b7a78,5050375952,5050375952,user_715c4f12e0@example.com,Address_f05df871,City_e708c712,ZZ,72477,Address_a226cdca,City_c05d421a,ZZ,72477,Last_d178528e,First_72cae815,5050375952,user_715c4f12e0@example.com,Note_2168f0cd,509,5A9F9B8B-6267-40C5-9A4F-A0E7A13DC0A4
OWNER_974a02adddde,Company_9d6fc041,Last_b85d59d0,First_1df40c15,5056013430,5050375952,user_b67b31ef61@example.com,Address_7d5ee034,City_c8ef49e0,ZZ,99337,Address_e5e2e0f7,City_c05d421a,ZZ,72477,Last_d178528e,First_72cae815,5050375952,user_715c4f12e0@example.com,Note_2168f0cd,1864,A0644289-33E9-4058-811E-A12EAE40D7D5
OWNER_279e4e68097d,Company_9d6fc041,Last_30ab3f1f,First_5a53d49c,5052697646,5050375952,user_8c5c26832a@example.com,Address_67fe6fa7,City_c0fbf85c,ZZ,75073,Address_df870439,City_76200585,ZZ,72477,Last_dd8abcea,First_1a01cef0,5055502113,user_715c4f12e0@example.com,Note_2168f0cd,1184,1AEC624D-8D7F-4FFC-BEB6-A13ED34AB5AF
OWNER_f8b69d644448,Company_9d6fc041,Last_7a382016,First_93c09cbd,5055775787,5050375952,user_715c4f12e0@example.com,Address_4f5f16e8,City_013579ea,ZZ,74737,Address_a226cdca,City_c05d421a,ZZ,72477,Last_d178528e,First_72cae815,5050375952,user_715c4f12e0@example.com,Note_328ae2e6,579,904BD70D-BA11-4301-B351-A158D058EABF
OWNER_84ce52781961,Company_4f465a0a,Last_7bd3af51,First_2c24c138,5050375952,5050375952,user_715c4f12e0@example.com,Address_f05df871,City_e708c712,ZZ,72477,Address_a226cdca,City_c05d421a,ZZ,72477,Last_d178528e,First_72cae815,5050375952,user_715c4f12e0@example.com,Note_2168f0cd,158,BF8AB7E9-33AE-45F2-A2FC-A16F2A3AA84E
OWNER_f52442ad39fa,Company_9d6fc041,Last_c0c930a9,First_e2fa7e04,5050693601,5050375952,user_715c4f12e0@example.com,Address_f46a685b,City_eb940fb0,ZZ,28095,Address_a226cdca,City_c05d421a,ZZ,72477,Last_d178528e,First_72cae815,5050375952,user_715c4f12e0@example.com,Note_df0ed839,78,0585CA27-FEEA-4C91-9DDD-A17DB6DF20D1
OWNER_18f4a976a0cf,Company_9d6fc041,Last_9d4a0b91,First_0006465d,5059002702,5055449110,user_715c4f12e0@example.com,Address_000a22e4,City_d69dddc2,ZZ,93112,Address_a226cdca,City_c05d421a,ZZ,72477,Last_d178528e,First_72cae815,5050375952,user_715c4f12e0@example.com,Note_2168f0cd,1115,9658E5F8-AD80-447A-A738-A18C75FC585F
OWNER_4cd1d87ff961,Company_9d6fc041,Last_a04345a3,First_5d79f087,5050728977,5050375952,user_9a0fbb3144@example.com,Address_8ebd108d,City_f194ca26,ZZ,67893,Address_54e941cb,City_94b6fd86,ZZ,67893,Last_d178528e,First_72cae815,5050375952,user_715c4f12e0@example.com,Note_2168f0cd,1624,17F7153E-50F8-AF40-80E8-A18EA8FFB6CF
OWNER_2d21edb72911,Company_9d6fc041,Last_ee03bd07,First_72faa568,5050375952,5058486782,user_f554aab6a5@example.com,Address_f05df871,City_e708c712,ZZ,72477,Address_bef890b3,City_06a1569e,ZZ,39995,Last_d178528e,First_72cae815,5050375952,user_715c4f12e0@example.com,Note_2168f0cd,1969,72B0BCA9-EAE1-4A84-B80D-A19D7CCFF8B5
OWNER_0cf20482e6c3,Company_d3997c35,Last_7bd3af51,First_2c24c138,5050375952,5050375952,user_715c4f12e0@example.com,Address_f05df871,City_e708c712,ZZ,72477,Address_a226cdca,City_c05d421a,ZZ,72477,Last_d178528e,First_72cae815,5050375952,user_715c4f12e0@example.com,Note_2168f0cd,796,7C0CCA44-1BD9-4319-9663-A1A58088FFE4
OWNER_4ca0695481a6,Company_9d6fc041,Last_15616ef0,First_8d02d63e,5051316249,5050375952,user_07bce8f344@example.com,Address_62b4a1c2,City_ca4bb91c,ZZ,70370,Address_a226cdca,City_c05d421a,ZZ,72477,Last_d178528e,First_72cae815,5050375952,user_715c4f12e0@example.com,Note_2168f0cd,1125,D600ABF6-C31A-46F2-9DB7-A1E297285564
OWNER_3e1c5b85358c,Company_9d6fc041,Last_3448afb3,First_26d6ea9a,5050375952,5056596160,user_4498222273@example.com,Address_f05df871,City_e708c712,ZZ,72477,Address_9f44461f,City_c0cd795e,ZZ,94038,Last_d178528e,First_72cae815,5050375952,user_715c4f12e0@example.com,Note_2168f0cd,1950,F661D7F0-C3F0-4434-AF38-A2291DA52977
OWNER_6f0cbd0b9d2c,Company_2acad45c,Last_7bd3af51,First_a12a3b70,5052437806,5050375952,user_715c4f12e0@example.com,Address_f05df871,City_e708c712,ZZ,72477,Address_a226cdca,City_9415c49e,ZZ,72477,Last_d178528e,First_72cae815,5050375952,user_715c4f12e0@example.com,Note_531c560b,973,03365F82-D2EC-46FF-8EF6-A23BFD16BB7B
OWNER_56d04f432e27,Company_9d6fc041,Last_749f279a,First_42be0ff9,5059447497,5050375952,user_b0fc5bfdcb@example.com,Address_f05df871,City_e708c712,ZZ,72477,Address_ffd01a47,City_81793998,ZZ,26334,Last_d178528e,First_72cae815,5050375952,user_715c4f12e0@example.com,Note_2168f0cd,1733,42AD8A62-3545-7944-AEFA-A240C397A96F
OWNER_7bfa5bc875e2,Company_9d6fc041,Last_cda23321,First_b793f89a,5050527849,5050375952,user_715c4f12e0@example.com,Address_f05df871,City_e708c712,ZZ,72477,Address_a1db356c,City_73b3f231,ZZ,72477,Last_d178528e,First_72cae815,5050375952,user_715c4f12e0@example.com,Note_2168f0cd,1757,2BFBFA28-1D43-3C4B-9698-A2472C76D06F
OWNER_cd4199945bed,Company_9d6fc041,Last_47d9907d,First_ec308f06,5050375952,5050375952,user_715c4f12e0@example.com,Address_5d1157f1,City_a000d1fb,ZZ,66775,Address_926e48b7,City_30bd86a3,ZZ,72477,Last_d178528e,First_72cae815,5050375952,user_715c4f12e0@example.com,Note_2168f0cd,1400,827A9F1D-98C5-467E-BC75-A28951254A9B
OWNER_5065a6273f21,Company_9d6fc041,Last_1f9249a9,First_91908102,5050375952,5058996173,user_646b9f8713@example.com,Address_f05df871,City_e708c712,ZZ,72477,Address_1d03765d,City_4e9d70b8,ZZ,36173,Last_bdb47486,First_c6682f97,5050375952,user_715c4f12e0@example.com,Note_2168f0cd,1968,833842BB-DBE0-40AB-82ED-A2A2D0D9E3BD
OWNER_362cdbdccc36,Company_9d6fc041,Last_28415a83,First_2b53811f,5059824353,5050375952,user_715c4f12e0@example.com,Address_e95e2a87,City_e6b38396,ZZ,88406,Address_a226cdca,City_c05d421a,ZZ,72477,Last_d178528e,First_72cae815,5050375952,user_715c4f12e0@example.com,Note_0e3755bd,124,B1739C19-C4C5-4C06-8414-A2B4AEE342CC
OWNER_06902a16ab8a,Company_9d6fc041,Last_ce9bb649,First_34298400,5056307302,5050375952,user_715c4f12e0@example.com,Address_f05df871,City_e708c712,ZZ,72477,Address_a226cdca,City_c05d421a,ZZ,72477,Last_d178528e,First_72cae815,5050375952,user_715c4f12e0@example.com,Note_9ca0a278,577,DCD1130F-FF38-4F3C-AA11-A2D09438A2CC
OWNER_064f89638c42,Company_9d6fc041,Last_81d569fa,First_8d02d63e,5050375952,5059108351,user_715c4f12e0@example.com,Address_f05df871,City_e708c712,ZZ,72477,Address_85021bfe,City_94b6fd86,ZZ,67893,Last_6d3e60a4,First_e14cef26,5058123787,user_715c4f12e0@example.com,Note_2168f0cd,1595,3C70B624-15CA-A748-9EB1-A30547BEBC6A
OWNER_f4dd693a6767,Company_9d6fc041,Last_c15a37f0,First_0d204786,5051901432,5050375952,user_52da1628b8@example.com,Address_7bf901ab,City_2402b24b,ZZ,48412,Address_a226cdca,City_c05d421a,ZZ,72477,Last_d178528e,First_f966de24,5055358893,user_715c4f12e0@example.com,Note_2168f0cd,314,928D855F-F478-4D74-978F-A316881992C8
OWNER_0179870c08cc,Company_9d6fc041,Last_a75ff5c9,First_7170185e,5050651624,5050375952,user_715c4f12e0@example.com,Address_f05df871,City_e708c712,ZZ,62479,Address_a226cdca,City_c05d421a,ZZ,72477,Last_d178528e,First_72cae815,5050375952,user_715c4f12e0@example.com,Note_2168f0cd,68,3A32B40B-A5EE-4A0F-923E-A365C9A49809
OWNER_d763da13c1fe,Company_9d6fc041,Last_a6ec85f5,First_098b7a78,5050441743,5050375952,user_715c4f12e0@example.com,Address_f05df871,City_e708c712,ZZ,72477,Address_5db27068,City_81793998,ZZ,26334,Last_d178528e,First_72cae815,5050375952,user_715c4f12e0@example.com,Note_2168f0cd,1731,6F951AA8-3D2D-B640-B535-A375318AC94D
OWNER_33ecdea8f71b,Company_9d6fc041,Last_07eaab82,First_ee6fba66,5050633306,5050375952,user_f050fbc610@example.com,Address_4aa51e36,City_c3e07d03,ZZ,11928,Address_d3c64174,City_03ac272d,ZZ,11928,Last_5d04fc58,First_6c1c1559,5050375952,user_715c4f12e0@example.com,Note_2168f0cd,1845,8F41FE46-C368-4738-903A-A376DB03AFAE
OWNER_6fc05eaa617d,Company_198782f7,Last_7bd3af51,First_2c24c138,5050375952,5050375952,user_715c4f12e0@example.com,Address_f05df871,City_e708c712,ZZ,72477,Address_a226cdca,City_c05d421a,ZZ,72477,Last_d178528e,First_72cae815,5050375952,user_715c4f12e0@example.com,Note_2168f0cd,695,B0F87782-70BD-4C58-B700-A3B5FA6B8C16
OWNER_3e2a75fb40e4,Company_9d6fc041,Last_f0d9a668,First_5b7b382e,5055849816,5050375952,user_099cd87c74@example.com,Address_1d5b4dbf,City_37084ed9,ZZ,45530,Address_a99e9368,City_528281b9,ZZ,45530,Last_d178528e,First_72cae815,5050375952,user_715c4f12e0@example.com,Note_9ed7e4a6,1217,7C3F26E1-3FED-4641-AF02-A3DC52242589
OWNER_8c634546b511,Company_9d6fc041,Last_fac65155,First_f012794e,5050375952,5050375952,user_715c4f12e0@example.com,Address_f05df871,City_e708c712,ZZ,72477,Address_a226cdca,City_c05d421a,ZZ,72477,Last_481861a1,First_cdbb6515,5050375952,user_715c4f12e0@example.com,Note_2168f0cd,428,A8F8450B-BD45-4505-B6FE-A3E5ADDD929B
OWNER_4942622bef52,Company_9d6fc041,Last_bb4616b3,First_32c7b4eb,5053827593,5050375952,user_715c4f12e0@example.com,Address_81159618,City_37084ed9,ZZ,45530,Address_e95ae93f,City_528281b9,ZZ,45530,Last_d178528e,First_72cae815,5050375952,user_715c4f12e0@example.com,Note_2168f0cd,1226,01AEC8DB-D153-42AA-A98A-A4366AAF9E1C
OWNER_a6dd1d704a35,Company_9d6fc041,Last_599dff70,First_23c744fc,5054330989,5050375952,user_715c4f12e0@example.com,Address_de0310d9,City_013579ea,ZZ,74737,Address_a226cdca,City_c05d421a,ZZ,72477,Last_d178528e,First_72cae815,5050375952,user_715c4f12e0@example.com,Note_2168f0cd,367,EE45593B-A36E-438F-BAF3-A47CA76BC7EE
OWNER_0af5594714e5,Company_f7d65ac4,Last_42e0a3be,First_5a53d49c,5056186645,5058540582,user_9f1cf60971@example.com,Address_f05df871,City_e708c712,ZZ,72477,Address_a226cdca,City_c05d421a,ZZ,72477,Last_2e6d0074,First_07b63b12,5052870123,user_3833bfa767@example.com,Note_2168f0cd,1493,4726EEA7-F1F2-734C-9896-A4BE7D4AD414
OWNER_5c0012bc6622,Company_d9555f9e,Last_c3d4a251,First_a52fe69f,5050375952,5054798691,user_e8dda5585e@example.com,Address_8892ba16,City_2402b24b,ZZ,48412,Address_a226cdca,City_c05d421a,ZZ,72477,Last_d178528e,First_72cae815,5050375952,user_49d5f30519@example.com,Note_2168f0cd,563,06CE652C-B171-45C2-AFB1-A51055AC1938
OWNER_da640e13b60d,Company_9d6fc041,Last_08025ea6,First_c5eb7ffc,5050375952,5056870422,user_715c4f12e0@example.com,Address_123a4576,City_c0fbf85c,ZZ,75073,Address_a57b8130,City_76200585,ZZ,75073,Last_d178528e,First_72cae815,5050375952,user_715c4f12e0@example.com,Note_0f1f4c41,1195,EF24AB89-B8E1-4A90-A14C-A5206A50A3E5
OWNER_b7d112100954,Company_9d6fc041,Last_5f2defdf,First_a815e881,5050375952,5050375952,user_715c4f12e0@example.com,Address_4f2888fa,City_8fedf203,ZZ,69497,Address_a226cdca,City_c05d421a,ZZ,72477,Last_9586ef11,First_80cceba9,5054407669,user_715c4f12e0@example.com,Note_6e75c8f9,710,9EA65FC0-4117-49D5-AA5E-A548F72B19C1
OWNER_07dbd33945d7,Company_9d6fc041,Last_bb535c80,First_1df23b50,5050375952,5050375952,user_715c4f12e0@example.com,Address_f05df871,City_e708c712,ZZ,72477,Address_a226cdca,City_c05d421a,ZZ,72477,Last_d178528e,First_72cae815,5050375952,user_715c4f12e0@example.com,Note_2168f0cd,651,29C951AB-7183-440A-AAF4-A5555844484E
OWNER_c4a21243f7fe,Company_9d6fc041,Last_706b5d15,First_2c24c138,5050375952,5050375952,user_715c4f12e0@example.com,Address_f05df871,City_e708c712,ZZ,72477,Address_a226cdca,City_c05d421a,ZZ,72477,Last_d178528e,First_72cae815,5050375952,user_715c4f12e0@example.com,Note_2168f0cd,793,3E9FACE7-C79C-4D16-9963-A56C9063D7A0
OWNER_b34222273403,Company_9d6fc041,Last_7e93532c,First_eb2fe4f1,5057307288,5050029467,user_715c4f12e0@example.com,Address_3678d48a,City_1c11a706,ZZ,65345,Address_a226cdca,City_c05d421a,ZZ,72477,Last_d178528e,First_72cae815,5050375952,user_715c4f12e0@example.com,Note_fee12b0f,185,3F7B2A46-DFB2-4BBD-847A-A56EB11A4174
OWNER_f13c85daa636,Company_9d6fc041,Last_a40d176b,First_026404db,5058842194,5050375952,user_715c4f12e0@example.com,Address_751d7051,City_a000d1fb,ZZ,66775,Address_4fe186db,City_30bd86a3,ZZ,72477,Last_44c527db,First_45e1a47c,5053814108,user_87be2b8fe4@example.com,Note_4a80e5b1,1397,D02F8A6D-3267-4D83-854B-A573B65E05D4
OWNER_56f9e52fdb1d,Company_9d6fc041,Last_4b5dde17,First_fad3edfc,5055714740,5050375952,user_715c4f12e0@example.com,Address_f05df871,City_e708c712,ZZ,72477,Address_a226cdca,City_c05d421a,ZZ,72477,Last_d178528e,First_72cae815,5050375952,user_715c4f12e0@example.com,Note_9af1e298,751,417C640E-891F-420D-8FEA-A58CBE909404
OWNER_878f6b3c12a6,Company_95375e3b,Last_b85e561c,First_69d72d44,5058558944,5050375952,user_566d1000fb@example.com,Address_a2cc173b,City_c8ef49e0,ZZ,99337,Address_63601431,City_c05d421a,ZZ,72477,Last_d178528e,First_72cae815,5050375952,user_715c4f12e0@example.com,Note_10611bbc,1433,7B5BD770-901A-45D3-B167-A5FACB5602B7
OWNER_7af757d8d9e3,Company_9d6fc041,Last_b79045d6,First_e2fef668,5050375952,5050375952,user_715c4f12e0@example.com,Address_e866aa2b,City_2e663e2c,ZZ,91483,Address_a226cdca,City_c05d421a,ZZ,72477,Last_a37159fa,First_dc4c5831,5052568789,user_715c4f12e0@example.com,Note_2ee412e4,313,BA29981C-7D05-4E01-BF8F-A60569A398DF
OWNER_1f60747428a5,Company_9d6fc041,Last_0ebcdf12,First_1fdcece7,5050375952,5050375952,user_715c4f12e0@example.com,Address_f05df871,City_e708c712,ZZ,72477,Address_a226cdca,City_c05d421a,ZZ,72477,Last_d178528e,First_72cae815,5050375952,user_715c4f12e0@example.com,Note_2168f0cd,615,0C655FE7-B211-4905-B7AC-A626988851D1
OWNER_469041b45a18,Company_9d6fc041,Last_685890fa,First_08d30710,5055225365,5050375952,user_715c4f12e0@example.com,Address_f05df871,City_e708c712,ZZ,72477,Address_a226cdca,City_c05d421a,ZZ,72477,Last_d178528e,First_72cae815,5050375952,user_715c4f12e0@example.com,Note_2168f0cd,49,90D90743-7A5E-4765-B667-A6745829D968
OWNER_c583b885f8af,Company_9d6fc041,Last_d5c3e8cd,First_e55bf9e6,5051115737,5050375952,user_8f29e1d28d@example.com,Address_f05df871,City_e708c712,ZZ,72477,Address_2aeecbc4,City_4e9d70b8,ZZ,36173,Last_d178528e,First_72cae815,5050375952,user_715c4f12e0@example.com,Note_2168f0cd,1911,C2D2AC07-D3F7-4769-9240-A67B194CF26C
OWNER_b9d424edb4ed,Company_9d6fc041,Last_5a00471a,First_4ba4f4fb,5050375952,5050375952,user_715c4f12e0@example.com,Address_f05df871,City_e708c712,ZZ,72477,Address_a226cdca,City_c05d421a,ZZ,72477,Last_d178528e,First_72cae815,5050375952,user_715c4f12e0@example.com,Note_45aec7df,977,3A831D13-1B0A-4494-8862-A68F66C29496
OWNER_07132f389474,Company_dcf8f686,Last_3796f7fd,First_1e2a5427,5050375952,5050375952,user_715c4f12e0@example.com,Address_f05df871,City_e708c712,ZZ,72477,Address_a226cdca,City_c05d421a,ZZ,72477,Last_d178528e,First_72cae815,5050375952,user_715c4f12e0@example.com,Note_2168f0cd,791,74F11F0D-CE33-4054-9230-A6B66F26DE5D
OWNER_0b8a776a605a,Company_9d6fc041,Last_3d5e4cf2,First_829af5b7,5057396890,5050375952,user_7f5cc9902b@example.com,Address_d2d4000f,City_b0ccc046,ZZ,70370,Address_6234507b,City_e4816e8a,ZZ,70370,Last_006a5c53,First_c8bbd30a,5054644172,user_fa122c666a@example.com,Note_318d134f,1464,B80C489B-45AE-4195-B4DB-A6F44C18EB05
OWNER_bdae9eb0c6ad,Company_9d6fc041,Last_90cb6654,First_82f03877,5050668210,5053733692,user_715c4f12e0@example.com,Address_ecd0cc8c,City_1c11a706,ZZ,65345,Address_a226cdca,City_c05d421a,ZZ,72477,Last_f7dbbb86,First_d091ee6f,5050375952,user_715c4f12e0@example.com,Note_2168f0cd,249,FA262B0A-1B3B-488A-B558-A708407F7FEE
OWNER_92a29055270d,Company_cc2efe02,Last_00f361d7,First_490ae46a,5054743929,5050375952,user_715c4f12e0@example.com,Address_f05df871,City_e708c712,ZZ,72477,Address_a226cdca,City_c05d421a,ZZ,72477,Last_d178528e,First_72cae815,5050375952,user_715c4f12e0@example.com,Note_63d14da1,1082,52BAEBF7-8355-49EE-997F-A71854D64847
OWNER_579f3ad1accc,Company_d147cd57,Last_c8cd581c,First_0cc48caf,5052984764,5050375952,user_715c4f12e0@example.com,Address_206d14a7,City_73ebcd64,ZZ,15642,Address_0e8c8801,City_9415c49e,ZZ,15642,Last_d178528e,First_72cae815,5050375952,user_715c4f12e0@example.com,Note_4cb475f5,1000,4A136CE7-7F48-41B2-A180-A74980B10153
OWNER_121d5b6946df,Company_9d6fc041,Last_8cd18ced,First_886a7e82,5050375952,5058550759,user_26319cbf77@example.com,Address_6eb3dd06,City_0d7d9518,ZZ,17900,Address_f990e202,City_32d30c4f,ZZ,58363,Last_d178528e,First_72cae815,5050375952,user_715c4f12e0@example.com,Note_2168f0cd,1807,3749F549-D315-49A2-8688-A7514289B161
OWNER_f5e409c7f4b2,Company_9d6fc041,Last_e39e0d6b,First_cd96949e,5050375952,5050375952,user_715c4f12e0@example.com,Address_f05df871,City_e708c712,ZZ,72477,Address_a226cdca,City_c05d421a,ZZ,72477,Last_d178528e,First_72cae815,5050375952,user_715c4f12e0@example.com,Note_2168f0cd,860,E68AF100-362B-40AC-9274-A7924FACC6BF
OWNER_f96ce5cd0250,Company_9d6fc041,Last_c3d4a251,First_06954b2f,5057555048,5050375952,user_c689897c8b@example.com,Address_33ffa74a,City_9b94cfc5,ZZ,58363,Address_8bbb3862,City_32d30c4f,ZZ,58363,Last_d178528e,First_72cae815,5050375952,user_715c4f12e0@example.com,Note_2168f0cd,1811,CCDC614E-B106-42FC-84ED-A79988B77992
OWNER_2a55cc18a9ea,Company_9d6fc041,Last_b1ecd6d3,First_2c24c138,5050375952,5050375952,user_715c4f12e0@example.com,Address_f05df871,City_e708c712,ZZ,72477,Address_a226cdca,City_c05d421a,ZZ,72477,Last_d178528e,First_72cae815,5050375952,user_715c4f12e0@example.com,Note_f9d98cb8,40,F9D5CC9E-4BC0-43F3-9281-A7A8763AA2BC
OWNER_74049fdbea9f,Company_cba60d00,Last_da4159d1,First_e04896de,5056118465,5050375952,user_715c4f12e0@example.com,Address_f05df871,City_e708c712,ZZ,72477,Address_a226cdca,City_c05d421a,ZZ,72477,Last_074d4aca,First_3734370c,5058005151,user_d0d99ea123@example.com,Note_e1bff76e,1080,8C113B41-3119-4EB0-A121-A7AA22B73105
OWNER_2b32a61458d5,Company_9d6fc041,Last_f5dacbb4,First_407873b7,5055970873,5054487014,user_097352b7d3@example.com,Address_f05df871,City_e708c712,ZZ,72477,Address_010f04b4,City_17db8506,ZZ,72477,Last_4d931a7c,First_7fa0b6f0,5050375952,user_92b054229d@example.com,Note_2168f0cd,943,7DEA58AC-8B7A-4DD4-8078-A860F1071C85
OWNER_8bfa809563ee,Company_9d6fc041,Last_2df9b907,First_c9a9a1e7,5050375952,5058853154,user_cea42008bc@example.com,Address_878d1143,City_c0fbf85c,ZZ,75073,Address_ae069d27,City_76200585,ZZ,75073,Last_d178528e,First_72cae815,5050375952,user_715c4f12e0@example.com,Note_f939ed27,1192,38FF79EA-C162-4533-A6B3-A867D07A2764
OWNER_4ef5884a556a,Company_9d6fc041,Last_eb81c461,First_97959d73,5054768223,5052512156,user_715c4f12e0@example.com,Address_f05df871,City_e708c712,ZZ,72477,Address_a226cdca,City_c05d421a,ZZ,72477,Last_d178528e,First_72cae815,5050375952,user_715c4f12e0@example.com,Note_2168f0cd,676,C3B9E258-8EE8-408A-824D-A92814D252B6
OWNER_f92c07f9955a,Company_9d6fc041,Last_86b49751,First_f82bc979,5050375952,5051393288,user_28392813dd@example.com,Address_39712e96,City_f194ca26,ZZ,67893,Address_835d0de5,City_94b6fd86,ZZ,67893,Last_d178528e,First_72cae815,5050375952,user_715c4f12e0@example.com,Note_2168f0cd,1895,4B74B188-BD4C-4BA8-9BF2-A96563CF37A1
OWNER_2fafe65cfffc,Company_9d6fc041,Last_22617a5f,First_6cd16bc6,5050375952,5050375952,user_715c4f12e0@example.com,Address_f05df871,City_e708c712,ZZ,72477,Address_a226cdca,City_c05d421a,ZZ,72477,Last_d178528e,First_72cae815,5050375952,user_715c4f12e0@example.com,Note_2168f0cd,485,A2425472-2526-4246-94BE-A9823C3C71EC
OWNER_666f377cb097,Company_9d6fc041,Last_d053be44,First_040dfb45,5050375952,5051562958,user_715c4f12e0@example.com,Address_4c08cf72,City_c8ef49e0,ZZ,99337,Address_4c2afedd,City_253be803,ZZ,99337,Last_d178528e,First_72cae815,5050375952,user_715c4f12e0@example.com,Note_4c200236,1871,3949E975-4794-48A2-9FF7-A990A9673974
OWNER_1e3ad17f5185,Company_09757698,Last_20cf5263,First_258cb898,5057304894,5050375952,user_715c4f12e0@example.com,Address_243a476b,City_c5b48cb6,ZZ,74326,Address_a226cdca,City_c05d421a,ZZ,72477,Last_d178528e,First_72cae815,5050375952,user_715c4f12e0@example.com,Note_2168f0cd,941,A81153AB-685A-40B6-825D-A9984E281518
OWNER_1e28538994a0,Company_9d6fc041,Last_7a5ae77a,First_f012794e,5050375952,5050375952,user_715c4f12e0@example.com,Address_f05df871,City_e708c712,ZZ,72477,Address_a226cdca,City_c05d421a,ZZ,72477,Last_d178528e,First_72cae815,5050375952,user_715c4f12e0@example.com,Note_8671cb4a,431,30A3AE3D-EF4D-4FEF-9151-A9FB2725FB38
OWNER_397c590fe22a,Company_9d6fc041,Last_d32d61a8,First_a82d6021,5059749164,5057514643,user_715c4f12e0@example.com,Address_f05df871,City_e708c712,ZZ,72477,Address_a226cdca,City_c05d421a,ZZ,72477,Last_d178528e,First_72cae815,5050375952,user_715c4f12e0@example.com,Note_2168f0cd,1657,90968B3A-FEBB-5947-8A3B-AA11F0E88F6C
OWNER_62ed1908e72a,Company_d7b9b85f,Last_22e4461d,First_4c767f00,5050375952,5054574744,user_9e3b7d958f@example.com,Address_f05df871,City_e708c712,ZZ,72477,Address_a226cdca,City_c05d421a,ZZ,72477,Last_d4a7b49f,First_9f2140d6,5051139641,user_715c4f12e0@example.com,Note_c4205f3f,1743,649AA036-5ED0-B741-BEA3-AA1E631C5B06
OWNER_5268100d4d80,Company_5d009bc7,Last_2fb65a10,First_e11fc1c2,5050441035,5058239500,user_532d3db00a@example.com,Address_60a4bd90,City_73ebcd64,ZZ,15642,Address_a226cdca,City_c05d421a,ZZ,72477,Last_d178528e,First_72cae815,5050375952,user_715c4f12e0@example.com,Note_3945071b,558,64FB9399-BCE7-4B20-A4FB-AA41392E6D88
OWNER_4442e342fb21,Company_9d6fc041,Last_b6fc6cdf,First_d8d8de3c,5054736701,5050375952,user_45df042b10@example.com,Address_f05df871,City_e708c712,ZZ,72477,Address_a226cdca,City_c05d421a,ZZ,72477,Last_e0c1e7f5,First_d14e4f05,5053563572,user_715c4f12e0@example.com,Note_092187a4,1043,5F52EA95-D99C-4E1E-A650-AA77E0DECAEE
OWNER_e57e375322de,Company_9d6fc041,Last_f051e95a,First_6ea1b591,5050375952,5050375952,user_eb0909ddaf@example.com,Address_5ae9d0ad,City_9b94cfc5,ZZ,58363,Address_a56a2a18,City_32d30c4f,ZZ,58363,Last_d178528e,First_72cae815,5050375952,user_715c4f12e0@example.com,Note_2168f0cd,1804,51E6A1BB-08C9-42D9-AFD0-AA949F420686
OWNER_65072c8f9029,Company_588b860b,Last_7bd3af51,First_2c24c138,5050375952,5050375952,user_715c4f12e0@example.com,Address_f05df871,City_e708c712,ZZ,72477,Address_a226cdca,City_c05d421a,ZZ,72477,Last_d178528e,First_72cae815,5050375952,user_715c4f12e0@example.com,Note_2168f0cd,159,25AC7FFA-E6D8-4CE9-9F2A-AADE0E54BEAF
OWNER_251b356ecab4,Company_43292ea4,Last_a90ad7e2,First_a7be58cc,5055197662,5057574051,user_715c4f12e0@example.com,Address_3a0b741f,City_3a05a3a0,ZZ,83181,Address_a226cdca,City_c05d421a,ZZ,72477,Last_8167e636,First_72b33cf5,5054896205,user_21cfd4194c@example.com,Note_ca8c895f,544,60FF76CD-9F2B-4A26-920C-AAF59658F192
OWNER_2e8e77582efa,Company_9d6fc041,Last_7e293f04,First_667f00bd,5050375952,5050555362,user_0f0b1f400b@example.com,Address_f2b82a24,City_c8ef49e0,ZZ,99337,Address_714cf296,City_253be803,ZZ,99337,Last_d178528e,First_72cae815,5050375952,user_715c4f12e0@example.com,Note_2168f0cd,1867,BD705831-120C-4163-A55B-AAF686F05DAF
OWNER_07425326e5c6,Company_9d6fc041,Last_17fac7cf,First_abf52d77,5054446492,5050375952,user_715c4f12e0@example.com,Address_f05df871,City_e708c712,ZZ,72477,Address_a226cdca,City_c05d421a,ZZ,72477,Last_d178528e,First_72cae815,5050375952,user_715c4f12e0@example.com,Note_d1f724e3,634,7B2184EE-7E7F-45AA-9895-AB0BBB27A92A
OWNER_5fef0ef4897e,Company_9d6fc041,Last_e98635d7,First_5b4a484f,5054985084,5050375952,user_715c4f12e0@example.com,Address_f05df871,City_e708c712,ZZ,72477,Address_eb0ba662,City_c05d421a,ZZ,72477,Last_d178528e,First_72cae815,5050375952,user_715c4f12e0@example.com,Note_60c1f821,228,81CBA952-EEB9-499F-A3AB-AB43BF6942A4
OWNER_168b76775cf7,Company_d6fd5ca1,Last_7bd3af51,First_2c24c138,5050375952,5050375952,user_715c4f12e0@example.com,Address_f05df871,City_e708c712,ZZ,72477,Address_a226cdca,City_c05d421a,ZZ,72477,Last_d178528e,First_72cae815,5050375952,user_715c4f12e0@example.com,Note_2168f0cd,1075,5294E9CF-CB80-421B-ADAA-AB89CB3377F9
OWNER_8977df4acf05,Company_9d6fc041,Last_ac198626,First_829af5b7,5055723710,5050375952,user_75928b883a@example.com,Address_0e30271f,City_46f66fcf,ZZ,39493,Address_673761d1,City_729a8613,ZZ,39493,Last_d178528e,First_72cae815,5050375952,user_715c4f12e0@example.com,Note_2168f0cd,1860,3BE82F87-9D03-4049-91E2-AB90C2C9DA38
OWNER_9e611f1e906a,Company_9d6fc041,Last_b183f96c,First_a165c52b,5050291287,5050375952,user_c871f2b243@example.com,Address_04f8ac8d,City_c0fbf85c,ZZ,75073,Address_a2255e06,City_76200585,ZZ,75073,Last_d178528e,First_97bac9d6,5057441778,user_715c4f12e0@example.com,Note_4fc46fcd,1277,8AF48760-CE68-4AE6-99F5-AB9A03417797
OWNER_a19e374f28d9,Company_9d6fc041,Last_0686201b,First_098b7a78,5052386666,5050375952,user_715c4f12e0@example.com,Address_7139faa6,City_9870ba28,ZZ,26022,Address_a226cdca,City_c05d421a,ZZ,72477,Last_f2bc0673,First_bc3a4c04,5050375952,user_715c4f12e0@example.com,Note_0cd93789,514,DB23BBFD-101D-4EDB-A9A5-AC133126F2AB
OWNER_3e0a893655c7,Company_9d6fc041,Last_4bfb4c00,First_42f60563,5059698591,5050375952,user_715c4f12e0@example.com,Address_28c9c927,City_c0fbf85c,ZZ,75073,Address_31e41ed3,City_76200585,ZZ,75073,Last_d178528e,First_72cae815,5050375952,user_715c4f12e0@example.com,Note_2168f0cd,1340,AE55CA93-6F7F-43C1-A2E7-AC1965C127F2
OWNER_335346b44c73,Company_9d6fc041,Last_a81c1b18,First_d6216734,5059622697,5050375952,user_715c4f12e0@example.com,Address_f7f56482,City_fb775d72,ZZ,24366,Address_4edb8af6,City_c05d421a,ZZ,72477,Last_d178528e,First_72cae815,5050375952,user_715c4f12e0@example.com,Note_2168f0cd,389,A6CA074B-E5CD-4C05-B148-AC44BF97826B
OWNER_0aa55079e0e5,Company_3948a70c,Last_7bd3af51,First_2c24c138,5050375952,5050375952,user_715c4f12e0@example.com,Address_f05df871,City_e708c712,ZZ,72477,Address_a226cdca,City_c05d421a,ZZ,72477,Last_d178528e,First_72cae815,5050375952,user_715c4f12e0@example.com,Note_2168f0cd,127,6FD474A6-F8EA-4950-B130-AC7C5A2854D2
OWNER_b099fded4400,Company_9d6fc041,Last_9e34bf02,First_d8737694,5050375952,5053265059,user_ccf952b5ff@example.com,Address_5624dd0b,City_37084ed9,ZZ,72477,Address_6d6e94f3,City_528281b9,ZZ,72477,Last_d178528e,First_72cae815,5050375952,user_715c4f12e0@example.com,Note_2168f0cd,1204,DD9CC3DD-69CA-4F62-A170-AC887EC51D9A
OWNER_b3c41489bf48,Company_9d6fc041,Last_54a3ad1d,First_667f00bd,5050375952,5059137130,user_f8a0ab64d6@example.com,Address_730c921b,City_c3e07d03,ZZ,11928,Address_db4ff7af,City_03ac272d,ZZ,11928,Last_d178528e,First_72cae815,5050375952,user_715c4f12e0@example.com,Note_2168f0cd,1855,0397332B-83AC-4CEE-9338-AC97D1788234
OWNER_95fdbb8dd3a1,Company_780479e8,Last_a40d176b,First_5a53d49c,5054986921,5050593949,user_312dfd8ba4@example.com,Address_f05df871,City_e708c712,ZZ,72477,Address_a226cdca,City_c05d421a,ZZ,72477,Last_d178528e,First_72cae815,5050375952,user_715c4f12e0@example.com,Note_69d5ba7e,1436,F76A4097-ABE5-4919-8869-ACD4786C009C
OWNER_e5b67e42ac23,Company_9d6fc041,Last_e8a0505c,First_2c24c138,5050375952,5050375952,user_715c4f12e0@example.com,Address_f05df871,City_e708c712,ZZ,72477,Address_a226cdca,City_c05d421a,ZZ,72477,Last_d178528e,First_72cae815,5050375952,user_715c4f12e0@example.com,Note_2168f0cd,521,2032071A-0DB8-432F-AA73-AD72821D24CA
OWNER_fe08292ef4fb,Company_01f69159,Last_b331a2a9,First_46a30178,5053540936,5050375952,user_715c4f12e0@example.com,Address_f05df871,City_e708c712,ZZ,72477,Address_a226cdca,City_c05d421a,ZZ,72477,Last_5b9cf5f5,First_3d379cb7,5059055413,user_715c4f12e0@example.com,Note_30c90c8c,573,A66AC4F6-7D0A-40F9-A608-ADE04D61896E
OWNER_03d1ad9e4030,Company_8965c380,Last_715a9233,First_80048d37,5053033561,5050375952,user_715c4f12e0@example.com,Address_f05df871,City_e708c712,ZZ,72477,Address_a226cdca,City_c05d421a,ZZ,72477,Last_d178528e,First_72cae815,5050375952,user_715c4f12e0@example.com,Note_2168f0cd,599,E9FD3EA0-A844-4B12-9214-ADE867D05ED3
OWNER_04c2686a2b31,Company_9d6fc041,Last_9bce7c5e,First_0c5d8d0b,5050375952,5052454665,user_715c4f12e0@example.com,Address_391378e2,City_b40e15b2,ZZ,99043,Address_a226cdca,City_c05d421a,ZZ,72477,Last_d178528e,First_72cae815,5050375952,user_715c4f12e0@example.com,Note_756466a5,980,7B5F4CDC-A999-47DD-A73E-ADF1418BA0A3
OWNER_4b84c83e1acb,Company_1fb749cd,Last_7bd3af51,First_2c24c138,5050375952,5050375952,user_715c4f12e0@example.com,Address_f05df871,City_e708c712,ZZ,72477,Address_a226cdca,City_c05d421a,ZZ,72477,Last_d178528e,First_72cae815,5050375952,user_715c4f12e0@example.com,Note_2168f0cd,358,7CCCDB40-93C0-473F-A883-ADF97BC83B6B
OWNER_c1f3356bde9d,Company_c92c2499,Last_7bd3af51,First_2c24c138,5050375952,5050375952,user_715c4f12e0@example.com,Address_f05df871,City_e708c712,ZZ,72477,Address_a226cdca,City_c05d421a,ZZ,72477,Last_d178528e,First_72cae815,5050375952,user_715c4f12e0@example.com,Note_2168f0cd,199,02F80770-421F-4D77-8959-AE1DAC2E65C3
OWNER_66256bbc80db,Company_9d6fc041,Last_3a3eb91c,First_ef7fee84,5050299278,5050375952,user_715c4f12e0@example.com,Address_4eb3882c,City_2402b24b,ZZ,38297,Address_8d471c3f,City_c05d421a,ZZ,72477,Last_d178528e,First_72cae815,5050375952,user_715c4f12e0@example.com,Note_2168f0cd,155,35D5DB5A-27BA-43F9-8005-AE3441E1CB84
OWNER_85df51b6fd22,Company_9d6fc041,Last_f95a0c52,First_1e5edc0e,5057281369,5050375952,user_ee7b077c53@example.com,Address_c5b232f4,City_ca4bb91c,ZZ,70370,Address_a2d53903,City_17db8506,ZZ,72477,Last_d178528e,First_72cae815,5050375952,user_715c4f12e0@example.com,Note_2168f0cd,42,E9C40273-A85E-41B0-8B11-AE3701EE3079
OWNER_be274ae270eb,Company_9d6fc041,Last_63039325,First_bfd90a9d,5058175688,5050375952,user_2bc7e71f27@example.com,Address_38c6c44c,City_c0fbf85c,ZZ,75073,Address_0f425dea,City_76200585,ZZ,75073,Last_d178528e,First_72cae815,5050375952,user_715c4f12e0@example.com,Note_2168f0cd,1353,157C7280-42AC-4CF7-AC07-AE5602645F15
OWNER_7ae79917ef92,Company_9d6fc041,Last_7417c1f4,First_5a53d49c,5050375952,5050375952,user_715c4f12e0@example.com,Address_f05df871,City_e708c712,ZZ,72477,Address_a226cdca,City_c05d421a,ZZ,72477,Last_d178528e,First_72cae815,5050375952,user_715c4f12e0@example.com,Note_2168f0cd,188,074FF1CD-35AC-4497-9EEC-AE653D3589B8
OWNER_79f68cda3d28,Company_9d6fc041,Last_c18aa6a2,First_d485e2fe,5050375952,5050375952,user_715c4f12e0@example.com,Address_f05df871,City_e708c712,ZZ,72477,Address_a226cdca,City_c05d421a,ZZ,72477,Last_d178528e,First_72cae815,5050375952,user_715c4f12e0@example.com,Note_47005c0a,66,0BE2AD28-803A-4502-B42E-AE72491B770B
OWNER_a5fd2b96c006,Company_9d6fc041,Last_211a734e,First_ce62a2a3,5050375952,5050375952,user_715c4f12e0@example.com,Address_f05df871,City_e708c712,ZZ,72477,Address_a226cdca,City_c05d421a,ZZ,72477,Last_d178528e,First_72cae815,5050375952,user_715c4f12e0@example.com,Note_8671cb4a,424,86C9EBBE-0B34-4B78-A0F6-AE7E672FB194
OWNER_bed80286e116,Company_9d6fc041,Last_c4062955,First_d8d8de3c,5059008043,5050375952,user_8ba894046a@example.com,Address_9588282b,City_03403c03,ZZ,13416,Address_b13e601b,City_282e7459,ZZ,72477,Last_fb0f225e,First_65a91122,5050375952,user_715c4f12e0@example.com,Note_2168f0cd,1180,5A6E17D0-ADBA-4074-AF27-AE895261C26E
OWNER_2e221459c364,Company_9d6fc041,Last_30429550,First_09492bcc,5058959033,5050375952,user_715c4f12e0@example.com,Address_f05df871,City_e708c712,ZZ,72477,Address_a226cdca,City_c05d421a,ZZ,72477,Last_d178528e,First_72cae815,5050375952,user_715c4f12e0@example.com,Note_57b37183,535,378F9507-440A-41FC-AC60-AE92BD704701
OWNER_409798237e5d,Company_9d6fc041,Last_a6c816f8,First_667f00bd,5059276711,5050375952,user_715c4f12e0@example.com,Address_e4c05c04,City_2402b24b,ZZ,48412,Address_a226cdca,City_c05d421a,ZZ,72477,Last_d178528e,First_72cae815,5050375952,user_715c4f12e0@example.com,Note_2168f0cd,789,4FD56E2C-4DD8-4637-BA2E-AEB8B2CFB377
OWNER_6541fa279916,Company_0acc5020,Last_6736adb7,First_e63a81f1,5058508828,5050375952,user_715c4f12e0@example.com,Address_15d9cb0c,City_e708c712,ZZ,72477,Address_a226cdca,City_c05d421a,ZZ,72477,Last_b75b1641,First_c8532e7b,5054144983,user_715c4f12e0@example.com,Note_2168f0cd,151,F74514AA-747C-4FDB-A3CC-AEBC55EFE0CA
OWNER_115ee602466d,Company_9d6fc041,Last_653b8fef,First_5acb7ab5,5057496675,5057496675,user_f0b235cd6b@example.com,Address_d9200b07,City_a92343bb,ZZ,52144,Address_6d605d6a,City_1dc7b45a,ZZ,52144,Last_d178528e,First_72cae815,5050375952,user_715c4f12e0@example.com,Note_2168f0cd,1902,40856240-6E5B-43D7-AC64-AEC92AEC4A97
OWNER_5ad870f1ef26,Company_9d6fc041,Last_d3e57006,First_0bf87478,5050375952,5057220371,user_5cf8ac2c06@example.com,Address_bc8ff4d6,City_c0fbf85c,ZZ,75073,Address_931b3f77,City_76200585,ZZ,75073,Last_d178528e,First_72cae815,5050375952,user_715c4f12e0@example.com,Note_2168f0cd,1191,089FD104-B0EE-4964-9C38-AED3B43B0B5D
OWNER_e871ba9f607c,Company_c792a857,Last_b398e632,First_e35c9555,5050375952,5052026919,user_715c4f12e0@example.com,Address_ff2d46ab,City_f194ca26,ZZ,67893,Address_d2a2d596,City_94b6fd86,ZZ,67893,Last_3c271c76,First_8998a526,5050785338,user_715c4f12e0@example.com,Note_13230e28,1599,A3F716A0-1629-874F-AE24-AEF20961A1EB
OWNER_821a0aa08630,Company_9d6fc041,Last_1e77decf,First_9244c76b,5050375952,5050375952,user_715c4f12e0@example.com,Address_f05df871,City_e708c712,ZZ,72477,Address_a226cdca,City_c05d421a,ZZ,72477,Last_d178528e,First_72cae815,5050375952,user_715c4f12e0@example.com,Note_c99c3502,99,5CEF58A1-AE18-4DE0-AC7C-AF23AFA89696
OWNER_783b10e08595,Company_9d6fc041,Last_1b586cf1,First_e8a7ac52,5052213786,5050375952,user_4191544037@example.com,Address_d37bf352,City_c0fbf85c,ZZ,75073,Address_ef4bcc6c,City_76200585,ZZ,75073,Last_d178528e,First_72cae815,5050375952,user_715c4f12e0@example.com,Note_2168f0cd,1306,A47E1812-7817-43F4-BACF-AF2BC577792C
OWNER_778ed5da9984,Company_949ad97d,Last_38359662,First_5e78985a,5050375952,5053148263,user_fa3492f895@example.com,Address_f05df871,City_e708c712,ZZ,72477,Address_724c6ac3,City_4e9d70b8,ZZ,36173,Last_4da2d232,First_786c3580,5050375952,user_6306b55011@example.com,Note_2168f0cd,1449,6B2166AE-4A11-4F61-AE7E-AF30F390D3BA
OWNER_4a6fbdca698d,Company_af02f522,Last_02ae26e9,First_52933a36,5050424749,5051855719,user_715c4f12e0@example.com,Address_7df589d8,City_6e3c45e1,ZZ,27287,Address_a226cdca,City_c05d421a,ZZ,72477,Last_d178528e,First_26c2079a,5050424749,user_715c4f12e0@example.com,Note_1dca2228,244,C94B7A72-D54D-4F17-966C-AF38143C5BCA
OWNER_a2fc0ff01db0,Company_9d6fc041,Last_78147405,First_3acee2d3,5053386966,5050375952,user_715c4f12e0@example.com,Address_174b6ee7,City_2402b24b,ZZ,48412,Address_a226cdca,City_c05d421a,ZZ,72477,Last_d178528e,First_72cae815,5050375952,user_715c4f12e0@example.com,Note_fd6e7b89,942,FE62FD80-CCFD-49A3-8E2C-AF43420CA25C
OWNER_935a7a105f92,Company_9d6fc041,Last_2e6ac891,First_4c5249c6,5050375952,5059400540,user_715c4f12e0@example.com,Address_7490f2d2,City_c0fbf85c,ZZ,75073,Address_1e38e9b3,City_76200585,ZZ,75073,Last_13c5ab26,First_839e88cd,5050375952,user_715c4f12e0@example.com,Note_31ed61a0,1185,51CFC4D4-B8A0-4321-AA4D-AF51BDA639DE
OWNER_c097cf593730,Company_9d6fc041,Last_e508f983,First_9c8db994,5057229626,5050375952,user_715c4f12e0@example.com,Address_f05df871,City_e708c712,ZZ,72477,Address_df175553,City_76200585,ZZ,72477,Last_d178528e,First_72cae815,5050375952,user_715c4f12e0@example.com,Note_2168f0cd,1451,0509E9E8-F60B-42F6-AF77-AF7583A1130D
OWNER_2e32917ba5c3,Company_9d6fc041,Last_2fb65a10,First_e11fc1c2,5050441035,5058239500,user_715c4f12e0@example.com,Address_ae4fc170,City_73ebcd64,ZZ,15642,Address_9beb9916,City_9415c49e,ZZ,15642,Last_b63af7e7,First_057de3ce,5059018605,user_715c4f12e0@example.com,Note_3ae7c9d6,875,411D5626-3E4B-4DA1-A84E-AF9D18B7A840
OWNER_6161b9fee376,Company_9d6fc041,Last_0686201b,First_4d2c5486,5054650370,5050375952,user_715c4f12e0@example.com,Address_474872b8,City_37084ed9,ZZ,45530,Address_5d34afe3,City_528281b9,ZZ,72477,Last_d178528e,First_72cae815,5050375952,user_715c4f12e0@example.com,Note_2ea0855a,1209,C27228F2-0325-4B29-AEE0-AFDBE51C8871
OWNER_703e6c44d794,Company_9d6fc041,Last_6ec34736,First_098b7a78,5050375952,5050375952,user_715c4f12e0@example.com,Address_f05df871,City_e708c712,ZZ,72477,Address_a226cdca,City_c05d421a,ZZ,72477,Last_d1c4faa4,First_32077c4b,5050375952,user_715c4f12e0@example.com,Note_2168f0cd,494,577495D7-04A8-4D8F-8B02-B0343AA80827
OWNER_61c7ce32b5ac,Company_9d38c351,Last_42d64e9b,First_97959d73,5059370630,5054299711,user_2eecf6ed69@example.com,Address_f05df871,City_e708c712,ZZ,72477,Address_0fd9b482,City_7feb186b,ZZ,36127,Last_d178528e,First_72cae815,5050375952,user_715c4f12e0@example.com,Note_bbf0c208,1619,C91620CD-17A4-4D4A-B205-B03E81B5DDEA
OWNER_976c91236904,Company_3ca84181,Last_7377761d,First_69d72d44,5050375952,5050375952,user_715c4f12e0@example.com,Address_651912e0,City_aeb02e3b,ZZ,80528,Address_a226cdca,City_c05d421a,ZZ,72477,Last_fba6cd48,First_7167ad01,5050375952,user_715c4f12e0@example.com,Note_3c90894a,892,A827777E-0F4B-49A5-BD1C-B080E2E390F3
OWNER_503295f0bdb9,Company_9d6fc041,Last_d12087a1,First_69aa8fb0,5052931318,5057729990,user_715c4f12e0@example.com,Address_f05df871,City_e708c712,ZZ,72477,Address_a226cdca,City_c05d421a,ZZ,72477,Last_d178528e,First_72cae815,5050375952,user_715c4f12e0@example.com,Note_2168f0cd,795,437E4CA7-CC79-454E-9021-B0C836066740
OWNER_d47163f269a0,Company_9d6fc041,Last_67d27b36,First_15f0b93f,5054393923,5050375952,user_715c4f12e0@example.com,Address_d0e36d11,City_f56f2a96,ZZ,16176,Address_a226cdca,City_c05d421a,ZZ,72477,Last_d178528e,First_72cae815,5050375952,user_715c4f12e0@example.com,Note_2168f0cd,642,77535466-EB0B-4D55-AAD7-B0C952DFB4DF
OWNER_10a2d1a07c0a,Company_9d6fc041,Last_6aef51af,First_bf2ec069,5053255906,5050375952,user_dc254e3158@example.com,Address_4f7519be,City_23604209,ZZ,73028,Address_d6b7daa2,City_adce70d4,ZZ,73028,Last_1360dbf1,First_78a6b281,5050375952,user_715c4f12e0@example.com,Note_ac4d32a1,1475,9FC013F0-2720-5F40-9596-B0CD0951BFA0
OWNER_eceb75a2fb03,Company_9d6fc041,Last_79a8c371,First_5a53d49c,5050375952,5050375952,user_715c4f12e0@example.com,Address_f05df871,City_e708c712,ZZ,72477,Address_a226cdca,City_c05d421a,ZZ,72477,Last_d178528e,First_72cae815,5050375952,user_715c4f12e0@example.com,Note_2168f0cd,1144,228624A4-74CF-4CC8-8729-B0FD77EA97B6
OWNER_b9a60c4ace2e,Company_9d6fc041,Last_c539d043,First_c7d8fa1c,5053890861,5050375952,user_715c4f12e0@example.com,Address_d2726017,City_fb775d72,ZZ,24366,Address_e5eecad1,City_c05d421a,ZZ,72477,Last_87312a96,First_ee0a8374,5050375952,user_715c4f12e0@example.com,Note_02a10212,956,4E86EA07-2F3B-41D8-8BFC-B10168A2249C
OWNER_6e258733f868,Company_9d6fc041,Last_dea24287,First_49275da6,5056491012,5050375952,user_715c4f12e0@example.com,Address_ac6a031d,City_c0fbf85c,ZZ,75073,Address_d15f7671,City_76200585,ZZ,75073,Last_d178528e,First_72cae815,5050375952,user_715c4f12e0@example.com,Note_2168f0cd,1310,CDB92ADA-E50C-4557-8FD8-B1452367AB06
OWNER_65879291c4a7,Company_9d6fc041,Last_8decac6c,First_35676814,5050375952,5059024928,user_e826fd7d4a@example.com,Address_0c6d635c,City_46f66fcf,ZZ,39493,Address_0f11d91c,City_729a8613,ZZ,39493,Last_d178528e,First_72cae815,5050375952,user_715c4f12e0@example.com,Note_2168f0cd,1839,A0312A2E-EEC1-44A4-B2C4-B19733F76FCF
OWNER_71c33bf7077c,Company_9d6fc041,Last_ae2267f0,First_e2fa7e04,5050375952,5050375952,user_715c4f12e0@example.com,Address_f05df871,City_e708c712,ZZ,72477,Address_a226cdca,City_c05d421a,ZZ,72477,Last_d178528e,First_72cae815,5050375952,user_715c4f12e0@example.com,Note_2168f0cd,77,23303DF1-50CB-4EDF-A067-B1AEA86BC345
OWNER_6d89b95235ce,Company_9d6fc041,Last_93a78bf2,First_cb166797,5055397218,5051299908,user_546144acf1@example.com,Address_822886c4,City_fb775d72,ZZ,24366,Address_53376025,City_c05d421a,ZZ,72477,Last_d178528e,First_72cae815,5050375952,user_715c4f12e0@example.com,Note_2168f0cd,226,06078C63-0753-4153-900C-B1B73BE05317
OWNER_7fe716d2f59c,Company_9d6fc041,Last_9c37b6bc,First_5a53d49c,5057793657,5050375952,user_715c4f12e0@example.com,Address_f05df871,City_e708c712,ZZ,72477,Address_a226cdca,City_c05d421a,ZZ,72477,Last_d178528e,First_72cae815,5050375952,user_715c4f12e0@example.com,Note_82e56b65,700,5C0AB032-89D9-4409-85D8-B1E386533367
OWNER_19ccee6b9d97,Company_9d6fc041,Last_e35545f6,First_7e45797a,5052256012,5050375952,user_e2f6e9e4b6@example.com,Address_b8c762d7,City_2e663e2c,ZZ,05295,Address_5d465b75,City_81793998,ZZ,72477,Last_d178528e,First_72cae815,5050375952,user_715c4f12e0@example.com,Note_b7366910,1735,3B57F822-9799-7D42-BD08-B1F481A0F473
OWNER_1daf9516d658,Company_c44ea1b1,Last_7bd3af51,First_2c24c138,5050375952,5050375952,user_715c4f12e0@example.com,Address_f05df871,City_e708c712,ZZ,72477,Address_a226cdca,City_c05d421a,ZZ,72477,Last_d178528e,First_72cae815,5050375952,user_715c4f12e0@example.com,Note_2168f0cd,1404,D556240D-AF9E-4D45-8CEF-B2306D10F82C
OWNER_856a1114895a,Company_9d6fc041,Last_3c1247c8,First_67acc7bc,5057839551,5050375952,user_ab6c6ba5ff@example.com,Address_9d46c493,City_fb775d72,ZZ,24366,Address_f13dfa7d,City_c05d421a,ZZ,72477,Last_7bcea94a,First_9d051f76,5050375952,user_715c4f12e0@example.com,Note_2168f0cd,21,54B0196A-9D33-4522-B7E3-B2429CE212FC
OWNER_d42ca74c61ca,Company_9d6fc041,Last_009e15b3,First_69aa8fb0,5050375952,5054301893,user_5239c954ae@example.com,Address_49472396,City_52149b9e,ZZ,81985,Address_497818a9,City_76200585,ZZ,75073,Last_8031ba6b,First_757b3891,5050711682,user_715c4f12e0@example.com,Note_74c0f1e3,1240,7C79C8D4-E82A-48FB-B2D7-B2882C15C578
OWNER_85bd565b32a5,Company_9d6fc041,Last_7f703642,First_2c24c138,5050375952,5050375952,user_715c4f12e0@example.com,Address_f05df871,City_e708c712,ZZ,72477,Address_a226cdca,City_c05d421a,ZZ,72477,Last_d178528e,First_72cae815,5050375952,user_715c4f12e0@example.com,Note_8671cb4a,1103,4D9420B2-38D3-43E3-9AA9-B2921F0BC24C
OWNER_fa1ca5254eb5,Company_9d6fc041,Last_a3b03fd0,First_00a59a9d,5059923820,5052388049,user_60ef2e39f7@example.com,Address_39b98e48,City_d85b9afd,ZZ,56592,Address_786e47b2,City_aca31459,ZZ,72477,Last_26b90d0f,First_9f2140d6,5050375952,user_715c4f12e0@example.com,Note_2168f0cd,1486,24C400B6-41EF-9F45-8407-B2B11A5CCEAA
OWNER_0ae05ab558b9,Company_349d1bf1,Last_7bd3af51,First_2c24c138,5050375952,5050375952,user_715c4f12e0@example.com,Address_f05df871,City_e708c712,ZZ,72477,Address_a226cdca,City_c05d421a,ZZ,72477,Last_d178528e,First_72cae815,5050375952,user_715c4f12e0@example.com,Note_2168f0cd,898,A3322177-C2F2-4A10-A1FC-B2C1B6488001
OWNER_d957e97ab6d5,Company_9d6fc041,Last_aa0b683d,First_f1f5db66,5050375952,5050375952,user_715c4f12e0@example.com,Address_f05df871,City_e708c712,ZZ,72477,Address_a226cdca,City_c05d421a,ZZ,72477,Last_d178528e,First_72cae815,5050375952,user_715c4f12e0@example.com,Note_e2ac81fe,270,3A409D7A-1510-4CDB-AB1A-B2C59D404844
OWNER_b5ea769ade03,Company_d1217607,Last_7bd3af51,First_2c24c138,5050375952,5050375952,user_715c4f12e0@example.com,Address_f05df871,City_e708c712,ZZ,72477,Address_a226cdca,City_c05d421a,ZZ,72477,Last_d178528e,First_72cae815,5050375952,user_715c4f12e0@example.com,Note_2168f0cd,936,26E92CFA-EE46-4E2E-84A4-B2EFC212D28B
OWNER_26ae04bb443d,Company_630a7bb9,Last_294af759,First_86415bfd,5050868701,5050375952,user_715c4f12e0@example.com,Address_75ce0ac6,City_3a05a3a0,ZZ,17835,Address_ba3a2a3c,City_223baac0,ZZ,72477,Last_d178528e,First_72cae815,5050375952,user_715c4f12e0@example.com,Note_2168f0cd,1361,F268C780-2A93-4B12-B868-B30F2BDC6A1D
OWNER_9e060b6b4e15,Company_9d6fc041,Last_6dd93bc3,First_18425304,5050375952,5054382517,user_2dce0a6eb7@example.com,Address_f05df871,City_e708c712,ZZ,72477,Address_2c8688e8,City_30bd86a3,ZZ,72477,Last_44c527db,First_45e1a47c,5053814108,user_87be2b8fe4@example.com,Note_373dea08,1393,7CB5F31F-0E54-459E-95BD-B31EEFDCBBFA
OWNER_d1610d2fd3e5,Company_9d6fc041,Last_a40d176b,First_667f00bd,5050375952,5050375952,user_715c4f12e0@example.com,Address_c45610a0,City_a000d1fb,ZZ,66775,Address_cbac7a66,City_30bd86a3,ZZ,66775,Last_1546fab4,First_45e1a47c,5053814108,user_87be2b8fe4@example.com,Note_1fb3f030,1376,40774018-A6D6-407E-912D-B3371044821E
OWNER_86e2e1bc7afc,Company_9d6fc041,Last_876beb33,First_b4337b59,5055080052,5050375952,user_95a6492490@example.com,Address_34bf2ba5,City_73ebcd64,ZZ,45892,Address_3ff52958,City_c05d421a,ZZ,72477,Last_d178528e,First_72cae815,5050375952,user_715c4f12e0@example.com,Note_2168f0cd,1091,BBD38A6B-589E-4AEA-A36A-B347AD0901B1
OWNER_d6da583aa506,Company_9d6fc041,Last_8123483e,First_094b82d3,5050375952,5050375952,user_715c4f12e0@example.com,Address_f05df871,City_e708c712,ZZ,72477,Address_a226cdca,City_c05d421a,ZZ,72477,Last_d178528e,First_72cae815,5050375952,user_715c4f12e0@example.com,Note_2168f0cd,882,C6F604C5-E8F9-4796-A398-B365FFD12D75
OWNER_2148620e8db1,Company_1534bcb4,Last_7bd3af51,First_b28e6acc,5050616381,5050375952,user_715c4f12e0@example.com,Address_7d2832e7,City_9bb0076f,ZZ,94763,Address_a226cdca,City_c05d421a,ZZ,72477,Last_d178528e,First_72cae815,5050375952,user_715c4f12e0@example.com,Note_d79306a2,37,C2B7C1EC-8759-4BAC-A67D-B3762230D027
OWNER_c31cfa753fd3,Company_9d6fc041,Last_3bc6e925,First_9a1c2093,5056897165,5053860787,user_4fcee3dc63@example.com,Address_e7962be8,City_eb940fb0,ZZ,28095,Address_a226cdca,City_c05d421a,ZZ,72477,Last_d178528e,First_6f04f1f7,5052695660,user_715c4f12e0@example.com,Note_9b6e3418,1046,F0C2F1E4-271C-45E3-95D9-B3836D3DD4A6
OWNER_79d450c967b3,Company_9d6fc041,Last_8c9e4bfe,First_b0684081,5050375952,5050375952,user_715c4f12e0@example.com,Address_f05df871,City_e708c712,ZZ,72477,Address_a226cdca,City_c05d421a,ZZ,72477,Last_8ca3b2f4,First_a9da71b6,5050375952,user_489aeeb31f@example.com,Note_0ecbeb78,757,C539DD5E-44F6-43E0-B20C-B3D4D0385AD0
OWNER_37a4edd9dcc7,Company_9d6fc041,Last_d7635849,First_b0684081,5058052077,5050375952,user_ac97d1cf94@example.com,Address_e6282102,City_e708c712,ZZ,72477,Address_52b4452c,City_c05d421a,ZZ,72477,Last_d178528e,First_72cae815,5050375952,user_715c4f12e0@example.com,Note_2168f0cd,1305,FD9DF97F-9AED-4C85-B13F-B46ACCE64E17
OWNER_a2a61de46ac8,Company_9d6fc041,Last_66e50b37,First_fa585875,5050375952,5050375952,user_715c4f12e0@example.com,Address_f05df871,City_e708c712,ZZ,72477,Address_a226cdca,City_c05d421a,ZZ,72477,Last_d178528e,First_72cae815,5050375952,user_715c4f12e0@example.com,Note_2168f0cd,1121,76E1BA2E-4D06-4721-931A-B470D7A79118
OWNER_edbb1e1b0186,Company_9d6fc041,Last_27f7f4d0,First_34c50f93,5050375952,5059019978,user_715c4f12e0@example.com,Address_2453b586,City_c0fbf85c,ZZ,75073,Address_2e88d532,City_76200585,ZZ,75073,Last_d178528e,First_72cae815,5050375952,user_715c4f12e0@example.com,Note_2168f0cd,1319,EAD2CF8B-56F5-4E80-A16E-B48BBD1F34F7
OWNER_ae8aa2465029,Company_9d6fc041,Last_d78e0f82,First_f0d296c3,5050375952,5050375952,user_715c4f12e0@example.com,Address_f05df871,City_e708c712,ZZ,72477,Address_a226cdca,City_c05d421a,ZZ,72477,Last_d178528e,First_72cae815,5050375952,user_715c4f12e0@example.com,Note_2168f0cd,235,EF49284E-117C-4A5B-AF3B-B48DDAC61281
OWNER_eb47f5de5a52,Company_9d6fc041,Last_0438958b,First_e2fa7e04,5050658496,5050375952,user_715c4f12e0@example.com,Address_f05df871,City_e708c712,ZZ,72477,Address_a226cdca,City_c05d421a,ZZ,72477,Last_ae456682,First_e9409803,5052088585,user_715c4f12e0@example.com,Note_37cab2a0,83,7D4A4907-83E3-4CB8-946F-B4B0557933B0
OWNER_3ca74ee32565,Company_6131e0b6,Last_7bd3af51,First_2c24c138,5050375952,5050375952,user_715c4f12e0@example.com,Address_f05df871,City_e708c712,ZZ,72477,Address_a226cdca,City_c05d421a,ZZ,72477,Last_d178528e,First_72cae815,5050375952,user_715c4f12e0@example.com,Note_2168f0cd,816,0D227099-1DC5-48EB-9058-B4C14E6C74C1
OWNER_3f1364c2acea,Company_9d6fc041,Last_fb58b603,First_c4dfd3e0,5051459121,5054295598,user_715c4f12e0@example.com,Address_09e216b2,City_ca4bb91c,ZZ,70370,Address_a226cdca,City_c05d421a,ZZ,72477,Last_49bcafc9,First_72cae815,5050375952,user_715c4f12e0@example.com,Note_82af93ce,550,91FE8267-AFEB-4529-AE4C-B4E7AE709A29
OWNER_ba064586e1b2,Company_9d6fc041,Last_7bd3af51,First_ac33ef66,5053905221,5050375952,user_715c4f12e0@example.com,Address_f05df871,City_e708c712,ZZ,72477,Address_a226cdca,City_c05d421a,ZZ,72477,Last_d178528e,First_72cae815,5050375952,user_715c4f12e0@example.com,Note_fc88d1ec,584,EEFB8B4D-93F0-4D7F-B7EE-B50571A91ADF
OWNER_b8bed484126b,Company_9d6fc041,Last_4239fe8c,First_06d7fc66,5057596329,5050375952,user_8eea3d4194@example.com,Address_f05df871,City_e708c712,ZZ,72477,Address_a226cdca,City_c05d421a,ZZ,72477,Last_d178528e,First_72cae815,5050375952,user_715c4f12e0@example.com,Note_2168f0cd,243,019378FA-48E1-4027-AF8B-B50BB7F34D35
OWNER_71ff4f3e3b29,Company_9d6fc041,Last_0ebcdf12,First_28925a74,5050375952,5056061167,user_715c4f12e0@example.com,Address_c17d3d48,City_c0fbf85c,ZZ,75073,Address_4f36e5f9,City_76200585,ZZ,75073,Last_d178528e,First_72cae815,5050375952,user_715c4f12e0@example.com,Note_2168f0cd,1359,2F3EBD26-F7DA-451A-97C0-B5204C3696CF
OWNER_b1b991683c7c,Company_2acd4959,Last_fdab012a,First_2c24c138,5058544643,5050375952,user_715c4f12e0@example.com,Address_f05df871,City_e708c712,ZZ,72477,Address_a226cdca,City_c05d421a,ZZ,72477,Last_d178528e,First_72cae815,5050375952,user_715c4f12e0@example.com,Note_2168f0cd,717,4F1E68C2-BE4F-4697-8470-B55488ADB874
OWNER_ed66ff5332b3,Company_9d6fc041,Last_efa0be4f,First_4b830a01,5054788601,5050375952,user_715c4f12e0@example.com,Address_f05df871,City_e708c712,ZZ,72477,Address_a226cdca,City_c05d421a,ZZ,72477,Last_d178528e,First_72cae815,5050375952,user_715c4f12e0@example.com,Note_2168f0cd,1671,493D0FB8-7C0B-EA4A-A7DC-B58C6950D955
OWNER_1984f12524f1,Company_9d6fc041,Last_ff831b4e,First_776780b8,5050375952,5050375952,user_715c4f12e0@example.com,Address_f05df871,City_e708c712,ZZ,72477,Address_a226cdca,City_c05d421a,ZZ,72477,Last_d178528e,First_72cae815,5050375952,user_715c4f12e0@example.com,Note_2168f0cd,1145,B0BBC772-F533-43CA-97B9-B5BABAB5787C
OWNER_f5d0fe72e76f,Company_9d6fc041,Last_4618a29f,First_7c047c53,5050375952,5050375952,user_715c4f12e0@example.com,Address_f05df871,City_e708c712,ZZ,72477,Address_a226cdca,City_c05d421a,ZZ,72477,Last_d178528e,First_72cae815,5050375952,user_715c4f12e0@example.com,Note_2168f0cd,1052,8E273C53-17FC-4DBB-A539-B61D7EBB5211
OWNER_eb1b8784b1b6,Company_9d6fc041,Last_8c2ffb06,First_317702d6,5051205279,5050375952,user_715c4f12e0@example.com,Address_f05df871,City_e708c712,ZZ,72477,Address_a226cdca,City_c05d421a,ZZ,72477,Last_d178528e,First_72cae815,5050375952,user_715c4f12e0@example.com,Note_2168f0cd,627,1AC692B0-498C-4973-9234-B65606597903
OWNER_5338a6e6a824,Company_9d6fc041,Last_e9d5575e,First_098b7a78,5050187182,5050375952,user_1204f0a0d0@example.com,Address_f05df871,City_e708c712,ZZ,72477,Address_12933884,City_dcff58d6,ZZ,70022,Last_d178528e,First_72cae815,5050375952,user_715c4f12e0@example.com,Note_a04013a6,1737,ADBE650B-632A-7D4E-B952-B6589D750F48
OWNER_e8ee3fa73176,Company_d5917ee8,Last_a18c76d1,First_1fa5fa7a,5058345556,5055474129,user_ac7b3bb72b@example.com,Address_0609061d,City_e6b38396,ZZ,88406,Address_a226cdca,City_c05d421a,ZZ,72477,Last_d178528e,First_72cae815,5050375952,user_715c4f12e0@example.com,Note_c584f628,1170,D6CB7175-EE0C-4458-8264-B66693158BD2
OWNER_732399a000bb,Company_9d6fc041,Last_4d8ba60b,First_2ca5d498,5050375952,5050375952,user_50f845ee32@example.com,Address_1307381a,City_37084ed9,ZZ,45530,Address_3127e09b,City_528281b9,ZZ,45530,Last_d178528e,First_72cae815,5050375952,user_715c4f12e0@example.com,Note_2168f0cd,1218,C3157DB4-90A6-4381-A8D3-B6685BA36513
OWNER_a59f2e1afc73,Company_9d6fc041,Last_d563ad8d,First_bf2ec069,5056975008,5050375952,user_6722aa3b25@example.com,Address_e5ea803c,City_ca4bb91c,ZZ,70370,Address_a226cdca,City_c05d421a,ZZ,72477,Last_17fdac05,First_f5776f55,5050375952,user_715c4f12e0@example.com,Note_78a210cd,218,5EE3019E-4A8E-48DE-9AD8-B678D7C1E133
OWNER_1775de5bb579,Company_9d6fc041,Last_c3d4a251,First_ea403d01,5050375952,5051747956,user_68be8321d4@example.com,Address_198bdf97,City_50cdb0ed,ZZ,00030,Address_50b0b203,City_23f9b279,ZZ,00030,Last_d178528e,First_72cae815,5050375952,user_715c4f12e0@example.com,Note_2168f0cd,1838,261D6BB9-30F5-4A6F-9835-B687FAF21937
OWNER_2b853b8866dc,Company_9d6fc041,Last_165879e8,First_2c24c138,5050375952,5050375952,user_715c4f12e0@example.com,Address_f05df871,City_e708c712,ZZ,72477,Address_a226cdca,City_c05d421a,ZZ,72477,Last_d178528e,First_72cae815,5050375952,user_715c4f12e0@example.com,Note_2168f0cd,361,4795B5BE-3833-4C1C-A0DC-B6A288F372CA
OWNER_416d873db507,Company_9d6fc041,Last_bce3d3a6,First_b0684081,5050375952,5052623923,user_7e33905289@example.com,Address_f05df871,City_e708c712,ZZ,72477,Address_747886a3,City_9415c49e,ZZ,73247,Last_42582e11,First_142e07c0,5052623923,user_715c4f12e0@example.com,Note_f233b47f,1627,942D7559-B860-4A4F-9FF1-B7012C5BAFB3
OWNER_80f2749c46e9,Company_9d6fc041,Last_db7c256a,First_2c24c138,5056122058,5050375952,user_715c4f12e0@example.com,Address_f05df871,City_e708c712,ZZ,72477,Address_a226cdca,City_c05d421a,ZZ,72477,Last_d178528e,First_72cae815,5050375952,user_715c4f12e0@example.com,Note_2168f0cd,112,DC2BE507-67F7-4854-B231-B70E7DC11BEE
OWNER_0421cb1f117c,Company_27a36c2d,Last_60767889,First_05efaa9c,5057054708,5050375952,user_0321709886@example.com,Address_f8f927d7,City_73ebcd64,ZZ,71535,Address_212ec720,City_9415c49e,ZZ,72477,Last_a4841c09,First_d7df6c43,5058494904,user_6329095c95@example.com,Note_ddfb35be,251,706C525D-EFAF-40BC-83B6-B7265C30795E
OWNER_24a3bb3481c2,Company_e3a7df53,Last_bc2d0e56,First_e9744c4e,5050375952,5054761576,user_4e81264134@example.com,Address_8b1e2edf,City_b2ee5841,ZZ,72356,Address_8d5cc516,City_84aa1a99,ZZ,72356,Last_9b5e5338,First_93b5f4ac,5058422795,user_715c4f12e0@example.com,Note_2b92007d,1728,11E1465C-1806-D747-BD7B-B730F6E0599F
OWNER_2e7bc50b6932,Company_9d6fc041,Last_82e32478,First_2d4d7185,5050375952,5055271323,user_020fc4d9b6@example.com,Address_5898bbbe,City_3a05a3a0,ZZ,83181,Address_371fb5cb,City_223baac0,ZZ,83181,Last_d178528e,First_72cae815,5050375952,user_715c4f12e0@example.com,Note_5d97661b,1371,D84834F0-5942-4CDB-B873-B7418B1A36BA
OWNER_558ad786a3b3,Company_9d6fc041,Last_20f9ecce,First_b5d04374,5051375942,5050375952,user_f5b6b57e4d@example.com,Address_f05df871,City_e708c712,ZZ,72477,Address_a562a8ee,City_76200585,ZZ,75073,Last_d178528e,First_72cae815,5050375952,user_715c4f12e0@example.com,Note_2168f0cd,1290,737CDFA1-3656-4DC3-A3CA-B766335DA499
OWNER_c36dac879f5b,Company_c35cdb02,Last_0cfcb9cb,First_89fe58a0,5053504677,5050375952,user_715c4f12e0@example.com,Address_f05df871,City_e708c712,ZZ,72477,Address_a226cdca,City_c05d421a,ZZ,72477,Last_e5828dd1,First_ad562bf3,5056064263,user_715c4f12e0@example.com,Note_e21f3b0f,825,B16AB4B3-A449-4F07-88D0-B777E7376CFE
OWNER_68976d1afd0d,Company_9d6fc041,Last_ccea4d8c,First_b28e6acc,5050375952,5050375952,user_715c4f12e0@example.com,Address_f05df871,City_e708c712,ZZ,72477,Address_a226cdca,City_c05d421a,ZZ,72477,Last_d178528e,First_72cae815,5050375952,user_715c4f12e0@example.com,Note_2168f0cd,452,E1AA0422-FF5C-4767-96DE-B7A4D9662D67
OWNER_2e8242d254fa,Company_9d6fc041,Last_3796f7fd,First_e2c643a1,5050375952,5050375952,user_715c4f12e0@example.com,Address_f05df871,City_e708c712,ZZ,72477,Address_a226cdca,City_c05d421a,ZZ,72477,Last_d178528e,First_72cae815,5050375952,user_715c4f12e0@example.com,Note_45aec7df,1031,D282A0F2-1642-413F-B7B7-B7FEBA61A96D
OWNER_3f8b500fe0ff,Company_9d6fc041,Last_2855390e,First_667f00bd,5054880405,5050375952,user_715c4f12e0@example.com,Address_233e4974,City_fb775d72,ZZ,24366,Address_a226cdca,City_c05d421a,ZZ,72477,Last_d178528e,First_72cae815,5050375952,user_715c4f12e0@example.com,Note_2168f0cd,986,06172EFC-FBB9-4932-8ABA-B80CEC053408
OWNER_fa4c04bcf7c2,Company_9d6fc041,Last_af43c070,First_bf116a61,5050375952,5050375952,user_715c4f12e0@example.com,Address_f05df871,City_e708c712,ZZ,72477,Address_a226cdca,City_c05d421a,ZZ,72477,Last_d178528e,First_72cae815,5050375952,user_715c4f12e0@example.com,Note_2168f0cd,679,94CDB9DF-F1C6-42A8-A2E0-B82220BFC50F
OWNER_686dbc93213a,Company_9d6fc041,Last_0c8b8d92,First_7203b2fe,5051653148,5059181088,user_715c4f12e0@example.com,Address_273c81b8,City_eb940fb0,ZZ,28095,Address_a226cdca,City_c05d421a,ZZ,72477,Last_d178528e,First_72cae815,5050375952,user_715c4f12e0@example.com,Note_044c6b34,807,48773A1F-4074-458E-AF89-B8663ED0F7D1
OWNER_c9f671f460c4,Company_9d6fc041,Last_3c36e580,First_47255bff,5054342530,5050375952,user_715c4f12e0@example.com,Address_bb5fe1de,City_c0fbf85c,ZZ,75073,Address_54780563,City_76200585,ZZ,75073,Last_d178528e,First_72cae815,5050375952,user_715c4f12e0@example.com,Note_2168f0cd,1329,F902CCD7-61DB-43B0-A2B4-B89017EEE28C
OWNER_597c888ec346,Company_9d6fc041,Last_4d98514d,First_1da0df01,5050375952,5050375952,user_869ee402e0@example.com,Address_1d8656f0,City_1fdf2de6,ZZ,72477,Address_bf9a5b3f,City_28cf9b52,ZZ,72477,Last_7cf31615,First_21309967,5054576473,user_715c4f12e0@example.com,Note_2168f0cd,1842,E799A0C4-9226-49AD-B172-B89A43F0094F
OWNER_a9b433c90f31,Company_5eb49fb1,Last_7da406cf,First_d78ec84e,5055571230,5050375952,user_715c4f12e0@example.com,Address_f05df871,City_e708c712,ZZ,72477,Address_a226cdca,City_c05d421a,ZZ,72477,Last_d178528e,First_72cae815,5050375952,user_715c4f12e0@example.com,Note_5aa2bf14,133,3C7BC35D-114A-463D-B680-B910E01AF5C5
OWNER_9cbb23f3dee3,Company_9d6fc041,Last_b4495246,First_d284ad0b,5050375952,5050375952,user_715c4f12e0@example.com,Address_f05df871,City_e708c712,ZZ,72477,Address_a226cdca,City_c05d421a,ZZ,72477,Last_d178528e,First_72cae815,5050375952,user_715c4f12e0@example.com,Note_be6d8d08,803,16386C77-6670-400F-8A92-B9507AB36CDE
OWNER_41be424fcedf,Company_9d6fc041,Last_ad591ef4,First_a58c2249,5050379533,5050375952,user_267084a37f@example.com,Address_ca99fa4b,City_c0fbf85c,ZZ,75073,Address_58d3876e,City_76200585,ZZ,75073,Last_d178528e,First_7b8ace75,5050893846,user_715c4f12e0@example.com,Note_8cd0d14c,1260,02E45AD8-A791-47D5-9F71-B95A79E1109C
OWNER_860103561d1c,Company_9d6fc041,Last_53d406e2,First_6134f50b,5055778018,5053113748,user_8b9d9dbe3a@example.com,Address_af011b7c,City_c0fbf85c,ZZ,75073,Address_926fb1a6,City_76200585,ZZ,75073,Last_4a6b859f,First_d41c2d52,5052915236,user_715c4f12e0@example.com,Note_4dc1ceb6,1430,9EA4C74A-9189-4CE5-B73E-B9C0E254576D
OWNER_bb7f0fe27498,Company_9d6fc041,Last_6121e749,First_5a53d49c,5052455603,5050375952,user_ab5e74aae0@example.com,Address_e47a00d7,City_c0fbf85c,ZZ,75073,Address_597271b5,City_76200585,ZZ,75073,Last_d178528e,First_72cae815,5050375952,user_715c4f12e0@example.com,Note_2168f0cd,1312,BFE6B643-153B-4A91-96BE-B9C328D04F2C
OWNER_baac7f7735d2,Company_0dc16759,Last_b88ca6fc,First_098b7a78,5056433862,5050375952,user_3851f29cc5@example.com,Address_f05df871,City_e708c712,ZZ,72477,Address_a226cdca,City_c05d421a,ZZ,72477,Last_d178528e,First_72cae815,5050375952,user_715c4f12e0@example.com,Note_6aafe7a8,170,0D680B97-C238-4F85-9A68-BA93E4F78CD1
OWNER_363ea162c9fc,Company_9d6fc041,Last_b3693364,First_756ee005,5053381998,5050375952,user_715c4f12e0@example.com,Address_f05df871,City_e708c712,ZZ,72477,Address_26f5d836,City_e29f211c,ZZ,24366,Last_d178528e,First_72cae815,5050375952,user_715c4f12e0@example.com,Note_2168f0cd,522,8A437C4B-FDAF-40C3-9F1C-BAB85FCE1650
OWNER_0f07350b1381,Company_9d6fc041,Last_e426d275,First_1bc25f48,5051162409,5050375952,user_1eab495551@example.com,Address_f05df871,City_e708c712,ZZ,72477,Address_51e0ea2c,City_c05d421a,ZZ,72477,Last_d178528e,First_72cae815,5050375952,user_715c4f12e0@example.com,Note_969dffb4,482,A8877273-FBCE-4CAB-8298-BAC74F683F3D
OWNER_728528076528,Company_9d6fc041,Last_7e3fb7a9,First_e65ebac4,5053401370,5053273958,user_715c4f12e0@example.com,Address_796e97b0,City_2402b24b,ZZ,48412,Address_a226cdca,City_c05d421a,ZZ,72477,Last_d178528e,First_72cae815,5050375952,user_715c4f12e0@example.com,Note_c9d9d045,371,0BA7D1D5-B4DE-4F13-9F98-BAE82E23EB48
OWNER_ef70fb1272a5,Company_9d6fc041,Last_b02716dd,First_f4a4c789,5050375952,5052147168,user_715c4f12e0@example.com,Address_f05df871,City_e708c712,ZZ,72477,Address_a226cdca,City_c05d421a,ZZ,72477,Last_d178528e,First_72cae815,5050375952,user_715c4f12e0@example.com,Note_2168f0cd,1643,F7B7BB39-E137-6B44-BBEB-BB05FBFC8323
OWNER_71794b650a49,Company_9d6fc041,Last_acdcfa06,First_098b7a78,5052129156,5050375952,user_715c4f12e0@example.com,Address_f05df871,City_e708c712,ZZ,72477,Address_a226cdca,City_c05d421a,ZZ,72477,Last_d178528e,First_72cae815,5050375952,user_715c4f12e0@example.com,Note_2168f0cd,511,D692A0F1-E2D9-42D9-A79F-BB1E4E84FF50
OWNER_ecbc79c3da8d,Company_1129f655,Last_7bd3af51,First_2c24c138,5050375952,5050375952,user_715c4f12e0@example.com,Address_f05df871,City_e708c712,ZZ,72477,Address_a226cdca,City_c05d421a,ZZ,72477,Last_d178528e,First_72cae815,5050375952,user_715c4f12e0@example.com,Note_2168f0cd,907,411C3CD1-D734-4932-AD00-BB3E6FD9E56E
OWNER_6c6c827920a0,Company_d760b06c,Last_b6db37b9,First_ce3737e9,5056126128,5050151260,user_c4b91cbc07@example.com,Address_0c7d84a2,City_73ebcd64,ZZ,71535,Address_a226cdca,City_c05d421a,ZZ,72477,Last_e74f051e,First_358f5b42,5050375952,user_de67bcfc5e@example.com,Note_dcda51da,1132,F2403AE7-77E6-4EE6-BBD4-BB8E34933803
OWNER_f05fcc8d982d,Company_9d6fc041,Last_522e4fbb,First_5a53d49c,5051085209,5050375952,user_715c4f12e0@example.com,Address_f05df871,City_e708c712,ZZ,72477,Address_a226cdca,City_c05d421a,ZZ,72477,Last_90ae57eb,First_e4305c56,5050046525,user_715c4f12e0@example.com,Note_e6d297f8,230,35C4BAE7-FBFD-4A3E-A0A1-BBE3AD56E240
OWNER_1c7cdcf6564a,Company_9d6fc041,Last_5a00471a,First_97959d73,5053340283,5050375952,user_715c4f12e0@example.com,Address_f05df871,City_e708c712,ZZ,72477,Address_a226cdca,City_c05d421a,ZZ,72477,Last_d178528e,First_72cae815,5050375952,user_715c4f12e0@example.com,Note_2168f0cd,951,E1865E00-2BCA-4102-B768-BBE68710E1BE
OWNER_7e1a07c34e00,Company_9d6fc041,Last_6b5beb75,First_051e2661,5058404841,5050375952,user_715c4f12e0@example.com,Address_f34c6ed8,City_c0fbf85c,ZZ,60339,Address_f4c52f42,City_c05d421a,ZZ,72477,Last_d178528e,First_72cae815,5050375952,user_715c4f12e0@example.com,Note_2168f0cd,1344,1A90C90B-3A8D-421D-8BA5-BC4CAD12D985
OWNER_36efe06eab7f,Company_9d6fc041,Last_6aef51af,First_bf2ec069,5053255906,5050375952,user_dc254e3158@example.com,Address_d15a9be9,City_23604209,ZZ,73028,Address_0508c61d,City_adce70d4,ZZ,72477,Last_81f02839,First_58c695bb,5051925320,user_3beca43b9e@example.com,Note_a38c134e,1618,D9B69A43-28B3-ED42-A681-BC561FA61B82
OWNER_5272c2caf829,Company_9d6fc041,Last_ff6f3799,First_3a67c34e,5053931656,5050375952,user_715c4f12e0@example.com,Address_afb80ea5,City_770390b5,ZZ,97657,Address_a226cdca,City_c05d421a,ZZ,72477,Last_d178528e,First_72cae815,5050375952,user_715c4f12e0@example.com,Note_c1f5e09c,877,83AD284E-3500-4971-8FAE-BC8AA0C9E634
OWNER_70cea889fbc7,Company_9d6fc041,Last_0686201b,First_5a53d49c,5050375952,5059454133,user_d692db04c6@example.com,Address_61080b4f,City_9b94cfc5,ZZ,58363,Address_e017940b,City_32d30c4f,ZZ,58363,Last_d178528e,First_72cae815,5050375952,user_715c4f12e0@example.com,Note_2168f0cd,1808,EDF6775E-EA28-4225-8011-BC8D2CB6CDF4
OWNER_451d0e9a1f66,Company_9d6fc041,Last_78783e5d,First_18ed79c8,5053746252,5050375952,user_715c4f12e0@example.com,Address_f05df871,City_e708c712,ZZ,72477,Address_a226cdca,City_c05d421a,ZZ,72477,Last_fc530766,First_c771285e,5057803499,user_715c4f12e0@example.com,Note_ed9fa7ea,970,9E0CF3F6-0C6A-48D1-A9C6-BCAA840A3787
OWNER_4cc8f4c613d1,Company_9d6fc041,Last_b679a504,First_3441ad69,5057442813,5050375952,user_715c4f12e0@example.com,Address_f05df871,City_e708c712,ZZ,72477,Address_ce7c0115,City_4a5a94d6,ZZ,11120,Last_d178528e,First_72cae815,5050375952,user_715c4f12e0@example.com,Note_2168f0cd,1921,212E64E3-5DD2-44F1-9C8A-BD11CDAFC635
OWNER_540795df548e,Company_9d6fc041,Last_bce3d3a6,First_1713ac90,5050375952,5050762990,user_50d9837d7b@example.com,Address_36433e5a,City_2e663e2c,ZZ,26334,Address_a226cdca,City_c05d421a,ZZ,72477,Last_04cde31b,First_a3f559e8,5050630265,user_715c4f12e0@example.com,Note_ba156d48,457,DB2C1B59-E0D8-4F05-889D-BD50D2A9C49C
OWNER_1251e7848bec,Company_9d6fc041,Last_3c36e580,First_4f338133,5051652126,5050375952,user_6acefabf1d@example.com,Address_f05df871,City_e708c712,ZZ,72477,Address_a226cdca,City_c05d421a,ZZ,72477,Last_d178528e,First_72cae815,5050375952,user_715c4f12e0@example.com,Note_2168f0cd,784,F8B9941A-8A76-45A6-8296-BD7336FAE75D
OWNER_32fe8a6a5a65,Company_9d6fc041,Last_47d9907d,First_b82934fb,5055019577,5050375952,user_715c4f12e0@example.com,Address_f05df871,City_e708c712,ZZ,72477,Address_a226cdca,City_c05d421a,ZZ,72477,Last_82d74ca6,First_110000fd,5050985076,user_715c4f12e0@example.com,Note_2168f0cd,33,43FF3E03-46C8-49E3-B2A5-BDA06DCC41C9
OWNER_71f79cafbeab,Company_9d6fc041,Last_d8fecdcb,First_4c5249c6,5059114875,5053351640,user_715c4f12e0@example.com,Address_0405eba1,City_0aba12ad,ZZ,19719,Address_a226cdca,City_c05d421a,ZZ,72477,Last_d178528e,First_72cae815,5050375952,user_715c4f12e0@example.com,Note_41d43fad,887,1F42F5AF-A472-4B2D-B337-BDB611EC7841
OWNER_ac70cd4beb4f,Company_9d6fc041,Last_95b7d653,First_7b4c75c5,5051278942,5050610013,user_715c4f12e0@example.com,Address_f05df871,City_e708c712,ZZ,72477,Address_a226cdca,City_c05d421a,ZZ,72477,Last_d178528e,First_72cae815,5050375952,user_715c4f12e0@example.com,Note_2168f0cd,583,3A00A9F9-56F2-4178-92D4-BDDC3D4CBBDE
OWNER_46074f0ea9ce,Company_9d6fc041,Last_750e2057,First_d0fb6611,5050375952,5050375952,user_715c4f12e0@example.com,Address_0213ca1e,City_fb775d72,ZZ,24366,Address_a226cdca,City_c05d421a,ZZ,72477,Last_d178528e,First_6536982a,5054126941,user_715c4f12e0@example.com,Note_ab8476d6,779,0AC239F4-B099-4F82-961A-BDE363D11A2F
OWNER_fffa27563c85,Company_9d6fc041,Last_b3693364,First_42be0ff9,5057209370,5050375952,user_715c4f12e0@example.com,Address_b886b539,City_6ec3f32a,ZZ,04722,Address_3beb5127,City_8dbac927,ZZ,72477,Last_d178528e,First_72cae815,5050375952,user_715c4f12e0@example.com,Note_2168f0cd,1470,84CC082D-5DEB-6646-8F19-BDE66D8069F3
OWNER_f70b65e315cf,Company_9d6fc041,Last_cd4894f7,First_35676814,5059987893,5051406652,user_715c4f12e0@example.com,Address_29bae107,City_73ebcd64,ZZ,12098,Address_a226cdca,City_c05d421a,ZZ,72477,Last_d178528e,First_72cae815,5050375952,user_715c4f12e0@example.com,Note_7c91b9d4,17,82A70E2C-ED17-4254-A2C9-BDFE2981F50D
OWNER_187df9b72b5f,Company_9d6fc041,Last_3bc0e71a,First_57a452bb,5050375952,5050375952,user_715c4f12e0@example.com,Address_f05df871,City_e708c712,ZZ,72477,Address_a226cdca,City_c05d421a,ZZ,72477,Last_d178528e,First_72cae815,5050375952,user_715c4f12e0@example.com,Note_2168f0cd,587,4D4C6388-5A82-4D66-88ED-BE22D561DB80
OWNER_676578be3014,Company_9d6fc041,Last_d5c3e8cd,First_e9744c4e,5050375952,5050375952,user_715c4f12e0@example.com,Address_f05df871,City_e708c712,ZZ,72477,Address_a226cdca,City_c05d421a,ZZ,72477,Last_d178528e,First_72cae815,5050375952,user_715c4f12e0@example.com,Note_0dda20cc,677,453C78BF-F2A2-4591-A7E5-BE2400BEF00A
OWNER_41646d7f5a06,Company_b310a840,Last_3d2ad4ab,First_b28e6acc,5050732318,5053513024,user_9cb41c2195@example.com,Address_f05df871,City_e708c712,ZZ,72477,Address_a226cdca,City_c05d421a,ZZ,72477,Last_7d8547f6,First_f6e0ddd9,5050375952,user_715c4f12e0@example.com,Note_ff8ec784,1529,7CCF03E9-8F2C-E74A-94D9-BE407512F915
OWNER_65a29467838d,Company_9d6fc041,Last_ea060c6f,First_addafb0e,5050375952,5050375952,user_715c4f12e0@example.com,Address_11ee1d13,City_a000d1fb,ZZ,66775,Address_55ae6e8e,City_30bd86a3,ZZ,66775,Last_1546fab4,First_45e1a47c,5053814108,user_87be2b8fe4@example.com,Note_1fb3f030,1379,6E832BE4-6093-4A19-ABB5-BE65FBC8F71F
OWNER_3ff3b446dc2b,Company_9d6fc041,Last_019e7bce,First_09320d74,5057613153,5050375952,user_ead7e1b11c@example.com,Address_f05df871,City_e708c712,ZZ,72477,Address_91e1b8ab,City_3e40c494,ZZ,05973,Last_b0886ade,First_a1ed401a,5050375952,user_715c4f12e0@example.com,Note_2168f0cd,1943,6BB5B7B0-F066-4E61-AACF-BE74E149CBCC
OWNER_945ec4feb368,Company_9d6fc041,Last_e4211a60,First_1713ac90,5050375952,5058393380,user_715c4f12e0@example.com,Address_7512e0aa,City_fb775d72,ZZ,24366,Address_a226cdca,City_c05d421a,ZZ,72477,Last_d178528e,First_72cae815,5050375952,user_715c4f12e0@example.com,Note_2168f0cd,456,E736594E-011F-4C62-A4A1-BEB25CF07024
OWNER_fa79e04d7f81,Company_9d6fc041,Last_7d112c06,First_18ed79c8,5059889954,5056439917,user_715c4f12e0@example.com,Address_6dd7f940,City_9bb0076f,ZZ,94763,Address_a226cdca,City_c05d421a,ZZ,72477,Last_d178528e,First_72cae815,5050375952,user_715c4f12e0@example.com,Note_2168f0cd,357,FC34EE85-7B9F-483A-BC3D-BEB9B1889C34
OWNER_20ac838158bc,Company_9d6fc041,Last_bfff4402,First_8203d7d8,5050375952,5050375952,user_715c4f12e0@example.com,Address_f05df871,City_e708c712,ZZ,72477,Address_a226cdca,City_c05d421a,ZZ,72477,Last_d178528e,First_72cae815,5050375952,user_715c4f12e0@example.com,Note_2168f0cd,760,AAD1A0A9-8C59-4D15-856E-BEF015B2A8C2
OWNER_cd2eaf7c7b43,Company_9d6fc041,Last_3d30d760,First_d961b418,5050375952,5058095060,user_d7fa4cf9f3@example.com,Address_739fd1e9,City_46f66fcf,ZZ,39493,Address_b4f32a77,City_729a8613,ZZ,39493,Last_d178528e,First_72cae815,5050375952,user_715c4f12e0@example.com,Note_2168f0cd,1859,54B77A24-1612-4949-9F28-BEF3D2857C59
OWNER_e33f0da513c9,Company_9d6fc041,Last_5bb20829,First_51ffc840,5050375952,5059630980,user_715c4f12e0@example.com,Address_f05df871,City_e708c712,ZZ,72477,Address_5b1b6938,City_9fb03833,ZZ,27797,Last_d178528e,First_72cae815,5050375952,user_715c4f12e0@example.com,Note_2168f0cd,1953,3E74EB20-4FF3-4450-AB3C-BEFEDBFEF13A
OWNER_d35fde523937,Company_9d6fc041,Last_3faa0aa0,First_0f012a7f,5053717492,5050375952,user_73a33e3b12@example.com,Address_473d4b85,City_ca4bb91c,ZZ,70370,Address_9a9c84c2,City_17db8506,ZZ,72477,Last_d178528e,First_72cae815,5050375952,user_715c4f12e0@example.com,Note_2168f0cd,461,C6DF82BF-D3A1-42E1-BE4A-BF4530335C45
OWNER_88544f45511b,Company_9d6fc041,Last_219850bd,First_bf8c513d,5050375952,5050375952,user_715c4f12e0@example.com,Address_f05df871,City_e708c712,ZZ,72477,Address_a226cdca,City_c05d421a,ZZ,72477,Last_d178528e,First_72cae815,5050375952,user_715c4f12e0@example.com,Note_0ec70a10,702,FD2CBD20-B9FB-4C50-A5F5-C07CA459E04D
OWNER_642bca4b610e,Company_9d6fc041,Last_42217342,First_85458ce4,5051517542,5050375952,user_4d37fd434e@example.com,Address_f05df871,City_e708c712,ZZ,72477,Address_a226cdca,City_c05d421a,ZZ,72477,Last_d178528e,First_72cae815,5050375952,user_715c4f12e0@example.com,Note_8f78ef98,1155,6D007DF8-0D89-4716-9F77-C07FDB24BAE2
OWNER_3ecb1659b07d,Company_9d6fc041,Last_b85e561c,First_c7739a6e,5050375952,5057068259,user_d363ad5061@example.com,Address_6247c5ba,City_c0fbf85c,ZZ,75073,Address_1b9288d4,City_76200585,ZZ,75073,Last_d178528e,First_72cae815,5050375952,user_715c4f12e0@example.com,Note_5d97661b,1247,5466CECE-97BD-4A9B-8705-C08E36BC17DA
OWNER_8da3a588b68f,Company_944c95e8,Last_ed3cdff5,First_930b2cc5,5051483580,5050375952,user_d76c1b613a@example.com,Address_f05df871,City_e708c712,ZZ,72477,Address_7e1d0be0,City_c057d8df,ZZ,72477,Last_d178528e,First_72cae815,5050375952,user_715c4f12e0@example.com,Note_2168f0cd,1515,82B62908-644E-554A-A6E9-C0CAE790C1A8
OWNER_20fb2559b3e9,Company_9d6fc041,Last_6db77db6,First_5a53d49c,5050572793,5055160399,user_c1aa76d7df@example.com,Address_f05df871,City_e708c712,ZZ,72477,Address_d2af137b,City_b4249333,ZZ,11592,Last_6fec04fa,First_0e7bce56,5050375952,user_715c4f12e0@example.com,Note_709fdd08,1559,15CE394D-A852-5143-B817-C0DFBA420E9C
OWNER_2e4f8c0daae4,Company_9d6fc041,Last_ca8c2e22,First_6f3adcc7,5056668425,5050375952,user_8c7cd1486b@example.com,Address_f05df871,City_e708c712,ZZ,72477,Address_a226cdca,City_c05d421a,ZZ,72477,Last_d178528e,First_72cae815,5050375952,user_715c4f12e0@example.com,Note_2168f0cd,345,A7ADFAF9-D44F-4F13-BE04-C10BB4144458
OWNER_c04925f37eeb,Company_9d6fc041,Last_60767889,First_5a53d49c,5050938055,5050375952,user_9bddae6a64@example.com,Address_3ab36381,City_e6b38396,ZZ,88406,Address_a226cdca,City_c05d421a,ZZ,72477,Last_d178528e,First_72cae815,5050375952,user_715c4f12e0@example.com,Note_e704ce7c,1171,9AFF37BF-1222-4DE8-8DEB-C12AC994757F
OWNER_ba07dfbcc26c,Company_9d6fc041,Last_648c24fe,First_b0684081,5050375952,5050375952,user_715c4f12e0@example.com,Address_9f116b28,City_0aba12ad,ZZ,19719,Address_a226cdca,City_c05d421a,ZZ,72477,Last_9251354a,First_bafc7e68,5058033962,user_715c4f12e0@example.com,Note_b32d815c,1679,A7D9B7C6-14C6-D045-B494-C1419AAB6F8A
OWNER_d7aaba72b0b0,Company_9d6fc041,Last_6aef51af,First_633f52a5,5055288825,5050375952,user_dc254e3158@example.com,Address_f8b886da,City_23604209,ZZ,73028,Address_d3bd9e3a,City_adce70d4,ZZ,73028,Last_bf6582f5,First_d99fcbaa,5057837078,user_715c4f12e0@example.com,Note_e8ad3262,1630,3E09D57B-E9D3-0042-A556-C14A3E70FC10
OWNER_c5be24858fb7,Company_9d6fc041,Last_3d19de7f,First_b4a8e884,5050375952,5050375952,user_715c4f12e0@example.com,Address_f05df871,City_e708c712,ZZ,72477,Address_a226cdca,City_c05d421a,ZZ,72477,Last_d178528e,First_72cae815,5050375952,user_715c4f12e0@example.com,Note_2168f0cd,948,B924D64D-D3B9-46C2-993C-C16663A92691
OWNER_fdc7d2557714,Company_9d6fc041,Last_c97b2f63,First_0c064c3d,5050375952,5051919562,user_2d52b89ad5@example.com,Address_f05df871,City_e708c712,ZZ,72477,Address_89cf6dc4,City_223baac0,ZZ,89200,Last_d178528e,First_72cae815,5050375952,user_715c4f12e0@example.com,Note_5d97661b,1363,EF8DA4AD-C2E2-4C32-80E8-C18F9260A25D
OWNER_b4f6079b9a9e,Company_9d6fc041,Last_2fa03c14,First_e8ac99a2,5058772881,5051737305,user_715c4f12e0@example.com,Address_f05df871,City_e708c712,ZZ,72477,Address_a226cdca,City_c05d421a,ZZ,72477,Last_d178528e,First_72cae815,5050375952,user_715c4f12e0@example.com,Note_2168f0cd,547,E2B83D5A-20C1-4FCD-B3D2-C1958E3122E6
OWNER_a36ec4f3b346,Company_c583d98f,Last_81797440,First_bf2ec069,5050375952,5059859655,user_4548524116@example.com,Address_1e5888f7,City_3d752395,ZZ,59580,Address_a226cdca,City_f4f05588,ZZ,72477,Last_d178528e,First_72cae815,5050375952,user_715c4f12e0@example.com,Note_2168f0cd,1687,6A552C9A-DAFE-454B-A877-C1A018BBEC52
OWNER_346e614f4d68,Company_9d6fc041,Last_d426b83a,First_098b7a78,5050375952,5050375952,user_715c4f12e0@example.com,Address_f05df871,City_e708c712,ZZ,72477,Address_a226cdca,City_c05d421a,ZZ,72477,Last_d178528e,First_72cae815,5050375952,user_715c4f12e0@example.com,Note_a86f9dbc,271,2E378D82-6B04-42E7-BAC8-C1B476985BDA
OWNER_b1da2c4ebe49,Company_9d6fc041,Last_ef06210b,First_a4043511,5055418932,5050375952,user_715c4f12e0@example.com,Address_f05df871,City_e708c712,ZZ,72477,Address_a226cdca,City_c05d421a,ZZ,72477,Last_d178528e,First_72cae815,5050375952,user_715c4f12e0@example.com,Note_2168f0cd,58,34283762-621B-4495-8916-C1D6C5249EDC
OWNER_593b234ec5cf,Company_9d6fc041,Last_64c15f19,First_87e4c16f,5050375952,5050375952,user_715c4f12e0@example.com,Address_32aef2e8,City_6362488e,ZZ,82040,Address_a226cdca,City_c05d421a,ZZ,72477,Last_d178528e,First_72cae815,5050375952,user_715c4f12e0@example.com,Note_33cd3c1f,172,C2FDD0A4-D900-438B-AC9A-C1E31D0C2F1B
OWNER_09005a712e82,Company_9d6fc041,Last_8de2ab13,First_eb2fe4f1,5055440730,5059824060,user_b61b4c70b2@example.com,Address_01b0133f,City_c3e07d03,ZZ,11928,Address_6645a3ba,City_03ac272d,ZZ,11928,Last_7fcaca7f,First_8fb078c8,5050375952,user_715c4f12e0@example.com,Note_2168f0cd,1706,25FEC069-6380-A643-BBD1-C23A3B9CE7B8
OWNER_3f86ae876520,Company_9d6fc041,Last_c539d043,First_e2fa7e04,5055163880,5052506453,user_0c2be77333@example.com,Address_b08738a8,City_f3d1000a,ZZ,45588,Address_a226cdca,City_c05d421a,ZZ,72477,Last_d178528e,First_72cae815,5050375952,user_715c4f12e0@example.com,Note_2168f0cd,80,FCD58C4B-D0AC-4938-AAD9-C25595109B3A
OWNER_63cced6fa72e,Company_9d6fc041,Last_b0f0a2ed,First_b0684081,5050375952,5050375952,user_b00293029c@example.com,Address_1db50f54,City_d1da5b12,ZZ,72477,Address_a226cdca,City_c05d421a,ZZ,72477,Last_3d9f9f3e,First_7edc05dd,5050375952,user_d2278472ec@example.com,Note_2168f0cd,1887,33FEB8FB-A941-4238-BAD1-C25B6E628A67
OWNER_fbe41cb701cc,Company_9d6fc041,Last_7bd3af51,First_2c24c138,5050375952,5050375952,user_715c4f12e0@example.com,Address_f05df871,City_e708c712,ZZ,72477,Address_a226cdca,City_c05d421a,ZZ,72477,Last_d178528e,First_72cae815,5050375952,user_715c4f12e0@example.com,Note_a9b99d6e,845,7BF898F8-82FE-4FCD-A24F-C25C12C7D288
OWNER_8a89d7d616ec,Company_9d6fc041,Last_c412a00d,First_0711f637,5050375952,5050375952,user_715c4f12e0@example.com,Address_f05df871,City_e708c712,ZZ,72477,Address_a226cdca,City_c05d421a,ZZ,72477,Last_d178528e,First_72cae815,5050375952,user_715c4f12e0@example.com,Note_ed6e7f85,259,651F4AFA-81CF-4383-83FE-C2782B57FE84
OWNER_6029d69b3e02,Company_9d6fc041,Last_be4a2153,First_930b2cc5,5058046823,5050375952,user_c2a5c808d7@example.com,Address_eee762fc,City_0ace6e05,ZZ,28095,Address_a226cdca,City_c05d421a,ZZ,72477,Last_d178528e,First_72cae815,5050375952,user_715c4f12e0@example.com,Note_e7611b93,850,8F05D166-754B-4A59-A86D-C2ABB8CA7DE5
OWNER_ae225582623a,Company_526286e9,Last_f6d38b44,First_1d810dec,5057930803,5055715608,user_715c4f12e0@example.com,Address_7620ef59,City_9870ba28,ZZ,26022,Address_a226cdca,City_c05d421a,ZZ,72477,Last_d178528e,First_72cae815,5050375952,user_715c4f12e0@example.com,Note_4d96acb4,1090,ACCA6710-5309-4D42-8E94-C2CED3D455D3
OWNER_2ed2d25cdcaf,Company_9d6fc041,Last_b7961f7c,First_1bd37d13,5057334676,5050375952,user_715c4f12e0@example.com,Address_223749fd,City_37084ed9,ZZ,83642,Address_121faec4,City_76200585,ZZ,75073,Last_d178528e,First_72cae815,5050375952,user_715c4f12e0@example.com,Note_2168f0cd,1219,1651A315-23B7-49ED-BD4F-C2FC92648E15
OWNER_75d98400a1d2,Company_2954f1bb,Last_2584546f,First_28f2faf5,5056499754,5050375952,user_476fdff97b@example.com,Address_60f46bdb,City_f3f6b3f1,ZZ,54162,Address_a226cdca,City_c05d421a,ZZ,72477,Last_d178528e,First_72cae815,5050375952,user_715c4f12e0@example.com,Note_6dde88dc,1677,8BAD369E-7B30-F849-AFE5-C3015A058D37
OWNER_7a107147d6cd,Company_9d6fc041,Last_df66183d,First_237843ea,5054268215,5058773452,user_715c4f12e0@example.com,Address_bad6e8f0,City_6ec3f32a,ZZ,72477,Address_a3796921,City_c05d421a,ZZ,72477,Last_d178528e,First_72cae815,5050375952,user_715c4f12e0@example.com,Note_2168f0cd,246,92AFC0AB-A001-4AD9-BB38-C3366B6B1490
OWNER_d087b3952acd,Company_9d6fc041,Last_efc82425,First_abf52d77,5050375952,5050375952,user_715c4f12e0@example.com,Address_f05df871,City_e708c712,ZZ,72477,Address_a226cdca,City_c05d421a,ZZ,72477,Last_d178528e,First_72cae815,5050375952,user_715c4f12e0@example.com,Note_b7eee457,631,98E53E81-15F0-4454-9A8A-C365514E295B
OWNER_1d856f5f738b,Company_9d6fc041,Last_7655df0e,First_f53838f1,5054295598,5056419635,user_715c4f12e0@example.com,Address_f05df871,City_e708c712,ZZ,72477,Address_a226cdca,City_c05d421a,ZZ,72477,Last_d8bd595e,First_ed4c9ca5,5051715093,user_11ee455dfc@example.com,Note_581fddec,551,39B8EAF5-8494-487B-8B0E-C378F7CCB02F
OWNER_5b2bcdc860bf,Company_9d6fc041,Last_3e259050,First_69b6c4a5,5053127894,5050375952,user_715c4f12e0@example.com,Address_1cfa74fe,City_2402b24b,ZZ,48412,Address_a226cdca,City_c05d421a,ZZ,72477,Last_d178528e,First_72cae815,5050375952,user_715c4f12e0@example.com,Note_fbbb01c2,47,743C9F10-BABC-42D9-A511-C3B8D1B21A88
OWNER_5b6233a4bd82,Company_9d6fc041,Last_05dd3df7,First_b2a8b0cd,5050375952,5056782875,user_715c4f12e0@example.com,Address_f05df871,City_e708c712,ZZ,72477,Address_56980ece,City_8dbac927,ZZ,72477,Last_d178528e,First_72cae815,5050375952,user_715c4f12e0@example.com,Note_2168f0cd,15,59BED6BE-3EB1-4516-B207-C3CA58AFB3A3
OWNER_c60549176c0b,Company_9d6fc041,Last_0ebcdf12,First_32f0fee1,5051447492,5050375952,user_715c4f12e0@example.com,Address_f05df871,City_e708c712,ZZ,72477,Address_a226cdca,City_c05d421a,ZZ,72477,Last_d178528e,First_72cae815,5050375952,user_715c4f12e0@example.com,Note_2168f0cd,969,88710290-B15B-4D40-90D6-C3D822CF516C
OWNER_8806744652e1,Company_f3499f0e,Last_62dbf66a,First_eec9cf9c,5052640586,5050375952,user_715c4f12e0@example.com,Address_f05df871,City_e708c712,ZZ,72477,Address_a226cdca,City_c05d421a,ZZ,72477,Last_d01b44cd,First_fbd58f1d,5058017491,user_715c4f12e0@example.com,Note_d80ee416,607,E9F0F470-3F1F-43C8-B87C-C42D269457D1
OWNER_a4faef5c7926,Company_9d6fc041,Last_d54b1a13,First_a82d6021,5050375952,5053648424,user_715c4f12e0@example.com,Address_74935388,City_88a15d25,ZZ,17557,Address_661bd7be,City_d90e4c49,ZZ,17557,Last_d178528e,First_72cae815,5050375952,user_715c4f12e0@example.com,Note_326d5ea1,1652,09A0F6A2-0E71-6245-888C-C4540C92EB39
OWNER_78ebf20c9c84,Company_316684ab,Last_79cde915,First_6d855beb,5053735103,5050375952,user_715c4f12e0@example.com,Address_10b8c426,City_88a15d25,ZZ,17557,Address_a226cdca,City_c05d421a,ZZ,72477,Last_d178528e,First_72cae815,5050375952,user_715c4f12e0@example.com,Note_2168f0cd,360,D9F183C8-B71C-43DE-AA75-C466F2B5966F
OWNER_7e3b7dbaf4b5,Company_9d6fc041,Last_9ebad504,First_32f0fee1,5056185975,5050375952,user_a0c9a1f9b3@example.com,Address_f05df871,City_e708c712,ZZ,72477,Address_a226cdca,City_c05d421a,ZZ,72477,Last_d178528e,First_72cae815,5050375952,user_715c4f12e0@example.com,Note_5a051aa5,1034,CB7C3FBC-67C3-4A7F-9254-C492780CF152
OWNER_d96ac811813f,Company_22120e2e,Last_a26864f7,First_de6cc88b,5056130063,5050375952,user_715c4f12e0@example.com,Address_bce263ab,City_23604209,ZZ,73028,Address_a226cdca,City_c05d421a,ZZ,72477,Last_d178528e,First_72cae815,5050375952,user_715c4f12e0@example.com,Note_2168f0cd,562,4D285AB4-8507-4BCA-BD05-C4C43EDBB343
OWNER_0a5ef6d8cbb2,Company_c6b9f503,Last_b85e561c,First_098b7a78,5050375952,5050375952,user_715c4f12e0@example.com,Address_f05df871,City_e708c712,ZZ,72477,Address_a226cdca,City_c05d421a,ZZ,72477,Last_d178528e,First_72cae815,5050375952,user_715c4f12e0@example.com,Note_2168f0cd,703,DB2B76E2-5AD1-4684-9D5D-C4CD38C0B91E
OWNER_b250bc3ef3fe,Company_9d6fc041,Last_2c06e69b,First_3690c790,5050375952,5050375952,user_715c4f12e0@example.com,Address_f05df871,City_e708c712,ZZ,72477,Address_a226cdca,City_c05d421a,ZZ,72477,Last_d178528e,First_72cae815,5050375952,user_715c4f12e0@example.com,Note_2168f0cd,839,E5110A7B-0C16-403D-9181-C4EFB52B58D8
OWNER_d1f191602005,Company_9d6fc041,Last_d1bded17,First_c28e89b6,5050375952,5051451853,user_aadd10e562@example.com,Address_f05df871,City_e708c712,ZZ,72477,Address_ab0f9e7a,City_76200585,ZZ,75073,Last_62e09d4b,First_53720680,5056654635,user_715c4f12e0@example.com,Note_2168f0cd,1274,78EF96CF-E756-4993-AFE6-C4F212C98A36
OWNER_57121c431357,Company_9d6fc041,Last_ccaa164b,First_8194423a,5056049127,5050375952,user_715c4f12e0@example.com,Address_f05df871,City_e708c712,ZZ,72477,Address_a226cdca,City_c05d421a,ZZ,72477,Last_d178528e,First_72cae815,5050375952,user_715c4f12e0@example.com,Note_2168f0cd,123,A1C5A68C-1500-4FB1-B2DF-C517E0D98D6E
OWNER_831cb3b79449,Company_9d6fc041,Last_530c8689,First_490ae46a,5050118787,5050375952,user_ddf9bc1674@example.com,Address_540770e8,City_c0fbf85c,ZZ,75073,Address_fb408efa,City_76200585,ZZ,75073,Last_ce3c0cb9,First_86a036c5,5050375952,user_715c4f12e0@example.com,Note_aa0e5940,1193,C211F889-67F5-4F65-9C6A-C52347820506
OWNER_c68803560476,Company_9d6fc041,Last_a8fb9ef1,First_c59103a9,5055931391,5050375952,user_ea115ab19b@example.com,Address_de6e7915,City_6cd42491,ZZ,81203,Address_a226cdca,City_c05d421a,ZZ,72477,Last_d178528e,First_72cae815,5050375952,user_715c4f12e0@example.com,Note_2168f0cd,376,7AB93936-54C8-495E-8AD1-C53517F3F0C6
OWNER_b6f1a0a538f2,Company_9d6fc041,Last_9cc31a00,First_20d82b61,5050375952,5059601893,user_715c4f12e0@example.com,Address_f05df871,City_e708c712,ZZ,72477,Address_a226cdca,City_c05d421a,ZZ,72477,Last_d178528e,First_72cae815,5050375952,user_715c4f12e0@example.com,Note_2168f0cd,1646,C7C8483F-8665-8043-B304-C5B06C6A8187
OWNER_e3c5ecc13fb4,Company_9d6fc041,Last_05107c3f,First_d7a4bf78,5050375952,5050375952,user_715c4f12e0@example.com,Address_f05df871,City_e708c712,ZZ,72477,Address_6a8f8203,City_c057d8df,ZZ,72477,Last_d178528e,First_72cae815,5050375952,user_715c4f12e0@example.com,Note_2168f0cd,1503,98B8B873-DDA1-6C4A-9F20-C5F010369882
OWNER_8f7d97c6a5f8,Company_9d6fc041,Last_ca8c2e22,First_1df40c15,5057014967,5050375952,user_715c4f12e0@example.com,Address_f05df871,City_e708c712,ZZ,72477,Address_a226cdca,City_c05d421a,ZZ,72477,Last_d178528e,First_72cae815,5050375952,user_715c4f12e0@example.com,Note_2168f0cd,416,3C3D30A2-8717-4018-8087-C62B01D6AB13
OWNER_8ae4daaa99f6,Company_9d6fc041,Last_c97b2f63,First_69aa8fb0,5050506725,5050375952,user_715c4f12e0@example.com,Address_15995e38,City_6d9e52a4,ZZ,14359,Address_a226cdca,City_c05d421a,ZZ,72477,Last_d178528e,First_72cae815,5050375952,user_715c4f12e0@example.com,Note_1e16b966,567,734ABE90-20D1-4FEB-AE86-C68D2DF9C76F
OWNER_e754823373ac,Company_9d6fc041,Last_10ec5824,First_97959d73,5054529893,5050375952,user_715c4f12e0@example.com,Address_cf12b6fe,City_c4a4a446,ZZ,70022,Address_a226cdca,City_c05d421a,ZZ,72477,Last_d178528e,First_72cae815,5050375952,user_715c4f12e0@example.com,Note_0e85ef49,668,D510CF30-DBF4-40F6-9BAD-C6A10B1526BC
OWNER_8b0052f20ffb,Company_9d6fc041,Last_80b153a3,First_1df40c15,5050375952,5050375952,user_715c4f12e0@example.com,Address_f05df871,City_e708c712,ZZ,72477,Address_a226cdca,City_c05d421a,ZZ,72477,Last_4aa231f7,First_8a59f488,5050375952,user_715c4f12e0@example.com,Note_03aabe20,576,7A9A3E76-3756-4A7A-97F7-C6BA7DDC147E
OWNER_b5c243f1b4b9,Company_9d6fc041,Last_cd024dce,First_a497483e,5050375952,5050375952,user_715c4f12e0@example.com,Address_f05df871,City_e708c712,ZZ,72477,Address_a226cdca,City_c05d421a,ZZ,72477,Last_d178528e,First_72cae815,5050375952,user_715c4f12e0@example.com,Note_2168f0cd,1134,9B3566ED-ADB8-47B0-A863-C6C495B89EAC
OWNER_ddf5ab2977df,Company_9d6fc041,Last_cf62446a,First_bf2ec069,5052443631,5050375952,user_715c4f12e0@example.com,Address_43b18b7f,City_1c11a706,ZZ,65345,Address_a226cdca,City_c05d421a,ZZ,72477,Last_529c84f0,First_632ccf40,5054453049,user_715c4f12e0@example.com,Note_2168f0cd,995,66458FC1-4D0F-4B15-BAFD-C74F61F682B8
OWNER_0a950a37f095,Company_9d6fc041,Last_db26e71a,First_14434b03,5050375952,5050375952,user_e4a45b6a7a@example.com,Address_f05df871,City_e708c712,ZZ,72477,Address_a226cdca,City_c05d421a,ZZ,72477,Last_d178528e,First_72cae815,5050375952,user_715c4f12e0@example.com,Note_22579132,152,4BBEF1B4-C619-45F5-B7D8-C7B48DD0CE4F
OWNER_070afaf2b3af,Company_9d6fc041,Last_eb61dd3e,First_1fdcece7,5050375952,5050375952,user_715c4f12e0@example.com,Address_f05df871,City_e708c712,ZZ,72477,Address_a226cdca,City_c05d421a,ZZ,72477,Last_d178528e,First_72cae815,5050375952,user_715c4f12e0@example.com,Note_2168f0cd,614,C6E5DFED-FA3D-4127-B21D-C7BAF0B7F8FD
OWNER_ff25543af3cd,Company_9d6fc041,Last_7e3fb7a9,First_b8d1c12b,5058182557,5050375952,user_715c4f12e0@example.com,Address_f05df871,City_e708c712,ZZ,72477,Address_e3397192,City_f8f31c5f,ZZ,72477,Last_d178528e,First_72cae815,5050375952,user_715c4f12e0@example.com,Note_2168f0cd,374,6A286C08-55D9-492F-BBA0-C7D049DD295F
OWNER_62520163dafa,Company_9d6fc041,Last_cf4cbdc8,First_2de80f16,5055436269,5050375952,user_715c4f12e0@example.com,Address_ed5b1367,City_9870ba28,ZZ,26022,Address_a226cdca,City_c05d421a,ZZ,72477,Last_d178528e,First_72cae815,5050375952,user_715c4f12e0@example.com,Note_2168f0cd,436,83809657-6289-4BCD-8482-C7F1813CBD90
OWNER_71de9771f855,Company_1a125ad3,Last_7bd3af51,First_2c24c138,5050375952,5050375952,user_715c4f12e0@example.com,Address_f05df871,City_e708c712,ZZ,72477,Address_a226cdca,City_c05d421a,ZZ,72477,Last_d178528e,First_72cae815,5050375952,user_715c4f12e0@example.com,Note_a872bb07,787,0A2C7D55-FC05-48EE-B053-C7F27FF86121
OWNER_1925bb7ce880,Company_9d6fc041,Last_0a702d4d,First_f65128c3,5050375952,5050375952,user_715c4f12e0@example.com,Address_f05df871,City_e708c712,ZZ,72477,Address_a226cdca,City_c05d421a,ZZ,72477,Last_d178528e,First_72cae815,5050375952,user_715c4f12e0@example.com,Note_2168f0cd,694,D73E826C-A18B-4530-B97F-C84025018884
OWNER_79dd1526368d,Company_9d6fc041,Last_0be4f6f7,First_7685c4b5,5058085119,5050375952,user_f2c208d009@example.com,Address_29b66f4e,City_c3e07d03,ZZ,11928,Address_cdb03f74,City_03ac272d,ZZ,11928,Last_d178528e,First_72cae815,5050375952,user_715c4f12e0@example.com,Note_2168f0cd,1832,81E7CF8C-C082-4401-9175-C846EFADCA60
OWNER_97291c9d8651,Company_9d6fc041,Last_90eba504,First_e40b22ec,5051071127,5050375952,user_715c4f12e0@example.com,Address_f05df871,City_e708c712,ZZ,72477,Address_a226cdca,City_c05d421a,ZZ,72477,Last_d178528e,First_72cae815,5050375952,user_715c4f12e0@example.com,Note_2168f0cd,429,1534C812-4366-40B5-864F-C88A64FF6536
OWNER_8c181cff56c4,Company_9d6fc041,Last_94c5b858,First_5d79f087,5059540502,5050375952,user_715c4f12e0@example.com,Address_f05df871,City_e708c712,ZZ,72477,Address_a226cdca,City_c05d421a,ZZ,72477,Last_d178528e,First_72cae815,5050375952,user_715c4f12e0@example.com,Note_2168f0cd,1124,760A9C74-601B-4BDE-8C72-C8CE4C19C242
OWNER_f7dfe174eb8b,Company_9d6fc041,Last_ab55a8a1,First_098b7a78,5053401244,5050375952,user_715c4f12e0@example.com,Address_09b2c046,City_a000d1fb,ZZ,66775,Address_9b9df37a,City_c05d421a,ZZ,72477,Last_44c527db,First_45e1a47c,5053814108,user_87be2b8fe4@example.com,Note_dedbef36,1388,79F9EDF0-6A65-498E-86CE-C8FEB380BA27
OWNER_44ed38335f6f,Company_9d6fc041,Last_71b274e9,First_b8d9f915,5054373606,5050375952,user_8f77a552eb@example.com,Address_130ff5f3,City_c0fbf85c,ZZ,72477,Address_a582596a,City_76200585,ZZ,72477,Last_d178528e,First_72cae815,5050375952,user_715c4f12e0@example.com,Note_2168f0cd,1323,5B912C1B-F727-4D10-A36E-C91BF875309D
OWNER_fb4dd1686dea,Company_9d6fc041,Last_386d24ae,First_b7ffef75,5050375952,5051142875,user_715c4f12e0@example.com,Address_f05df871,City_e708c712,ZZ,72477,Address_37faf7e3,City_f4f05588,ZZ,59580,Last_d178528e,First_72cae815,5050375952,user_715c4f12e0@example.com,Note_0c710cae,1638,99B84413-6579-C748-829B-C921C0736F5D
OWNER_a3ac8b98f0fc,Company_9d6fc041,Last_1a5fb66a,First_97959d73,5057666181,5050375952,user_5a1612da73@example.com,Address_4f7519be,City_8d3d7914,ZZ,51993,Address_a226cdca,City_c05d421a,ZZ,72477,Last_6338506b,First_bd1662fe,5053378189,user_715c4f12e0@example.com,Note_7b459b13,669,09304658-92D9-49E5-9417-C956B1199BED
OWNER_33f9c78465bc,Company_752b427e,Last_da22c1ab,First_098b7a78,5050375952,5057674539,user_ee7649dd84@example.com,Address_b834a5c9,City_61a89ac8,ZZ,21478,Address_ff10144e,City_9415c49e,ZZ,71254,Last_37d964c8,First_8fc5596f,5051278955,user_b9d3afae5e@example.com,Note_80637fb3,851,4778C63C-A284-48DC-98BE-C9CA5D234B9C
OWNER_a3aa807d2dd0,Company_9d6fc041,Last_f04bc5fb,First_cad330f0,5050375952,5050375952,user_715c4f12e0@example.com,Address_f05df871,City_e708c712,ZZ,72477,Address_a226cdca,City_c05d421a,ZZ,72477,Last_d178528e,First_72cae815,5050375952,user_715c4f12e0@example.com,Note_8671cb4a,1008,51A5CCF0-1543-4E86-BEFA-C9CD83683601
OWNER_d23ee43a4fcc,Company_9d6fc041,Last_c97b2f63,First_a545002d,5050375952,5050375952,user_715c4f12e0@example.com,Address_f05df871,City_e708c712,ZZ,72477,Address_a226cdca,City_c05d421a,ZZ,72477,Last_d178528e,First_72cae815,5050375952,user_715c4f12e0@example.com,Note_2168f0cd,385,C756923C-9515-4BE6-B56D-C9E280784069
OWNER_794d9a26c2ab,Company_c4b31b79,Last_0d4b4154,First_0711f637,5055324532,5050375952,user_715c4f12e0@example.com,Address_f05df871,City_e708c712,ZZ,72477,Address_a226cdca,City_c05d421a,ZZ,72477,Last_d178528e,First_72cae815,5050375952,user_715c4f12e0@example.com,Note_2168f0cd,43,B968BCE4-6FFC-4146-9D0F-C9EF970D78F0
OWNER_ff947c9daf86,Company_9d6fc041,Last_3fa3dcd4,First_2c24c138,5050375952,5050375952,user_715c4f12e0@example.com,Address_f05df871,City_e708c712,ZZ,72477,Address_a226cdca,City_c05d421a,ZZ,72477,Last_d178528e,First_72cae815,5050375952,user_715c4f12e0@example.com,Note_2168f0cd,264,B59E8744-4DAB-460A-BF0D-CA05ED9F0EDD
OWNER_20c59dac6bec,Company_9d6fc041,Last_1031b5b7,First_51177245,5050375952,5059276297,user_6210ded11c@example.com,Address_a33fba82,City_c8ef49e0,ZZ,99337,Address_b684b0a9,City_253be803,ZZ,99337,Last_d178528e,First_72cae815,5050375952,user_715c4f12e0@example.com,Note_2168f0cd,1863,1FBD82F4-C623-4009-9F92-CA0A63A71840
OWNER_9f88f1ae7e6a,Company_9d6fc041,Last_66d393ca,First_667f00bd,5053230462,5050375952,user_715c4f12e0@example.com,Address_f7cca6d4,City_92eae982,ZZ,09804,Address_a226cdca,City_c05d421a,ZZ,72477,Last_4de05cfb,First_6e0b5f89,5050846682,user_715c4f12e0@example.com,Note_c4514c92,982,FC6FBE20-3E4F-4200-A01C-CA10634F8959
OWNER_73b4f04aa130,Company_9d6fc041,Last_15ba666d,First_6d855beb,5050375952,5050375952,user_715c4f12e0@example.com,Address_f05df871,City_e708c712,ZZ,72477,Address_1614b403,City_f4f05588,ZZ,59580,Last_04cde31b,First_6ed20a0c,5050375952,user_715c4f12e0@example.com,Note_bf9458a9,1632,DD91EEE5-88FA-7A49-B74B-CA2A2ED76F38
OWNER_f06048932992,Company_9d6fc041,Last_78f2c16b,First_4968f78e,5053042617,5050375952,user_715c4f12e0@example.com,Address_0eb8359e,City_fb775d72,ZZ,24366,Address_a226cdca,City_c05d421a,ZZ,72477,Last_a25b5f25,First_9f5cf46a,5058446815,user_d5342cb18c@example.com,Note_98b2836b,392,0235F7F8-45E4-4641-8BCC-CA2A3D6F263D
OWNER_14710c688a66,Company_9d6fc041,Last_97ac5fa7,First_422f0bad,5052572026,5050375952,user_171762b83f@example.com,Address_a84b8949,City_ca4bb91c,ZZ,70370,Address_14785991,City_c05d421a,ZZ,72477,Last_d178528e,First_72cae815,5050375952,user_715c4f12e0@example.com,Note_2168f0cd,662,AF0F77DE-12E2-482E-85C7-CA4F60856659
OWNER_92489331bc78,Company_9d6fc041,Last_fcabb1ed,First_a285c9dd,5055955886,5050375952,user_715c4f12e0@example.com,Address_f05df871,City_e708c712,ZZ,72477,Address_36252d6a,City_76200585,ZZ,75073,Last_d178528e,First_72cae815,5050375952,user_715c4f12e0@example.com,Note_2168f0cd,1243,01D9DF4D-20A1-4B50-8418-CA5408BA7B81
OWNER_cf7195fa5b29,Company_9d6fc041,Last_f6507f4c,First_d78ec84e,5059846244,5050375952,user_715c4f12e0@example.com,Address_c3d8b5db,City_e708c712,ZZ,72477,Address_30cede96,City_c05d421a,ZZ,72477,Last_d178528e,First_72cae815,5050375952,user_715c4f12e0@example.com,Note_2168f0cd,1349,2734B96C-E00B-44CF-BE3D-CA660D6FE845
OWNER_a09cf5388bb5,Company_9d6fc041,Last_f6bf8b67,First_667f00bd,5059787834,5050375952,user_715c4f12e0@example.com,Address_f05df871,City_e708c712,ZZ,72477,Address_a226cdca,City_c05d421a,ZZ,72477,Last_d178528e,First_72cae815,5050375952,user_715c4f12e0@example.com,Note_d007e3d8,989,AFF20232-12B3-4340-8BBE-CA8648858FF1
OWNER_d1f65929ac41,Company_ed2c53c1,Last_057c2483,First_371275b2,5050375952,5050375952,user_715c4f12e0@example.com,Address_f05df871,City_e708c712,ZZ,72477,Address_a226cdca,City_c05d421a,ZZ,72477,Last_d178528e,First_72cae815,5050375952,user_715c4f12e0@example.com,Note_bc607ead,928,E8E4D940-6371-45AD-99A7-CAAF96D18C21
OWNER_eee4d43895a0,Company_9d6fc041,Last_8fc67184,First_91186fa4,5050375952,5050375952,user_715c4f12e0@example.com,Address_f05df871,City_e708c712,ZZ,72477,Address_a226cdca,City_c05d421a,ZZ,72477,Last_d178528e,First_72cae815,5050375952,user_715c4f12e0@example.com,Note_e99b5d5b,649,621D3152-E0D2-488E-B8DC-CB3FDCA1B9A8
OWNER_132c17992059,Company_9d6fc041,Last_8bd8d74d,First_5c18ff35,5057040225,5059744744,user_01a4575329@example.com,Address_f05df871,City_e708c712,ZZ,72477,Address_a226cdca,City_c05d421a,ZZ,72477,Last_d178528e,First_72cae815,5050375952,user_715c4f12e0@example.com,Note_2168f0cd,761,84D61E68-F462-424D-A52C-CB4C9485C46C
OWNER_f840601f3a56,Company_9d6fc041,Last_aa2a2041,First_cf2b6bd7,5050375952,5050375952,user_7cefb31f04@example.com,Address_f05df871,City_e708c712,ZZ,72477,Address_d721672c,City_5e563603,ZZ,92477,Last_d178528e,First_72cae815,5050375952,user_715c4f12e0@example.com,Note_2168f0cd,1909,CC8A0602-A7C3-416B-A0C5-CB6B40A21890
OWNER_2ca51051ac99,Company_9d6fc041,Last_36e0a315,First_018704fa,5052039977,5050375952,user_6d2b8c4ba0@example.com,Address_f05df871,City_e708c712,ZZ,72477,Address_a226cdca,City_c05d421a,ZZ,72477,Last_2d364090,First_0c66f0b9,5059475119,user_cfb7cb7b4e@example.com,Note_a2a83c66,709,F3A8AD08-9353-4008-B64D-CB95597F3DBD
OWNER_ba6b3cbfbe4c,Company_9d6fc041,Last_8cd18ced,First_d8d8de3c,5050375952,5050375952,user_715c4f12e0@example.com,Address_f05df871,City_e708c712,ZZ,72477,Address_a226cdca,City_c05d421a,ZZ,72477,Last_d178528e,First_72cae815,5050375952,user_715c4f12e0@example.com,Note_2168f0cd,1049,C2C9DA20-5B8C-4336-AF1E-CBCD8BB0CD66
OWNER_86166cb7f1b1,Company_9d6fc041,Last_49662e26,First_dae6d5f1,5050375952,5050375952,user_715c4f12e0@example.com,Address_f05df871,City_e708c712,ZZ,72477,Address_5dfe3968,City_282e7459,ZZ,72477,Last_d178528e,First_72cae815,5050375952,user_715c4f12e0@example.com,Note_2168f0cd,1201,A9A3961A-58B7-4FD9-AEDE-CBD054D5A84B
OWNER_f939bfa0a19c,Company_e2553b7c,Last_f19ff547,First_69aa8fb0,5051343813,5050375952,user_715c4f12e0@example.com,Address_4b2f1354,City_aeb02e3b,ZZ,80528,Address_a226cdca,City_c05d421a,ZZ,72477,Last_d178528e,First_72cae815,5050375952,user_715c4f12e0@example.com,Note_2168f0cd,569,188345BF-BA94-40C6-BBD5-CBF543AA1CB5
OWNER_f49b6f8e6f02,Company_9d6fc041,Last_3a3eb91c,First_46be10e9,5057422627,5050375952,user_715c4f12e0@example.com,Address_dcdfc5e3,City_2402b24b,ZZ,48412,Address_1ffc3ce9,City_f8f31c5f,ZZ,48412,Last_d178528e,First_72cae815,5050375952,user_715c4f12e0@example.com,Note_c31f8bd9,157,57BCD26E-6F12-4243-8E68-CBFAA136B159
OWNER_f5828ae7997f,Company_9d6fc041,Last_fcf938b6,First_4a6b3245,5050375952,5050375952,user_715c4f12e0@example.com,Address_f05df871,City_e708c712,ZZ,72477,Address_a226cdca,City_c05d421a,ZZ,72477,Last_d178528e,First_72cae815,5050375952,user_715c4f12e0@example.com,Note_8671cb4a,387,EE64C117-7BEB-4A10-B24D-CC05384F8800
OWNER_8781c17bfd98,Company_437d9d68,Last_2fb65a10,First_9145b570,5050032878,5050375952,user_715c4f12e0@example.com,Address_f05df871,City_e708c712,ZZ,72477,Address_a226cdca,City_9415c49e,ZZ,72477,Last_d178528e,First_72cae815,5050375952,user_715c4f12e0@example.com,Note_662b46aa,1065,E110CDB2-5849-4290-9B3E-CC676B1AA089
OWNER_70ac9165cac8,Company_9d6fc041,Last_22617a5f,First_5a53d49c,5050375952,5051878442,user_fa60ec728e@example.com,Address_e017de51,City_2535e8ee,ZZ,67893,Address_b2e3ecae,City_94b6fd86,ZZ,67893,Last_d178528e,First_72cae815,5050375952,user_715c4f12e0@example.com,Note_2168f0cd,1795,7831977E-06E6-49B6-A8EB-CC8BF586A750
OWNER_5ccfeafccf2d,Company_9d6fc041,Last_2fb65a10,First_c7a5b77a,5050375952,5052556606,user_715c4f12e0@example.com,Address_f4f8d34f,City_73ebcd64,ZZ,71535,Address_d1d1efca,City_9415c49e,ZZ,71535,Last_c6a0a02b,First_f966de24,5050375952,user_ddf44cf420@example.com,Note_2168f0cd,876,5C317B81-1594-4374-BFEC-CCA4C8C4A295
OWNER_d29e7760db9f,Company_ccec10d7,Last_9a5e3166,First_30f93594,5050375952,5050375952,user_715c4f12e0@example.com,Address_f05df871,City_e708c712,ZZ,72477,Address_a226cdca,City_c05d421a,ZZ,72477,Last_d178528e,First_72cae815,5050375952,user_715c4f12e0@example.com,Note_2168f0cd,39,959DA918-C126-40EE-8D17-CCCAC127F041
OWNER_871a70f0b3ad,Company_9d6fc041,Last_66d393ca,First_75dbc041,5050375952,5050375952,user_715c4f12e0@example.com,Address_eb264757,City_c0fbf85c,ZZ,23894,Address_1f8af445,City_76200585,ZZ,75073,Last_d178528e,First_be05bbd1,5057732196,user_715c4f12e0@example.com,Note_339e0ecd,1245,874CB463-9EB1-479D-9D2E-CCCFD5FF4F18
OWNER_069af9e11e70,Company_9d6fc041,Last_0c05a1bf,First_2c24c138,5050375952,5050375952,user_715c4f12e0@example.com,Address_f05df871,City_e708c712,ZZ,72477,Address_a226cdca,City_c05d421a,ZZ,72477,Last_d178528e,First_72cae815,5050375952,user_715c4f12e0@example.com,Note_2168f0cd,417,0C891B38-8805-47A9-B0AC-CD3C9262A622
OWNER_2b14b39f98c1,Company_9d6fc041,Last_6dd93bc3,First_78839e30,5050375952,5050375952,user_715c4f12e0@example.com,Address_f05df871,City_e708c712,ZZ,72477,Address_a226cdca,City_c05d421a,ZZ,72477,Last_d178528e,First_72cae815,5050375952,user_715c4f12e0@example.com,Note_2168f0cd,466,4E8286F2-616B-4944-B370-CD6F4CC2DCE2
OWNER_4c0191596d4c,Company_9d6fc041,Last_af2f6e2c,First_b8d9f915,5050375952,5050375952,user_715c4f12e0@example.com,Address_f05df871,City_e708c712,ZZ,72477,Address_a226cdca,City_c05d421a,ZZ,72477,Last_9ecd015f,First_1d6e3db9,5050375952,user_715c4f12e0@example.com,Note_2168f0cd,1966,B703986F-F7C4-4949-98FE-CD967FD34150
OWNER_2be12032f928,Company_9d6fc041,Last_ccd854fe,First_cc9894b7,5055052329,5050375952,user_715c4f12e0@example.com,Address_f05df871,City_e708c712,ZZ,72477,Address_a226cdca,City_c05d421a,ZZ,72477,Last_b10b52df,First_d4b94164,5055896427,user_715c4f12e0@example.com,Note_cb0aace9,146,33CDDE32-EB4D-41D4-A4B8-CDA268377C72
OWNER_edd4182c6330,Company_9d6fc041,Last_f54c93f4,First_490ae46a,5054359572,5051334166,user_715c4f12e0@example.com,Address_f05df871,City_e708c712,ZZ,72477,Address_a226cdca,City_c05d421a,ZZ,72477,Last_2679780d,First_444432ff,5050375952,user_715c4f12e0@example.com,Note_e5ec58c2,279,931DB9F6-69C9-4BB1-97B4-CDFD2F89ACCB
OWNER_46e4a2064101,Company_9d6fc041,Last_ede7c056,First_ea4b36b1,5059841867,5050375952,user_715c4f12e0@example.com,Address_8411fbd7,City_a62e8786,ZZ,98066,Address_a226cdca,City_c05d421a,ZZ,72477,Last_d178528e,First_72cae815,5050375952,user_715c4f12e0@example.com,Note_2168f0cd,67,876D4E25-0697-4FC1-B9B2-CE1DA0ACA58C
OWNER_016e377843bb,Company_9d6fc041,Last_370be886,First_e72311c9,5059740503,5050375952,user_715c4f12e0@example.com,Address_f05df871,City_e708c712,ZZ,72477,Address_a226cdca,City_c05d421a,ZZ,72477,Last_d178528e,First_72cae815,5050375952,user_715c4f12e0@example.com,Note_80cf7cf4,220,73CC7E4C-9DBC-43A2-8537-CE3D76D12434
OWNER_e60c16c9f3b8,Company_9d6fc041,Last_670c9551,First_6e97316e,5059927409,5050375952,user_715c4f12e0@example.com,Address_2e27a807,City_9bb0076f,ZZ,94763,Address_a226cdca,City_c05d421a,ZZ,72477,Last_d178528e,First_72cae815,5050375952,user_715c4f12e0@example.com,Note_2168f0cd,137,5E939E26-F2F0-4C86-BA65-CE9A10519993
OWNER_93bb219949a1,Company_9d6fc041,Last_d4361487,First_6371ae10,5051606705,5050375952,user_715c4f12e0@example.com,Address_5adf3f8b,City_73ebcd64,ZZ,71535,Address_fc9e13c5,City_9415c49e,ZZ,71535,Last_9a6f525e,First_f1a153e5,5050375952,user_715c4f12e0@example.com,Note_2168f0cd,1552,5676D68A-F050-6845-940F-CEB5EB860A76
OWNER_e32ec1ed0e54,Company_f1f19673,Last_7bd3af51,First_edc651c9,5050375952,5050375952,user_715c4f12e0@example.com,Address_f05df871,City_e708c712,ZZ,72477,Address_a226cdca,City_c05d421a,ZZ,72477,Last_d178528e,First_72cae815,5050375952,user_715c4f12e0@example.com,Note_2168f0cd,1060,0330A379-4D2D-4EC7-82D8-CEC768743D87
OWNER_d4d71136120a,Company_9d6fc041,Last_046918fc,First_953a7401,5054914762,5051660373,user_0359c97a18@example.com,Address_f05df871,City_e708c712,ZZ,72477,Address_a226cdca,City_c05d421a,ZZ,72477,Last_d178528e,First_72cae815,5050375952,user_715c4f12e0@example.com,Note_1a4d4ff5,225,F42676E9-65E1-4FB0-9A0E-CF1828642221
OWNER_d9da276da77d,Company_9d6fc041,Last_d8d120b0,First_5e78985a,5053743719,5057545111,user_250c2528d6@example.com,Address_f05df871,City_e708c712,ZZ,72477,Address_a226cdca,City_c05d421a,ZZ,72477,Last_d178528e,First_72cae815,5050375952,user_715c4f12e0@example.com,Note_2168f0cd,490,D97ADEA0-6127-41BC-9BEC-CF3178B2E405
OWNER_0ccae2367733,Company_9d6fc041,Last_2d79ff8e,First_5a53d49c,5050375952,5050375952,user_715c4f12e0@example.com,Address_f05df871,City_e708c712,ZZ,72477,Address_a226cdca,City_c05d421a,ZZ,72477,Last_d178528e,First_72cae815,5050375952,user_715c4f12e0@example.com,Note_d7640639,438,D3FC648F-43F9-4B6A-BE68-CF380A5D804D
OWNER_e7b129c495c7,Company_9d6fc041,Last_9bb2e717,First_4d5db5c4,5059029683,5053634627,user_715c4f12e0@example.com,Address_026f23fb,City_c1d7174e,ZZ,37349,Address_c289a731,City_8564fbb5,ZZ,72477,Last_d178528e,First_72cae815,5050375952,user_715c4f12e0@example.com,Note_2168f0cd,1496,373B6F32-008C-8F41-9A41-CF443B9D0959
OWNER_d68b983fbf7b,Company_68862d40,Last_c9593606,First_b4a8e884,5050375952,5050375952,user_715c4f12e0@example.com,Address_2c70a628,City_165bb798,ZZ,28255,Address_a226cdca,City_c05d421a,ZZ,72477,Last_137d95de,First_5c9c2203,5052634450,user_74aeb5f57e@example.com,Note_6c2fa066,1625,2A883349-39FB-DF4E-A4DD-CF6688D0165F
OWNER_1c1193309c7c,Company_9d6fc041,Last_9c9572fb,First_711a2a82,5058288526,5050375952,user_715c4f12e0@example.com,Address_f05df871,City_e708c712,ZZ,72477,Address_a226cdca,City_c05d421a,ZZ,72477,Last_d178528e,First_72cae815,5050375952,user_715c4f12e0@example.com,Note_2168f0cd,1767,0F1D8BAA-AECB-4946-ADCB-CF993050D143
OWNER_9ecc3280c946,Company_9d6fc041,Last_af850ae0,First_ab9bef00,5050375952,5050375952,user_715c4f12e0@example.com,Address_f05df871,City_e708c712,ZZ,72477,Address_a226cdca,City_c05d421a,ZZ,72477,Last_d178528e,First_72cae815,5050375952,user_715c4f12e0@example.com,Note_2168f0cd,827,A45FF3FB-21B1-45F2-A951-CFAFC4073321
OWNER_9a4b274220b8,Company_d3fee14e,Last_7bd3af51,First_c48dadcf,5053674835,5050375952,user_715c4f12e0@example.com,Address_f05df871,City_e708c712,ZZ,72477,Address_5ea3eefa,City_9415c49e,ZZ,72477,Last_8f3a8a3a,First_f966de24,5051516986,user_11c50620e3@example.com,Note_530fc76e,925,1427124B-C6B9-438F-8565-CFBABC05C97C
OWNER_e46bfffbe981,Company_9d6fc041,Last_2f21d8c2,First_2c24c138,5050375952,5050375952,user_715c4f12e0@example.com,Address_f05df871,City_e708c712,ZZ,72477,Address_a226cdca,City_c05d421a,ZZ,72477,Last_d178528e,First_72cae815,5050375952,user_715c4f12e0@example.com,Note_2168f0cd,36,0198A8A6-6799-4C94-A16C-CFE9F63992FC
OWNER_a9c0ecaef666,Company_b5f12ae6,Last_0ebcdf12,First_a165c52b,5051981963,5050375952,user_017db25a67@example.com,Address_339b0602,City_9151c5be,ZZ,88092,Address_a226cdca,City_7794b113,ZZ,72477,Last_2755a874,First_6c1c1559,5057010882,user_8f4f599265@example.com,Note_620ed626,1484,0DFAAD33-68AE-7343-9996-D015B2E5D5F7
OWNER_5accf8e345d4,Company_9d6fc041,Last_ff3655de,First_6c8ea66d,5050375952,5050375952,user_715c4f12e0@example.com,Address_f05df871,City_e708c712,ZZ,72477,Address_a226cdca,City_c05d421a,ZZ,72477,Last_d178528e,First_72cae815,5050375952,user_715c4f12e0@example.com,Note_d23e1c82,109,928EE296-22D9-4464-BFE7-D0395B5D549D
OWNER_56e9961f5f11,Company_9d6fc041,Last_d57acfe1,First_407873b7,5050375952,5053512366,user_715c4f12e0@example.com,Address_8d17afe1,City_9b94cfc5,ZZ,58363,Address_b5d2d609,City_32d30c4f,ZZ,58363,Last_d178528e,First_72cae815,5050375952,user_715c4f12e0@example.com,Note_2168f0cd,1821,F1ACA100-5867-41D1-97F6-D03A29D00F7C
OWNER_8420af433d42,Company_9d6fc041,Last_8a03b48d,First_05e6f4f8,5054605558,5059102000,user_fa0bec0e17@example.com,Address_23ff4e75,City_c5b48cb6,ZZ,19005,Address_a226cdca,City_c05d421a,ZZ,72477,Last_d178528e,First_72cae815,5050375952,user_715c4f12e0@example.com,Note_c7f75ae3,262,81398780-5C4C-4EB6-9DCF-D063506F5513
OWNER_c1987951b9b6,Company_9d6fc041,Last_648c24fe,First_a82d6021,5056698293,5053552884,user_715c4f12e0@example.com,Address_9f116b28,City_0aba12ad,ZZ,19719,Address_a226cdca,City_c05d421a,ZZ,72477,Last_d178528e,First_72cae815,5050375952,user_715c4f12e0@example.com,Note_4d408eea,469,31330C88-628F-4B14-8C36-D06B84B85C71
OWNER_dbfc26ac3085,Company_9d6fc041,Last_e426d275,First_ae46759c,5050375952,5055832466,user_fce5157dea@example.com,Address_cdfef52e,City_9b94cfc5,ZZ,58363,Address_ce64bdb9,City_32d30c4f,ZZ,58363,Last_d178528e,First_72cae815,5050375952,user_715c4f12e0@example.com,Note_2168f0cd,1822,E16BE8A8-590E-44E8-9226-D07324E535F4
OWNER_3c33fc720f1f,Company_9d6fc041,Last_e9d5575e,First_3b11c6f0,5050375952,5050375952,user_715c4f12e0@example.com,Address_f05df871,City_e708c712,ZZ,72477,Address_a226cdca,City_c05d421a,ZZ,72477,Last_e49595da,First_593c4c6e,5050375952,user_715c4f12e0@example.com,Note_d6f69cc7,555,2EE44F5B-A399-4888-8BA4-D0D27241482F
OWNER_b53b3c8c00f5,Company_9d6fc041,Last_23e2319e,First_2c24c138,5050375952,5050375952,user_715c4f12e0@example.com,Address_f05df871,City_e708c712,ZZ,72477,Address_a226cdca,City_c05d421a,ZZ,72477,Last_d178528e,First_72cae815,5050375952,user_715c4f12e0@example.com,Note_2168f0cd,96,9E0CE175-83A8-4881-9A63-D11D2D0CD877
OWNER_cdc4210799eb,Company_188d4e37,Last_7bd3af51,First_ed5e94ce,5050375952,5050375952,user_715c4f12e0@example.com,Address_f05df871,City_e708c712,ZZ,72477,Address_a226cdca,City_c05d421a,ZZ,72477,Last_d178528e,First_72cae815,5050375952,user_715c4f12e0@example.com,Note_ccdaca4f,216,1A7EA456-1DDB-4021-9F7C-D12D58930072
OWNER_eef7bfd2f23b,Company_9d6fc041,Last_682d4568,First_97959d73,5050375952,5055248497,user_d8fcf066b8@example.com,Address_f05df871,City_e708c712,ZZ,72477,Address_a226cdca,City_c05d421a,ZZ,72477,Last_d178528e,First_72cae815,5050375952,user_715c4f12e0@example.com,Note_2168f0cd,1131,3128AF03-2731-42EA-9A28-D135FFEEF6A2
OWNER_49cd0c3b66b4,Company_9d6fc041,Last_1c787ba3,First_e2fa7e04,5052497289,5050375952,user_715c4f12e0@example.com,Address_58e8d463,City_c0fbf85c,ZZ,75073,Address_f0288a7c,City_76200585,ZZ,75073,Last_08011427,First_9e910580,5050375952,user_715c4f12e0@example.com,Note_2168f0cd,1283,9F3EB595-2A4A-4021-AE8E-D139B99D5A42
OWNER_0ff326949f2a,Company_9d6fc041,Last_05dd3df7,First_e16420e4,5050375952,5053283070,user_715c4f12e0@example.com,Address_b9dd1ae1,City_6ec3f32a,ZZ,04722,Address_a920bd91,City_8dbac927,ZZ,72477,Last_214ff093,First_f64dda61,5050375952,user_715c4f12e0@example.com,Note_5b1f4ffc,91,4072C2B8-E76B-40E6-A31F-D1481C15D140
OWNER_554c9f314025,Company_bca5018b,Last_3495ccd5,First_098b7a78,5053120960,5056646365,user_715c4f12e0@example.com,Address_f289069d,City_88a15d25,ZZ,31328,Address_a226cdca,City_c05d421a,ZZ,72477,Last_d178528e,First_72cae815,5050375952,user_715c4f12e0@example.com,Note_2168f0cd,1490,79374CD4-9315-CC49-B9EF-D19A32D3A502
OWNER_40cead02f5ff,Company_325fa8e3,Last_bb535c80,First_bdabcbbc,5050375952,5050375952,user_715c4f12e0@example.com,Address_f05df871,City_e708c712,ZZ,72477,Address_a226cdca,City_c05d421a,ZZ,72477,Last_d178528e,First_72cae815,5050375952,user_715c4f12e0@example.com,Note_2168f0cd,386,9C12CD24-EF2F-40DE-A404-D1BE1EFDFB42
OWNER_fd298a906d34,Company_9d6fc041,Last_6ef47730,First_55be1046,5052992246,5050375952,user_bb2a55392a@example.com,Address_db81d7cb,City_03403c03,ZZ,13416,Address_e2b8c8c4,City_282e7459,ZZ,72477,Last_2a836194,First_c8bbd30a,5050375952,user_715c4f12e0@example.com,Note_2168f0cd,1200,84A31BA0-7D6B-4F44-AD71-D1FB006725C0
OWNER_5b5fb5a46bfe,Company_fabe6b4f,Last_1fc8bdb6,First_667f00bd,5056440984,5050375952,user_aae94cbf0f@example.com,Address_b9f21c47,City_897c4ff0,ZZ,49297,Address_f0c55d01,City_f2f033b6,ZZ,18983,Last_b2288ae0,First_a1806ca2,5055436217,user_715c4f12e0@example.com,Note_6e528028,1704,91F04214-634D-40A2-A48B-D23A742D472F
OWNER_9c5cd812fb46,Company_9d6fc041,Last_b96b1064,First_8f8821a6,5057126714,5056543693,user_3c1edf74ca@example.com,Address_f05df871,City_e708c712,ZZ,72477,Address_a226cdca,City_c05d421a,ZZ,72477,Last_d178528e,First_72cae815,5050375952,user_715c4f12e0@example.com,Note_2168f0cd,364,28A02B87-F865-4DF1-AB57-D252E8F992A7
OWNER_9f211f3a77d0,Company_9d6fc041,Last_bce3d3a6,First_b0684081,5050375952,5054874407,user_7b1e9c4694@example.com,Address_f05df871,City_e708c712,ZZ,72477,Address_5a7e07b5,City_88fbff6d,ZZ,72477,Last_d178528e,First_72cae815,5050375952,user_715c4f12e0@example.com,Note_2168f0cd,1756,73B3DC12-F3B6-4C4C-A623-D2767CEEC7AA
OWNER_54484bc8e6e5,Company_9d6fc041,Last_64c15f19,First_f1f5db66,5050375952,5050375952,user_b33bbba3f5@example.com,Address_f05df871,City_e708c712,ZZ,72477,Address_112e4c8a,City_9fb03833,ZZ,27797,Last_d178528e,First_72cae815,5050375952,user_715c4f12e0@example.com,Note_2168f0cd,1948,DD78DA06-9FB8-407A-A17E-D2888345C240
OWNER_bf5952fb09cd,Company_e5169f26,Last_0d24750d,First_93d1fcb8,5056231497,5054145291,user_74f941c232@example.com,Address_b0390649,City_b9926b99,ZZ,17867,Address_ae82a122,City_efc010ea,ZZ,72477,Last_d178528e,First_72cae815,5050375952,user_715c4f12e0@example.com,Note_4c7f6621,1485,651A5C85-3EB2-724F-914E-D28CCC47B4DD
OWNER_971329c851b6,Company_9d6fc041,Last_b3693364,First_1417f2d1,5050375952,5055673846,user_cacc24065e@example.com,Address_f05df871,City_e708c712,ZZ,72477,Address_97e226df,City_748a2ef6,ZZ,72477,Last_d178528e,First_72cae815,5050375952,user_715c4f12e0@example.com,Note_2168f0cd,1502,6257D760-9D2E-F243-A65B-D2A8BAD29D05
OWNER_b69c2b4f12ea,Company_1d4ac42d,Last_e0287c67,First_d8d8de3c,5053124221,5050375952,user_45fc415355@example.com,Address_dce966ba,City_8fedf203,ZZ,69497,Address_a226cdca,City_c05d421a,ZZ,72477,Last_d178528e,First_72cae815,5050375952,user_715c4f12e0@example.com,Note_2168f0cd,29,EA0E03DD-5870-4292-8690-D2B32D65A225
OWNER_f0cd214e2a57,Company_524aa879,Last_64c15f19,First_829af5b7,5051053161,5050375952,user_ebc349c28f@example.com,Address_95af0c4a,City_cfb7b3ce,ZZ,35230,Address_6711d948,City_2775f61a,ZZ,35230,Last_a6c2b460,First_67ec839e,5050375952,user_715c4f12e0@example.com,Note_0cd7238f,1149,5E159677-394C-41D9-89D1-D2E39E6EB349
OWNER_e2fd9d606a03,Company_8245f8ce,Last_2262e640,First_7f0f25b8,5050163548,5050375952,user_715c4f12e0@example.com,Address_f05df871,City_e708c712,ZZ,72477,Address_a226cdca,City_c05d421a,ZZ,72477,Last_d178528e,First_72cae815,5050375952,user_715c4f12e0@example.com,Note_53a47d98,141,A9E6C9C5-B286-4E06-882E-D2F1AD6394DD
OWNER_888d37263e29,Company_9d6fc041,Last_289def46,First_fb951be3,5055859838,5050375952,user_5eb693a18b@example.com,Address_9d2a2dc2,City_7e2034d6,ZZ,24879,Address_e8dee868,City_4d4f51e4,ZZ,72477,Last_d178528e,First_72cae815,5050375952,user_715c4f12e0@example.com,Note_2168f0cd,1500,D7EE4469-171E-3940-A03C-D2FD5F67BE1C
OWNER_337d0ba435f4,Company_9d6fc041,Last_0e15b916,First_1289719a,5050375952,5053173819,user_9acae0739d@example.com,Address_f05df871,City_e708c712,ZZ,72477,Address_60f38f40,City_9415c49e,ZZ,15642,Last_d178528e,First_72cae815,5050375952,user_715c4f12e0@example.com,Note_2168f0cd,1800,C8D8617E-7C81-452C-8A2E-D361E4E1CD74
OWNER_7293582db814,Company_4522a9f8,Last_1b55a31e,First_afd919ca,5053071715,5050375952,user_715c4f12e0@example.com,Address_23208769,City_9bb0076f,ZZ,94763,Address_a226cdca,City_c05d421a,ZZ,72477,Last_d178528e,First_72cae815,5050375952,user_715c4f12e0@example.com,Note_d3829ab0,609,83DAE0C2-6FA8-4171-9741-D366FF349884
OWNER_3e25c5094f53,Company_9d6fc041,Last_6aef51af,First_3481f421,5051937086,5050375952,user_0ca26f528a@example.com,Address_d5471949,City_b434c9fb,ZZ,11592,Address_18f662d3,City_b4249333,ZZ,72477,Last_d178528e,First_72cae815,5050375952,user_715c4f12e0@example.com,Note_2168f0cd,1623,75A5549A-593A-C546-BF58-D3812E97F14E
OWNER_695426ce8495,Company_8fcec0f9,Last_eb9a7c6c,First_d40b3b6c,5059417055,5050375952,user_715c4f12e0@example.com,Address_4d3e8425,City_f56f2a96,ZZ,16176,Address_a226cdca,City_c05d421a,ZZ,72477,Last_d178528e,First_72cae815,5050375952,user_715c4f12e0@example.com,Note_78433672,771,DB1E8BE8-961A-4A2B-B433-D38ED3CD2880
OWNER_48cb7cae848c,Company_9d6fc041,Last_7e3fb7a9,First_e7f1ab0d,5050657327,5050375952,user_715c4f12e0@example.com,Address_f05df871,City_e708c712,ZZ,72477,Address_a226cdca,City_c05d421a,ZZ,72477,Last_0d2a788c,First_d29e5bf9,5050375952,user_715c4f12e0@example.com,Note_e4acb5be,32,CD467BBB-DB9C-4CBB-B98E-D3B12BB46F6D
OWNER_cb54525d3c4f,Company_9d6fc041,Last_54693d7d,First_905f3ab3,5050375952,5059124190,user_38914d6cee@example.com,Address_980fdcb9,City_9b94cfc5,ZZ,58363,Address_199127d4,City_32d30c4f,ZZ,58363,Last_d178528e,First_72cae815,5050375952,user_715c4f12e0@example.com,Note_2168f0cd,1806,AC625ADA-73EA-4C04-BA49-D3D55FB4E1D1
OWNER_6c24646ea9ce,Company_cfe39e35,Last_7bd3af51,First_2c24c138,5050375952,5050375952,user_715c4f12e0@example.com,Address_f05df871,City_e708c712,ZZ,72477,Address_a226cdca,City_c05d421a,ZZ,72477,Last_d178528e,First_72cae815,5050375952,user_715c4f12e0@example.com,Note_2168f0cd,719,EA7CD477-AD1C-4F2F-A8A0-D416879E277A
OWNER_04b58ae43c99,Company_9d6fc041,Last_a5505afa,First_09492bcc,5058476474,5050375952,user_715c4f12e0@example.com,Address_1911eb13,City_fb775d72,ZZ,24366,Address_b62b753c,City_c05d421a,ZZ,72477,Last_d178528e,First_72cae815,5050375952,user_715c4f12e0@example.com,Note_2168f0cd,543,2D35E681-922B-4575-B83A-D44B075F62A5
OWNER_6a9078e529b9,Company_c31308e4,Last_a40d176b,First_93d1fcb8,5058240513,5050375952,user_800e784fb3@example.com,Address_f05df871,City_e708c712,ZZ,72477,Address_a226cdca,City_c05d421a,ZZ,72477,Last_746b8b74,First_b1df74bb,5054384555,user_c332742d3d@example.com,Note_af66273f,1147,A697A667-8126-4161-B4B1-D4745086EC1D
OWNER_66ac8b4d9803,Company_9d6fc041,Last_fa4fd7e7,First_e47bf4a6,5050887578,5050375952,user_715c4f12e0@example.com,Address_f05df871,City_e708c712,ZZ,72477,Address_f3a3b259,City_d90e4c49,ZZ,17557,Last_d178528e,First_72cae815,5050375952,user_715c4f12e0@example.com,Note_2168f0cd,1661,0D883611-9FBE-8B41-BCC7-D47EB5E3A4E5
OWNER_5a65215bbfdd,Company_9d6fc041,Last_9a5e3166,First_30f93594,5050375952,5050375952,user_715c4f12e0@example.com,Address_f05df871,City_e708c712,ZZ,72477,Address_a226cdca,City_c05d421a,ZZ,72477,Last_d178528e,First_72cae815,5050375952,user_715c4f12e0@example.com,Note_8133e814,1039,C64A6F6D-69D8-4CE2-8BF1-D4968E4F56D1
OWNER_6e9939bf81df,Company_9d6fc041,Last_3d33528f,First_098b7a78,5051746798,5050375952,user_715c4f12e0@example.com,Address_f05df871,City_e708c712,ZZ,72477,Address_a226cdca,City_c05d421a,ZZ,72477,Last_6ae4bbed,First_959cdfdf,5057183252,user_715c4f12e0@example.com,Note_4434fee2,500,9207E05D-7F47-4DC4-B819-D4B29877695C
OWNER_91a37e8c3ca4,Company_9d6fc041,Last_0ed0ad69,First_3ef0e9b1,5051618296,5050375952,user_715c4f12e0@example.com,Address_f05df871,City_e708c712,ZZ,72477,Address_a226cdca,City_c05d421a,ZZ,72477,Last_d178528e,First_72cae815,5050375952,user_715c4f12e0@example.com,Note_2168f0cd,937,AD0FD236-35BA-439A-888A-D4C647302343
OWNER_573e8d4a66e0,Company_9d6fc041,Last_a212c42f,First_4666759d,5051040331,5057848908,user_715c4f12e0@example.com,Address_434d8219,City_e708c712,ZZ,72477,Address_a226cdca,City_c05d421a,ZZ,72477,Last_d178528e,First_72cae815,5050375952,user_715c4f12e0@example.com,Note_25b00c72,1005,471009E5-A348-4F19-A9CF-D4D450667E4D
OWNER_4b4820a6eac1,Company_ad343fad,Last_c2491ccf,First_d0dba245,5051078727,5050375952,user_53be4f65e9@example.com,Address_f05df871,City_e708c712,ZZ,72477,Address_a226cdca,City_c05d421a,ZZ,72477,Last_57f6bbf9,First_238187ba,5052075740,user_7e5126464d@example.com,Note_8011e055,1576,E84A84C7-4476-BE4B-8141-D51056DE6F0E
OWNER_91b9050cb16f,Company_911bca77,Last_3e74670c,First_bf2ec069,5050375952,5050375952,user_715c4f12e0@example.com,Address_f05df871,City_e708c712,ZZ,72477,Address_a226cdca,City_c05d421a,ZZ,72477,Last_d178528e,First_72cae815,5050375952,user_715c4f12e0@example.com,Note_2168f0cd,307,0C931438-3C45-4884-8DFD-D515605A10F7
OWNER_4ff9bc388512,Company_9d6fc041,Last_ca8c2e22,First_ab775229,5056038669,5050375952,user_03c8bced49@example.com,Address_df43bf09,City_897c4ff0,ZZ,49297,Address_a226cdca,City_c05d421a,ZZ,72477,Last_d178528e,First_72cae815,5050375952,user_715c4f12e0@example.com,Note_2168f0cd,1699,BA5E7D47-B260-6E4A-8673-D525EA964B2E
OWNER_3c7b528becb8,Company_9d6fc041,Last_e508f983,First_56128e44,5050375952,5050375952,user_715c4f12e0@example.com,Address_f05df871,City_e708c712,ZZ,72477,Address_a226cdca,City_c05d421a,ZZ,72477,Last_d178528e,First_72cae815,5050375952,user_715c4f12e0@example.com,Note_8671cb4a,437,F7952517-19EB-4EC7-A526-D52F7B6420E0
OWNER_450f1894b262,Company_9d6fc041,Last_c8f99261,First_098b7a78,5053299926,5050375952,user_715c4f12e0@example.com,Address_f05df871,City_e708c712,ZZ,72477,Address_a226cdca,City_c05d421a,ZZ,72477,Last_d178528e,First_72cae815,5050375952,user_715c4f12e0@example.com,Note_2168f0cd,510,DBF90493-5A68-4B3C-92A3-D53A05CBD755
OWNER_42e45f81f179,Company_9d6fc041,Last_4993b1f5,First_28f2faf5,5050375952,5055699756,user_d857c2c635@example.com,Address_0cbda6db,City_c0fbf85c,ZZ,75073,Address_16806708,City_76200585,ZZ,75073,Last_abd90bab,First_7640816e,5050375952,user_715c4f12e0@example.com,Note_54f28663,1234,BF325350-9C63-4A28-BFA7-D55D4F297032
OWNER_db5dad3c9f31,Company_9d6fc041,Last_d9ac6f63,First_667f00bd,5059792877,5050375952,user_715c4f12e0@example.com,Address_f05df871,City_e708c712,ZZ,72477,Address_a226cdca,City_c05d421a,ZZ,72477,Last_d178528e,First_72cae815,5050375952,user_715c4f12e0@example.com,Note_a5e8832e,319,F71CEED5-3666-4D7F-BCC0-D55EF6DE96EA
OWNER_79352f083872,Company_9d6fc041,Last_49e285dd,First_20552dde,5054605815,5050375952,user_7113efa5db@example.com,Address_34d61db0,City_7b197ff8,ZZ,62553,Address_a226cdca,City_c05d421a,ZZ,72477,Last_d178528e,First_72cae815,5050375952,user_715c4f12e0@example.com,Note_2168f0cd,644,5CCCC122-210A-46F2-890E-D56221827601
OWNER_fc597028da15,Company_e9f7e714,Last_7bd3af51,First_2c24c138,5050375952,5050375952,user_715c4f12e0@example.com,Address_f05df871,City_e708c712,ZZ,72477,Address_a226cdca,City_c05d421a,ZZ,72477,Last_d178528e,First_72cae815,5050375952,user_715c4f12e0@example.com,Note_2168f0cd,5,51D739F5-B921-418E-A3C6-D5AAC0E70166
OWNER_dfd9e66d1ba8,Company_9d6fc041,Last_0ebcdf12,First_26dd0df0,5050375952,5050375952,user_715c4f12e0@example.com,Address_f05df871,City_e708c712,ZZ,72477,Address_a226cdca,City_c05d421a,ZZ,72477,Last_d178528e,First_72cae815,5050375952,user_715c4f12e0@example.com,Note_7c586ce3,1093,9093F888-DC8B-4B2F-A52B-D5C0D4C79742
OWNER_2077e2c8696e,Company_b9bd4016,Last_a19ef261,First_99f02bf9,5052951411,5054327217,user_b5ef90215c@example.com,Address_0ed102e9,City_07a388a4,ZZ,61185,Address_37fd612c,City_32aebc92,ZZ,61185,Last_d178528e,First_72cae815,5050375952,user_715c4f12e0@example.com,Note_4797dcf7,1724,FA546CAF-42E2-8648-9147-D62A3A3775E0
OWNER_b57ff094e1aa,Company_467e2a7c,Last_9a0c72dd,First_27be31b2,5052077134,5050375952,user_563a87df19@example.com,Address_efa440fd,City_141523d2,ZZ,65370,Address_a226cdca,City_c05d421a,ZZ,72477,Last_d178528e,First_72cae815,5050375952,user_715c4f12e0@example.com,Note_7f1f8b70,1291,2D7A3D5C-1281-46B6-A4BE-D6465D14C2C2
OWNER_b542e51b0f49,Company_ce0b5e0d,Last_6f011ff4,First_abf52d77,5050375952,5054021950,user_4d0d9b2af7@example.com,Address_f05df871,City_e708c712,ZZ,72477,Address_6bf790d7,City_9415c49e,ZZ,71254,Last_b35127f7,First_a9da71b6,5050375952,user_4d0d9b2af7@example.com,Note_d753065e,115,C18915C3-1294-40E6-9601-D6478337ECBD
OWNER_55320f731c82,Company_9d6fc041,Last_98f62fcd,First_185ccb20,5050374933,5051745131,user_8642c8ab9b@example.com,Address_f05df871,City_e708c712,ZZ,72477,Address_8306e5b3,City_4911abb3,ZZ,45848,Last_6211089a,First_ae221408,5050375952,user_715c4f12e0@example.com,Note_2168f0cd,1854,A885E0CD-264E-4A0A-A947-D649B18F357B
OWNER_fb4a286d3770,Company_9d6fc041,Last_22847080,First_490ae46a,5050325601,5055573777,user_6cb0e9db5b@example.com,Address_c6a51837,City_c0fbf85c,ZZ,75073,Address_e502812f,City_76200585,ZZ,75073,Last_d178528e,First_72cae815,5050375952,user_715c4f12e0@example.com,Note_2168f0cd,1345,1F21C7D2-FA04-4891-8487-D65534267913
OWNER_73a2687b9a7f,Company_9d6fc041,Last_0ea0d243,First_34c50f93,5058958942,5050375952,user_f8031e1f67@example.com,Address_f05df871,City_e708c712,ZZ,72477,Address_1a32e49e,City_88fbff6d,ZZ,11976,Last_cec35312,First_8fc5596f,5050375952,user_715c4f12e0@example.com,Note_22aa376f,1521,06A2518A-E636-6A46-8563-D66ED05172AE
OWNER_df6376cde093,Company_9d6fc041,Last_1d1a5371,First_5a53d49c,5052224104,5050375952,user_552faf569b@example.com,Address_f05df871,City_e708c712,ZZ,72477,Address_a226cdca,City_c05d421a,ZZ,72477,Last_d178528e,First_72cae815,5050375952,user_715c4f12e0@example.com,Note_2168f0cd,1693,20D5B605-B836-D84D-872A-D6BF259F8C14
OWNER_68e935d85958,Company_9d6fc041,Last_eb6c9aa2,First_34c50f93,5052372714,5050375952,user_c071f40087@example.com,Address_f05df871,City_e708c712,ZZ,72477,Address_a226cdca,City_c05d421a,ZZ,72477,Last_d178528e,First_72cae815,5050375952,user_715c4f12e0@example.com,Note_2168f0cd,463,9D5A28FD-43F9-4E1A-8957-D6DEFBC87489
OWNER_24bd8fa98cd7,Company_9d6fc041,Last_6b3dd01b,First_9c392243,5050375952,5050375952,user_715c4f12e0@example.com,Address_f05df871,City_e708c712,ZZ,72477,Address_a226cdca,City_c05d421a,ZZ,72477,Last_d178528e,First_72cae815,5050375952,user_715c4f12e0@example.com,Note_8671cb4a,1038,9617545D-BAEF-4FC3-B98B-D6E18C32B2ED
OWNER_5a1330838458,Company_9d6fc041,Last_eeb2d079,First_45d291c7,5050375952,5050375952,user_715c4f12e0@example.com,Address_f05df871,City_e708c712,ZZ,72477,Address_a226cdca,City_c05d421a,ZZ,72477,Last_d178528e,First_72cae815,5050375952,user_715c4f12e0@example.com,Note_54b79e76,701,BAD832A4-55B0-4389-A480-D708FA598FB2
OWNER_4926a6ec94d4,Company_9d6fc041,Last_37f0ed43,First_5b526b60,5050375952,5050375952,user_715c4f12e0@example.com,Address_f05df871,City_e708c712,ZZ,72477,Address_a226cdca,City_c05d421a,ZZ,72477,Last_d178528e,First_72cae815,5050375952,user_715c4f12e0@example.com,Note_2168f0cd,758,6CB2A1CA-990C-4EAA-B301-D727D472C692
OWNER_ce26f88f8ddb,Company_9d6fc041,Last_dd2ed455,First_57df0310,5050375952,5056386365,user_715c4f12e0@example.com,Address_f05df871,City_e708c712,ZZ,72477,Address_7a520b8b,City_4a5a94d6,ZZ,11120,Last_d178528e,First_72cae815,5050375952,user_715c4f12e0@example.com,Note_2168f0cd,1920,35359712-80B2-400F-A20B-D732F4F169C1
OWNER_80bd317688e1,Company_9d6fc041,Last_8be1801e,First_d78ec84e,5057720300,5050375952,user_863d629743@example.com,Address_2bb8b5ab,City_ca4bb91c,ZZ,01902,Address_d8ebfdf0,City_17db8506,ZZ,72477,Last_d178528e,First_72cae815,5050375952,user_715c4f12e0@example.com,Note_2168f0cd,1107,59B362B7-0D83-4E94-8294-D73337DF72BB
OWNER_297293e00648,Company_9d6fc041,Last_1be95d64,First_2c24c138,5050375952,5050375952,user_715c4f12e0@example.com,Address_f05df871,City_e708c712,ZZ,72477,Address_a226cdca,City_c05d421a,ZZ,72477,Last_d178528e,First_72cae815,5050375952,user_715c4f12e0@example.com,Note_2168f0cd,991,1D2B1B0E-5433-49A6-92EC-D76223F80D5F
OWNER_e32c787cc2c7,Company_9d6fc041,Last_1f26ff1d,First_b0684081,5051384249,5050375952,user_715c4f12e0@example.com,Address_f05df871,City_e708c712,ZZ,72477,Address_a226cdca,City_c05d421a,ZZ,72477,Last_d178528e,First_72cae815,5050375952,user_715c4f12e0@example.com,Note_2168f0cd,440,ECBD3CE5-02D9-4421-86B5-D7B378E85F2B
OWNER_50951e0d1831,Company_9d6fc041,Last_06337b4d,First_2d4d7185,5055354025,5050375952,user_715c4f12e0@example.com,Address_f05df871,City_e708c712,ZZ,72477,Address_a226cdca,City_c05d421a,ZZ,72477,Last_d178528e,First_72cae815,5050375952,user_715c4f12e0@example.com,Note_2168f0cd,774,FFE786B1-D081-4E48-AC04-D7DEB6DEA806
OWNER_684ad3f9383a,Company_a449b716,Last_ed265d6e,First_30433856,5050375952,5050375952,user_715c4f12e0@example.com,Address_f05df871,City_e708c712,ZZ,72477,Address_a226cdca,City_c05d421a,ZZ,72477,Last_d178528e,First_72cae815,5050375952,user_715c4f12e0@example.com,Note_2168f0cd,810,F4F58AFB-16BE-49E3-8FD4-D7F2DF51B73E
OWNER_08d4a78cb789,Company_9d6fc041,Last_c3d4a251,First_e6d93691,5050375952,5052731604,user_715c4f12e0@example.com,Address_f05df871,City_e708c712,ZZ,72477,Address_6c033269,City_a37212bc,ZZ,72477,Last_d178528e,First_72cae815,5050375952,user_715c4f12e0@example.com,Note_2168f0cd,641,BFE390C0-51B6-4F5F-A588-D7F37676E965
OWNER_8a3d210c7ddd,Company_526eddb5,Last_49907dd3,First_b2d15b48,5050375952,5050375952,user_715c4f12e0@example.com,Address_f05df871,City_e708c712,ZZ,72477,Address_a226cdca,City_c05d421a,ZZ,72477,Last_d178528e,First_72cae815,5050375952,user_715c4f12e0@example.com,Note_2168f0cd,311,1A01596B-ADD1-49A6-87E3-D7FA88DBD744
OWNER_6632b3e711f8,Company_9d6fc041,Last_e0684e26,First_5b526b60,5050375952,5050375952,user_715c4f12e0@example.com,Address_f05df871,City_e708c712,ZZ,72477,Address_a226cdca,City_c05d421a,ZZ,72477,Last_d178528e,First_72cae815,5050375952,user_715c4f12e0@example.com,Note_2168f0cd,759,610B8C12-40ED-4F5A-BE43-D81D16FA107C
OWNER_2105788d9a66,Company_69ed4f5a,Last_5a00471a,First_506fa12d,5053130869,5050375952,user_982afb1c6b@example.com,Address_a65ee49b,City_4bb2dca6,ZZ,63226,Address_c1d29763,City_33aedca8,ZZ,63226,Last_cae0924a,First_6fa26dd7,5055968073,user_b9a6a5b6c8@example.com,Note_be0319d1,741,8C415457-AD14-4B66-A004-D89C9421CCDE
OWNER_7c5d6f580ad3,Company_9d6fc041,Last_99b3a06e,First_9244c76b,5056831001,5054574241,user_8c3f8dcfda@example.com,Address_f05df871,City_e708c712,ZZ,72477,Address_a226cdca,City_c05d421a,ZZ,72477,Last_d178528e,First_72cae815,5050375952,user_715c4f12e0@example.com,Note_17464de2,100,34826310-5560-4EF8-AD16-D8C3AE6637FC
OWNER_38ad68ab1ef3,Company_9d6fc041,Last_8576e9e5,First_e3731ead,5059440059,5050375952,user_d6d24ddda8@example.com,Address_f05df871,City_e708c712,ZZ,72477,Address_0bc7f922,City_223baac0,ZZ,83181,Last_d178528e,First_72cae815,5050375952,user_715c4f12e0@example.com,Note_5d97661b,1369,3F35DAC2-58B1-4ABD-AC1E-D8FD1553920A
OWNER_f41d6cff9f1b,Company_73407fab,Last_f9b89541,First_53778b45,5050375952,5052295983,user_c7465ea7e6@example.com,Address_d3732137,City_73ebcd64,ZZ,94743,Address_a226cdca,City_c05d421a,ZZ,72477,Last_7e3d6903,First_ddb313c7,5051313316,user_c9c233ff0d@example.com,Note_91907e23,572,883C3300-E272-4909-9781-D90C007D7B82
OWNER_123c029ea694,Company_9d6fc041,Last_454884da,First_7beda384,5055540011,5050375952,user_715c4f12e0@example.com,Address_f05df871,City_e708c712,ZZ,72477,Address_a226cdca,City_c05d421a,ZZ,72477,Last_d178528e,First_72cae815,5050375952,user_715c4f12e0@example.com,Note_2168f0cd,1775,0FCB4DB0-D1C2-D540-A301-D90CCF2A861F
OWNER_c406a2297e9e,Company_9d6fc041,Last_9c9572fb,First_6c1f359f,5052855594,5050375952,user_715c4f12e0@example.com,Address_f05df871,City_e708c712,ZZ,72477,Address_a226cdca,City_c05d421a,ZZ,72477,Last_d178528e,First_72cae815,5050375952,user_715c4f12e0@example.com,Note_2168f0cd,1768,10704BB9-D2EF-FD41-9FEA-D92B4A67E1A9
OWNER_5a95d8ffba98,Company_9d6fc041,Last_b149f8f1,First_5bd29f2b,5053095291,5050375952,user_e9ab5ce4b1@example.com,Address_59aefd16,City_c0fbf85c,ZZ,75073,Address_7161778b,City_76200585,ZZ,75073,Last_d178528e,First_72cae815,5050375952,user_715c4f12e0@example.com,Note_2168f0cd,1313,E301E71C-07C0-41E4-9E69-D9D480292920
OWNER_fe200861c2c8,Company_391be54c,Last_fd1e24ab,First_d0dba245,5050375952,5050375952,user_c425b7c65a@example.com,Address_cee8d44a,City_f5f38e56,ZZ,18073,Address_a226cdca,City_c05d421a,ZZ,72477,Last_d178528e,First_72cae815,5050375952,user_715c4f12e0@example.com,Note_2168f0cd,1681,7041A9EB-1EB7-D747-A9D6-D9D6135D7CFD
OWNER_9299df4e36af,Company_9d6fc041,Last_6aef51af,First_57a452bb,5058727994,5050375952,user_715c4f12e0@example.com,Address_96220ba5,City_f3d1000a,ZZ,45588,Address_a226cdca,City_c05d421a,ZZ,72477,Last_d178528e,First_72cae815,5050375952,user_715c4f12e0@example.com,Note_b10db4e0,586,BB1DCDA0-9137-4D18-A71B-DA45D1BA7120
OWNER_e584f8dacd42,Company_9d6fc041,Last_9cc31a00,First_70f6196b,5050375952,5053578159,user_715c4f12e0@example.com,Address_f05df871,City_e708c712,ZZ,72477,Address_a226cdca,City_c05d421a,ZZ,72477,Last_d178528e,First_72cae815,5050375952,user_715c4f12e0@example.com,Note_2168f0cd,1642,89FD2AB3-2094-0148-AF71-DADD9E6FC22E
OWNER_c04c326e0dcf,Company_9d6fc041,Last_2f38d085,First_e3d291d3,5053849271,5050375952,user_715c4f12e0@example.com,Address_f05df871,City_e708c712,ZZ,72477,Address_a226cdca,City_c05d421a,ZZ,72477,Last_d178528e,First_72cae815,5050375952,user_715c4f12e0@example.com,Note_2168f0cd,104,F98CEBA9-AC3A-4F47-8E15-DB3DAB73C295
OWNER_11daec035e80,Company_9d6fc041,Last_e0bfe59e,First_09492bcc,5056521737,5050375952,user_715c4f12e0@example.com,Address_dc81b2b2,City_c5b48cb6,ZZ,74326,Address_a226cdca,City_c05d421a,ZZ,72477,Last_d178528e,First_72cae815,5050375952,user_715c4f12e0@example.com,Note_a0e976df,542,87BD6D01-5968-4D20-A159-DB4A7FB3EB45
OWNER_2dd28d6be0a2,Company_9d6fc041,Last_617080c0,First_35798c05,5052214015,5050375952,user_3d2ead9c71@example.com,Address_f05df871,City_e708c712,ZZ,72477,Address_a226cdca,City_c05d421a,ZZ,72477,Last_d178528e,First_72cae815,5050375952,user_715c4f12e0@example.com,Note_cdfd33aa,1172,2CCC39E1-3A18-4AF8-AB9D-DB4F60D8C437
OWNER_1791f7a1ead9,Company_9d6fc041,Last_f20508e4,First_a9a4af34,5058171054,5050375952,user_d1b6c91b89@example.com,Address_24f0e856,City_bc5ac770,ZZ,66871,Address_efcfdc57,City_02a7e076,ZZ,66871,Last_d178528e,First_72cae815,5050375952,user_715c4f12e0@example.com,Note_2168f0cd,1273,0851786B-4C68-4055-969A-DB745E5C1D2F
OWNER_c612eaeea4c2,Company_d5365cd3,Last_7bd3af51,First_2c24c138,5050375952,5050375952,user_715c4f12e0@example.com,Address_f05df871,City_e708c712,ZZ,72477,Address_a226cdca,City_c05d421a,ZZ,72477,Last_d178528e,First_72cae815,5050375952,user_715c4f12e0@example.com,Note_2168f0cd,716,80A5DAFD-E00C-4F7A-BB00-DB7E2A54E742
OWNER_f6dc41d7b35f,Company_484c294a,Last_07bcbe7e,First_bf2ec069,5051171045,5050375952,user_cd095eabe0@example.com,Address_e64992bc,City_7f18a4ab,ZZ,94763,Address_a226cdca,City_c05d421a,ZZ,72477,Last_d178528e,First_72cae815,5050375952,user_715c4f12e0@example.com,Note_2168f0cd,85,B05B8432-E724-43B8-A476-DB86A8B5C654
OWNER_eccbdbe25059,Company_9d6fc041,Last_c3d4a251,First_b1a0e726,5050375952,5056896136,user_d1d13ce0c4@example.com,Address_2c8a1553,City_4e22efc3,ZZ,78114,Address_a226cdca,City_c05d421a,ZZ,72477,Last_d178528e,First_72cae815,5050375952,user_715c4f12e0@example.com,Note_2168f0cd,1932,C38F4013-8BD1-433F-97DC-DBDD41126A41
OWNER_166b54b9eb34,Company_9d6fc041,Last_c3d4a251,First_407873b7,5053676450,5050375952,user_0e6d969916@example.com,Address_e3a856f0,City_fb775d72,ZZ,24366,Address_34396a86,City_c05d421a,ZZ,72477,Last_92855bf3,First_2bbe4987,5050053709,user_715c4f12e0@example.com,Note_2626a644,378,D5F5FC32-1EAE-4D8B-A205-DBF209B265E3
OWNER_1b7e2f524a24,Company_9d6fc041,Last_1d8f589b,First_45d7e4d7,5050375952,5050715359,user_625a7b8619@example.com,Address_f05df871,City_e708c712,ZZ,72477,Address_9c0a63d3,City_33aedca8,ZZ,63226,Last_d178528e,First_72cae815,5050375952,user_715c4f12e0@example.com,Note_2168f0cd,1939,F0E8A126-A9B3-463E-B216-DC12F60C8454
OWNER_fc3cbf4b5560,Company_9d6fc041,Last_6b7299a7,First_c8d071e0,5050375952,5056170362,user_3c47b2d559@example.com,Address_48a02a55,City_c3e07d03,ZZ,11928,Address_5823f728,City_03ac272d,ZZ,11928,Last_d178528e,First_de4a7d96,5057780702,user_715c4f12e0@example.com,Note_2168f0cd,1852,773233ED-98DF-4433-990D-DC29E9F1452F
OWNER_7ed12a8d9802,Company_fe161981,Last_7bd3af51,First_2c24c138,5050375952,5050375952,user_715c4f12e0@example.com,Address_f05df871,City_e708c712,ZZ,72477,Address_a226cdca,City_c05d421a,ZZ,72477,Last_d178528e,First_72cae815,5050375952,user_715c4f12e0@example.com,Note_2168f0cd,954,D6ACB486-7910-4D9A-A0EB-DC3C0FBEC59F
OWNER_b01d932eb39d,Company_9d6fc041,Last_132017a3,First_a4043511,5057110085,5054815964,user_715c4f12e0@example.com,Address_4bc9a1c1,City_eb940fb0,ZZ,28095,Address_a226cdca,City_c05d421a,ZZ,72477,Last_0095027f,First_d41c2d52,5050378222,user_715c4f12e0@example.com,Note_2168f0cd,56,511FAC78-29CD-4676-A7BC-DC4D8F950B61
OWNER_c461e17775af,Company_9d6fc041,Last_8186c053,First_e2fa7e04,5050375952,5053311409,user_715c4f12e0@example.com,Address_42ed7e6f,City_6ec3f32a,ZZ,72477,Address_e4bd1458,City_c05d421a,ZZ,72477,Last_d178528e,First_72cae815,5050375952,user_715c4f12e0@example.com,Note_6e1650e9,81,07CB2F04-0164-402E-8FD4-DC6DDB1BAA11
OWNER_4882850419d7,Company_9d6fc041,Last_1094a88c,First_f2a65504,5052096106,5050375952,user_715c4f12e0@example.com,Address_f05df871,City_e708c712,ZZ,72477,Address_a226cdca,City_c05d421a,ZZ,72477,Last_d178528e,First_72cae815,5050375952,user_715c4f12e0@example.com,Note_2168f0cd,1112,7CF9AB2B-A251-4E7B-AA4E-DC6E81469D52
OWNER_205f74109efb,Company_9d6fc041,Last_173bde15,First_18425304,5050375952,5054263224,user_a5345418d3@example.com,Address_523e24e0,City_4e22efc3,ZZ,78114,Address_2768c5b9,City_08800bea,ZZ,78114,Last_d178528e,First_72cae815,5050375952,user_715c4f12e0@example.com,Note_2168f0cd,1978,BBEEDAE0-E854-4507-9888-DC7FE345238E
OWNER_e793d26c7e73,Company_9d6fc041,Last_270c8b64,First_24ca7c32,5050375952,5050375952,user_715c4f12e0@example.com,Address_f05df871,City_e708c712,ZZ,72477,Address_a226cdca,City_c05d421a,ZZ,72477,Last_d178528e,First_72cae815,5050375952,user_715c4f12e0@example.com,Note_2168f0cd,1967,225CB0B3-1F26-441D-A665-DCA36AE49410
OWNER_a48be5b0a503,Company_9d6fc041,Last_64100414,First_de2c0527,5052791128,5050375952,user_715c4f12e0@example.com,Address_7364b670,City_ca4bb91c,ZZ,72477,Address_bb297d89,City_17db8506,ZZ,72477,Last_21278022,First_5439e735,5050375952,user_715c4f12e0@example.com,Note_1f86c90a,205,0769F1BA-F9F5-4175-BE56-DCAF1510312F
OWNER_dfc84129d15d,Company_93b51f61,Last_7650edfc,First_1ddd3610,5050375952,5050375952,user_715c4f12e0@example.com,Address_f05df871,City_e708c712,ZZ,72477,Address_a226cdca,City_c05d421a,ZZ,72477,Last_d178528e,First_72cae815,5050375952,user_715c4f12e0@example.com,Note_50c44fd7,798,163EA1F9-C379-4675-BBD7-DCB5A40848D2
OWNER_38024970457c,Company_9d6fc041,Last_7759cd2b,First_d284ad0b,5050375952,5050375952,user_715c4f12e0@example.com,Address_f05df871,City_e708c712,ZZ,72477,Address_a226cdca,City_c05d421a,ZZ,72477,Last_d178528e,First_72cae815,5050375952,user_715c4f12e0@example.com,Note_2168f0cd,176,A2DBB9EA-E8FB-4DDA-9718-DD0C9A94DAD4
OWNER_77492e32e1d9,Company_9d6fc041,Last_44d74ba0,First_79fe93c6,5050375952,5058208908,user_4da8c52994@example.com,Address_f05df871,City_e708c712,ZZ,72477,Address_13a9bf13,City_76200585,ZZ,75073,Last_d178528e,First_72cae815,5050375952,user_715c4f12e0@example.com,Note_208b650c,1261,4ADAD70E-BD17-41BE-958A-DD1871413066
OWNER_3265b1ac56a2,Company_9d6fc041,Last_801ae976,First_1df40c15,5055387790,5050375952,user_715c4f12e0@example.com,Address_f05df871,City_e708c712,ZZ,72477,Address_a226cdca,City_c05d421a,ZZ,72477,Last_5d81eaa8,First_5ee54428,5050375952,user_715c4f12e0@example.com,Note_392e6b0c,836,5DCB1003-910E-4532-88BE-DD22A7160686
OWNER_e0ef3c8aeb20,Company_9d6fc041,Last_96bc6dd3,First_685161a0,5059950558,5050375952,user_715c4f12e0@example.com,Address_f05df871,City_e708c712,ZZ,72477,Address_a226cdca,City_c05d421a,ZZ,72477,Last_d178528e,First_72cae815,5050375952,user_715c4f12e0@example.com,Note_2168f0cd,578,1330194E-78D9-495B-B7B7-DD3E72CBAA8F
OWNER_dcb0d669dcc4,Company_9d6fc041,Last_72c38f4a,First_14e52a7e,5055106870,5050375952,user_715c4f12e0@example.com,Address_e04eda61,City_37084ed9,ZZ,60339,Address_b4887c2d,City_528281b9,ZZ,60339,Last_d178528e,First_72cae815,5050375952,user_715c4f12e0@example.com,Note_2168f0cd,1211,CFF3B26E-44FD-482A-848F-DD4E126365D0
OWNER_2a0806148f96,Company_9d6fc041,Last_78228396,First_523b28a5,5058127877,5050375952,user_715c4f12e0@example.com,Address_d602e791,City_2402b24b,ZZ,10025,Address_a226cdca,City_c05d421a,ZZ,72477,Last_d178528e,First_72cae815,5050375952,user_715c4f12e0@example.com,Note_e7ff5712,327,2EBED435-6166-4650-9B1F-DD6A8E8579EB
OWNER_9728d93b72c1,Company_9d6fc041,Last_983818f0,First_6b334da1,5055281738,5050876386,user_04f4e73606@example.com,Address_578b9028,City_c0fbf85c,ZZ,75073,Address_bed79491,City_76200585,ZZ,75073,Last_d178528e,First_72cae815,5050375952,user_715c4f12e0@example.com,Note_2168f0cd,1331,F9B5CE7B-D424-40D1-AE01-DDABCED41C84
OWNER_a8d6756b04dd,Company_9d6fc041,Last_788b5f8d,First_66d0cad8,5050375952,5050375952,user_715c4f12e0@example.com,Address_f05df871,City_e708c712,ZZ,72477,Address_a226cdca,City_9415c49e,ZZ,72477,Last_d178528e,First_72cae815,5050375952,user_715c4f12e0@example.com,Note_18a9f2c4,549,CF010A79-B005-45E9-9817-DDEA84B66E4C
OWNER_22b3e8aef171,Company_9d6fc041,Last_c2231982,First_a53af40f,5056042845,5050375952,user_715c4f12e0@example.com,Address_29bcd773,City_86672732,ZZ,81896,Address_cd8415e4,City_f912b8b3,ZZ,72477,Last_b9da055b,First_c8bbd30a,5052224104,user_715c4f12e0@example.com,Note_0983d36e,1694,78357E88-6D0C-E048-939D-DE0B27C3F3F0
OWNER_439528e0a8a3,Company_9d6fc041,Last_bce3d3a6,First_7577a6d4,5053277488,5050375952,user_20e6997bb4@example.com,Address_274a693e,City_937eed51,ZZ,93319,Address_a226cdca,City_c05d421a,ZZ,72477,Last_d178528e,First_72cae815,5050375952,user_715c4f12e0@example.com,Note_5925a855,890,E0B9B22C-7587-4DF7-8BFE-DE920BA4CA44
OWNER_31e15096e45e,Company_9d6fc041,Last_11876575,First_667f00bd,5054168221,5050375952,user_715c4f12e0@example.com,Address_70ad4958,City_9bb0076f,ZZ,94763,Address_a226cdca,City_c05d421a,ZZ,72477,Last_d178528e,First_72cae815,5050375952,user_715c4f12e0@example.com,Note_2168f0cd,983,A18D9E25-87E3-40DD-821B-DECA70E60DB6
OWNER_6592f949dc9e,Company_9d6fc041,Last_402c44a0,First_28f2faf5,5050375952,5050375952,user_715c4f12e0@example.com,Address_f05df871,City_e708c712,ZZ,72477,Address_a226cdca,City_c05d421a,ZZ,72477,Last_d178528e,First_72cae815,5050375952,user_715c4f12e0@example.com,Note_2168f0cd,1778,9CF4C1C9-B63C-F744-A09E-DED7D0414A09
OWNER_8a3020ec22a4,Company_9d6fc041,Last_b7ab6f8a,First_2c7c16bc,5051946313,5058876705,user_96f2f30d79@example.com,Address_f05df871,City_e708c712,ZZ,72477,Address_a226cdca,City_c05d421a,ZZ,72477,Last_d178528e,First_72cae815,5050375952,user_715c4f12e0@example.com,Note_2168f0cd,939,16260F29-8925-4C4B-B4AE-DEFB40F5558E
OWNER_8e90a49af274,Company_1f3609a8,Last_78d6d66c,First_6cd16bc6,5050375952,5051540890,user_59719e94ae@example.com,Address_3a9dd920,City_2b10924d,ZZ,36173,Address_a226cdca,City_c05d421a,ZZ,72477,Last_ccea6765,First_b79f432c,5050375952,user_23bd200b90@example.com,Note_b951dfa5,1587,9F41F4E1-A43E-2240-94AD-DF177B97CAA3
OWNER_ac0aeb2eb6f0,Company_9d6fc041,Last_f04bc5fb,First_dc2d7d00,5050375952,5050375952,user_715c4f12e0@example.com,Address_f05df871,City_e708c712,ZZ,72477,Address_a226cdca,City_c05d421a,ZZ,72477,Last_d178528e,First_72cae815,5050375952,user_715c4f12e0@example.com,Note_8671cb4a,1098,CA244975-3483-4D12-A596-DF20B8FF0299
OWNER_aa8ea45d6d4e,Company_96a3b6c7,Last_295748da,First_9073423b,5056004134,5050375952,user_715c4f12e0@example.com,Address_caa90570,City_1c11a706,ZZ,65345,Address_a226cdca,City_c05d421a,ZZ,72477,Last_d329fb56,First_33a999a6,5050375952,user_12e4fc67aa@example.com,Note_2168f0cd,422,5F50D0A9-96B8-4193-A38E-DF5433360B69
OWNER_3d4def593744,Company_9d6fc041,Last_879b859d,First_4eb32dfd,5050375952,5050375952,user_715c4f12e0@example.com,Address_f05df871,City_e708c712,ZZ,72477,Address_a226cdca,City_c05d421a,ZZ,72477,Last_d178528e,First_72cae815,5050375952,user_715c4f12e0@example.com,Note_2168f0cd,248,B3D36E8D-89AA-4076-BD47-DF74714663DE
OWNER_14cda5cc7f0c,Company_9d6fc041,Last_c0f7c67c,First_9a58cfa7,5051079187,5050375952,user_715c4f12e0@example.com,Address_0d6f5217,City_3a05a3a0,ZZ,33459,Address_a226cdca,City_c05d421a,ZZ,72477,Last_d178528e,First_72cae815,5050375952,user_715c4f12e0@example.com,Note_2168f0cd,636,8221BA21-4B34-44C1-9110-DF96DCC87E0F
OWNER_ff3e894089cc,Company_9d6fc041,Last_014f2d8f,First_6ea1b591,5050375952,5055177751,user_4f88931aff@example.com,Address_44397e7b,City_37084ed9,ZZ,45530,Address_60d0d941,City_76200585,ZZ,75073,Last_190ce476,First_373785b8,5050881905,user_715c4f12e0@example.com,Note_0bc3baf6,1227,6898A45C-1A8A-4521-B6D0-DFC83BE1BC91
OWNER_d8ccf350bd71,Company_9d6fc041,Last_4d98514d,First_349873ce,5050375952,5050429593,user_715c4f12e0@example.com,Address_f05df871,City_e708c712,ZZ,72477,Address_0cc924f8,City_33aedca8,ZZ,39493,Last_d178528e,First_72cae815,5050375952,user_715c4f12e0@example.com,Note_2168f0cd,1937,F2B03359-1671-4463-B183-E01D2814B010
OWNER_35daf115efa6,Company_9d6fc041,Last_4dc01ee3,First_a7be58cc,5059359420,5050375952,user_f6af63c651@example.com,Address_f05df871,City_e708c712,ZZ,72477,Address_fe3d9294,City_528281b9,ZZ,72477,Last_d178528e,First_72cae815,5050375952,user_715c4f12e0@example.com,Note_2168f0cd,1563,838CF572-8CB7-AA48-9488-E02A6013EB54
OWNER_7e2443b7fcc6,Company_9d6fc041,Last_9f270749,First_c57b44ec,5054245845,5050375952,user_715c4f12e0@example.com,Address_bac6b926,City_2402b24b,ZZ,48412,Address_ce09327e,City_f8f31c5f,ZZ,72477,Last_d178528e,First_72cae815,5050375952,user_715c4f12e0@example.com,Note_2168f0cd,755,9A60CF47-EEC8-4CDA-B092-E039DCA2E236
OWNER_ef635d299df1,Company_9d6fc041,Last_ba8c71d7,First_afd8441e,5050375952,5050918553,user_0b3596d0ea@example.com,Address_3945c33e,City_a92343bb,ZZ,52144,Address_c7f66ddb,City_1dc7b45a,ZZ,52144,Last_d178528e,First_72cae815,5050375952,user_715c4f12e0@example.com,Note_2168f0cd,1940,3B03C288-7A9D-4964-8861-E04C571F9955
OWNER_113a7eb8f488,Company_9d6fc041,Last_a19ef261,First_5ed1e7c6,5055222582,5050375952,user_715c4f12e0@example.com,Address_b6ac6f83,City_6ec3f32a,ZZ,04722,Address_a226cdca,City_c05d421a,ZZ,72477,Last_d178528e,First_72cae815,5050375952,user_715c4f12e0@example.com,Note_2168f0cd,738,3FD08047-EA5A-4128-99FF-E09D690BE27A
OWNER_f0c4ec7b9aae,Company_9d6fc041,Last_a3c2fa96,First_d21c8c64,5050375952,5058997235,user_65a8f2c1c9@example.com,Address_85ac939a,City_4bb2dca6,ZZ,63226,Address_a226cdca,City_c05d421a,ZZ,72477,Last_d178528e,First_72cae815,5050375952,user_715c4f12e0@example.com,Note_2168f0cd,1934,7402F3DE-4C66-41CE-B000-E09FBF630D65
OWNER_d3f346220cac,Company_9d6fc041,Last_117e1330,First_367b47d1,5056803173,5050375952,user_0c89bbf6c8@example.com,Address_b4f4fb08,City_c0fbf85c,ZZ,75073,Address_b7687ce5,City_76200585,ZZ,75073,Last_d178528e,First_72cae815,5050375952,user_715c4f12e0@example.com,Note_2168f0cd,1324,0AFCE858-EC8E-440B-BCDD-E0B08A30D768
OWNER_c33f218cca51,Company_9d6fc041,Last_a632ae3a,First_098b7a78,5050128287,5050375952,user_476c20590d@example.com,Address_f81bc375,City_f194ca26,ZZ,72477,Address_53e16341,City_94b6fd86,ZZ,72477,Last_d178528e,First_72cae815,5050375952,user_715c4f12e0@example.com,Note_2168f0cd,1611,347CAEF7-8C01-6148-86DC-E0BD8CF4703B
OWNER_759cbde2697b,Company_9d6fc041,Last_07cf3eed,First_7d0e59e7,5051158828,5057547858,user_715c4f12e0@example.com,Address_f05df871,City_e708c712,ZZ,72477,Address_a226cdca,City_c05d421a,ZZ,72477,Last_d178528e,First_72cae815,5058087686,user_715c4f12e0@example.com,Note_4759a69f,1062,1A7B78EF-08B8-4DDA-BD30-E0DB524449A5
OWNER_071a09015982,Company_9d6fc041,Last_67a14b72,First_b5d04374,5050430082,5050375952,user_9c930a58cd@example.com,Address_7fe5f64a,City_c0fbf85c,ZZ,75073,Address_59308561,City_76200585,ZZ,75073,Last_d178528e,First_72cae815,5050375952,user_715c4f12e0@example.com,Note_2168f0cd,1304,5C857CC4-90D6-4339-BB78-E10357B07EE9
OWNER_73d2db5ff9c0,Company_9d6fc041,Last_cc54bbab,First_9f15235e,5059121809,5050853536,user_715c4f12e0@example.com,Address_4effce23,City_ca4bb91c,ZZ,88704,Address_066b4a83,City_17db8506,ZZ,72477,Last_d178528e,First_72cae815,5050375952,user_715c4f12e0@example.com,Note_2168f0cd,315,3328A2F0-B07A-47B6-A4B3-E1061E4F3B64
OWNER_7c478249f508,Company_06223477,Last_6d952492,First_a82d6021,5050375952,5050375952,user_715c4f12e0@example.com,Address_f05df871,City_e708c712,ZZ,72477,Address_a226cdca,City_c05d421a,ZZ,72477,Last_d178528e,First_72cae815,5050375952,user_715c4f12e0@example.com,Note_2168f0cd,474,0B4F0CE6-0000-428D-8BD8-E129C012D0B4
OWNER_3f7a63ae839f,Company_9d6fc041,Last_18dc92b6,First_69d72d44,5052265874,5050375952,user_715c4f12e0@example.com,Address_abff76a8,City_eb940fb0,ZZ,28095,Address_a226cdca,City_c05d421a,ZZ,72477,Last_d178528e,First_72cae815,5050375952,user_715c4f12e0@example.com,Note_2168f0cd,65,652FF719-BA8E-4390-AE59-E136563AEE40
OWNER_0aab0bc8481d,Company_9d6fc041,Last_538fd493,First_51a4a127,5054747816,5050375952,user_715c4f12e0@example.com,Address_dcb88560,City_c0fbf85c,ZZ,75073,Address_99be78bd,City_76200585,ZZ,75073,Last_d178528e,First_72cae815,5050375952,user_715c4f12e0@example.com,Note_2168f0cd,1346,5AC8C926-F066-441B-B984-E1895A4AADC5
OWNER_d7a9358019ee,Company_9d6fc041,Last_5a280602,First_7a26a54e,5050375952,5050375952,user_715c4f12e0@example.com,Address_f05df871,City_e708c712,ZZ,72477,Address_a226cdca,City_c05d421a,ZZ,72477,Last_d178528e,First_72cae815,5050375952,user_715c4f12e0@example.com,Note_2168f0cd,1133,5815C793-2F1A-42BB-AD04-E1A75812D4BB
OWNER_b0f54e107f51,Company_9d6fc041,Last_b631bbbd,First_c20ece77,5050375952,5050375952,user_715c4f12e0@example.com,Address_f05df871,City_e708c712,ZZ,72477,Address_a226cdca,City_c05d421a,ZZ,72477,Last_0fc61217,First_c8bbd30a,5050289649,user_715c4f12e0@example.com,Note_2f5dcea8,19,0E085B1A-CD73-4508-8B4C-E1D657872CA3
OWNER_12941d89ca34,Company_9d6fc041,Last_78783e5d,First_7444ca8a,5058520054,5050375952,user_715c4f12e0@example.com,Address_f05df871,City_e708c712,ZZ,72477,Address_a226cdca,City_c05d421a,ZZ,72477,Last_d178528e,First_72cae815,5050375952,user_715c4f12e0@example.com,Note_2168f0cd,527,7F60F12E-C9BA-4BB8-B046-E1FCF756F665
OWNER_54c7651bf7ac,Company_9d6fc041,Last_31ff4326,First_28f2faf5,5054544089,5052625305,user_715c4f12e0@example.com,Address_824f3e2a,City_d85b9afd,ZZ,72477,Address_a226cdca,City_c05d421a,ZZ,72477,Last_1237d95a,First_85dca840,5056352326,user_715c4f12e0@example.com,Note_ad299137,1497,E17F9AB2-BAA2-D042-9E92-E1FF367AFE9C
OWNER_e222fca7ec31,Company_9d6fc041,Last_285b5738,First_667f00bd,5050375952,5059869573,user_715c4f12e0@example.com,Address_f05df871,City_e708c712,ZZ,72477,Address_a226cdca,City_c05d421a,ZZ,72477,Last_d178528e,First_72cae815,5050375952,user_715c4f12e0@example.com,Note_2168f0cd,1647,44F5EEDE-B8F7-3445-BA20-E21296A34166
OWNER_358c219e29bf,Company_9d6fc041,Last_385a719c,First_ff781402,5050785682,5059614516,user_715c4f12e0@example.com,Address_f05df871,City_e708c712,ZZ,72477,Address_a226cdca,City_c05d421a,ZZ,72477,Last_ef2cf43f,First_85c6c902,5050375952,user_715c4f12e0@example.com,Note_2168f0cd,366,7E53386E-E8DF-4D87-A61A-E2136C9DF06B
OWNER_307db7025b79,Company_9d6fc041,Last_88e0fa24,First_2d8bd0b5,5050375952,5050375952,user_715c4f12e0@example.com,Address_f05df871,City_e708c712,ZZ,72477,Address_a226cdca,City_c05d421a,ZZ,72477,Last_d178528e,First_72cae815,5050375952,user_715c4f12e0@example.com,Note_d23e1c82,800,0EB3F43D-DFA5-47D7-A3AA-E246776F41AA
OWNER_9a8b98eaba7c,Company_9d6fc041,Last_49662e26,First_2c24c138,5050375952,5050375952,user_715c4f12e0@example.com,Address_f05df871,City_e708c712,ZZ,72477,Address_a226cdca,City_c05d421a,ZZ,72477,Last_d178528e,First_72cae815,5050375952,user_715c4f12e0@example.com,Note_2168f0cd,52,F65705B0-2637-41CF-A036-E2A51082D641
OWNER_1536c7085da1,Company_9d6fc041,Last_c0f06c8b,First_a46ba3a1,5058946666,5050375952,user_715c4f12e0@example.com,Address_f05df871,City_e708c712,ZZ,72477,Address_a226cdca,City_c05d421a,ZZ,72477,Last_d178528e,First_72cae815,5050375952,user_715c4f12e0@example.com,Note_2e8aaaec,290,EC9D8152-1423-433B-A9EB-E2B25053FEF6
OWNER_1a987195533d,Company_9d6fc041,Last_736f7ed6,First_87577fd5,5058646190,5056443802,user_6f3b2550e3@example.com,Address_61497152,City_001c5418,ZZ,67087,Address_06cc97be,City_342f853b,ZZ,67087,Last_d178528e,First_72cae815,5050375952,user_715c4f12e0@example.com,Note_2168f0cd,1740,BD6C0A2B-39DB-264C-8481-E30C38A7EA92
OWNER_8daa44e47401,Company_9d6fc041,Last_659d8f77,First_c5200404,5056454334,5050375952,user_715c4f12e0@example.com,Address_a01d924f,City_03a29603,ZZ,36173,Address_6e66afa4,City_992e4702,ZZ,36173,Last_d178528e,First_72cae815,5050375952,user_715c4f12e0@example.com,Note_2168f0cd,1442,C33DD38A-9A8D-44B8-A46C-E310B96C828E
OWNER_bc17bc0c46e9,Company_9d6fc041,Last_8923449d,First_35798c05,5050846682,5050375952,user_8a10f3756d@example.com,Address_473d4b85,City_3a05a3a0,ZZ,83181,Address_a226cdca,City_c05d421a,ZZ,72477,Last_d178528e,First_72cae815,5050375952,user_715c4f12e0@example.com,Note_2168f0cd,350,6FCFAA6D-FF06-4330-8540-E34BADA890C9
OWNER_16f65385f63e,Company_9d6fc041,Last_132958be,First_49629f5f,5050375952,5058622469,user_7809b3d466@example.com,Address_f05df871,City_e708c712,ZZ,72477,Address_ed72a8bf,City_94b6fd86,ZZ,67893,Last_eaa9f0f4,First_4d365637,5052862697,user_715c4f12e0@example.com,Note_2168f0cd,1596,2459F444-898A-D644-8BB4-E35756C8BA39
OWNER_d72e058cd801,Company_9d6fc041,Last_6b3dd01b,First_2f658aee,5057442693,5050375952,user_80b0bf14f1@example.com,Address_f05df871,City_e708c712,ZZ,72477,Address_a226cdca,City_c05d421a,ZZ,72477,Last_3f848211,First_d182426c,5054586746,user_715c4f12e0@example.com,Note_2be3b71b,1029,C5F85F5C-375A-4FE4-A1C3-E3C0EF071A14
OWNER_4c9e0122c96a,Company_9d6fc041,Last_2262e640,First_7f0f25b8,5053788225,5050163548,user_715c4f12e0@example.com,Address_70f3d313,City_9bb0076f,ZZ,94763,Address_a226cdca,City_c05d421a,ZZ,72477,Last_d178528e,First_72cae815,5050375952,user_715c4f12e0@example.com,Note_f6ccfe5a,637,FFACB551-9691-4412-ACEF-E410FC23AE42
OWNER_11e4d88bc1ac,Company_cba60d00,Last_7bd3af51,First_2c24c138,5050375952,5050375952,user_715c4f12e0@example.com,Address_f05df871,City_e708c712,ZZ,72477,Address_a226cdca,City_c05d421a,ZZ,72477,Last_d178528e,First_72cae815,5050375952,user_715c4f12e0@example.com,Note_2168f0cd,797,F6EF82A0-CFD5-42EC-8B57-E41102634407
OWNER_dc629150de79,Company_db4b8605,Last_7bd3af51,First_2c24c138,5050375952,5050375952,user_715c4f12e0@example.com,Address_f05df871,City_e708c712,ZZ,72477,Address_a226cdca,City_c05d421a,ZZ,72477,Last_d178528e,First_72cae815,5050375952,user_715c4f12e0@example.com,Note_2168f0cd,1084,7D63FD0B-E8EA-488F-8059-E41B51E19C2B
OWNER_c3d80bad6349,Company_9d6fc041,Last_4382f332,First_a8f69e05,5053990695,5050375952,user_715c4f12e0@example.com,Address_ac5694d9,City_9870ba28,ZZ,26022,Address_a226cdca,City_c05d421a,ZZ,72477,Last_d178528e,First_72cae815,5050375952,user_715c4f12e0@example.com,Note_2168f0cd,263,A3E724A6-FF5F-430A-B65A-E42063D42AD9
OWNER_a53a36a4b1d1,Company_9d6fc041,Last_7138c308,First_1cc3ade1,5057251728,5056393503,user_715c4f12e0@example.com,Address_f05df871,City_e708c712,ZZ,72477,Address_b79acca8,City_76200585,ZZ,75073,Last_d178528e,First_72cae815,5050375952,user_715c4f12e0@example.com,Note_2168f0cd,1241,1AF65113-477F-4E79-AF37-E42074EAB7DF
OWNER_5a1194f296d5,Company_9d6fc041,Last_6aef51af,First_bf2ec069,5055288825,5050375952,user_dc254e3158@example.com,Address_f05df871,City_e708c712,ZZ,72477,Address_53ea6422,City_adce70d4,ZZ,73028,Last_535c76ad,First_d41c2d52,5056427322,user_715c4f12e0@example.com,Note_e0635f66,1540,2869EE21-89CD-7F49-88BC-E440E7562367
OWNER_c084b57d9089,Company_9d6fc041,Last_f8e124c9,First_adefe59b,5057073539,5050375952,user_7bf28a30e9@example.com,Address_f05df871,City_e708c712,ZZ,72477,Address_707db59e,City_c05d421a,ZZ,72477,Last_d178528e,First_72cae815,5050375952,user_715c4f12e0@example.com,Note_717b3940,390,F28DCE79-1882-4F81-93B7-E443DFCE434A
OWNER_96bb016b9a95,Company_9d6fc041,Last_cfec2964,First_97959d73,5052668725,5050375952,user_715c4f12e0@example.com,Address_f05df871,City_e708c712,ZZ,72477,Address_a226cdca,City_c05d421a,ZZ,72477,Last_d178528e,First_72cae815,5050375952,user_715c4f12e0@example.com,Note_2168f0cd,675,DC30C1C6-3CE6-4AB9-9138-E4537A489215
OWNER_767610605767,Company_55b91991,Last_d5c3e8cd,First_6bc2c6b7,5050375952,5050375952,user_715c4f12e0@example.com,Address_3264cf54,City_b15e9abc,ZZ,58226,Address_a226cdca,City_c05d421a,ZZ,72477,Last_d178528e,First_72cae815,5050375952,user_715c4f12e0@example.com,Note_2168f0cd,1673,664FDC69-2C26-D547-93CA-E45E7F7061F9
OWNER_617a1f77f370,Company_9d6fc041,Last_0eabb2a1,First_e3731ead,5050375952,5053964899,user_715c4f12e0@example.com,Address_8d4ea3a8,City_9870ba28,ZZ,26022,Address_a226cdca,City_c05d421a,ZZ,72477,Last_d178528e,First_72cae815,5050375952,user_715c4f12e0@example.com,Note_4317615f,433,F9463B1B-F5F3-4993-9B48-E45F4A373285
OWNER_1bd006497b1c,Company_9d6fc041,Last_f5cd93bf,First_af084e2e,5050375952,5050375952,user_715c4f12e0@example.com,Address_f05df871,City_e708c712,ZZ,72477,Address_a226cdca,City_c05d421a,ZZ,72477,Last_0a0f2749,First_a5d7eba7,5059054723,user_d532011278@example.com,Note_2168f0cd,480,9B7DCA31-88FE-42F2-9E4E-E4896AB8C838
OWNER_9273928ea21a,Company_9d6fc041,Last_71b274e9,First_490ae46a,5052641410,5050375952,user_5eacfba996@example.com,Address_664987f7,City_c0fbf85c,ZZ,75073,Address_3ea15399,City_76200585,ZZ,75073,Last_d178528e,First_72cae815,5050375952,user_715c4f12e0@example.com,Note_2168f0cd,1356,F8B7A994-D3F5-499B-B3F0-E4B675F22F54
OWNER_905558b29338,Company_9d6fc041,Last_daa13a12,First_098b7a78,5050375952,5050375952,user_715c4f12e0@example.com,Address_f05df871,City_e708c712,ZZ,72477,Address_a226cdca,City_c05d421a,ZZ,72477,Last_d178528e,First_72cae815,5050375952,user_715c4f12e0@example.com,Note_2168f0cd,505,181FC494-0D0C-4B08-879A-E5131AE327B6
OWNER_90201302a7db,Company_9d6fc041,Last_c838309f,First_098b7a78,5056867397,5050375952,user_83ff51aab0@example.com,Address_a8eeeb3c,City_fb775d72,ZZ,24366,Address_baade689,City_c05d421a,ZZ,72477,Last_d178528e,First_72cae815,5050375952,user_715c4f12e0@example.com,Note_2168f0cd,512,0ECD32E7-2E09-40A5-9C2A-E51BCC5BAD4F
OWNER_8ebf98e274b5,Company_9d6fc041,Last_8123483e,First_5b5a357b,5050375952,5057892392,user_715c4f12e0@example.com,Address_5e735cb5,City_03403c03,ZZ,13416,Address_e5626dc4,City_282e7459,ZZ,72477,Last_d178528e,First_72cae815,5050375952,user_715c4f12e0@example.com,Note_0cb09aba,1181,3FB79F3E-7A07-4EFA-BD97-E51F098631A3
OWNER_533311688ade,Company_9d6fc041,Last_5c4f58ca,First_6cd16bc6,5050375952,5056278421,user_5879a22096@example.com,Address_de983cfa,City_9b94cfc5,ZZ,58363,Address_7921217e,City_32d30c4f,ZZ,58363,Last_d178528e,First_72cae815,5050375952,user_715c4f12e0@example.com,Note_2168f0cd,1810,90E28DB2-212C-4898-9B5C-E5594AB36D57
OWNER_ff421e448082,Company_9d6fc041,Last_5d6a8594,First_b0684081,5055906326,5050375952,user_fe1c36a059@example.com,Address_2d81b1ba,City_ca4bb91c,ZZ,72477,Address_99d93592,City_c05d421a,ZZ,72477,Last_d178528e,First_72cae815,5050375952,user_715c4f12e0@example.com,Note_2168f0cd,996,50F4A555-4580-44DE-A393-E5606D4A5416
OWNER_1d16e10d5576,Company_9d6fc041,Last_30b52c60,First_28f2faf5,5058213370,5050375952,user_b9c455c8a0@example.com,Address_f05df871,City_e708c712,ZZ,72477,Address_0281beae,City_77d43f62,ZZ,67214,Last_d178528e,First_72cae815,5050375952,user_715c4f12e0@example.com,Note_2168f0cd,1718,280168F3-EE6B-5144-8094-E57532284C48
OWNER_f674b919a13e,Company_9d6fc041,Last_d8b40d52,First_7dfa9af3,5054604701,5057923314,user_6bdb56556c@example.com,Address_f05df871,City_e708c712,ZZ,72477,Address_0cde74db,City_17db8506,ZZ,72477,Last_5760e711,First_fdc05630,5054017016,user_34f525abc3@example.com,Note_9da6806f,380,F22D7D60-C43B-43C6-9176-E5820B24C95F
OWNER_8207b8e0b05d,Company_9d6fc041,Last_460994ea,First_187c5ee3,5053223317,5050375952,user_715c4f12e0@example.com,Address_f05df871,City_e708c712,ZZ,72477,Address_5cf6444b,City_8dbac927,ZZ,04722,Last_d178528e,First_72cae815,5050375952,user_715c4f12e0@example.com,Note_2168f0cd,526,C4B9971E-AECE-44B6-A4B9-E596B276444F
OWNER_8698ccd20f65,Company_072b262c,Last_b7961f7c,First_ef7fee84,5050375952,5050375952,user_22aab99b43@example.com,Address_9588282b,City_50cdb0ed,ZZ,00030,Address_a226cdca,City_c05d421a,ZZ,72477,Last_d178528e,First_72cae815,5050375952,user_715c4f12e0@example.com,Note_2168f0cd,1435,0E78087A-88FE-4085-954F-E5BC27BE3A93
OWNER_e90c6f5f6edd,Company_9d6fc041,Last_d274de0e,First_4101543b,5050375952,5055933849,user_715c4f12e0@example.com,Address_f05df871,City_e708c712,ZZ,72477,Address_87d689bb,City_992e4702,ZZ,68316,Last_d178528e,First_72cae815,5050375952,user_715c4f12e0@example.com,Note_2168f0cd,1954,F37EDA51-A445-4470-812D-E5F7F26A9296
OWNER_1ceed1b18b84,Company_9d6fc041,Last_df2dd462,First_69d72d44,5058889532,5050375952,user_715c4f12e0@example.com,Address_f05df871,City_e708c712,ZZ,72477,Address_6aab2d9f,City_76200585,ZZ,75073,Last_d178528e,First_72cae815,5050375952,user_715c4f12e0@example.com,Note_9a05de01,1232,92B11F75-1041-4DC3-A112-E60B3ACE7699
OWNER_4312d40714a9,Company_ebbe88a4,Last_d5a29a42,First_cfcd3980,5050375952,5051410108,user_715c4f12e0@example.com,Address_f05df871,City_e708c712,ZZ,72477,Address_3c851eff,City_abe7efe4,ZZ,62553,Last_d178528e,First_72cae815,5050375952,user_715c4f12e0@example.com,Note_2168f0cd,329,C0A8503D-D650-40A0-8C6D-E6322BCA95C1
OWNER_7a55bada9bfd,Company_9d6fc041,Last_f20508e4,First_43a819fb,5050375952,5057458253,user_ec5fda6041@example.com,Address_5bbf92a4,City_c3e07d03,ZZ,11928,Address_5c577acf,City_729a8613,ZZ,39493,Last_d178528e,First_72cae815,5050375952,user_715c4f12e0@example.com,Note_2168f0cd,1849,73C2002B-6C5D-4ABB-9FE8-E6784C5AC1A1
OWNER_7a81a397c94c,Company_57a603ad,Last_a01eceba,First_37b1c6d3,5055788963,5050375952,user_715c4f12e0@example.com,Address_6c844b23,City_2402b24b,ZZ,48412,Address_a226cdca,City_c05d421a,ZZ,72477,Last_6311019f,First_f966de24,5050887598,user_715c4f12e0@example.com,Note_6643990a,1057,CEE814D2-518C-4F49-8062-E67BFF986927
OWNER_39e603457761,Company_9d6fc041,Last_8d447a6e,First_bef93883,5052612098,5050375952,user_b933bd2a20@example.com,Address_f05df871,City_e708c712,ZZ,72477,Address_8249008d,City_76200585,ZZ,75073,Last_d178528e,First_72cae815,5050375952,user_715c4f12e0@example.com,Note_87dd9ea5,1289,CE0FB1DC-75EA-4F83-BBCD-E6E47B36AC67
OWNER_044d976877f7,Company_9d6fc041,Last_4d98514d,First_6cd16bc6,5059634431,5050375952,user_715c4f12e0@example.com,Address_f05df871,City_e708c712,ZZ,72477,Address_a226cdca,City_c05d421a,ZZ,72477,Last_d178528e,First_72cae815,5050375952,user_715c4f12e0@example.com,Note_2150923c,484,89FDC7B6-5270-49A4-911A-E6F43DCCA42B
OWNER_bd229f719bd5,Company_9d6fc041,Last_d8ef4d11,First_639e5b6b,5053786998,5050375952,user_2fd44e6fec@example.com,Address_408acaed,City_73ebcd64,ZZ,15642,Address_a226cdca,City_c05d421a,ZZ,72477,Last_8f521d9c,First_1b1159eb,5050375952,user_526b518e39@example.com,Note_834de68c,54,36877B00-E9BF-4376-A867-E73DD1A6FD4B
OWNER_ad3a63afea5a,Company_875b7deb,Last_7bd3af51,First_2c24c138,5050375952,5050375952,user_715c4f12e0@example.com,Address_f05df871,City_e708c712,ZZ,72477,Address_a226cdca,City_c05d421a,ZZ,72477,Last_d178528e,First_72cae815,5050375952,user_715c4f12e0@example.com,Note_2168f0cd,532,EF1ED0A0-B48A-4D9C-8677-E7A46407059B
OWNER_528b773f1a73,Company_9d6fc041,Last_d36ae33a,First_4013c12a,5050375952,5055846009,user_715c4f12e0@example.com,Address_f05df871,City_e708c712,ZZ,72477,Address_a226cdca,City_c05d421a,ZZ,72477,Last_d178528e,First_72cae815,5050375952,user_715c4f12e0@example.com,Note_2168f0cd,879,E5096FA5-E50B-4049-AF5C-E7E51A5FE207
OWNER_403b7a9c8f20,Company_f50f3085,Last_f686068b,First_1fa5fa7a,5052475598,5057132860,user_b8088a0980@example.com,Address_608f1ba6,City_7b9a9dff,ZZ,92627,Address_8a60ebdf,City_21764f1f,ZZ,54162,Last_a1e93228,First_bf82b011,5050375952,user_715c4f12e0@example.com,Note_2168f0cd,1676,F1150EAF-5E25-6B4E-8196-E825B9BD5568
OWNER_4b24c357b6a8,Company_9d6fc041,Last_8cff8eab,First_cc29d102,5058365327,5050375952,user_715c4f12e0@example.com,Address_f05df871,City_e708c712,ZZ,72477,Address_a226cdca,City_c05d421a,ZZ,72477,Last_d178528e,First_72cae815,5050375952,user_715c4f12e0@example.com,Note_2168f0cd,343,76BF625F-D2B5-4412-9424-E8687A1423D2
OWNER_7762f7d12700,Company_9d6fc041,Last_80715033,First_1fa5fa7a,5050375952,5058103954,user_6574a98683@example.com,Address_7c9b8698,City_9b94cfc5,ZZ,58363,Address_93328490,City_32d30c4f,ZZ,58363,Last_d178528e,First_72cae815,5050375952,user_715c4f12e0@example.com,Note_2168f0cd,1802,4163EC31-6E35-40EC-9CFC-E86F7BC4ECEE
OWNER_5394049e206d,Company_9d6fc041,Last_548f4f63,First_fd9b8a03,5050375952,5050375952,user_b71725bd10@example.com,Address_f05df871,City_e708c712,ZZ,72477,Address_6a0579da,City_2f9f42dd,ZZ,72477,Last_43dd2ea2,First_fcb760a1,5050375952,user_715c4f12e0@example.com,Note_2168f0cd,1465,4784871E-35AE-4973-828E-E88E814D8341
OWNER_d5fb5f5fa475,Company_9d6fc041,Last_75782f22,First_667f00bd,5053594658,5057192458,user_715c4f12e0@example.com,Address_74c777e9,City_fb775d72,ZZ,24366,Address_2b007e78,City_c05d421a,ZZ,72477,Last_d178528e,First_72cae815,5050375952,user_715c4f12e0@example.com,Note_bed45706,984,F853F99F-5EC7-4843-8DA4-E8A140374E2B
OWNER_c3b924208b78,Company_8a58c7e0,Last_41b897f2,First_fbfd68dd,5050375952,5050375952,user_715c4f12e0@example.com,Address_9250f5a7,City_2417a7b9,ZZ,38847,Address_a226cdca,City_c05d421a,ZZ,72477,Last_50be250b,First_314c1627,5051466940,user_17c72b41e6@example.com,Note_efcd61ed,261,B2799256-63EC-43FD-803F-E8A2E6ADD1DB
OWNER_cdd63d090319,Company_8250adc3,Last_7bd3af51,First_2c24c138,5052697546,5050375952,user_715c4f12e0@example.com,Address_f05df871,City_e708c712,ZZ,72477,Address_a226cdca,City_c05d421a,ZZ,72477,Last_d178528e,First_72cae815,5050375952,user_715c4f12e0@example.com,Note_2168f0cd,1672,88386CB4-90CA-8C40-82B7-E8C231825455
OWNER_f3f2877a3966,Company_6230d006,Last_6ff4ccd4,First_b0684081,5059931395,5051094413,user_715c4f12e0@example.com,Address_f05df871,City_e708c712,ZZ,72477,Address_a226cdca,City_c05d421a,ZZ,72477,Last_d178528e,First_72cae815,5050375952,user_715c4f12e0@example.com,Note_2168f0cd,410,8CB3C29B-38E5-441A-977A-E8CD86036A8D
OWNER_35f3e7f5b51f,Company_9d6fc041,Last_4fb851e0,First_b7d38319,5050375952,5050375952,user_715c4f12e0@example.com,Address_f05df871,City_e708c712,ZZ,72477,Address_a226cdca,City_c05d421a,ZZ,72477,Last_d178528e,First_72cae815,5050375952,user_715c4f12e0@example.com,Note_2168f0cd,767,F9054CF8-201D-43DD-85FA-E8D230F50159
OWNER_2aae41c3b0a2,Company_9d6fc041,Last_0cdf22c7,First_d78ec84e,5050375952,5054138253,user_0427a2b5af@example.com,Address_ef17ad0e,City_73ebcd64,ZZ,84738,Address_81d3beb8,City_253be803,ZZ,99337,Last_0ceaa73f,First_42839760,5050375952,user_715c4f12e0@example.com,Note_2168f0cd,1875,115F5825-A463-462E-B7B1-E920F2A8159F
OWNER_bb8eb0e5b477,Company_9d6fc041,Last_670c9551,First_026404db,5050375952,5050375952,user_715c4f12e0@example.com,Address_f05df871,City_e708c712,ZZ,72477,Address_a226cdca,City_c05d421a,ZZ,72477,Last_d178528e,First_72cae815,5050375952,user_715c4f12e0@example.com,Note_2168f0cd,302,BC3B89B2-583E-42FD-8AEF-E9324F5572E6
OWNER_10ac6189912c,Company_9d6fc041,Last_925f499d,First_bd6732f3,5050375952,5050375952,user_715c4f12e0@example.com,Address_f05df871,City_e708c712,ZZ,72477,Address_a226cdca,City_c05d421a,ZZ,72477,Last_d178528e,First_72cae815,5050375952,user_715c4f12e0@example.com,Note_8671cb4a,857,C1641AA7-7A4A-41E6-9299-E94675A2F34A
OWNER_41d84713f059,Company_9d6fc041,Last_d350b0bb,First_930b2cc5,5057269180,5050375952,user_715c4f12e0@example.com,Address_e4c1bfc7,City_3a05a3a0,ZZ,83181,Address_a226cdca,City_c05d421a,ZZ,72477,Last_d178528e,First_72cae815,5050375952,user_715c4f12e0@example.com,Note_2168f0cd,848,A96B8751-B512-45AE-A388-E95247FBBC51
OWNER_37deb666631d,Company_9d6fc041,Last_b3821ede,First_bf2ec069,5050735031,5050375952,user_ed33da8dc1@example.com,Address_869f2595,City_9bb0076f,ZZ,94763,Address_a226cdca,City_c05d421a,ZZ,72477,Last_d01b44cd,First_07139f1b,5057169627,user_715c4f12e0@example.com,Note_2b9918ac,686,45C5144D-231F-49E6-94AD-E955FC7FA066
OWNER_4e15e68d62e7,Company_9d6fc041,Last_1c1b4c56,First_5176ddae,5050375952,5052832705,user_822a64b81d@example.com,Address_f05df871,City_e708c712,ZZ,72477,Address_80ad4d8b,City_729a8613,ZZ,39493,Last_d178528e,First_72cae815,5050375952,user_715c4f12e0@example.com,Note_2168f0cd,1853,18A507EB-1BE5-4FC2-93A9-E992AF39A19C
OWNER_79db95ff6958,Company_9d6fc041,Last_0c0ce46a,First_a82d6021,5059429319,5050375952,user_715c4f12e0@example.com,Address_081153e6,City_2402b24b,ZZ,48412,Address_a226cdca,City_c05d421a,ZZ,72477,Last_d178528e,First_72cae815,5050375952,user_715c4f12e0@example.com,Note_2168f0cd,316,FE11845E-EE87-453C-B424-E999966979B8
OWNER_05685b7fec55,Company_9d6fc041,Last_d0822a65,First_a82d6021,5050375952,5051846143,user_715c4f12e0@example.com,Address_8fc96086,City_c0fbf85c,ZZ,75073,Address_d28f2eb8,City_76200585,ZZ,75073,Last_d178528e,First_72cae815,5050375952,user_715c4f12e0@example.com,Note_2168f0cd,1233,12226C24-06E4-439F-A1C1-E9B9DA5DC95E
OWNER_31b0eb70702a,Company_9d6fc041,Last_fa4fd7e7,First_cb901865,5050375952,5057845209,user_02edb1c587@example.com,Address_f05df871,City_e708c712,ZZ,72477,Address_7666071d,City_17db8506,ZZ,72477,Last_d178528e,First_72cae815,5050375952,user_715c4f12e0@example.com,Note_2168f0cd,1763,725267A8-1219-8B4B-80CD-EA4FC57C97E6
OWNER_74719796f3f9,Company_9d6fc041,Last_879bfc6f,First_ef3fbec5,5050375952,5050375952,user_715c4f12e0@example.com,Address_f05df871,City_e708c712,ZZ,72477,Address_a226cdca,City_c05d421a,ZZ,72477,Last_d178528e,First_72cae815,5050375952,user_715c4f12e0@example.com,Note_fafc2360,61,34A0AABA-045A-437D-8622-EA53114F4729
OWNER_bb8ae8cc64d0,Company_8245f8ce,Last_7bd3af51,First_07295855,5055258295,5050375952,user_715c4f12e0@example.com,Address_f05df871,City_e708c712,ZZ,72477,Address_a226cdca,City_c05d421a,ZZ,72477,Last_d178528e,First_72cae815,5050375952,user_715c4f12e0@example.com,Note_53a47d98,142,C4202F0B-0402-4B90-A3F8-EA74748429DB
OWNER_661d09bf5fcb,Company_e42406f3,Last_7bd3af51,First_2c24c138,5050375952,5050375952,user_715c4f12e0@example.com,Address_f05df871,City_e708c712,ZZ,72477,Address_a226cdca,City_c05d421a,ZZ,72477,Last_d178528e,First_72cae815,5050375952,user_715c4f12e0@example.com,Note_2168f0cd,927,4A1A1F59-B395-4BA8-A9CC-EA8BD40E7BED
OWNER_3d967cba55cd,Company_9d6fc041,Last_745caf94,First_3c9fbd27,5052211546,5050375952,user_715c4f12e0@example.com,Address_32b4233e,City_c0fbf85c,ZZ,75073,Address_0edc9019,City_76200585,ZZ,75073,Last_d178528e,First_72cae815,5050375952,user_715c4f12e0@example.com,Note_2168f0cd,1332,B9F0163D-FF23-46CA-83D9-EAB5E96EFCAA
OWNER_69a7269a35dd,Company_9d6fc041,Last_3073a601,First_dcfd94ba,5059817852,5050375952,user_715c4f12e0@example.com,Address_f05df871,City_e708c712,ZZ,72477,Address_a226cdca,City_c05d421a,ZZ,72477,Last_d178528e,First_72cae815,5050375952,user_715c4f12e0@example.com,Note_50d6d2e3,1614,BB49DAC5-7825-5748-BFD4-EABE5EB48112
OWNER_22607c33b8ac,Company_9d6fc041,Last_a9196269,First_b5384a39,5052621180,5058548177,user_402d00f19e@example.com,Address_c9edf93c,City_d1da5b12,ZZ,76447,Address_176cd216,City_14b44757,ZZ,72477,Last_81f02839,First_25bef11c,5050275599,user_715c4f12e0@example.com,Note_2168f0cd,1683,E70FEE24-6D47-6D4B-99A3-EAC43976FDB9
OWNER_e93c374719ce,Company_9d6fc041,Last_6fa6ad1d,First_54423efb,5058916676,5050375952,user_715c4f12e0@example.com,Address_3fe65ddb,City_73ebcd64,ZZ,12098,Address_a226cdca,City_c05d421a,ZZ,72477,Last_d178528e,First_72cae815,5050375952,user_715c4f12e0@example.com,Note_2168f0cd,241,9E112A73-A618-4466-BB91-EACFCAAE860E
OWNER_e41a716a7ee1,Company_9d6fc041,Last_69f06287,First_823df98c,5050375952,5056631936,user_715c4f12e0@example.com,Address_f05df871,City_e708c712,ZZ,72477,Address_f2c95642,City_1304732a,ZZ,72477,Last_d178528e,First_72cae815,5050375952,user_715c4f12e0@example.com,Note_2168f0cd,611,191BEFBF-59C3-463A-BEFB-EAE48EC1B183
OWNER_676414864a2f,Company_9d6fc041,Last_4d98514d,First_ef6066be,5050375952,5055124410,user_9e736a0551@example.com,Address_c756147f,City_9b94cfc5,ZZ,58363,Address_5fc7c230,City_32d30c4f,ZZ,58363,Last_d178528e,First_72cae815,5050375952,user_715c4f12e0@example.com,Note_2168f0cd,1843,7D4652AF-EB0F-4825-BAA3-EAF83ABB74C8
OWNER_138414e524ae,Company_9d6fc041,Last_bce3d3a6,First_97959d73,5051866662,5057669413,user_24b74988c4@example.com,Address_f05df871,City_e708c712,ZZ,72477,Address_3a9f753b,City_d479b429,ZZ,49736,Last_e907445c,First_72b33cf5,5050375952,user_715c4f12e0@example.com,Note_e0bf8149,1462,7C12D944-8154-4C93-A66D-EB2A318BEC9E
OWNER_b417a102e95e,Company_9d6fc041,Last_0205328b,First_09492bcc,5050375952,5056435117,user_715c4f12e0@example.com,Address_f05df871,City_e708c712,ZZ,72477,Address_a226cdca,City_c05d421a,ZZ,72477,Last_d178528e,First_72cae815,5050375952,user_715c4f12e0@example.com,Note_2168f0cd,1640,FA9ADEBD-9BC2-454A-8FA2-EB620A8A0132
OWNER_1fc6782a3c3a,Company_9d6fc041,Last_983ce989,First_4120079a,5051927824,5050375952,user_8ff7a79611@example.com,Address_be15bc56,City_fe002fea,ZZ,96665,Address_52f4a2ed,City_9bbe62b1,ZZ,72477,Last_f97795d7,First_5e766c08,5050375952,user_715c4f12e0@example.com,Note_2168f0cd,447,10DA7212-0A92-44BF-8E72-EBA6552D6610
OWNER_6d19bd69ca4b,Company_9d6fc041,Last_ec518cc0,First_a82d6021,5050375952,5058364788,user_84862185c0@example.com,Address_f05df871,City_e708c712,ZZ,72477,Address_4460d8b6,City_08800bea,ZZ,78114,Last_d178528e,First_72cae815,5050375952,user_715c4f12e0@example.com,Note_2168f0cd,1974,2EAFC50F-0439-4F47-9774-EBF1C15A4E9C
OWNER_2487ea0a0d5e,Company_9d6fc041,Last_9ad07e1c,First_667f00bd,5050375952,5058685620,user_39aa5831d1@example.com,Address_f05df871,City_e708c712,ZZ,72477,Address_c4997d62,City_223baac0,ZZ,12786,Last_d178528e,First_72cae815,5050375952,user_715c4f12e0@example.com,Note_5d97661b,1365,68FE52DA-5CD7-46D8-BCED-EC2B98FE6E46
OWNER_5cf0d2f1cf35,Company_9d6fc041,Last_d4af636a,First_fcbc7562,5052257992,5050375952,user_715c4f12e0@example.com,Address_f05df871,City_e708c712,ZZ,72477,Address_a9c51a68,City_c05d421a,ZZ,72477,Last_d178528e,First_72cae815,5050375952,user_715c4f12e0@example.com,Note_97983b70,1018,2A89CB65-6961-4746-A3ED-EC6506EAC5E1
OWNER_55d3aa144f59,Company_9d6fc041,Last_83e020cf,First_be3077ab,5051199107,5050375952,user_f0e8a8604c@example.com,Address_fbdb9e5e,City_73ebcd64,ZZ,73247,Address_bffc1969,City_9415c49e,ZZ,73247,Last_ecff9d77,First_98623083,5050459154,user_715c4f12e0@example.com,Note_2168f0cd,1897,64D959D7-A843-4CF3-9F44-EC6D2AA9AAB2
OWNER_b468f1200e6b,Company_9d6fc041,Last_409015ca,First_85458ce4,5051501411,5050375952,user_715c4f12e0@example.com,Address_f05df871,City_e708c712,ZZ,72477,Address_0116dc75,City_4e9d70b8,ZZ,36173,Last_d178528e,First_72cae815,5050375952,user_715c4f12e0@example.com,Note_2168f0cd,1915,3BF06BF1-417E-4973-BE9C-EC99ABB03D50
OWNER_65f245becb2f,Company_9d6fc041,Last_c0c930a9,First_0af763bb,5057761139,5050375952,user_a21d9eccad@example.com,Address_f05df871,City_e708c712,ZZ,72477,Address_5cf744fe,City_a4335e45,ZZ,72477,Last_d178528e,First_72cae815,5050375952,user_715c4f12e0@example.com,Note_2168f0cd,1466,D8F32070-D557-493E-ADD2-ECD80E265A0A
OWNER_1fc0b57bb7ac,Company_9d6fc041,Last_2114df0a,First_35798c05,5056123859,5050375952,user_7a12fb6345@example.com,Address_f05df871,City_e708c712,ZZ,72477,Address_ce3fa1ed,City_94b6fd86,ZZ,67893,Last_d178528e,First_72cae815,5050375952,user_715c4f12e0@example.com,Note_2168f0cd,1597,7190DFE9-7E98-8541-AB72-ED267FE27972
OWNER_296c04c83b7f,Company_9d6fc041,Last_270c8b64,First_490ae46a,5059667071,5050375952,user_6c39869739@example.com,Address_7a6dd72f,City_f194ca26,ZZ,72477,Address_58fa8fd7,City_94b6fd86,ZZ,72477,Last_d178528e,First_72cae815,5050375952,user_715c4f12e0@example.com,Note_2168f0cd,1610,0F4EFE7A-8B95-0241-837C-ED2B3AE5D350
OWNER_0f88fcb73294,Company_9d6fc041,Last_6fbd4105,First_f877f1a1,5050375952,5050375952,user_715c4f12e0@example.com,Address_f05df871,City_e708c712,ZZ,72477,Address_a226cdca,City_c05d421a,ZZ,72477,Last_d178528e,First_72cae815,5050375952,user_715c4f12e0@example.com,Note_8b6c9b7e,1118,4511458F-1255-499F-BBEE-ED380C0BD552
OWNER_b86cb2256e89,Company_8f255c53,Last_7bd3af51,First_2c24c138,5050375952,5050375952,user_715c4f12e0@example.com,Address_f05df871,City_e708c712,ZZ,72477,Address_a226cdca,City_c05d421a,ZZ,72477,Last_d178528e,First_72cae815,5050375952,user_715c4f12e0@example.com,Note_2168f0cd,306,D9E39C16-91C6-483F-B1CB-ED865204AD7F
OWNER_0aa5183b651a,Company_9d6fc041,Last_865bdd6b,First_c2d18482,5050375952,5050375952,user_715c4f12e0@example.com,Address_f05df871,City_e708c712,ZZ,72477,Address_a226cdca,City_c05d421a,ZZ,72477,Last_d178528e,First_72cae815,5050375952,user_715c4f12e0@example.com,Note_f7628c5c,647,12EA5876-FE36-4E7A-822F-ED9997AF7DCD
OWNER_89ed19478b8d,Company_06c4734c,Last_d356517d,First_490ae46a,5050375952,5058057440,user_54c79f9c74@example.com,Address_382a786b,City_e6b38396,ZZ,88406,Address_a226cdca,City_c05d421a,ZZ,72477,Last_d178528e,First_72cae815,5050375952,user_715c4f12e0@example.com,Note_2168f0cd,1471,091E88E4-6761-5B4C-8B34-EDA11C3BA1D6
OWNER_90789b381b86,Company_9d6fc041,Last_096b5e96,First_f1f5db66,5055188637,5050375952,user_d5a075c05e@example.com,Address_f05df871,City_e708c712,ZZ,72477,Address_e8a83584,City_76200585,ZZ,75073,Last_d178528e,First_72cae815,5050375952,user_715c4f12e0@example.com,Note_2168f0cd,1573,F5534DF6-F107-AA41-BEF5-EDABAB81958D
OWNER_6f47ed67cec0,Company_9d6fc041,Last_670c9551,First_d78ec84e,5059927409,5050375952,user_715c4f12e0@example.com,Address_0d4ce022,City_9bb0076f,ZZ,94763,Address_a226cdca,City_c05d421a,ZZ,72477,Last_d178528e,First_72cae815,5050375952,user_715c4f12e0@example.com,Note_2168f0cd,136,744D4C98-3BC9-4B06-BD1A-EDAC1416C97C
OWNER_6fe9a68da0b4,Company_37fbfec5,Last_dc3f9d0c,First_6ea1b591,5050386317,5050375952,user_715c4f12e0@example.com,Address_e1a0679b,City_be38c9ca,ZZ,63352,Address_a226cdca,City_c05d421a,ZZ,72477,Last_d178528e,First_72cae815,5050375952,user_715c4f12e0@example.com,Note_741afbc0,1152,38ED03BC-D6A8-4EDA-ACAA-EDAD46C557F5
OWNER_349df3e2956d,Company_9d6fc041,Last_590e84fa,First_6cd16bc6,5050375952,5050375952,user_715c4f12e0@example.com,Address_f05df871,City_e708c712,ZZ,72477,Address_a226cdca,City_c05d421a,ZZ,72477,Last_d178528e,First_72cae815,5050375952,user_715c4f12e0@example.com,Note_8a42ed7c,656,1C537524-89F2-44FA-AB4F-EE2A671A5D7E
OWNER_bf76135caf79,Company_b22dad66,Last_81732cc4,First_ecaf6adb,5050375952,5054160158,user_715c4f12e0@example.com,Address_6e4c89d1,City_dc827666,ZZ,41537,Address_50c3e6df,City_5fd6ecff,ZZ,72477,Last_20f2ee49,First_fec61293,5057737096,user_715c4f12e0@example.com,Note_9657c604,1528,2CD9C439-596A-A941-AF8A-EE3392B74B1E
OWNER_78033feb8623,Company_9d6fc041,Last_66d393ca,First_098b7a78,5054649593,5050375952,user_715c4f12e0@example.com,Address_f05df871,City_e708c712,ZZ,72477,Address_a226cdca,City_c05d421a,ZZ,72477,Last_d178528e,First_72cae815,5050375952,user_715c4f12e0@example.com,Note_2168f0cd,493,4BEC6687-7E8A-4466-ABD0-EECD442A0E8E
OWNER_22cda2e29d28,Company_9d6fc041,Last_b3821ede,First_e62390f3,5058871734,5051944342,user_715c4f12e0@example.com,Address_5a012a53,City_f56f2a96,ZZ,16176,Address_a226cdca,City_c05d421a,ZZ,72477,Last_d178528e,First_72cae815,5050375952,user_715c4f12e0@example.com,Note_8a3ec16d,488,B60889C3-2FA6-4715-97AB-EEF1F62DE725
OWNER_d006881b6aa4,Company_9d6fc041,Last_bf5a2914,First_35798c05,5050375952,5053747922,user_8b66cca96f@example.com,Address_a9c06fe6,City_50cdb0ed,ZZ,00030,Address_a226cdca,City_c05d421a,ZZ,72477,Last_a903de7d,First_d0a4398d,5050508680,user_715c4f12e0@example.com,Note_2168f0cd,1824,1E24F77E-421A-4842-AEF9-EF2683E6B564
OWNER_99794fe8000a,Company_30be392a,Last_8a03b48d,First_6134f50b,5050375952,5051404634,user_715c4f12e0@example.com,Address_f05df871,City_e708c712,ZZ,72477,Address_a226cdca,City_c05d421a,ZZ,72477,Last_d178528e,First_72cae815,5050375952,user_715c4f12e0@example.com,Note_2168f0cd,1175,DC13FF95-F835-4023-B756-EF6F467A56FA
OWNER_648f14bc0554,Company_9d6fc041,Last_093ae819,First_b0684081,5054314429,5050375952,user_715c4f12e0@example.com,Address_f05df871,City_e708c712,ZZ,72477,Address_b2a719e2,City_c05d421a,ZZ,72477,Last_d178528e,First_72cae815,5050375952,user_715c4f12e0@example.com,Note_2168f0cd,445,21F0A64F-4E97-4D31-A2B1-EF8CDABC0455
OWNER_99edcb4e350b,Company_9d6fc041,Last_2463d9e5,First_2efdb131,5050375952,5058776084,user_c8cfd6363e@example.com,Address_f57da9ca,City_c0fbf85c,ZZ,75073,Address_c74e17b7,City_76200585,ZZ,75073,Last_26ea5f96,First_cc74ee49,5050375952,user_715c4f12e0@example.com,Note_f733874c,1229,346910B4-D2AE-4F58-AC11-EFBD8937A905
OWNER_eee85171f586,Company_9d6fc041,Last_298c0ca9,First_5a53d49c,5050375952,5050375952,user_46b1fd10fa@example.com,Address_84a6aa7f,City_a000d1fb,ZZ,66775,Address_371ef0ce,City_30bd86a3,ZZ,72477,Last_d178528e,First_72cae815,5050375952,user_715c4f12e0@example.com,Note_2168f0cd,1402,ADCA0B38-9B33-4E60-8A65-F00773BEA011
OWNER_c4aa15c31e77,Company_9d6fc041,Last_92e05e85,First_09492bcc,5050375952,5050375952,user_715c4f12e0@example.com,Address_f05df871,City_e708c712,ZZ,72477,Address_a226cdca,City_c05d421a,ZZ,72477,Last_d178528e,First_72cae815,5050375952,user_715c4f12e0@example.com,Note_2168f0cd,541,1471C58E-25F3-4FBB-A5E1-F007838A447D
OWNER_f9fe36ec1ce6,Company_9d6fc041,Last_39253389,First_7a21e809,5051964386,5050375952,user_715c4f12e0@example.com,Address_593b3608,City_c5b48cb6,ZZ,83518,Address_0493f2a4,City_c05d421a,ZZ,72477,Last_d178528e,First_72cae815,5050375952,user_715c4f12e0@example.com,Note_98524a78,866,18163DEA-2A03-4C4A-AB57-F0174953D52F
OWNER_6f3c273f10c2,Company_9d6fc041,Last_b696acc1,First_473899df,5050375952,5050375952,user_715c4f12e0@example.com,Address_f05df871,City_e708c712,ZZ,72477,Address_a226cdca,City_c05d421a,ZZ,72477,Last_d178528e,First_72cae815,5050375952,user_715c4f12e0@example.com,Note_2168f0cd,276,BB026239-1764-4DB0-AC9A-F04F11C9EDE0
OWNER_ca8e21f2449b,Company_9d6fc041,Last_a4ad010a,First_a497483e,5050375952,5056004489,user_065f7ee782@example.com,Address_e5d9b8f4,City_c3e07d03,ZZ,11928,Address_5b33d089,City_03ac272d,ZZ,11928,Last_d178528e,First_72cae815,5050375952,user_715c4f12e0@example.com,Note_2168f0cd,1856,B6635D1A-E7B4-4D05-948E-F0C1A4E44DF6
OWNER_a73e6c75a904,Company_bd35e2ef,Last_93b8ff87,First_c3a1d352,5056174039,5054650680,user_715c4f12e0@example.com,Address_5236855d,City_1c11a706,ZZ,65345,Address_a226cdca,City_c05d421a,ZZ,72477,Last_d178528e,First_72cae815,5050375952,user_715c4f12e0@example.com,Note_2168f0cd,317,D995D21C-D01C-4892-8541-F103AE08E692
OWNER_df1e6aa18bbf,Company_9d6fc041,Last_d49df6f0,First_fd155a41,5054585073,5050375952,user_6de0a532cc@example.com,Address_007d3634,City_eb940fb0,ZZ,28095,Address_a226cdca,City_c05d421a,ZZ,72477,Last_d178528e,First_72cae815,5050375952,user_715c4f12e0@example.com,Note_cf6c7f9b,799,D5DEB80C-1DBE-4690-8642-F1128F85E032
OWNER_7971787d082a,Company_9d6fc041,Last_4e03f369,First_45d7e4d7,5059619275,5053548065,user_99b7b22f63@example.com,Address_b64653cc,City_37084ed9,ZZ,75073,Address_084bab8e,City_528281b9,ZZ,75073,Last_d178528e,First_72cae815,5050375952,user_715c4f12e0@example.com,Note_2168f0cd,1339,FFACB057-80EA-4EAF-9C22-F1F82E9FB077
OWNER_ab9f86e892a2,Company_9d6fc041,Last_f8f6a6df,First_7c770d22,5058210131,5057238036,user_715c4f12e0@example.com,Address_fe84466f,City_c4a4a446,ZZ,70022,Address_a226cdca,City_c05d421a,ZZ,72477,Last_d178528e,First_72cae815,5050375952,user_715c4f12e0@example.com,Note_298f6d95,638,406D385B-20A2-460F-8841-F2176F2E86CC
OWNER_aa23b386707f,Company_9d6fc041,Last_c3d4a251,First_7384e837,5059692455,5050375952,user_715c4f12e0@example.com,Address_66637aa4,City_fb775d72,ZZ,24366,Address_02ae0051,City_c05d421a,ZZ,72477,Last_d178528e,First_72cae815,5050375952,user_715c4f12e0@example.com,Note_2168f0cd,639,0B2713A0-3A9B-4A0A-8527-F21A792A798D
OWNER_9760604cc931,Company_9d6fc041,Last_8628fa6a,First_d21c8c64,5052322596,5050375952,user_715c4f12e0@example.com,Address_f05df871,City_e708c712,ZZ,72477,Address_837dc8d5,City_5c76cb03,ZZ,72477,Last_d178528e,First_72cae815,5050375952,user_715c4f12e0@example.com,Note_2168f0cd,1942,299A666F-F236-45B7-ABE7-F2284AC8479F
OWNER_f819734ee092,Company_865c1943,Last_0ebcdf12,First_8cf65358,5050375952,5051596657,user_715c4f12e0@example.com,Address_f05df871,City_e708c712,ZZ,58590,Address_e3784937,City_5052fae7,ZZ,72477,Last_3bcc0f42,First_3d1481dc,5050363270,user_715c4f12e0@example.com,Note_2168f0cd,1483,91A1C549-CFC7-1E44-95BC-F254BA0A9C15
OWNER_7f475d65b236,Company_9d6fc041,Last_d7474164,First_39b24543,5050041384,5054353760,user_715c4f12e0@example.com,Address_0405eba1,City_0aba12ad,ZZ,19719,Address_a226cdca,City_c05d421a,ZZ,72477,Last_83f8ecc0,First_c838e19f,5059114875,user_715c4f12e0@example.com,Note_538ed1d2,339,A37A7B20-C99C-47A8-B2DA-F27C583D3CCD
OWNER_4381cef06a9b,Company_9d6fc041,Last_3a3da113,First_930b2cc5,5050375952,5050375952,user_715c4f12e0@example.com,Address_b91e687c,City_0b484003,ZZ,17055,Address_a226cdca,City_c05d421a,ZZ,72477,Last_d178528e,First_c771285e,5055099154,user_d76830254e@example.com,Note_04a2ea84,847,2FE3D3D8-C441-4742-B158-F286DFD9668B
OWNER_dd917b49416a,Company_9d6fc041,Last_937c8ef9,First_667f00bd,5052167822,5050375952,user_715c4f12e0@example.com,Address_f05df871,City_e708c712,ZZ,72477,Address_a226cdca,City_c05d421a,ZZ,72477,Last_d178528e,First_72cae815,5050375952,user_715c4f12e0@example.com,Note_fde87b29,987,1BAB8912-7AC7-40FE-B022-F2B2CD551DB5
OWNER_f05f18b33cf0,Company_9d6fc041,Last_a26c1cae,First_b7d38319,5050375952,5050375952,user_715c4f12e0@example.com,Address_f05df871,City_e708c712,ZZ,72477,Address_a226cdca,City_c05d421a,ZZ,72477,Last_d178528e,First_72cae815,5050375952,user_715c4f12e0@example.com,Note_8671cb4a,768,DB076995-7D60-4D25-A522-F2BD188E6E7F
OWNER_a59a948a84b4,Company_df3ca34e,Last_03d85333,First_426b41a3,5050375952,5057217284,user_f3aaa67eaf@example.com,Address_d5bd6c54,City_6af4ad0e,ZZ,02225,Address_563197e5,City_3cfe10a4,ZZ,72477,Last_23a9f012,First_f1660a06,5056196277,user_715c4f12e0@example.com,Note_2168f0cd,1482,0A2EB6A2-D27D-E642-9907-F2C541FEB471
OWNER_5f57a04af556,Company_a9f9239d,Last_ca8c2e22,First_1df40c15,5055602519,5051338583,user_715c4f12e0@example.com,Address_d2a5dd4b,City_d85b9afd,ZZ,96009,Address_a226cdca,City_c05d421a,ZZ,72477,Last_f3a08647,First_25bef11c,5050093802,user_715c4f12e0@example.com,Note_3fde6a9c,415,62E52440-F747-4313-BC29-F2DF96924362
OWNER_a3ed4f529e82,Company_4d6d8b83,Last_91d7d36d,First_52933a36,5050375952,5050375952,user_715c4f12e0@example.com,Address_f05df871,City_e708c712,ZZ,72477,Address_a226cdca,City_c05d421a,ZZ,72477,Last_d178528e,First_72cae815,5050375952,user_715c4f12e0@example.com,Note_2168f0cd,1079,E556170F-2FEE-496B-96A7-F2EBE35D14F6
OWNER_d1b9e86915ea,Company_9d6fc041,Last_ae54d2c3,First_cc3b7a6b,5050375952,5058189241,user_ec12ec8419@example.com,Address_9ea96c63,City_73ebcd64,ZZ,12098,Address_beaa3b7f,City_28cf9b52,ZZ,71128,Last_d178528e,First_72cae815,5050375952,user_715c4f12e0@example.com,Note_2168f0cd,1815,8C6FDDB4-EDCC-4129-A8A2-F2F29AB80608
OWNER_367d2d6c055c,Company_9d6fc041,Last_3bd6ce97,First_addafb0e,5050471935,5050375952,user_089d7201a0@example.com,Address_48324e13,City_961f1893,ZZ,15642,Address_34fb1fea,City_25684dcf,ZZ,15642,Last_d178528e,First_72cae815,5050375952,user_715c4f12e0@example.com,Note_2168f0cd,1899,AC49E0A2-3CF7-4A4E-81B7-F2FD048D35B9
OWNER_e3b7a7ca14f5,Company_9d6fc041,Last_e90ff649,First_f7daf026,5051327735,5059973534,user_715c4f12e0@example.com,Address_5b5c18a7,City_ca4bb91c,ZZ,70370,Address_a226cdca,City_c05d421a,ZZ,72477,Last_d178528e,First_72cae815,5050375952,user_715c4f12e0@example.com,Note_2168f0cd,383,D2DCD0CE-A74B-4559-849D-F2FF7C4A4CBB
OWNER_b9707f228de5,Company_9d6fc041,Last_b7961f7c,First_972d620f,5050375952,5050446052,user_715c4f12e0@example.com,Address_f05df871,City_e708c712,ZZ,72477,Address_d22cb652,City_c0cd795e,ZZ,94038,Last_d178528e,First_72cae815,5050375952,user_715c4f12e0@example.com,Note_2168f0cd,1970,A8DCE7B0-BC24-4598-BE48-F3487F4373AA
OWNER_c10a53e796d1,Company_9d6fc041,Last_32d9ec2c,First_0838a437,5050375952,5055477268,user_1c2a4939ff@example.com,Address_f05df871,City_e708c712,ZZ,72477,Address_a7b3b50d,City_23f9b279,ZZ,00030,Last_d178528e,First_72cae815,5050375952,user_715c4f12e0@example.com,Note_2168f0cd,1825,ABF8E3DE-B8EC-4B32-B7A2-F35750B8823D
OWNER_af0dd91be145,Company_9d6fc041,Last_17b04809,First_c04c55e4,5057291823,5050375952,user_715c4f12e0@example.com,Address_175e30da,City_e431aee7,ZZ,99646,Address_a226cdca,City_c05d421a,ZZ,72477,Last_d178528e,First_72cae815,5050375952,user_715c4f12e0@example.com,Note_06d9633b,962,8C9B9FBE-FC40-4E82-A3B6-F3A2C34B9CA9
OWNER_7f1a4b72d63a,Company_9d6fc041,Last_c838309f,First_ec3a9b56,5053666149,5056910969,user_18f6a63ff8@example.com,Address_4ff8c6e3,City_fb775d72,ZZ,24366,Address_a226cdca,City_c05d421a,ZZ,72477,Last_d178528e,First_72cae815,5050375952,user_715c4f12e0@example.com,Note_2168f0cd,665,74DC091B-591B-406D-8CAE-F3B0EFC747B5
OWNER_ee0ace682697,Company_924a019a,Last_7bd3af51,First_f588bf62,5053420595,5052804777,user_715c4f12e0@example.com,Address_24b909e4,City_73ebcd64,ZZ,84738,Address_a226cdca,City_c05d421a,ZZ,72477,Last_a24bfabc,First_15b988f1,5050905404,user_715c4f12e0@example.com,Note_0393f3fe,931,65CC7335-04C1-4AF7-AE7A-F3CB35AF6951
OWNER_1613f38be81b,Company_9d6fc041,Last_ac0867a1,First_e915aa59,5055774609,5050375952,user_30175cf5db@example.com,Address_f05df871,City_e708c712,ZZ,72477,Address_25f395fb,City_76200585,ZZ,75073,Last_d178528e,First_72cae815,5050375952,user_715c4f12e0@example.com,Note_2168f0cd,1287,7EA2FEA4-103A-4003-A18E-F3CD87095EBF
OWNER_a5b18a306928,Company_9d6fc041,Last_5b8b3a8b,First_d23b6ba9,5057853113,5050375952,user_23393c5b4f@example.com,Address_3dc81b64,City_6ec3f32a,ZZ,04722,Address_a226cdca,City_c05d421a,ZZ,72477,Last_d178528e,First_72cae815,5050375952,user_715c4f12e0@example.com,Note_4f023b50,955,57DC6930-3A6F-40EE-AD30-F3E72921E04B
OWNER_8020f6b03208,Company_9d6fc041,Last_4cd9b36f,First_0053016d,5059683756,5050375952,user_715c4f12e0@example.com,Address_3e94886a,City_fb775d72,ZZ,24366,Address_4acc025b,City_c05d421a,ZZ,72477,Last_d178528e,First_72cae815,5050375952,user_715c4f12e0@example.com,Note_3ee62e79,869,3B0A0A98-462A-4C28-BB8E-F4235F14C5CE
OWNER_d1449c461bde,Company_9d6fc041,Last_5f2defdf,First_8a25b0aa,5050375952,5050375952,user_715c4f12e0@example.com,Address_f05df871,City_e708c712,ZZ,72477,Address_a226cdca,City_c05d421a,ZZ,72477,Last_d178528e,First_72cae815,5050375952,user_715c4f12e0@example.com,Note_2168f0cd,711,B9B41C02-9E5C-4C60-BD60-F4437D6A0F4C
OWNER_bea097359ea3,Company_9d6fc041,Last_71e9f762,First_0b235724,5051952357,5050375952,user_38ab9d0ad9@example.com,Address_f05df871,City_e708c712,ZZ,72477,Address_a226cdca,City_c05d421a,ZZ,72477,Last_6cd92e96,First_e9409803,5050375952,user_715c4f12e0@example.com,Note_2168f0cd,705,ABCB659E-ED51-4208-8E85-F473D88A0556
OWNER_0390604c7ec7,Company_9d6fc041,Last_d49df6f0,First_f79ac0c5,5057025753,5050375952,user_5d0cb04c2c@example.com,Address_4ebfa3b2,City_c0fbf85c,ZZ,75073,Address_20051999,City_76200585,ZZ,75073,Last_d178528e,First_72cae815,5050375952,user_715c4f12e0@example.com,Note_2168f0cd,1341,A9454249-F259-46AE-AAB1-F47AE3C222D2
OWNER_74f2adfbd1f4,Company_9d6fc041,Last_09e70bdf,First_42be0ff9,5058019879,5050375952,user_715c4f12e0@example.com,Address_5cb909fd,City_013579ea,ZZ,74737,Address_a226cdca,City_c05d421a,ZZ,72477,Last_d178528e,First_72cae815,5050375952,user_715c4f12e0@example.com,Note_2168f0cd,120,8180966C-8D4A-4B5F-ACA6-F4C22E9FA835
OWNER_db6673296528,Company_dbc1f164,Last_b7961f7c,First_e5594e5d,5057408606,5050375952,user_96035d1d31@example.com,Address_ec3603a4,City_4681a911,ZZ,10275,Address_a226cdca,City_c05d421a,ZZ,72477,Last_d178528e,First_9071536e,5050073812,user_715c4f12e0@example.com,Note_0ccd5ca9,1443,9F63CFE9-2CB7-4D49-89C2-F4CCC1B81EA8
OWNER_4d1e4d8baa35,Company_9d6fc041,Last_e426d275,First_18425304,5050375952,5050375952,user_715c4f12e0@example.com,Address_f05df871,City_e708c712,ZZ,72477,Address_a226cdca,City_c05d421a,ZZ,72477,Last_d178528e,First_72cae815,5050375952,user_715c4f12e0@example.com,Note_10052201,117,441B88ED-8589-4F57-BC47-F4EBA55276C1
OWNER_d35a9e00fbf2,Company_9d6fc041,Last_7bd3af51,First_2c24c138,5059736726,5050375952,user_715c4f12e0@example.com,Address_f05df871,City_e708c712,ZZ,72477,Address_a226cdca,City_c05d421a,ZZ,72477,Last_d178528e,First_72cae815,5050375952,user_715c4f12e0@example.com,Note_2168f0cd,1668,1BCD5496-C87D-A447-8912-F517BAD1DE22
OWNER_8b2dd04e7f88,Company_9d6fc041,Last_44d5720b,First_a8552a99,5050375952,5057423051,user_bcf09e88e3@example.com,Address_e6c28166,City_f3d1000a,ZZ,45588,Address_d7af45b8,City_b61eede6,ZZ,16176,Last_d178528e,First_72cae815,5050375952,user_715c4f12e0@example.com,Note_2168f0cd,1373,62E93254-EEEC-4365-A2D7-F520AA9501D3
OWNER_a13c4aa429b4,Company_9d6fc041,Last_814b57dc,First_05efaa9c,5050375952,5051390820,user_715c4f12e0@example.com,Address_f05df871,City_e708c712,ZZ,72477,Address_4c364003,City_76200585,ZZ,75073,Last_d178528e,First_72cae815,5050375952,user_715c4f12e0@example.com,Note_2168f0cd,1408,B98B4F10-0700-4680-9130-F5331253AC04
OWNER_d8fcef318adc,Company_9d6fc041,Last_e5ed8bd8,First_dc2d7d00,5052429523,5050375952,user_715c4f12e0@example.com,Address_f05df871,City_e708c712,ZZ,72477,Address_e2a469fb,City_76200585,ZZ,75073,Last_d178528e,First_72cae815,5050375952,user_715c4f12e0@example.com,Note_36a2a731,1254,FF374014-35DA-4460-952E-F573AF5FA7C8
OWNER_0c823b2f068a,Company_5eb1a17d,Last_04192c01,First_92922bdb,5050375952,5059254747,user_715c4f12e0@example.com,Address_f05df871,City_e708c712,ZZ,72477,Address_a226cdca,City_c05d421a,ZZ,72477,Last_d178528e,First_72cae815,5050375952,user_715c4f12e0@example.com,Note_86e140ca,1692,1FCF475B-811D-7F45-AFDC-F5870DC2D27F
OWNER_b670365c6629,Company_9d6fc041,Last_9f270749,First_041290b2,5057240960,5050375952,user_715c4f12e0@example.com,Address_f05df871,City_e708c712,ZZ,72477,Address_a226cdca,City_c05d421a,ZZ,72477,Last_d178528e,First_72cae815,5050375952,user_715c4f12e0@example.com,Note_2168f0cd,659,8360F0EF-3313-42DE-A1BC-F5B0E7619CD9
OWNER_6426b850cad0,Company_9d6fc041,Last_4026d6a2,First_51f1e2c0,5050216597,5050375952,user_715c4f12e0@example.com,Address_f05df871,City_e708c712,ZZ,72477,Address_db26a437,City_c05d421a,ZZ,72477,Last_d178528e,First_72cae815,5050375952,user_715c4f12e0@example.com,Note_2168f0cd,749,4576E516-B540-4FF3-9568-F5C232B4092C
OWNER_c0597237ce8c,Company_9d6fc041,Last_477ef0f8,First_b0684081,5058903169,5050375952,user_f18f96ae50@example.com,Address_f14fea44,City_c0fbf85c,ZZ,75073,Address_eac79fab,City_76200585,ZZ,75073,Last_d178528e,First_72cae815,5050375952,user_715c4f12e0@example.com,Note_2168f0cd,1350,D0824158-BA1F-44B5-AFD2-F6539F0051A2
OWNER_2d7e7bfa966f,Company_9d6fc041,Last_85f227b3,First_667f00bd,5050375952,5050375952,user_15dca51851@example.com,Address_f05df871,City_e708c712,ZZ,72477,Address_8fe5ec10,City_9fb03833,ZZ,27797,Last_d178528e,First_72cae815,5050375952,user_715c4f12e0@example.com,Note_2168f0cd,1947,0086F87C-B80D-401D-B8E6-F666C4E06646
OWNER_39d26cf90eab,Company_9d6fc041,Last_df7e8e71,First_60b57449,5050375952,5058640055,user_e930b5972c@example.com,Address_e8b10480,City_a92343bb,ZZ,52144,Address_052700c4,City_c3d49d7b,ZZ,45433,Last_ce196ac6,First_6c45fd5b,5056623869,user_f20d2f7551@example.com,Note_2168f0cd,1891,242D8F17-00B0-45DD-9799-F683200CBB17
OWNER_5ece25b798d6,Company_9d6fc041,Last_e09d73bd,First_ed70ea72,5050375952,5050375952,user_715c4f12e0@example.com,Address_f1ab6086,City_a000d1fb,ZZ,66775,Address_fbde539b,City_30bd86a3,ZZ,66775,Last_1546fab4,First_45e1a47c,5053814108,user_87be2b8fe4@example.com,Note_1fb3f030,1385,30DBF07A-3E4D-4144-A8C3-F6A197094527
OWNER_06c95db68489,Company_9d6fc041,Last_ea92d517,First_6be1ebf2,5053401052,5050375952,user_715c4f12e0@example.com,Address_4062304c,City_96704367,ZZ,49244,Address_a226cdca,City_c05d421a,ZZ,72477,Last_c906ba1b,First_09779e53,5053026732,user_715c4f12e0@example.com,Note_2caf5093,604,5913A315-1C1C-418C-A973-F6C1F5D80E18
OWNER_063a306e5822,Company_45aa26b6,Last_8923449d,First_35798c05,5050846682,5050375952,user_8a10f3756d@example.com,Address_473d4b85,City_3a05a3a0,ZZ,33459,Address_a226cdca,City_c05d421a,ZZ,72477,Last_d178528e,First_72cae815,5050375952,user_715c4f12e0@example.com,Note_181441d8,592,72E8E1D4-C60C-45CE-8D67-F72FE213398C
OWNER_7be2e07d1fbf,Company_9d6fc041,Last_391b79c7,First_3929c766,5050375952,5050375952,user_715c4f12e0@example.com,Address_f05df871,City_e708c712,ZZ,72477,Address_a226cdca,City_c05d421a,ZZ,72477,Last_d178528e,First_72cae815,5050375952,user_715c4f12e0@example.com,Note_2168f0cd,952,5C94CFAE-FE04-4462-8AA6-F74C30A0AD62
OWNER_af299059752c,Company_9d6fc041,Last_bfd24cea,First_28f2faf5,5056685753,5050375952,user_715c4f12e0@example.com,Address_c780168c,City_c0fbf85c,ZZ,75073,Address_3057f07f,City_76200585,ZZ,75073,Last_d178528e,First_72cae815,5050375952,user_715c4f12e0@example.com,Note_2168f0cd,1327,C7A208C8-CC6B-46BC-908D-F75BEBB6812C
OWNER_327f1eb24b3f,Company_9d6fc041,Last_d274de0e,First_0047491b,5050375952,5050375952,user_715c4f12e0@example.com,Address_f05df871,City_e708c712,ZZ,72477,Address_a226cdca,City_c05d421a,ZZ,72477,Last_d178528e,First_72cae815,5050375952,user_715c4f12e0@example.com,Note_2168f0cd,375,532E634F-778F-4F85-AB78-F78096DF4EAA
OWNER_613643923e92,Company_9c05d2e4,Last_b0c4d57a,First_8ec5b83b,5052155052,5050375952,user_715c4f12e0@example.com,Address_f05df871,City_e708c712,ZZ,72477,Address_a226cdca,City_c05d421a,ZZ,72477,Last_9c85ea49,First_5844f027,5059278019,user_715c4f12e0@example.com,Note_fcfe23a4,1628,A4A9588B-D8F6-A742-AE70-F79493F3D22D
OWNER_ff15a8b5716b,Company_9d6fc041,Last_0686201b,First_d8d8de3c,5054440475,5050375952,user_715c4f12e0@example.com,Address_4ff8c6e3,City_260d8739,ZZ,68832,Address_a226cdca,City_c05d421a,ZZ,72477,Last_d178528e,First_72cae815,5050375952,user_715c4f12e0@example.com,Note_2168f0cd,1048,86F852AE-7E6B-49B1-BBBF-F79FBD9EA897
OWNER_6301bfe0e2af,Company_9d6fc041,Last_9a421a74,First_6cd16bc6,5058044952,5050375952,user_765b8cfa38@example.com,Address_d89b3d36,City_c8ef49e0,ZZ,99337,Address_dab100b3,City_08800bea,ZZ,72477,Last_d178528e,First_72cae815,5050375952,user_715c4f12e0@example.com,Note_2168f0cd,1976,4FFF2D23-1DC5-4680-86A2-F7B19E72BFFE
OWNER_d951ec6f7d6a,Company_a83c7dc1,Last_7bd3af51,First_2c24c138,5050375952,5050375952,user_715c4f12e0@example.com,Address_f05df871,City_e708c712,ZZ,72477,Address_a226cdca,City_c05d421a,ZZ,72477,Last_d178528e,First_72cae815,5050375952,user_715c4f12e0@example.com,Note_2168f0cd,323,F09A7DE1-D668-4735-8E78-F7B554CF4CFE
OWNER_f340b368fc6f,Company_9d6fc041,Last_99721d82,First_1fa5fa7a,5050375952,5050375952,user_715c4f12e0@example.com,Address_f05df871,City_e708c712,ZZ,72477,Address_a226cdca,City_c05d421a,ZZ,72477,Last_d178528e,First_72cae815,5050375952,user_715c4f12e0@example.com,Note_2168f0cd,1139,7D2237F8-A22D-47B0-9C1C-F7BC33E7B1F3
OWNER_88f5eb9a5b70,Company_9d6fc041,Last_f8dc0f28,First_97959d73,5050375952,5055876461,user_dcbc7c59da@example.com,Address_f05df871,City_e708c712,ZZ,72477,Address_d12bf0a3,City_73b3f231,ZZ,72477,Last_d178528e,First_72cae815,5050375952,user_715c4f12e0@example.com,Note_2168f0cd,1758,4BD7E776-4879-1742-BBBF-F8030A17BDFD
OWNER_a3678dc164c2,Company_9d6fc041,Last_f489d5b9,First_5723c838,5050375952,5056259424,user_b4d0680fe6@example.com,Address_f05df871,City_e708c712,ZZ,72477,Address_a226cdca,City_c05d421a,ZZ,72477,Last_d178528e,First_72cae815,5050375952,user_715c4f12e0@example.com,Note_2168f0cd,1907,9E954705-75B2-4622-8FCD-F81655ED89FD
OWNER_f98b61b7e3d6,Company_9d6fc041,Last_0438958b,First_5b5a357b,5050375952,5053569237,user_715c4f12e0@example.com,Address_f05df871,City_e708c712,ZZ,72477,Address_1fa6b3c6,City_76200585,ZZ,75073,Last_d178528e,First_72cae815,5050375952,user_715c4f12e0@example.com,Note_2168f0cd,1257,995CA905-2439-416E-AFF4-F82A15909DB5
OWNER_75b069bf7b3e,Company_9d6fc041,Last_996db064,First_a30a3a15,5051403032,5050375952,user_715c4f12e0@example.com,Address_f05df871,City_e708c712,ZZ,72477,Address_35ce7a53,City_17db8506,ZZ,72477,Last_d178528e,First_72cae815,5050375952,user_715c4f12e0@example.com,Note_2168f0cd,118,9BFFE716-ED4E-47F2-BF35-F85DB8F2CCAA
OWNER_0cd732acf485,Company_9d6fc041,Last_7cab0b8b,First_ab1c84a6,5058548442,5050375952,user_9f65593f34@example.com,Address_608f1ba6,City_9b94cfc5,ZZ,58363,Address_ace384a6,City_32d30c4f,ZZ,58363,Last_d178528e,First_72cae815,5050375952,user_715c4f12e0@example.com,Note_2168f0cd,1841,FAD76315-0002-4553-932E-F8687E4EBDE5
OWNER_9908a136f8c7,Company_9a689c90,Last_6056f4ee,First_e1357c6a,5056928246,5052986597,user_715c4f12e0@example.com,Address_a0dfcab3,City_a62e8786,ZZ,98066,Address_a226cdca,City_c05d421a,ZZ,72477,Last_d178528e,First_72cae815,5050375952,user_715c4f12e0@example.com,Note_2168f0cd,786,C9283CFF-0B35-4EB7-AB75-F872D9EFCA3F
OWNER_9f2263b262ec,Company_9d6fc041,Last_16991c45,First_e04896de,5052560691,5050375952,user_715c4f12e0@example.com,Address_f05df871,City_e708c712,ZZ,72477,Address_a226cdca,City_c05d421a,ZZ,72477,Last_d178528e,First_72cae815,5050375952,user_715c4f12e0@example.com,Note_2168f0cd,519,64315A00-D194-431A-8AC8-F8922EF152B8
OWNER_3a654d08ea44,Company_9d6fc041,Last_5ee441d1,First_a89ad093,5050375952,5050375952,user_715c4f12e0@example.com,Address_f05df871,City_e708c712,ZZ,72477,Address_a226cdca,City_c05d421a,ZZ,72477,Last_d178528e,First_72cae815,5050375952,user_715c4f12e0@example.com,Note_8671cb4a,693,DB28F5D1-B5B0-4A63-9083-F8950FA6B8D9
OWNER_d5ff34bc08e9,Company_9d6fc041,Last_29bd8c1f,First_76bce44d,5050375952,5050217412,user_622b331547@example.com,Address_f05df871,City_e708c712,ZZ,72477,Address_a226cdca,City_c05d421a,ZZ,72477,Last_d178528e,First_72cae815,5050375952,user_715c4f12e0@example.com,Note_2168f0cd,1556,1D9FFD02-DB2C-EC40-94BC-F8A4893D3D0C
OWNER_1124f0a4e051,Company_846eb4c2,Last_c9a8c110,First_35798c05,5050375952,5054575491,user_9003e62aa3@example.com,Address_1b365272,City_d1da5b12,ZZ,76447,Address_a226cdca,City_c05d421a,ZZ,72477,Last_7e27e365,First_054bf7a2,5059458757,user_a2edd3f4b8@example.com,Note_037132a7,1489,98379AE0-F029-E646-AEFA-F8B133A408A3
OWNER_0ad9efefa266,Company_9d6fc041,Last_159c65f7,First_1700c19b,5057524126,5052972343,user_caa2d08212@example.com,Address_b37cbc11,City_9870ba28,ZZ,26022,Address_a226cdca,City_c05d421a,ZZ,72477,Last_d178528e,First_72cae815,5050375952,user_715c4f12e0@example.com,Note_45a8242c,221,94378C49-2FF1-4258-960D-F8D91B35F365
OWNER_319acaa78fd0,Company_9d6fc041,Last_31317d69,First_69d72d44,5053070902,5050375952,user_715c4f12e0@example.com,Address_f05df871,City_e708c712,ZZ,72477,Address_a226cdca,City_c05d421a,ZZ,72477,Last_d178528e,First_72cae815,5050375952,user_715c4f12e0@example.com,Note_2168f0cd,63,8436613B-B7B3-47A5-ADFA-F90633383F19
OWNER_720eab7c0fe0,Company_1d215c9e,Last_7bd3af51,First_2c24c138,5050375952,5050375952,user_715c4f12e0@example.com,Address_f05df871,City_e708c712,ZZ,72477,Address_a226cdca,City_c05d421a,ZZ,72477,Last_d178528e,First_72cae815,5050375952,user_715c4f12e0@example.com,Note_bbfd1be3,182,AF424D90-9067-4976-9CC6-F908695CEEC0
OWNER_4d467bfd53da,Company_d9494172,Last_30dbe8a7,First_a82d6021,5055421777,5050375952,user_715c4f12e0@example.com,Address_f05df871,City_e708c712,ZZ,72477,Address_a226cdca,City_c05d421a,ZZ,72477,Last_d178528e,First_72cae815,5050375952,user_715c4f12e0@example.com,Note_ca797abc,704,C5208D06-4D7E-4A3E-95B1-F9295B5F4DAD
OWNER_49f98b0e6010,Company_9d6fc041,Last_cb17d456,First_cd113d34,5052168189,5050375952,user_ff7be8b90e@example.com,Address_2a2b06ca,City_c0fbf85c,ZZ,75073,Address_4d63dc4b,City_76200585,ZZ,75073,Last_d178528e,First_72cae815,5050375952,user_715c4f12e0@example.com,Note_2168f0cd,1182,4433B5D1-930D-459E-98AA-F93352762E29
OWNER_19056760bc23,Company_be863830,Last_7bd3af51,First_2c24c138,5050375952,5050375952,user_715c4f12e0@example.com,Address_f05df871,City_e708c712,ZZ,72477,Address_a226cdca,City_c05d421a,ZZ,72477,Last_d178528e,First_72cae815,5050375952,user_715c4f12e0@example.com,Note_2168f0cd,1100,E669F562-64BB-4A73-B83F-F937F3819EDF
OWNER_04511f09a0c5,Company_3468d809,Last_0bb2b871,First_711a2a82,5056934445,5050375952,user_715c4f12e0@example.com,Address_25024ca0,City_e6b38396,ZZ,88406,Address_f5cf238a,City_1c973d51,ZZ,88406,Last_d178528e,First_72cae815,5050375952,user_715c4f12e0@example.com,Note_2168f0cd,1154,7D5051FB-8F99-4F77-87B0-F947327CD8D1
OWNER_1bf2c70c8916,Company_9d6fc041,Last_7d9c49a4,First_2479f8e1,5050375952,5055416400,user_502270a9ff@example.com,Address_56df4cd5,City_c3e07d03,ZZ,11928,Address_09d366c6,City_03ac272d,ZZ,11928,Last_d178528e,First_72cae815,5050375952,user_715c4f12e0@example.com,Note_2168f0cd,1857,64A00EBD-D133-43F5-B0BE-F94E92B4FB1F
OWNER_be9990a868c7,Company_9d6fc041,Last_59451cd0,First_2ca5d498,5053490021,5050375952,user_a56e1978ad@example.com,Address_f05df871,City_e708c712,ZZ,72477,Address_33857b1a,City_13d8efdc,ZZ,07893,Last_d178528e,First_72cae815,5050375952,user_715c4f12e0@example.com,Note_2168f0cd,1708,3F3F7D65-4595-0D48-9F23-F97051241E7E
OWNER_402dccca4109,Company_9d6fc041,Last_f04843d0,First_2c24c138,5050375952,5050375952,user_715c4f12e0@example.com,Address_f05df871,City_e708c712,ZZ,72477,Address_a226cdca,City_c05d421a,ZZ,72477,Last_d178528e,First_72cae815,5050375952,user_715c4f12e0@example.com,Note_2168f0cd,971,9161AECD-769A-46AF-98D2-F9BD98D37526
OWNER_5ec9256149c5,Company_9d6fc041,Last_5aad6ccf,First_09492bcc,5054685093,5050375952,user_715c4f12e0@example.com,Address_f05df871,City_e708c712,ZZ,72477,Address_a226cdca,City_c05d421a,ZZ,72477,Last_d178528e,First_72cae815,5050375952,user_715c4f12e0@example.com,Note_2168f0cd,540,DE6751F3-BD4C-4F1E-BB8A-F9C45B58C4D6
OWNER_ec98bc61c586,Company_e145ea15,Last_c0f06c8b,First_cb901865,5054458641,5058123633,user_715c4f12e0@example.com,Address_f01209cb,City_f5df6b25,ZZ,77145,Address_32695a44,City_76200585,ZZ,75073,Last_d178528e,First_72cae815,5050375952,user_715c4f12e0@example.com,Note_4d1a1aae,1410,EC1A119F-6916-4090-8241-F9CDC8123BD1
OWNER_d5cc5040c586,Company_9d6fc041,Last_409aafbf,First_6cd16bc6,5050375952,5056146772,user_74802c4933@example.com,Address_f05df871,City_e708c712,ZZ,72477,Address_32e2f186,City_4e9d70b8,ZZ,36173,Last_d178528e,First_72cae815,5050375952,user_715c4f12e0@example.com,Note_2168f0cd,1962,C7D456DA-BF29-4653-85BD-F9D629BAF302
OWNER_e00fd86e57fb,Company_9d6fc041,Last_59896bcf,First_5db88ec4,5056209041,5050375952,user_21b51270c6@example.com,Address_c8712000,City_a62e8786,ZZ,98066,Address_a226cdca,City_c05d421a,ZZ,72477,Last_d178528e,First_72cae815,5050375952,user_715c4f12e0@example.com,Note_2168f0cd,843,127C13CA-CB52-4A22-93AE-FA061A2927F8
OWNER_1dd25f9bc9a5,Company_9d6fc041,Last_5a00471a,First_32f0fee1,5053752618,5050375952,user_715c4f12e0@example.com,Address_bc1c0ce9,City_9bb0076f,ZZ,94763,Address_a226cdca,City_c05d421a,ZZ,72477,Last_d178528e,First_72cae815,5050375952,user_715c4f12e0@example.com,Note_88699ce9,1036,B81FD68B-3868-4E67-B32E-FA38B3AA5776
OWNER_3103841dbc56,Company_9d6fc041,Last_e0684e26,First_b4337b59,5050375952,5056685209,user_715c4f12e0@example.com,Address_f05df871,City_e708c712,ZZ,72477,Address_8e825475,City_9fb03833,ZZ,27797,Last_d178528e,First_72cae815,5050375952,user_715c4f12e0@example.com,Note_2168f0cd,1959,A7DD5777-7101-4490-A989-FAB43CCB53CA
OWNER_6605237ea212,Company_9d6fc041,Last_255f6808,First_c48dadcf,5058072977,5050375952,user_26d273e39a@example.com,Address_8c1e9937,City_37084ed9,ZZ,60339,Address_fd16c49a,City_528281b9,ZZ,60339,Last_d178528e,First_72cae815,5050375952,user_715c4f12e0@example.com,Note_2168f0cd,1220,C76D2140-FD6E-4EDC-B7C3-FAB68F6EE7C8
OWNER_b2b989eb3f5a,Company_9d6fc041,Last_2276056f,First_25d9062c,5058831492,5050605494,user_7d2028ed1b@example.com,Address_f05df871,City_e708c712,ZZ,72477,Address_a226cdca,City_c05d421a,ZZ,72477,Last_d178528e,First_72cae815,5050375952,user_715c4f12e0@example.com,Note_2168f0cd,545,57CCBCE9-DBA1-4C38-9B53-FADC10E3FE73
OWNER_bf769b0b9087,Company_85306c33,Last_7a817f8c,First_cd96949e,5056005584,5050375952,user_60d2d0599a@example.com,Address_7eb0e4c5,City_5f63e615,ZZ,70370,Address_a226cdca,City_c05d421a,ZZ,72477,Last_d178528e,First_72cae815,5050375952,user_715c4f12e0@example.com,Note_2168f0cd,1716,AB516B80-C612-7B4C-B984-FB36C3653D57
OWNER_dbdaa71f07aa,Company_9d6fc041,Last_4eb15718,First_cd96949e,5050375952,5055037544,user_50728e565e@example.com,Address_1c5ac14f,City_7a7ba416,ZZ,24996,Address_db5bd22f,City_0886c2f4,ZZ,24996,Last_d178528e,First_72cae815,5050375952,user_715c4f12e0@example.com,Note_2168f0cd,1722,1AF4E405-F4FA-8941-B856-FB4501BCE87B
OWNER_3fb67acf0f14,Company_9d6fc041,Last_cd72385a,First_5e884533,5059564971,5050375952,user_715c4f12e0@example.com,Address_f05df871,City_e708c712,ZZ,72477,Address_a226cdca,City_c05d421a,ZZ,72477,Last_d178528e,First_72cae815,5050375952,user_715c4f12e0@example.com,Note_2168f0cd,1774,9EC081D5-253F-0B45-A2B3-FB470B007C5E
OWNER_b6f6e06f6837,Company_9d6fc041,Last_07c9e7f0,First_ffa7aab1,5050375952,5059273580,user_d7843db47e@example.com,Address_73998346,City_c0fbf85c,ZZ,75073,Address_ad23dbad,City_76200585,ZZ,75073,Last_d178528e,First_72cae815,5050375952,user_715c4f12e0@example.com,Note_2168f0cd,1189,F5C88F99-25F9-498C-BE63-FCC44C3ABB34
OWNER_4227bba7d19b,Company_9d6fc041,Last_7bd3af51,First_2c24c138,5050375952,5050375952,user_715c4f12e0@example.com,Address_f05df871,City_e708c712,ZZ,72477,Address_a226cdca,City_c05d421a,ZZ,72477,Last_d178528e,First_72cae815,5050375952,user_715c4f12e0@example.com,Note_f77bca2d,777,1151CD85-6F5B-41FA-9C46-FCDD6DEC8F83
OWNER_f5fdfbe5e560,Company_9d6fc041,Last_e4a5b43b,First_490ae46a,5050375952,5050375952,user_715c4f12e0@example.com,Address_f05df871,City_e708c712,ZZ,72477,Address_a226cdca,City_c05d421a,ZZ,72477,Last_d178528e,First_72cae815,5050375952,user_715c4f12e0@example.com,Note_8671cb4a,822,95DE6C3D-59DB-4422-99B6-FCE696E87C49
OWNER_1592b1161a40,Company_9d6fc041,Last_46925636,First_6cd16bc6,5050375952,5050375952,user_715c4f12e0@example.com,Address_f05df871,City_e708c712,ZZ,72477,Address_a226cdca,City_c05d421a,ZZ,72477,Last_d178528e,First_72cae815,5050375952,user_715c4f12e0@example.com,Note_8671cb4a,483,D4157597-060C-4302-A042-FD08129CA073
OWNER_074d1ed216aa,Company_9d6fc041,Last_6574393e,First_b538ccf2,5050375952,5050375952,user_715c4f12e0@example.com,Address_f05df871,City_e708c712,ZZ,72477,Address_a226cdca,City_c05d421a,ZZ,72477,Last_d178528e,First_72cae815,5050375952,user_715c4f12e0@example.com,Note_8671cb4a,212,B5F99DFA-ECBF-479D-B3F7-FD2D0D40F6DF
OWNER_f6a9955bc92c,Company_4cb17e1a,Last_a34f10fc,First_bf2ec069,5050375952,5052209883,user_0805666808@example.com,Address_91dea827,City_f194ca26,ZZ,67893,Address_a226cdca,City_c05d421a,ZZ,72477,Last_d178528e,First_72cae815,5050375952,user_715c4f12e0@example.com,Note_bea6f795,1593,80F49038-3DE5-4040-9EFC-FDABC0AD6756
OWNER_7545ebabc7d4,Company_80e5ae75,Last_1d134b98,First_ed5e94ce,5050375952,5050375952,user_715c4f12e0@example.com,Address_f05df871,City_e708c712,ZZ,72477,Address_a226cdca,City_c05d421a,ZZ,72477,Last_d178528e,First_72cae815,5050375952,user_715c4f12e0@example.com,Note_2168f0cd,340,C7887099-D7F1-4ABD-9437-FDCB438A984F
OWNER_ef8d054f7d2d,Company_9d6fc041,Last_dea24287,First_c59103a9,5059923180,5050375952,user_e4433a0c6f@example.com,Address_fd274543,City_73ebcd64,ZZ,73247,Address_a226cdca,City_c05d421a,ZZ,72477,Last_dedbb75a,First_09d005f6,5050613878,user_a363c5cd75@example.com,Note_2168f0cd,1790,1ABD011C-CE7E-4E9F-B151-FE11556E13B7
OWNER_6b86d2417f3c,Company_9d6fc041,Last_e500b777,First_16033ce8,5050375952,5051280630,user_715c4f12e0@example.com,Address_f05df871,City_e708c712,ZZ,72477,Address_65daa87e,City_253be803,ZZ,99337,Last_d178528e,First_72cae815,5050375952,user_715c4f12e0@example.com,Note_2168f0cd,1925,7CEF5D3F-8DC3-4D64-BEE1-FE3CCC474299
OWNER_6ed76e9d6c72,Company_9d6fc041,Last_74adc4db,First_c3a1d352,5055605282,5050375952,user_7ec79e0794@example.com,Address_0c1c5a40,City_2402b24b,ZZ,48412,Address_e2d31173,City_f8f31c5f,ZZ,72477,Last_d178528e,First_72cae815,5050375952,user_715c4f12e0@example.com,Note_2168f0cd,835,D8A95566-8473-45D0-BE93-FE3E805A8C95
OWNER_92c844b39daf,Company_9d6fc041,Last_7ceb4099,First_2c24c138,5050375952,5050375952,user_715c4f12e0@example.com,Address_f05df871,City_e708c712,ZZ,72477,Address_a226cdca,City_c05d421a,ZZ,72477,Last_d178528e,First_72cae815,5050375952,user_715c4f12e0@example.com,Note_2168f0cd,864,BE5C7EE9-1FFD-4D94-91CC-FE552CC12DA9
OWNER_72521e1acc0b,Company_9d6fc041,Last_270c8b64,First_667f00bd,5054065970,5050375952,user_715c4f12e0@example.com,Address_f05df871,City_e708c712,ZZ,72477,Address_55d4fc25,City_c057d8df,ZZ,68368,Last_d178528e,First_72cae815,5050375952,user_715c4f12e0@example.com,Note_2168f0cd,1507,9767AAC5-BBCE-1745-9F3B-FE7D30EE56DC
OWNER_eebe651618bf,Company_9d6fc041,Last_3a14a913,First_d78ec84e,5052713069,5050564128,user_715c4f12e0@example.com,Address_29ad136e,City_c0fbf85c,ZZ,72477,Address_b33e4b43,City_76200585,ZZ,72477,Last_0870a087,First_c0266a1b,5053447352,user_715c4f12e0@example.com,Note_5461cf30,1407,3D33BA48-D575-4C44-AD74-FEF03577BD23
OWNER_ea7b2b192a6b,Company_9d6fc041,Last_71ec5bfe,First_69aa8fb0,5050375952,5050375952,user_715c4f12e0@example.com,Address_f05df871,City_e708c712,ZZ,72477,Address_a226cdca,City_c05d421a,ZZ,72477,Last_d178528e,First_72cae815,5050375952,user_715c4f12e0@example.com,Note_9dd5fc9e,858,E56E4A7C-3BB5-4A03-B58F-FEFC2AA71037
OWNER_1264fcf34a0b,Company_0a602010,Last_352f6cfd,First_c8d92e30,5050375952,5050375952,user_715c4f12e0@example.com,Address_f05df871,City_e708c712,ZZ,72477,Address_a226cdca,City_c05d421a,ZZ,72477,Last_d178528e,First_72cae815,5050375952,user_715c4f12e0@example.com,Note_2168f0cd,338,B9555F07-D16C-46DD-962B-FF20415BFB0C
OWNER_09c540f96e38,Company_9d6fc041,Last_5b89861b,First_ed5e94ce,5057612252,5050375952,user_715c4f12e0@example.com,Address_ab4fd2ea,City_f56f2a96,ZZ,81905,Address_a226cdca,City_c05d421a,ZZ,72477,Last_d178528e,First_72cae815,5050375952,user_715c4f12e0@example.com,Note_2168f0cd,217,39A5E253-CABD-456E-BF42-FF38EF1B7C8C
OWNER_b65c9fd25b1d,Company_bb461c12,Last_7bd3af51,First_f0d296c3,5052019351,5050375952,user_715c4f12e0@example.com,Address_f05df871,City_e708c712,ZZ,72477,Address_a226cdca,City_c05d421a,ZZ,72477,Last_d178528e,First_72cae815,5050375952,user_715c4f12e0@example.com,Note_2168f0cd,423,F29869B2-36FB-47AA-8CAE-FF48018A30F7
OWNER_feb2ee3263d7,Company_9d6fc041,Last_d3e9124a,First_972d620f,5055515938,5053814406,user_5409e6fe7c@example.com,Address_ca79fc09,City_e66b9613,ZZ,11976,Address_e6df757a,City_88fbff6d,ZZ,72477,Last_d178528e,First_72cae815,5050375952,user_715c4f12e0@example.com,Note_5c709fcd,1622,BDAC5231-A6D6-C443-9C43-FFA7ADA9AB4C
OWNER_b107444e414e,Company_9d6fc041,Last_22183dcc,First_2c24c138,5050375952,5050375952,user_715c4f12e0@example.com,Address_f05df871,City_e708c712,ZZ,72477,Address_a226cdca,City_c05d421a,ZZ,72477,Last_d178528e,First_72cae815,5050375952,user_715c4f12e0@example.com,Note_2168f0cd,310,B5DF7A54-0B52-4C02-9C00-FFC21C2D7029
OWNER_53dd52e2cbf5,Company_621bbd83,Last_76f46276,First_35798c05,5050113365,5050375952,user_715c4f12e0@example.com,Address_f05df871,City_e708c712,ZZ,72477,Address_a226cdca,City_c05d421a,ZZ,72477,Last_d178528e,First_72cae815,5050375952,user_715c4f12e0@example.com,Note_649ee925,1097,D3BAC1D2-9950-44CA-9BF2-FFD51AD8AE45
OWNER_7c2a4567f305,Company_ffe48c9e,Last_7bd3af51,First_2c24c138,5050375952,5050375952,user_715c4f12e0@example.com,Address_f05df871,City_e708c712,ZZ,72477,Address_a226cdca,City_c05d421a,ZZ,72477,Last_d178528e,First_72cae815,5050375952,user_715c4f12e0@example.com,Note_2168f0cd,974,F3967D5C-D3BB-4404-9448-FFFBE2750214
OWNER_7abc359061b7,Company_9d6fc041,Last_0b2c746b,First_db18f187,5058964199,5050375952,user_715c4f12e0@example.com,Address_0d7d9c2d,City_67d5d79c,ZZ,72477,Address_a226cdca,City_c05d421a,ZZ,72477,Last_d178528e,First_72cae815,5050375952,user_715c4f12e0@example.com,Note_c26609b0,769,489BABE7-81DC-41C3-A492-FFFF494E3B32
