LocationId,OwnerKey,OBJECTID,GlobalID
1021F72E-ECAF-4794-93AF-ECE16AEC338B,OWNER_b468f1200e6b,2692,495B8F7F-4A42-4E9F-BCBB-0038E7EA2302
3EEADA9D-DA90-4FDF-B1D0-C3C787E1F75A,OWNER_e871ba9f607c,3024,E87CFF78-5750-4950-B1B9-0051B9220179
92036D78-94F8-4C98-90C7-9A65BC5E9B19,OWNER_e41a716a7ee1,2205,0B5BEB86-BCC5-46A2-AFEE-005C6BFB0A71
96ECE7DB-CA3C-4C21-B94E-D1F8DB2F21A7,OWNER_fefc1378ca98,1934,5328A3CA-7542-4029-B5D1-006EBCA65930
C919E23C-14C6-40D7-888E-9B28FD99949A,OWNER_bb7f0fe27498,3567,D9BA9CFF-7E51-43D1-9CD7-00792C004557
55FF7D47-C1DD-4D71-9AF9-05C3B37C4562,OWNER_b9a60c4ace2e,2310,876FE052-05EC-4E77-B9D4-0083183A564D
5B0F3FE5-159D-4D5F-9146-DBCA7E88ADD3,OWNER_7056463306c6,695,98E7C990-A891-4520-B53F-008C8917281F
48711CE2-57F5-4F3F-8F6F-140D2061CE67,OWNER_1d16e10d5576,1834,AF5879C8-FDDF-48D0-99BB-009DFEB38781
A14EB31C-40E9-4048-B9A9-393583373394,OWNER_20c59dac6bec,646,49C4B275-A6C6-44C3-BB09-00A7A0E401F9
59D7EE76-5E83-463D-8682-C4EDBF4CF6BF,OWNER_4a9b4263c3c4,3940,3180014B-B09C-4178-AB1E-00BAB61AB85F
E9EE6D31-E178-4ABB-BBE2-77ED91AB9638,OWNER_3b33aa8dbd63,1455,07315EAA-55B3-4D9A-B683-00D890DE64FB
35CFDD19-9E07-4F65-8795-3F2C5D568C7A,OWNER_9bf871ea5d1c,1722,93A1F57C-1E61-4D7A-BBA9-00E4F2FDAEDA
E563A3CE-1157-4AD5-92E2-1408B99F4381,OWNER_5f57a04af556,339,5290021A-E794-4159-8F35-00F2F5F1D42A
88C9FF8F-929F-40A2-8D2F-ABC4364084D1,OWNER_38cf3f20073c,121,E39FE041-CDB7-4388-891D-00F339D3E99E
0259AEAC-9B22-4BBE-AD8B-CC71D8F2D7E6,OWNER_1e10e2ed32d5,1337,F9E8BF13-4AC7-4180-9D53-00FF3615EF78
48184FEE-F251-444D-9124-DE46DA60C1BB,OWNER_3d967cba55cd,1870,B8BC681E-5F14-41E8-8DBE-010B5EE6DD43
244490E5-1F37-4050-8AB4-7A5E5A58DD31,OWNER_b9707f228de5,3560,9336E8BF-720B-4AB3-954B-010DCC10DBE5
254D533D-214F-46CB-8D73-A6C63A1E6AA6,OWNER_5b5fb5a46bfe,2610,9294558C-F621-4293-9FAC-012B54B1148D
2284DCC9-DC13-4F46-9699-7CAA0BDEDBBA,OWNER_5ece25b798d6,2370,9785BDCE-0171-4839-B434-012FDCF996C4
B3CBDB76-132F-4BE3-8137-99C9E563F501,OWNER_cd4527aae282,3607,AD454048-6AAB-4E6B-9419-0144FB5BD2DB
BBAABA15-35C3-0E4A-85CA-DD3D80033634,OWNER_48c23fea151e,2965,EFB1E714-3812-4B0F-8C4D-016D27A90958
259FA72B-1D16-4BF9-8247-5C58155BC0DB,OWNER_0f07350b1381,2095,D763C98C-74FB-4026-950F-017BC5880C78
31B26F94-75DE-43BE-A252-A0C24B55C44D,OWNER_93bb219949a1,707,2EF271B9-2CF3-48FD-8908-017E6CD416CE
B2E2AB85-CA02-4076-AD01-91041DA3E152,OWNER_3db865de8b79,2512,3B8A2FA9-B026-4042-97C5-019DD2B4B3A0
22542837-50D4-4612-939A-1724329D8F3E,OWNER_56e9961f5f11,1740,E8A2EB88-A0A1-45BB-B70B-01CC1B4F3804
1BEB3045-8FB6-43E4-8747-426D8A0E90F0,OWNER_42dd47f829ee,1533,2390BA6C-3CEE-4C49-B921-01D00BD0803B
EFA3BF50-948D-4169-B76B-EE65444F8EF7,OWNER_10e86d25cc69,721,0AF230D3-1C4D-4F36-B4F7-01D294535FCE
9EAA4A0C-3186-48D3-8739-1A84D0F2DC38,OWNER_de7c42f9c849,1027,49009D21-8A95-4A4A-8DA6-01D4C4D17E5E
D339E936-7AB6-47B9-B932-E072DCB7018F,OWNER_1e10e2ed32d5,1400,93E55ECE-457A-42AB-A59A-01DCF8244541
41554F6F-E5BB-4395-BDDE-23DA13DBD19A,OWNER_b2b9464e83e5,667,93F9DC6B-DB97-4E3C-81E7-01E158F6984A
7B83A6BB-B5B1-412C-A7D4-2FB5E9519D39,OWNER_871a70f0b3ad,475,2E07DD62-630E-4396-B3F3-01FCABBB0BB7
BA98C3A2-64CD-471A-B825-AAC9133718F0,OWNER_78fd5a5da6c5,2470,059E419B-5DF6-4AED-AEEE-021A83006D0D
E53CAB73-AC97-483F-80BF-F14393BDCC91,OWNER_71f79cafbeab,1187,F8453594-410E-4AAC-97FB-0225C70C326F
704D74C5-17FC-4BE0-907E-B466D09BDFE3,OWNER_84ce52781961,1626,4EA2E916-8BEF-4DDA-B6C4-02278E8411AE
D79B0A99-DDD3-4A6C-94E8-EC75271A9BE8,OWNER_f7dfe174eb8b,458,398F4CA1-54D7-4CA8-85D0-022819A9D356
746011EE-6C04-4CF1-9ECB-6D10626997F5,OWNER_b25287d27fc9,2714,3943113A-204A-4B68-9AE3-022A4CC2CBF3
92701056-94BB-48DD-9641-7B1906B9483F,OWNER_655ab6c97488,2338,D86BC13E-B9FE-464A-9C71-022D0FBFF9F7
944DE984-5414-4CCA-8C21-8113C86F3132,OWNER_8b0052f20ffb,3153,FAD31230-7506-48B2-9CB8-02816ACB7B6A
CA024702-29CB-4A38-9479-A6DFE659227C,OWNER_6124fc181dad,101,7E17DE6E-5829-4332-9775-028CDEF9DE71
67587BA2-AEA2-7F4C-B118-56354F1C8846,OWNER_3cc602579357,2902,4E492CEF-F9FB-4F45-983D-029D25CD0E54
2378631D-F48A-4FA7-8C74-67DF58B3D220,OWNER_579f3ad1accc,2618,91B7E0D6-C4E9-411D-9D45-02A109E57172
47A75884-A928-40E9-A16C-C1AE37271FE3,OWNER_8fac7b6bea39,2030,7DAA07F1-C83B-4B09-96BC-02B407E28F5C
5A2DC762-83DE-43C4-B7D6-914D0E0C012F,OWNER_a1a8809dd861,1985,44A259A7-328F-4473-9E78-02C601DEE3DD
FAB3B60A-D13F-40A0-B239-F3BB06EF87F5,OWNER_fa1ca5254eb5,1413,11883A47-8985-42B6-B35B-02D38006A320
B7A376BF-CAF2-4A31-9C55-185C05229F12,OWNER_e222fca7ec31,2216,E7647883-ECA5-43DB-BC3A-02E6B4558641
1EB1DECC-E069-4221-88C2-DF5A1B36ED87,OWNER_363ea162c9fc,734,51EE82BB-A08B-4E16-8E27-02EDBCC1E8A8
86D66F6F-F619-4F68-A976-AED7180E5880,OWNER_9fdc2dad0eca,1425,4BA218BF-A653-43B5-B53C-02F8575BCDBE
A469E047-4986-4DC1-BE27-F832C00AC8DA,OWNER_e222fca7ec31,2237,D1C16A96-A5CC-46B6-9753-0301A6CAB609
03717348-7A8F-4799-BE3A-06DC66D1D776,OWNER_38cf3f20073c,115,94BD0F66-A506-4B4F-B0DE-031644BB3BDF
DE51DDBA-E4C3-4594-BF1C-80D95F7C3A47,OWNER_d1610d2fd3e5,3552,BFEC2114-F830-43AA-AFE9-031823918599
7A276FED-F77D-43DC-AFC8-7DD676C0E91B,OWNER_8b274d8b5d4e,1421,B5B67CE9-636B-439C-8E2D-03378AD9597A
F0288E6B-98D3-48B6-BF7A-80F04D8FA2EA,OWNER_e41a716a7ee1,2199,4F694EAB-9D3F-468C-A82D-034CBDF0D407
213D8D56-AE55-4D15-B99A-356A20E795A0,OWNER_25d1186cd5b2,11,52E8A2D6-EB42-4F90-8555-03619C1A62A0
C08A86C9-FC34-4401-AC82-DD302E6C60D7,OWNER_2e93e430dcad,2701,FBFAB5E8-CBA9-4267-A0A7-037714F96AF7
E05096E3-803D-4C6A-BA07-29F32404F27C,OWNER_e28ce1c8acf9,2587,1B629FC6-4E4F-4494-93B9-03800CDDC16F
8AB857F3-72F1-4898-9FD1-2DF9EFA26042,OWNER_ab3fe52d9303,1627,A254F2FF-4ED1-40E2-8AC9-03C3868117F9
CA290846-BB17-4B30-A556-971E3CE5FB49,OWNER_8207b8e0b05d,2591,BA6566F9-ACC1-4981-AAFC-03C9E91CC9B3
D77AEF5C-F12F-4802-ACBA-882DECA9CC5E,OWNER_b6f6e06f6837,600,B54076B6-0F89-44AB-944A-03CB66201FAD
9C4A348F-DB13-4A4B-B351-2291245A5AEA,OWNER_6d8c545afffa,1246,5198959E-8DBB-4AD6-A7DE-03CCFBF435B3
194AE723-F1A9-4982-ACB7-82909579BA18,OWNER_8b9cd9a567de,2107,283A18DA-E339-4825-BEB6-03D5F13EAA32
6AB36FFB-6683-FE43-BF31-8AC7D6C0CB18,OWNER_bb31bb9a8a5f,3543,7CBF5F2D-D4BB-45F2-A4A0-03E5DCB4FB29
5F1332F4-9B72-493B-A89C-620D890084A0,OWNER_c14cb81034e2,207,63BC0FE1-94B2-4DA5-AD2F-03F0F2B745F1
0193E394-C629-4AC1-99C9-757DC87B8223,OWNER_713ca145e52c,164,0B13583A-71AF-449F-A53F-040ACD48118F
4858B44E-B074-374E-AFB2-23E059BF7795,OWNER_3a1303c92b80,3019,A0C4399D-A727-4DF2-93EE-04124B057EDC
5986D8CE-64FA-4D33-80BA-88DA27B06BAF,OWNER_469da077b7ee,1709,9BA1D354-65C9-4EE3-886F-0416158BF769
785DA668-5B4A-40EB-BFB0-9E7169777130,OWNER_61ac19f032d4,1212,BB3CB5C8-233B-46CA-9C63-04211BD7E5FF
A0A83307-74A4-4181-8330-D9E148C8AAF5,OWNER_18b7632e00ae,2169,8ABA1E99-4032-47F7-B6D0-0431C20E2AE6
8169D23E-C3A9-4DA1-8B8A-95B1820BCB6D,OWNER_28462ecd9b76,1010,43325BF2-74D5-4399-8DC2-043A1D4220E9
A9FB41C0-FCD9-4876-8C7B-3500E40B7647,OWNER_c6b7b3fe0cfa,2522,B4E2BE06-5A21-42B7-9370-044365468623
2909DE92-955D-4F17-B639-3DFD4EE63F22,OWNER_8b3565a0ffd5,2120,0A56720F-2637-44B0-9B94-0463E347F5B5
21AD3AD7-C7B2-4B6D-9AC9-2A53D92B0F9A,OWNER_2c3fd5e8c1a2,799,A9BBBE29-ED7B-4F04-ADCC-04CE402D06D9
2049FCA7-9099-4132-846B-64436EB78AEF,OWNER_346e614f4d68,301,FF23A47A-F4DA-472A-B181-04E1E015174C
C932328F-88E5-4BEB-A1CC-ACAC83D47959,OWNER_091bf5919cd0,543,AFD3519F-49EC-43BB-A714-04FBB9F48A71
2A7CBC9F-86C7-4CA3-AFC8-D81E158F0A4B,OWNER_bc3f86d11e87,1896,BE058C5B-4461-4F73-8887-04FE4418D0A3
A9E5FAA6-D3BC-4F14-AED2-68CEFE0AE3AD,OWNER_b7eb955a3220,2092,CE253189-AE81-4F5E-8628-05143B40B242
D53AFE3A-9543-4BC1-944B-341C24A340E8,OWNER_8bd7737c17c3,3915,E9D66C22-C549-44CA-8A12-0561A6941574
B6398C07-76DA-4ECC-BD60-138A7A09E692,OWNER_cc574a39fc99,1486,D4D277F7-B7BA-4020-944D-057B9C914D6A
B2F6837D-9834-478B-B7E6-1069D61277CC,OWNER_0e331b4faa77,85,D14F72D6-1D9A-443A-B64D-0599AD05B562
87673FDC-01BC-41C0-9743-4F102FAD14F3,OWNER_7a55bada9bfd,3009,FF88487E-059E-4716-BC7C-05A0DA82C29C
91076EBB-7ED5-4647-BF39-340DC552ACA5,OWNER_6031d843e1d1,2410,FE76C07A-FE6B-4D5A-9404-05BB08572354
EAA35B80-1821-421B-906D-4CAECBD14214,OWNER_b0f54e107f51,795,51A432C5-C357-4F7D-A378-0600CE04577C
B94762C8-8217-4FE9-9D01-1E8574E6A2DE,OWNER_783ca0a3ab1c,803,9E100232-2607-4355-B26A-0609D7591B38
AE46C196-BADB-401C-82FD-3907DB41021E,OWNER_ab9f86e892a2,847,1AAA10A2-A294-4222-9497-06285EE1ABEF
548DA491-021A-1247-A030-C7E7CD519D94,OWNER_c5ba687e3edb,2934,85ECC057-3B07-4C7E-8C05-063D58A683A2
B5D1405E-5307-7841-BDB9-F9D9E293E468,OWNER_f7ef24d43243,2844,54852277-08C1-46A6-8020-065725A8F193
D8959959-6EFB-4B00-831E-668BA8A6786E,OWNER_42c2f80b6a73,586,5E7E8606-9ACD-4A1F-B571-065A20D655F6
05A3E8B8-ED37-C648-A78F-C522F1310C4F,OWNER_1791f7a1ead9,2739,FC4CF3F2-277C-4D2D-9760-066774923095
2CA40B21-3022-4279-B44C-D1B4FD232905,OWNER_3103841dbc56,3085,3330F67E-F81A-46F4-8E3A-0676B6DF16FF
57DF8DCA-AD62-4645-8159-7198BCDB285D,OWNER_e754823373ac,638,C49C5D36-4F4D-496C-AE45-068CC6F14E78
8F00AB50-3FEB-454C-996B-DCCB83E096CF,OWNER_84a376071798,485,F387D7E6-CF06-4043-810A-06A2EC27D7E2
4E8CDF14-F67A-4E48-808D-9404337A2CBD,OWNER_469da077b7ee,1632,A26B3CDC-DCFD-430C-A325-06AB49BB1E3B
3E06A0E5-3404-48C0-BEDE-0DF93075DA61,OWNER_1613f38be81b,3554,46CABD18-C780-4030-85D2-06C92F26FB01
73AC43C7-0835-443C-AA75-1E4B01AA9B6B,OWNER_73c2dc34cd88,148,6DDEB8C9-DFC2-4121-9135-06D1DE9E52F5
418C293D-0CBD-4D10-BA89-490E6D1E2D91,OWNER_78565fad4c73,3460,4E121013-8F16-4FE3-9153-06DCD3FB2FBC
17E348A5-41E4-45BF-AACD-0B0A94A108F0,OWNER_04b58ae43c99,3945,F7C8C5D2-B10F-479B-B258-06F6F3A92026
87351C80-73C7-C74E-AF2C-CD961239D05B,OWNER_f6a9955bc92c,2826,7EEF8291-74B5-47F3-B5FF-06F9E4773D4C
EA81E31F-E90C-4ED0-8359-26ECF3C21E41,OWNER_c63de27b6f3d,233,31250365-9920-4290-AE39-070353D8057F
64AAD93B-6BDA-7F4D-BB9E-D3FCC6E28DCE,OWNER_1020fe5a97a8,2776,5219F800-79BB-4DCD-B83D-0716E5F98A3E
E07D927E-5A78-47A7-9DF2-CEFB3A540DE7,OWNER_469da077b7ee,1688,05DCC0C9-7468-40D8-AE9D-073293DD3663
FD4BD7A3-39CA-4ADC-891E-4F5464211509,OWNER_bce4a6d6abb2,2732,06693AB4-0FC9-454D-A8B7-07357A9DD502
48F926F3-E718-46FF-A2ED-FDF009D96AF9,OWNER_92704fd26fca,206,EB62ACA6-B237-45A7-A8ED-075E083184B3
0D38615D-12E3-449A-990A-51B241A3EB35,OWNER_8b274d8b5d4e,1390,AB8CD8C8-FDC4-4228-AA4B-0776E3ABB7CB
0A3CEA86-2C04-4CCF-BC0B-9DCD8496458B,OWNER_874269812248,295,42A755C6-DDB8-42CC-AAAC-077B39357AB3
1A824501-4763-4281-8FBF-1F60750B4AD9,OWNER_6d8c545afffa,1251,4BA7121D-E63F-43F0-A925-0796EB682531
5E65D906-A722-4C04-B49E-BA80CAD65306,OWNER_0389225249b9,1783,F3CCBA69-4C13-4B5C-81E5-07BCB9707BA0
CD96AA80-D278-4EF6-95C8-D4F1DB95F0C1,OWNER_0400b6b4fb35,1705,D91A35C6-2873-433B-8C07-07C4EB96BB36
E114C0CB-0900-41F9-AD65-092128E615E8,OWNER_3f1364c2acea,2615,1BA565C8-A3BF-488D-86BD-07C60F29AF92
CCBDFD93-D9F1-41CF-A678-E5791A00A85C,OWNER_6d8c545afffa,110,67F1E66B-1490-4E47-AA05-07C99082ECDF
201BADEB-1A39-4D8B-8170-D951EFB89AD8,OWNER_1925bb7ce880,882,E9CB9591-82D9-4E90-AAC3-07EDE05CB863
9977B38A-94D1-4110-8467-CED174AC49F9,OWNER_4e33db93c7da,65,DAF22B66-4CF7-416B-A85E-081C2A4F5D14
3645B624-E0E3-4077-B473-80D307623282,OWNER_406c358fd931,2728,0A8123D8-DA81-4BEF-BD08-08437B49CDD5
D8736312-C7C4-449A-AE53-57BAE7FEC3C2,OWNER_d322488a1642,175,C712F390-23BE-4754-8486-08484C7FD51E
12ABFE4A-34E9-4AB7-AC00-26FE4AE21A44,OWNER_4926a6ec94d4,548,2D55528B-7FDA-457D-8463-085800F21661
2C072150-FB77-4DA2-8B3A-E88384F9515D,OWNER_751e090ab481,1323,816C95A4-F104-4F0F-BB62-08855F8D4B5A
239B758B-48B9-4363-95E8-BAA6DE338C65,OWNER_469da077b7ee,2316,2F88A650-F9AF-426B-ACD7-08AE31BE7022
C3E420D8-BDC9-4525-8F30-4B0634623206,OWNER_dfdb3e814354,1375,F4FAEFEB-AE75-482D-8D26-08EBC44FEBBC
DEFD036A-BC62-4D4F-8D45-1887CBFBE344,OWNER_f80bd9da45f6,3656,53AD646B-37E9-4820-90E4-0900C41C3510
3704449A-1CC1-4E38-956A-0B438B32EF4F,OWNER_e050a028b4ac,1381,9CAD2C7B-CDB8-4A4A-BCEA-090630358B6B
97484749-3C52-46C5-9A35-E15BAA276646,OWNER_78df79f0bf69,203,8264C466-6E4A-498D-9862-0941FAD91D2E
8CF3EEF3-1BCB-4A71-B739-F466DE8FF005,OWNER_d35a9e00fbf2,2422,FFB9193D-36A5-4B41-B87E-094242026CBC
6FC93CF2-22B7-4C2F-93F0-9BAED3C429C3,OWNER_d29e7760db9f,247,A6A03CBA-43C7-43CA-90F1-0943149804D2
23387B2B-CDAB-4D4F-9BCF-0F3B83E25446,OWNER_c4a21243f7fe,967,01A71542-AA73-4BC1-934C-09678C9158ED
4F45952E-A606-4425-8FE4-74DBDDF42DEB,OWNER_68e935d85958,2041,2D539C47-1B21-4FEC-BA54-0968675866E7
EBB8AC6C-BD73-C841-A8E1-2FB3DA8EF986,OWNER_3a1303c92b80,3016,FFFDA64E-70F5-4E80-8ED8-09802D07F1CF
A3EAF7BE-3C49-4D81-88BC-60E5091CADC8,OWNER_b08601967983,539,1EB8525E-02E3-4096-9CCB-09926CFFE5AE
E111F546-4494-D44E-B629-A5A9241F4069,OWNER_2e32917ba5c3,2968,43E5A79A-83FB-49E0-9C40-09A1AE5A536C
87A3EA64-9197-7947-A6FC-F66A91510EDB,OWNER_5963fda6d9b1,3410,6E76C4E0-7A1C-42D6-A425-09C4EA01977A
819685D7-FEEC-4A3B-9378-9E74630B6EB3,OWNER_8ae5a6842cae,2404,A4E53981-E1AA-4862-97E2-09D1FDBFA15B
9F64BE76-9AD6-40B1-844F-09AC8893A1AE,OWNER_2286cb158ee4,3944,5829C894-1856-42A2-A736-09E551183255
46500C63-5DCF-4578-928A-709A7202DD6A,OWNER_3d7804ba2573,1489,16A551CA-DF93-4BF2-AB0B-09FA311265ED
FCB54E1F-9E37-4028-8B81-501E7B352B11,OWNER_402dccca4109,3509,3C77CD2C-4952-41AB-8FFC-0A34AF716C27
1D37C6BC-05AF-4CF8-A9A7-223974EF3B9A,OWNER_4312d40714a9,2088,436BF751-1F21-43DE-862D-0A46CA0DA74C
23909679-7EB5-B548-8A6D-3E698D434B29,OWNER_f5e409c7f4b2,2756,B5F8650F-0C99-4AC7-AAC9-0A72FFA57B87
E6E1FB41-1359-4AA4-9268-CEE99B54B4E7,OWNER_250602a7df46,976,A35E6A0D-842C-471C-BAA5-0A7D6C64D907
96CC0786-D76A-F24A-95D5-EEFCDB7A071A,OWNER_bfee0efa2143,3333,0B23690E-AC29-40A3-8C78-0A9C7411F15D
BD06B71E-5CBD-4292-A16E-0C3C289B3227,OWNER_a8d6756b04dd,1825,5A14951C-117B-4C04-B099-0AA9C3C380FC
B90EF7FA-68F8-4A93-9F3F-E552EB8F3890,OWNER_56e7820a6d5b,1014,F99B51E3-F28E-44E4-9133-0AB594A8BAE3
EAC0D4D9-12F2-43F4-8EAB-28D8144307BC,OWNER_e0ef3c8aeb20,1788,EB6BDCAA-FF88-4D9B-9112-0AC0FC388F04
5726C1B3-CEA6-4A38-AA6F-4054659E8843,OWNER_a3aa807d2dd0,1,23646437-185B-4FB8-A372-0AE47DE69F37
D7E5067E-3AB8-4A2C-9EB3-D1BE907A32B6,OWNER_469da077b7ee,1696,2F1BE673-13CF-494F-A43F-0B1374C8CF3C
14BE1D2C-C349-4F88-83BD-DAB7E5C13BC0,OWNER_81b88cb6c9d0,837,BBC5B9E5-F8FF-4DCD-BEDA-0B182D258979
A575F30B-7A1F-4613-A4CC-7F89BB320895,OWNER_7a55bada9bfd,2049,09600381-5EB0-4578-808F-0B687104F395
81071AC2-9CEB-4387-B020-E2D9A493592B,OWNER_a6aeed492669,91,05D19858-6553-478B-A118-0BA7D0C5E2E6
6DEE63B2-EACA-4D6E-B310-2FABBC9AFDA5,OWNER_469da077b7ee,1644,544FF98B-132F-4986-A063-0BB37D3D6388
11264F91-54B6-49CA-B10C-8E841714DE6A,OWNER_98aa4fb61f5f,97,730CFC9A-0E2F-4ABB-A9C7-0BBD412D0AA5
5CA3A85F-C564-4678-BE62-954CABD0E98B,OWNER_c11112c5be09,3595,6648D777-43CF-473B-8681-0BC27AA93E95
160716B6-D336-42F1-9EE0-11D3C74D8E2E,OWNER_ac0aeb2eb6f0,1426,7DE96B7B-A5A3-49A4-AB3F-0C17115DA990
8DFC3AFA-057F-4289-B240-788BC472BE5F,OWNER_14f64404bd7b,903,B3D0A5DF-7517-4884-A955-0C1988695C44
E72174C3-03E3-4B19-B5D1-F3FD5511C737,OWNER_60fef6c861d7,138,8BDF8D7C-B338-40E9-92F0-0C23CF0A66F2
FC15F968-B600-40FC-9B22-A873F16411C9,OWNER_8da3a588b68f,1178,9E7D31EE-9B12-454E-9E08-0C2A90BAE16D
31E6EE7D-3B0D-4E21-A898-21879C084874,OWNER_38cf3f20073c,220,79A45579-1D75-4F6A-B003-0C30E954E0E0
46D9E1F8-FD47-4699-A370-A03769A3CF9F,OWNER_a7efa7274d2b,1563,75E036BA-EF16-4B55-9375-0C3732B4A205
6DFE35F0-7E7C-4AF9-A955-CF95A036CDD0,OWNER_889699ce9a47,2498,F0B257C1-86CB-4741-89F5-0C40F0FF4300
171F7EE9-FDE7-4F0C-BA2C-A0FF6661D8ED,OWNER_ee00bff39e5e,3495,06B61892-20BE-4092-A9D0-0C47299640CD
04B0CC43-AEB6-C048-B366-04771DA1BB6C,OWNER_0f4b0b5d46c4,3068,B5027CBB-30E8-4928-A5ED-0C74EEEA2978
126999E8-35E7-4F9E-B41B-76674D74668E,OWNER_3c33fc720f1f,804,1CE8379D-545E-438F-B740-0C7E8453B34A
441026FE-0751-4AF5-A387-4E41F2665DAC,OWNER_b25287d27fc9,2677,3C9CB798-DCDE-47CE-9F26-0C85F940DCD5
D0770E4B-CCE8-4608-9D51-086FA8F58EE4,OWNER_4bca118e8c3f,733,F7F1E610-CE76-42BE-877D-0C86DA0839CB
02B6E249-8E8D-4755-B432-4E4B624A006B,OWNER_ec235cfb8b96,3145,A469685D-3405-42DE-8BC2-0C89DEBFE2F8
47D964AC-02F8-46D6-9B83-A3A52FCC91F5,OWNER_792d89cde6b7,2285,91A285D5-0ECE-4D5E-9833-0C8AD72C6A55
FAB9F563-824B-4BA5-9435-54956F0C3027,OWNER_f0cd214e2a57,230,89AB3B93-DBED-49DF-ACE7-0CD046667248
F7F93EAC-99AB-9344-98C2-3E4BC7257D7E,OWNER_e60c16c9f3b8,3428,26B0652C-7AE7-493B-A7A8-0D0E2E1AE991
9E845E52-497F-4E86-84C1-42C948E405BD,OWNER_d5ff34bc08e9,781,5F2B767E-105F-4B13-80FB-0D226BBBFAFB
8EE8555B-FB10-4AAD-BBF4-4D98B34911C6,OWNER_4f612e04353c,620,CBA4E866-7769-4C8A-BE0C-0D26AE876E60
2AC4B9BA-E61C-44CB-8FC9-A1F2ACA6584A,OWNER_9760604cc931,1920,8AC6D76C-232D-4AC4-9FBF-0D55C0EB6307
A4879ECA-A638-C04C-B411-8B2B13F8FFB2,OWNER_f6a9955bc92c,2827,AD3B5230-F870-4AA6-8F20-0D61469456CF
A590529C-ED2C-45BE-9565-DEE27DE5F5CE,OWNER_e378c407043f,1753,7A51E0C3-4874-43DF-8F04-0D6A01C49F54
721011DF-89A5-4DFA-B435-30F599C4E73B,OWNER_12b9b89e36b2,2617,4FA0F659-527D-4F99-AD82-0D98DE263832
53CCA4F4-C42A-438B-A1F1-ABB4CD1C31C9,OWNER_2a997cb99fe7,951,88888B29-C87D-4F50-9881-0D9C6F7620E3
D5B35EB7-A5E1-B549-AB51-B0A684475AD6,OWNER_3e2a75fb40e4,3249,958E56F4-E7B8-4256-A567-0DB79CD52EA6
51D7AED4-851F-8B45-817F-3206AB0C05BD,OWNER_dfd9e66d1ba8,3185,E84B94C1-9635-44E4-A28E-0DCB9632B49F
688301BC-7780-4E34-B143-AF3C507B4BF6,OWNER_ee00bff39e5e,3496,A7C4F405-354B-48A1-BD7F-0DE08E1F8134
FD95460D-14B7-45C2-B8C0-A4BB3D19462C,OWNER_1f1db701367e,900,4252BB36-2C92-4287-95CB-0DEF15B8315A
8957139A-9F96-40D2-B208-68BC22451207,OWNER_394d97be199d,1334,8148D589-6F66-484E-9FBD-0E19009DB348
F332C999-1C99-4A37-8352-B1BE9D5FC4A0,OWNER_1e10e2ed32d5,1435,F19F400B-3340-4EB9-8BAA-0E1AC8AA4B37
4DBE5B8B-08C9-4F71-BA48-91EE8EE40E0D,OWNER_826bdba5a89a,29,68C8BC0D-EAC0-4B2F-A02C-0E21D0352C98
D8043170-8A88-49D9-B104-BD551AE8FD12,OWNER_03d1ad9e4030,1493,CF621766-0176-43D1-BB85-0E24EB1B55AE
2307B5CA-6585-4282-AD93-54E57F58A444,OWNER_bbdba4faee74,1141,B7E9CC8F-08A4-4D4F-B5A9-0E300CB9F4A0
5145D1BD-DB3E-4FF6-B994-7914007C3276,OWNER_c837093bc2cf,1754,2FF6D5FB-7959-4583-9496-0E5357550105
80E6FC5F-6063-42F7-AD34-E00E9E721CC6,OWNER_bbdba4faee74,1136,1607A808-7C9C-4858-B438-0E5A912846DA
57D889BF-8B1D-4C0A-BB6E-57EBA8CB6C0B,OWNER_4dc2f13b19c4,3549,A835BBB0-0D8C-4573-ACD2-0E820302ACA1
24743545-4E7D-074E-A7DC-B3CF6D8C7849,OWNER_80bd317688e1,3354,7FAFE234-5BE3-4041-9E21-0E979C310FDC
AC655790-87F9-4347-9AAC-82B04140FD61,OWNER_c770d7e60085,3366,03D6C855-9ECB-497C-B1F4-0ECA11D54A3E
6F634D2C-1461-44D3-B9EA-C9E886EE402F,OWNER_fee104756d0e,2588,6A37C0E5-28BD-47C4-9319-0EDC05CAC844
97E467A4-85B9-415B-A992-ED38269193EC,OWNER_9c0dbb793027,796,D74AE41F-3DA8-430C-B6F4-0F20A5ABA4E8
704ECFDA-1BD4-432F-80F6-48CA53CB236C,OWNER_38024970457c,180,D773D0DA-7EE2-4822-BB16-0F36440AD9C3
8959770C-1713-E649-986E-F8C5E44A6567,OWNER_725e0c50296a,2798,6F518817-C35A-45D7-800C-0F4641C0EF1B
BC01CA43-8BFB-46A3-84D8-0130ADD6A93C,OWNER_fdb5ff6547ed,2033,30942085-E806-4278-AEF1-0F5A50C49679
470E2DC9-468C-47AE-9669-74E806C5D01D,OWNER_32fe8a6a5a65,1737,EBA4C41E-E2EE-47F5-B048-0F74B2CF6686
92FE2346-1250-49C2-A4DA-1B32C3B6EA6C,OWNER_b08601967983,540,ECDD7118-522D-4084-8C6B-0F7861F2C3DB
181C31CF-EA82-4A9D-9E50-B654B38DE543,OWNER_1e10e2ed32d5,1328,16DB4864-02B2-4F8E-A4AF-0F9105A0C32D
0083F666-4C04-814A-9593-FECA35684F0D,OWNER_e60c16c9f3b8,3423,6F534B21-92D7-4DD1-BBF3-0F9D9FE2D255
107FD600-3C12-47D9-8238-0D87D2C3BB26,OWNER_de7c42f9c849,1048,ABDF68BB-E555-4E17-B84F-0FAD30E39B9A
4CEFEDF7-DF12-48AF-BD3C-20703B4A593D,OWNER_9fdc2dad0eca,1485,01DF137F-60BC-41D8-9E5F-0FBDEEA0C32E
A80A36A6-F7F5-49C9-BC8E-299DB69C7FE6,OWNER_469da077b7ee,1657,2F369551-7725-4721-9CCD-0FC8169E94D0
617AE903-493C-4EA8-A3CF-EE389379EA91,OWNER_e278a19f3cb9,1736,376DF2B0-1266-4B7B-AB43-0FD976313AED
F0786BBA-F86E-4E89-8EEE-AAC65CE69D52,OWNER_f13cb7207b19,262,2320CC49-FD54-4B86-82BD-0FE67DE8D7C8
E3CE2DA9-77CC-4717-8001-7C972F46240C,OWNER_6d8c545afffa,1245,4B503027-1CF8-486B-8FE1-0FEAE74D43CA
B152D38F-7A4F-4767-8CBA-9337BECB7AE6,OWNER_5f7d7092c62d,377,85ABE5C6-4116-498E-8619-0FFDAD8DA10D
C027A5D2-4ECC-4958-98BB-7CEF522D41C8,OWNER_26ae04bb443d,2172,1F5C70DF-CCA7-4D93-8DE0-10060CCB23F6
BFD73027-385A-4572-9D27-4667C0278AE1,OWNER_78fd5a5da6c5,2468,3FDAFAA4-2D39-45F5-9892-100658301269
4C2C636A-C2C9-4C5C-AB40-22043A797D19,OWNER_b25287d27fc9,2671,86F72843-CA96-40DB-8AB7-100EDC7A2BB7
49833EB2-7ED0-4B5C-8348-F1C9BA322E7E,OWNER_ac0aeb2eb6f0,1438,586E7368-8F16-474B-982B-101F75B87C9E
95982824-D662-4228-B4B3-4411977274E7,OWNER_833ccd7c33b0,3697,104E427C-8B17-485A-BCBE-1048F6AC5217
4F3207A1-BC01-41CD-A4A6-8C3B3F5208CC,OWNER_469da077b7ee,1707,B58541A1-E200-48A0-9CB0-10492AFEFC46
F30FE3F9-F8DC-4A15-B674-EC2BB3EA83E8,OWNER_475f2e1dc242,863,A7F01E18-6C28-40F2-AF85-104A5127FF6D
E365F5B8-60BB-417D-ADD6-5CB978D0A217,OWNER_a99ce4e10b68,2059,E8C07A8E-6705-46E7-AB98-104A6BF55148
46F02774-2716-FA43-B49E-27CB527C679A,OWNER_91a37e8c3ca4,2956,FB023817-9444-4BA1-BA6C-1054931E1024
DB60B5BC-2335-4C92-BD15-01FA49AA68B2,OWNER_469da077b7ee,1646,B0B8BCE4-982F-4232-9371-10590DB1FF3B
E2C6B579-CCD6-4EE3-A2D2-AFE2C2A6BD33,OWNER_353ca127366f,484,144C5316-FF95-4C0E-8B57-105D32746A1A
5A99D99E-52EC-4E9A-A389-DB0FE96BAAD0,OWNER_0901bdc01da6,2186,76465837-998A-46D8-92C7-10868E6B3C3E
E6E7500A-40AF-4A50-BFC0-4805546213A9,OWNER_540795df548e,1849,6D1B0226-95B8-44E2-8D5C-1099ACB51DF4
F7A9E929-0C8F-4989-BC37-FAFD9BE8E799,OWNER_7762f7d12700,2161,1236A606-3A39-4A88-A581-10C832767F4E
ED458856-84BC-1B41-9466-13A331A63306,OWNER_56d04f432e27,2879,D7AD176D-74D5-4B59-8BC5-10D95A9E02E2
828EE576-E6FE-4485-A7D5-397E9F37BFB5,OWNER_ee4cf4d71625,176,A32B6718-9EBA-4B4D-8109-10ECEDAC7F22
8AFC325C-0530-4149-AE42-DA136BAD4341,OWNER_b3c41489bf48,3551,A859847A-C781-4042-B305-110404D13907
A4A9C65A-3D6C-4A9C-8D2B-EF66C0B38A78,OWNER_866324faf210,2719,1C564E03-B7B5-4528-968D-1133307CF5A3
73374475-6ED1-4C33-BA53-F4B04E8BA867,OWNER_eb9b99de1e64,2347,AEE2EDE5-818F-4C72-A1D5-11361276AEB0
307F0B7B-8FD7-4BA9-A981-3546CD95FB4F,OWNER_32677a0b8c9e,3637,F8874E24-D865-4B80-B8EE-113A9D5C6FC9
502D7022-4970-4E71-8BBA-04A28EA4B5E4,OWNER_b6582866bf56,792,FB0FDA74-6ECC-4BFC-8510-116D845B34B5
037BEEAF-250C-4336-A9BA-47BA8DBA7771,OWNER_a7a35e3e5736,3617,E8E6A15E-7756-4BD9-A2DD-117D0F48E954
D87514CB-A395-4735-95CE-284EE5030B74,OWNER_0328a1ad1cfb,2125,8F35307B-2B51-4BEA-A95A-119AA66EA094
E58994C6-D5B1-493A-BC1E-EDA8232EE090,OWNER_69a64562c113,2023,49CEA311-1743-4972-85AA-11A7E3411818
6F9D2F7A-FB80-405D-A086-CDAE9AF182DB,OWNER_aea5c111113e,1893,3D30B894-6517-4F2A-B0DF-11AC5901E23C
D6B71A85-2AD2-4B20-914C-BE4D0DCE5114,OWNER_bfee0efa2143,362,65F247EE-F2B9-4B7D-A9AB-11B90DB7F2C1
6E8F217C-2C6F-49CA-B612-55F1FCB48270,OWNER_94d6eba1d0b5,3106,F238279F-09EE-44A1-B42C-11ED1DE8B958
780D626C-C56E-4DC6-829A-878D6C25FD1F,OWNER_713ca145e52c,163,D636D79C-79F0-42A8-85E1-120106FC8677
1CF2AAA0-FA4E-4BA4-BB2E-0367358B08E2,OWNER_f9344adc92ad,3519,97CF52A2-2413-46F6-BE90-1209D9AE5919
3E2A85DF-E841-40D3-A86E-7E066B7D72B6,OWNER_b9a60c4ace2e,2308,88B1A825-106A-48AA-AAF2-121B8C40DA2A
A596569F-9FA1-154C-8DE8-14208FDA9578,OWNER_e60c16c9f3b8,3426,D3CFA048-5FEE-41B4-A1B7-1236EFBBA737
A4DCB72F-294D-4EE3-B9F3-2B1E376B7B17,OWNER_6d8c545afffa,109,A2439533-9685-4329-AA62-1249006B10DC
B3EDBC49-EBED-4FA3-96DA-3AD97E4EBA93,OWNER_53498bc1c4f8,738,2CE09DDA-8439-4B63-931D-124E1897839B
D335E089-8D4A-46B7-9162-25A8BDD32544,OWNER_4e33db93c7da,57,15B0422C-12D7-4432-BC8D-125E13660425
9436F3B6-5BC2-4B7D-93A4-6632356F8A3E,OWNER_f13cb7207b19,264,1135FCB1-CAC7-401F-A933-1266B68E79BC
AFD8FCD4-716E-4444-A508-8330335D77EE,OWNER_e754823373ac,1125,CDA69219-962A-42E1-90DC-126B856F72B9
793846A5-8334-4D7A-9C65-B06D303CDA62,OWNER_e0ef3c8aeb20,1881,1F02100F-D83D-4E9D-94FF-12962270E905
E0059BCB-1C6B-44F1-AEA1-723D6F5A0066,OWNER_38cf3f20073c,123,C303FED0-A0EA-478C-BB26-129D1A2C31EC
8A97F83D-D9D0-418E-AE07-FB06FE9B0118,OWNER_a6aeed492669,92,5FBC703B-E22B-4BD1-9109-12BF6A074214
F327FF55-F0D1-4ECD-9798-B151E65C8C96,OWNER_7467f34ed99c,751,272D3941-10AE-4235-9FB1-132BDDA1E1B1
7BE3E8C9-E487-4C0F-AFF2-E09350F660B2,OWNER_950511958997,1773,2F6097F2-3E87-4E50-B14F-1334E273B608
C883A40A-5946-1B40-B188-6A412AE9E085,OWNER_445e4d748271,3387,DF4A3F97-4503-4C4F-906B-1341EBCCF6E9
2D4354CD-36C1-2B4B-B9A5-558F61A37D5E,OWNER_387ea2eea002,3767,587744F1-7AE3-4357-91F1-1353F8EA7914
89DD0A35-EDF8-4089-ACAD-2499DDAF465E,OWNER_2aae41c3b0a2,759,D0ACE366-4C5D-46E7-9F5D-135A0753910C
EBFD4824-94EF-4B01-9141-A0B239CA62C4,OWNER_06902a16ab8a,776,85D37CD2-8E4A-445D-B7D4-137414CC76C6
730BCA14-D2C8-4A49-A896-CD08B01B4FBE,OWNER_d5c3cd9215ae,3133,315EABAB-9AFE-4680-A089-1379FF602EFD
5AEF2EEA-00B4-4F4A-9A10-817501630C7F,OWNER_469da077b7ee,1643,CFE5F161-701E-46C6-9404-139598A0C78A
DA4EA3D1-D906-FE4B-9A79-05A36CDFA9FF,OWNER_91a37e8c3ca4,2951,4DE452FD-B25A-471B-943E-13BA4705850F
EA4B8704-FB9C-8441-92F8-2F7A78DF1E1C,OWNER_3a1303c92b80,3074,B16CEE32-4055-4B21-849C-13D44311C1FF
509D9037-11CE-41E1-A841-0D03A648E669,OWNER_95660675be83,2608,8F2603BB-9887-4384-BE46-13DA84CF18FF
5DE680B7-3FFD-45EF-BBD8-AFB877A25FEB,OWNER_40cead02f5ff,468,6FF7B4A0-A29D-47EE-A088-13E3C6A79C26
6B062C87-B797-4031-A893-E27A5E749CEA,OWNER_e754823373ac,1123,53584297-1E6E-403C-BBC0-13E529C78B8F
3E53BF10-F4ED-4825-9D4E-5C39E097CD51,OWNER_00845fb812c0,196,99C76D25-26DF-4AD8-AD70-13FD01ED6CDB
7D862F3C-1579-466B-883C-74697CEDABFC,OWNER_73d2db5ff9c0,21,58D7716B-5A02-4C7E-B9B4-1417D74B1C87
03C5E4BD-2A93-443E-BB10-CD979B5CF079,OWNER_792fcf0844c8,1157,C2FE14D7-E361-475A-9AC3-142284305EC7
90AC1EA9-D1F1-46C7-8D14-989A942FFAC6,OWNER_fac9fc37e248,2959,EE720182-8617-4CF3-A454-14232DC53207
AAF4CC9C-6AA4-45B0-AC92-D8596CB58797,OWNER_7f43853d1af9,672,8C8E792D-8947-4B26-B82C-142D6B239106
DAE73B77-BC2B-4D70-99C5-68529ED1A117,OWNER_b9a60c4ace2e,2307,5B426117-1746-4830-81F9-142F91D1E19D
744F13C5-0D69-4114-8962-2FA2FA351654,OWNER_73d2db5ff9c0,19,CEBCB86D-67E4-4CFD-880E-143B0ACA85B4
3356D9B8-DA1F-F944-B74C-3BF297596869,OWNER_4b22a4793ed0,3272,4DA25D10-64FF-407D-8E93-1451EC911521
1BEDB660-2E2D-4622-83B4-7C0D5BB0E12C,OWNER_fe08292ef4fb,3723,4414CBF7-1D3B-4F74-81AC-14798F266B1D
269C12FC-5826-4971-8C91-F66E43A7371F,OWNER_686e13a49b2c,1331,62ECEDDD-4A26-4DDD-AC73-147F86FC21CB
14B82E84-3F5B-4E45-9693-5C299E95A51F,OWNER_65072c8f9029,3665,886C3FFD-5F74-4B26-8507-14BAA57346AB
B8C6C37D-2168-48FA-B222-1441554FD528,OWNER_1d310e79809a,945,4E05A47F-FF30-488B-A461-14CE8C579B86
308CBA88-AA1F-4689-B39A-383D9833D1A0,OWNER_ac8be4945b03,2021,17FE4485-F6B7-4CEC-8EAA-14D333998D81
8CEF18CA-15FE-4E15-BCB4-6F4FEC59EA1F,OWNER_cc574a39fc99,2260,21BABA9E-8111-40D6-96F6-14DB375C32E2
98BF9DFE-8E73-874E-BB00-B041955A1EB9,OWNER_8fd7f07a6316,3087,CF7DD3E6-48B0-4A48-B121-14FC82737F2A
544F10BA-E3C8-7546-A072-3D3481A559B4,OWNER_6c45b34492c5,2836,E47DAFD4-E018-4C62-BE00-150DF37A389D
74980AFD-44A2-134D-90F4-CFBBF49DFA81,OWNER_fbe41cb701cc,2745,389A72CD-8CE1-4DF3-9600-1514DE17F2F6
C259A668-0686-47F6-B62D-FFA4E5FE9BD7,OWNER_f939bfa0a19c,111,BAF670A3-CB8F-4376-B4B0-1519D335C795
2FF9BB20-6DF6-443C-8B33-2BB23484E0A7,OWNER_9d8e88df19dd,1803,7F0FC3C3-7FE8-425A-9111-153D1D14C829
BA861F70-D004-B54D-ABCC-3F2D0EE0C452,OWNER_166b54b9eb34,2903,2173B376-888E-4321-8F3C-1545DC57B49B
093F99DF-E390-44AA-837B-027CFABDEB6C,OWNER_3ff3b446dc2b,1850,D24F09D9-1C58-40FC-BA3C-1546AD330632
256C1F02-6CA6-4715-AD4B-525D9DD4F686,OWNER_61ac19f032d4,1213,C3DEE4A5-7144-4BFD-BEA4-15638C1A3396
008FA03B-B42F-4C00-8420-C50F8F0A70B5,OWNER_0e331b4faa77,83,7803A854-DA8E-49D9-A6FA-1572CD5A34F3
10CF0400-DDA7-45E9-BD5F-0CE7F208B26E,OWNER_3a654d08ea44,939,2B17DBA0-21B3-460F-80D6-157900E6FF8A
D8EE0327-BB55-0F4E-90A8-11B45261F6A2,OWNER_f6a9955bc92c,2828,5AEC9E5F-2A8F-4C99-99A7-159C30830F23
431117C9-1F81-4346-8637-A0FCD3C57E66,OWNER_0901bdc01da6,2185,F6725573-861A-486C-9A5E-15ABF58FC2F6
16295259-8887-4D83-9F00-7F15E5B8DD45,OWNER_f819734ee092,1469,8CE751E5-0105-491D-B55D-15AEAAE87713
B7983C21-1D4C-C143-99AA-0934980B4C42,OWNER_6c45b34492c5,2835,04CAC981-20A4-43D7-AE30-15BE47C00F53
E6B137E8-1E1F-4560-BCB7-0E59958544B4,OWNER_5745eeaca10e,210,4D11D035-1A13-4B2E-829D-15D1743E9DF1
F06F9EB8-6163-4DDC-A658-6B316C35530F,OWNER_102da6bcef7f,2653,D7FC4DF4-9271-477E-BF28-163A6A7A9051
5E7E88F0-39BB-4F8F-A541-E2B10E65C10A,OWNER_4cc8f4c613d1,1853,60A852EF-37EF-441D-BD08-163C3FCF8625
7A79EC20-9191-4F99-BED9-FE56594D9DCB,OWNER_7a55bada9bfd,2058,D691C3A0-33F1-4759-A94C-16477798C4D1
159E180E-A867-4248-8986-8251B172E93A,OWNER_494ba0b3506a,2459,B5153A72-C011-44F1-B2C9-164BD8399D28
75278609-190D-49F9-ABAB-1E09D40C91D5,OWNER_469da077b7ee,2190,0CBA26F0-DFA5-4BB4-8FD3-1669FBED821A
A424504B-758B-E649-BF5D-4E53021A65F4,OWNER_71794b650a49,2912,70CE0755-C0B3-4632-8F75-166D328464D7
E6270A78-DF8F-41DF-89BF-51E3A29B1417,OWNER_b9d424edb4ed,2656,08024D6A-4597-4852-9620-169A205B1F90
25814F38-372C-1F40-8656-AF1100048A19,OWNER_9787497bb29b,3296,7BA4313C-F0CD-4C4D-9745-169E3238EA49
8C69AAAA-C4F5-4857-A7A9-9EB633525F08,OWNER_e050a028b4ac,1348,E462446C-F3A8-48A2-A702-16AC2E8D2B8A
8DAA6994-3848-4B1A-8B21-7BEC867D0F95,OWNER_49f20a888710,1782,8D0E0A95-96F1-4044-81D8-16AEA18A64BD
64FB2B24-7F9C-284B-8E06-26DA3FA55369,OWNER_ae82540d8979,3337,D25CFEDF-333D-4963-9ED4-16BB6C4CA3AC
911270A1-5F82-4941-A06E-B9E81FB477C3,OWNER_bea097359ea3,1516,75B2F800-C337-4D20-BECE-16DFA66BFA7D
4ED3A80A-E1ED-4083-B183-987943E01BE3,OWNER_c769f692f168,2046,AD720AD4-7D27-46A1-A683-16F5E31D4445
13027A7B-8054-4017-9D98-2EDCE3D68517,OWNER_e5b67e42ac23,250,3FEA58D4-BFCD-4A68-B0DF-16F88451737B
EB7C13A9-0D80-C543-A873-43AA703328D4,OWNER_ee10118750cd,2873,69CE44EC-2FFC-410C-A8CB-17305D3A43F7
5B1DC32C-61BF-4D07-BFCD-80B200838614,OWNER_5d7afca46165,1775,AD6927A1-5885-4CE0-8392-17509FB14C21
96B62A3B-F7F4-4C19-A43C-6237A537FFDE,OWNER_7a55bada9bfd,2057,B4AB3F96-870D-41F2-B7DD-176811CAE55E
0C68DCB1-D78A-4679-9549-2A306242F64D,OWNER_ab1562d357e9,1397,54D13C90-DDDE-4E32-98C8-17865EF368A0
0D22AD04-947E-42F8-8277-76BE7F4283D2,OWNER_5a1330838458,474,8125F56E-8618-4F9D-A695-17B9F7756D53
9059CEB1-1D3F-4306-A921-7E9E3CDC75C1,OWNER_9e3bd16e7399,1053,37FB059F-2924-4CC3-8A32-17CAEA86E7A6
72B6FF4B-5D7C-4AA7-AF87-81A8BC3E1266,OWNER_3d7804ba2573,2134,14E5F5ED-C6FD-45F1-94AE-17E4FF017240
C8B2EAB9-C234-D745-BD49-4207E29E45AB,OWNER_3a1303c92b80,3020,6375F980-3051-4678-9FE6-17F7B0358BCC
68B9215D-814E-40F4-932A-D8B1E576BD14,OWNER_0ce3a4c4127d,1798,66EA2216-36D8-4FBB-910C-18207B2F407E
8F49F94E-D64F-654C-AD96-54EAA0CE94BA,OWNER_c5ba687e3edb,2935,567D931F-2BAC-45D6-B352-1825E95E3B9D
59D6D99C-1C33-4947-9817-F80366732A9E,OWNER_38cf3f20073c,126,D7364DDF-6B6B-4B8C-92B5-182E2A404CC2
F0C209FD-E890-4117-AE49-8BD0BB22519E,OWNER_f9344adc92ad,3525,882F98F7-F3A2-47E7-BC65-184F33828A26
8758025C-1936-4B05-A0D3-470062CEF9DC,OWNER_33ecdea8f71b,2458,02838096-89F4-473D-91F6-1854B1D201BC
107E9D48-1373-4201-944D-CFDDEEDC52B1,OWNER_f9344adc92ad,3530,C7B2A9EE-6056-4ABA-AC91-1857940E9894
531E2E8B-C411-473C-9141-8A36F4776B69,OWNER_9f211f3a77d0,6,E221C4F1-77AA-49E9-9540-1857CB738191
BDCFFE23-4BAA-47CE-B4E5-46F1D3C74D86,OWNER_b25287d27fc9,2711,D80C3D3C-510A-4DCF-B349-186CB704CEE5
1D7AF837-3180-4808-86BF-3802E287ED11,OWNER_e32c108fc3e3,663,5E9A5480-684A-40A1-91AE-18813AC8BAAD
6A3F3FBD-E2D2-3145-A2AA-FE8328BF78EC,OWNER_f06048932992,3274,2F6799F9-1BC5-4286-8723-189737051CC9
C50F6C45-ABE7-4F30-88FB-2B54EEBF45C7,OWNER_b076b14c5cdf,1228,3ED8D73A-4B8D-46EA-A92C-18C019A64061
454DDC00-4999-434F-A21E-A593EE9FC252,OWNER_56a6b5b5f14b,1131,80CB3CD1-F208-464D-82B4-18DA2CB16C9E
C610DC9E-4F0A-4C60-A517-C081D99D73C2,OWNER_4fee19ea5792,973,164A95E6-211F-47C0-8C19-18E1CAD92112
132D1CB8-4E7A-411E-9FC3-1F03D36B9334,OWNER_8ebf98e274b5,2274,7047D50F-8CCD-4485-972A-18E6944CF9A3
5EDF1BB7-425A-49D2-BD01-9076E2D8B4CE,OWNER_6ddd6885b573,764,31BC9A4C-CC9C-48F3-A2F0-18E8048C5B4D
DF20CC05-EAB5-4BDB-B76A-1C6509B03B10,OWNER_ae78c80bebb8,3453,AABD1C52-8D20-45AA-A11F-18FB0CEB9CCF
B44AD638-2ABA-4A8B-B33D-951A48F3EFA5,OWNER_1fc6782a3c3a,270,2DC5B02E-03FF-4D37-BB2A-18FC7BA4DF7C
60D316FF-9625-4B40-9C60-F129E932AAC4,OWNER_aa54dbef8fdf,1779,9EBC43A4-8CF7-4F27-A2B7-190F47B73D2C
15A6449C-4627-4302-81E0-44CFAFC668D5,OWNER_8698ccd20f65,428,26E5FD4B-C921-4A4E-83A9-1920888907BB
DF46654E-F5FA-467F-94D3-AD135DD47EF7,OWNER_205f74109efb,3719,8FB9BBB0-0172-4098-BCCD-192BAEFDB28E
FA839831-B740-A943-94DF-9C68495DD095,OWNER_1791f7a1ead9,2741,13DDDF3D-6628-4D54-81C7-1966E043AE37
0171B29A-4875-794B-BD02-355C96AD8120,OWNER_3e1c5b85358c,3377,2C94AFF6-F0B7-453E-9902-196BBD97F57E
A6E9ED7A-C5DB-174D-9D82-80AD373A9A2E,OWNER_c770d7e60085,3361,CD01630E-6451-42F2-9086-1978D747EEB8
3EF0E0B0-39C8-47A4-A1A0-739A90F9D85D,OWNER_44ed38335f6f,1167,83605839-E0AE-4B9D-B57F-197BC9A07764
2F13702A-1D90-46B8-A857-40C927A9612B,OWNER_469da077b7ee,1648,22CF3BE7-F932-4ED1-B14D-199FA9A1F567
59D62BAA-C785-564E-A123-1A4E093780CF,OWNER_4b22a4793ed0,3273,F06560D2-2EA7-4C98-94BA-19BFAE9A7B1D
9B156BE8-AF2B-4E29-B3E4-E00C4C7FB4BA,OWNER_0a4b22cd34b4,811,CAFD800E-83BC-4514-8A4C-19C1158E201E
4A15C673-6A57-3141-B6A1-0B8D76200D8B,OWNER_4241dca7acb7,3740,1F31EB30-9AA3-4BF8-A7B6-19D086791204
D5A616A7-3691-44B1-A9E8-7005EF845172,OWNER_20fb2559b3e9,1290,857D7E28-C5C0-4687-9D0E-19D4DE051E70
BC99C11A-8814-48FA-A262-890429A02CAE,OWNER_4cd1d87ff961,1673,5F5CF086-3863-4837-9A59-19DAEBE6040A
1828EF79-EDF2-1148-B612-0D5387FFC490,OWNER_bb5b0a9852c6,3737,BF23BD9A-E9FB-41A1-BE5C-19DD1F411D59
F1947EE0-64AC-4F04-9E7D-13108C17287D,OWNER_c56f15df91d6,190,502F961D-2DEB-41F3-814E-19E74F4D918E
46078753-1309-460B-A422-1767F929E29A,OWNER_951aacf3db56,3125,D7B51D5F-AB56-4FA2-94B3-19EF0D324E6E
E6D323A7-BA80-4DFB-8729-DF587F121866,OWNER_e32c787cc2c7,1000,58268BA4-87A0-466F-8C84-19F8EC1CC6DF
F0DE2181-B1F3-4FE5-B234-E18390588B35,OWNER_b5ea769ade03,2700,023D56DA-AF54-4379-BFAC-1A1435EFB865
EE61052D-4E48-47F1-9126-1260E54726E3,OWNER_11a7a40fa31e,389,390E5F1E-8B2B-4BCE-8F87-1A177541FEE9
5A4B9940-8F8B-1640-AC6E-C3A47CD8B334,OWNER_f06048932992,3311,A9821769-71EE-4280-9790-1A19F20A2279
7B5EA28D-606B-43CF-ABF6-1E92C1D052E3,OWNER_533aeff959df,2455,5CCAEF44-5232-4BD5-AFF1-1A26C7F188F8
5CA2B58A-5EDC-487F-B024-DADEC20EAF0A,OWNER_31b0eb70702a,2122,CB25FB4C-245E-47DC-A50C-1A362389AC31
65C3B309-8321-4EE6-BACE-05823F852483,OWNER_faebdd9bafdb,1137,4E82B569-E01F-421D-BBA1-1A5842443F6A
CBE00983-7340-4F56-AC94-CD13215FE7F7,OWNER_f998268b7f61,1422,B6D3DB3A-65FE-4FA0-9828-1A6F81208E1D
D55B861A-7528-4BE7-8C85-766AE5C989E6,OWNER_f52442ad39fa,661,630E586E-F19A-4F32-B670-1A6F9D90D37C
D7818A95-7E9F-4EAD-8285-5D105E63B6E9,OWNER_2502b132ddcc,3482,2F9F4A35-57BB-4CBE-AE1B-1A7002F56759
5ED61E34-791B-4F6B-91BA-2C78422B403B,OWNER_5338a6e6a824,2388,8476639F-0FD4-43E7-9CFF-1A86D03A4D2A
0CBA84D8-71BD-45CC-A3EF-09ECD006BADA,OWNER_ff3e894089cc,487,3B8D4966-D8C4-4D6B-A8F3-1A95A15A0030
E76B4A1F-708D-4E36-9DBD-F441CE746322,OWNER_c402f4f0ed6a,608,6F4DBCDC-9A23-4FE9-8057-1AD11030CF63
ADC44063-11F9-4D85-80AD-08C049A95781,OWNER_f9344adc92ad,2300,AD84644A-1751-442A-B865-1AD2F763E043
3411A9B4-C62C-4227-8BF0-B009091C4421,OWNER_ccabcbe80210,437,76128CC8-5D02-49E9-8766-1B025943B933
994F28B0-D2CC-4836-9892-3004DD5D40CF,OWNER_78033feb8623,3633,A56BB7AD-6655-4900-B76E-1B02E992DF3B
B4922F68-10A1-48E1-95F7-0DAB05E34E45,OWNER_de7c42f9c849,563,F88A1BD9-06FB-4811-8E82-1B0AC4E6720F
F9C85B9D-D2D8-4BC4-A933-D2DB9E80CA45,OWNER_62ed1908e72a,2493,37ADB4C6-BC5B-4DAC-A1CB-1B249D522AC6
0BCA16C9-A1F4-436C-BC2B-B41FF43CEE91,OWNER_18b7632e00ae,2167,99404149-0FA7-43B8-A29A-1B327FA4960A
3C3DC6E9-E93B-4ADD-9193-86EA7369B870,OWNER_05b95bbbfd92,415,81009ECA-18BC-4E30-8DEC-1B4375C3DB5E
1A7ED18F-553B-4D8B-B38E-DF7D08AC5A5F,OWNER_42c2f80b6a73,542,B35FB3C8-E56A-40A6-BC91-1B459F8D848D
38EF7883-61C2-4192-839F-7B58350AD6B5,OWNER_e754823373ac,1074,E8B721C9-87D9-437C-A0BB-1B60A887DC44
A99ED706-3008-4E5F-BC54-3A1A029BD717,OWNER_0f4f884550d6,394,3C84E470-B2E4-4C66-8F4F-1B625400DDAF
BB09C44B-F9CD-4AE6-B584-98AD5CA76196,OWNER_e32c787cc2c7,1006,1C7584D7-760B-48EE-91B6-1B6C4D7C9145
88843132-61EB-4C78-91E8-9A0D576C7176,OWNER_f5a2570ec543,2624,E4C8BC1A-2DC9-4B98-8991-1B741FECFBCC
A662CFBE-F94F-FA45-B51E-63D692A2E322,OWNER_2b109008e0db,2737,3C24A366-6014-4166-96D0-1B900760AE94
2D04DE70-F920-4AC9-BDE4-491BFDBE8D94,OWNER_d5fb5f5fa475,1528,3E5AFF9F-7583-4113-A7C5-1B9CFC26D6C0
F847DF03-BC63-4547-A048-A92A9D0D8460,OWNER_4b24c357b6a8,617,8F442E23-3A6A-4225-8CE5-1BB3256447E1
292D254A-A7AC-46A0-9D22-D947F2FF3ECD,OWNER_4fee19ea5792,974,2CF473FD-0FA3-40E0-8B13-1BDF80B12878
442045BA-C059-4AE9-94F3-4DB812B6A398,OWNER_de7c42f9c849,1028,392C0805-222E-4584-A6BA-1C0FCB79C612
D971ECCE-E61A-B84F-AFAD-1BF97403A7DC,OWNER_f41d6cff9f1b,3263,08993A20-7AE5-4EA0-B8A8-1C11C606325F
17661FF6-79DF-4F7E-B15A-53302414587D,OWNER_6b80f6044894,223,A6F3F6F0-3337-4BDC-A815-1C357ADEA09F
A665FD2D-CA8C-415A-B617-FF6444C15046,OWNER_46074f0ea9ce,2165,71F5F431-C802-43CE-9147-1C393E717FAD
4A5BC8A7-4E6E-44E0-9CF0-8F76C912BF02,OWNER_e754823373ac,1077,346DDCD1-B0AF-4F7B-8625-1C6793128AB9
6BAA270A-C68A-4DC0-AB96-B751DF0E4D90,OWNER_89ed19478b8d,576,EC5FBD10-E7DB-408D-AD4E-1C6CF79D3520
7DD0DA43-11BD-4DAB-8202-2D2A7C11EF88,OWNER_b39f08ae7091,1319,2BFD19C7-F2E7-4D3A-8FF7-1C86DA6BAF6D
39623D9F-94BC-4233-BCD8-C40241A9DD36,OWNER_a0724c0f03f7,715,F31D9C37-CD4A-4F2C-A40C-1C876BB45C82
E96C5E2C-A8CB-594F-8920-52F486D4CBD6,OWNER_684baf27eb3e,3262,4B88F7F9-6A34-470A-9605-1CA1E7DF8443
B5D752E4-2A5D-4239-831D-4B4F5B036D09,OWNER_1d16e10d5576,1841,BC4B7208-C16E-4BA1-9151-1CD27ACFA6B4
43B6B09B-E342-4BA6-A6E6-D3C5EDF28A69,OWNER_54484bc8e6e5,94,325F2B06-20BE-4D8C-B543-1D0BAD0EE5BD
22A85A09-86EF-40D7-8E02-BA27C66AB127,OWNER_300a02f9cedf,684,39FDEDE2-95B7-4BA3-9079-1D0BE4EF3849
925E6E44-8234-494E-A9D9-4499C1327DC6,OWNER_a8d6756b04dd,1824,8FC5E100-ECC7-422F-93A5-1D10BFCA5C5F
9C76C9FE-A354-4748-A744-2055FBDFE96B,OWNER_d9ed3eea5d13,2416,68678C1C-7C98-4F01-8769-1D1C42D1B229
40E19C71-14A3-48E2-A994-C2C6D8AC2F0B,OWNER_8f499fb830ee,2267,80187FAC-EEC3-4830-90ED-1D227407ABF9
FA26CD78-A768-4E01-92E9-E8D15C294152,OWNER_ddf5ab2977df,447,D4EBDEE2-7954-44B7-A0B8-1D332E919102
7CD83C10-2563-4740-882A-7D6A3BD780E0,OWNER_91a37e8c3ca4,2957,E2625C77-33FF-4744-8A2C-1D6908AE8450
1EA07FB0-723F-4F0B-9DF1-79C239E2F9E1,OWNER_991af5b0450d,3346,396E7221-8A38-4DEE-AC31-1D7A40E89239
4BB255A9-705B-4777-91E0-2C6C79C0286B,OWNER_ab1562d357e9,2135,575AC64B-F6B7-4664-94FF-1DC6E0E9D82A
B84EA8E1-CA9E-4904-B4C7-6F0901C730B7,OWNER_4cdf850cfb89,794,60B9234B-2A95-4F49-9F03-1DD8AE97F3FC
CA4AF63B-2EC1-459C-9EC5-D2E57763E936,OWNER_6d19bd69ca4b,3612,72704586-AE3D-480E-80E1-1DDB1B8F8FA2
7CFFA3A6-24DC-4C33-B261-A21275E2EBC3,OWNER_18b7632e00ae,1979,D93A4968-F201-4D62-900C-1DF4C39E30D4
AAA37BF1-0D8B-425D-BDE8-5A0FFBD1424E,OWNER_84c6a9cf08b0,2333,FD638D20-BA42-463E-88B9-1DF73B7252B4
8A5DE2A0-F947-4809-A959-8B1A83B0B942,OWNER_f9fe36ec1ce6,1804,2DC0F6F9-6C05-483C-9C80-1E025550C111
D4A4D5F2-AED9-4293-B09B-CDA9B6A6B400,OWNER_d006881b6aa4,3491,B3D569D3-7B85-46DF-8E9F-1E14E8036DFD
F5946C6E-3237-417D-870B-A8587E2EF426,OWNER_1ebaca109768,1546,AA496DF9-07D7-4D2D-9CC0-1E1ACE476D28
2270468E-12A7-9F4B-BBBE-1A649538155A,OWNER_3a1303c92b80,3014,F20EB259-ED11-4B61-8843-1E4B4778F406
69CEF939-A193-4E9D-913B-DFD11F76B664,OWNER_3b671abf4d8a,985,B93D533A-C03F-4C51-97D5-1E616CE96A1B
F9A51EC3-1F84-409C-9391-D9293AC1D88E,OWNER_a0724c0f03f7,1099,02020ABD-BCCF-406D-AC35-1E6B03141034
998DBF44-AF44-4DA4-86C8-64B2265D0CB8,OWNER_de7c42f9c849,1034,376EB2CE-1074-4833-90F9-1E910ED83DB0
57A59642-FF25-4391-AACC-FBE94DFD0ECA,OWNER_8336f54c1cbd,534,660DC2AE-AE33-4735-9C2A-1EB7029A4D2C
F55A3D14-4B66-4006-A5B2-A87E61DA1EA4,OWNER_e4dd23341de4,2506,E6CEF42C-D67F-4F1C-B601-1EB95E7CD580
8D7A3067-6D7C-42AF-829C-A85165D8F50F,OWNER_1057957215ed,3155,C9D414E3-4757-46C6-BD62-1EBD649C10F5
FDA2CB70-4BB0-4006-9DE1-81E32CAF3256,OWNER_fe9fd5bcdf36,2461,BF17D8FC-7A9F-434D-A6CE-1EBD7AC8B192
208B3A3F-8635-45AA-8CDD-81514934D3E7,OWNER_80f2749c46e9,3629,F9076685-5CF2-43CF-A6C8-1EBF26087C08
E4AD2729-AF30-407E-A6C8-A91F48BB12A0,OWNER_25a8577ef9c4,1731,27D58B16-AB56-4999-BAB3-1F01D962ECB0
AB2E1AC6-02DD-425D-8BA3-FFA9F37991D2,OWNER_500605b9c12e,636,6BCB3176-ACC3-4182-827C-1F062DE53809
3A535B1F-3840-44F5-811B-411D7E1EA4AA,OWNER_5accf8e345d4,467,F2C6A0E6-AAA9-47BD-B3D6-1F07E6EF826E
0AC41394-4AB7-48EE-8254-F1DDE2D039B1,OWNER_250602a7df46,577,E94AF766-3466-4849-A5AB-1F08F40FE7BA
B68FCA1D-090A-8D4E-90FA-91A1B39C84DA,OWNER_f5e409c7f4b2,2755,E10B08D1-F52C-41B9-9E1F-1F1B90EBF9D9
24246FDE-A128-43D6-B983-A96257B04E09,OWNER_f1bc0334f58d,1204,8D2A9310-C9E0-4DFF-BA21-1F1C07A3974E
F1FFD15B-BB26-4EC1-ACA4-DC095B602CBA,OWNER_9760604cc931,1917,47653472-FB73-4A96-A14C-1F22CF4E82A8
26D2DA8A-016D-4DA6-9871-AC93317EAB0B,OWNER_1812f304f74a,1842,DB4699F6-08F7-4971-8DDC-1F377F79230C
21AB729D-6279-4508-9ADA-D197EF9F2CFA,OWNER_048e7239eb5b,2003,D4FFE871-7D4C-48DF-91C5-1F3B59D21BC1
90C2A39C-8414-4232-AF2C-0751F0FD13F8,OWNER_86d97ec25223,3513,0697FDB0-A365-4516-B9E8-1F46E7E3311B
92F645BF-3E28-5E40-8359-49EBB730F8BD,OWNER_4b22a4793ed0,3271,313D92EE-A748-4365-9C92-1F4B8043E125
95EC904B-5AD3-4CE7-946B-6365BA3D5FBE,OWNER_2d055d6b38be,590,0B5D8EB5-43F8-430D-AA5E-1F637E227360
57E20BAA-C0F2-4C31-A27C-04C5B2692F3F,OWNER_ea6f964fd0af,2429,60860399-DF9C-4C6D-AD96-1F67356BD338
35775B52-2007-45A4-AFE7-6ECF1FBC1772,OWNER_cb3fa8197677,249,53503C5C-5E9A-4D1F-BAD6-1F86211C7862
AFE529E1-7BE9-4777-8104-F1A652BA969F,OWNER_1e28538994a0,1150,FF8301E7-D2BC-4B4B-9A6D-1FA62C5C55FF
73F5B49E-F8D6-48DB-AF8A-8FFB174FB22C,OWNER_78fe3485c3ce,3724,A42F8C21-365A-4CA4-902E-1FC39C10613C
BCD82EB2-BB22-4E5B-959B-01A08644109D,OWNER_bd7a33c469fc,647,5DEA09A5-B911-4397-8B56-1FCC8C1DD619
6C6800C0-B946-DC42-9FEA-DA08E345F214,OWNER_cc6e89a0e7cd,2946,F8E9BE0C-B25F-4693-B101-1FDDAF98B9E1
7075B60E-80B2-4CE5-8D85-18679E256CA5,OWNER_83315fb30e6a,181,02BDDC90-3382-4126-B06A-1FF49FC8F77E
6058CF39-4B34-364C-9687-A986DC922534,OWNER_46b2ccc20bfc,3347,D2E08C11-BF34-40DD-AD32-204EA511D4B8
40D4EE55-67AF-0B4B-9DC5-823245A5CF4A,OWNER_b5986d4762ea,3252,6F58B7FF-A011-4FAA-BF70-20639B4C8A40
D2F4F068-5A39-4766-9ECC-CA5476122E2F,OWNER_a3ed4f529e82,2447,A08CB274-5447-4DF5-9DA1-206F83D1843B
39C72B31-BEBF-4045-B5FA-EDD93D1DD65D,OWNER_ec235cfb8b96,3143,5CFB9BC7-040B-4C59-828E-20860F57C42F
276F7643-B9E5-4E9E-8F16-A1F527CDF4E2,OWNER_456c1416fbc5,571,C36ED2A3-D3D0-431A-98C5-209FABBE2E21
19B79CAC-1DF0-40E0-8148-5108C08C6EBE,OWNER_de7c42f9c849,1033,D3003C95-3134-491B-B3C6-20B3BC11E21E
64BB2D70-5E46-4C88-B2EF-C7C894863C06,OWNER_879fd512b9d6,1600,315AD475-FBDE-45C9-80D9-20B9BF64063F
6D42EC77-EE24-4D36-A1B8-F1462512AC40,OWNER_4312d40714a9,2069,F9D792D4-66A6-49A8-A4F6-20BDD1B1D717
09985736-6B38-4151-A431-565C4C73F8E6,OWNER_fe200861c2c8,1338,2BA92E73-340C-4F47-87D1-20E36C8516BC
DB4D63C4-FA60-410F-874E-76BA9EA792E1,OWNER_0aa55079e0e5,1745,1C8EF5B7-90DB-486C-9569-20E72FB3A59E
DEEB67C5-2632-4467-857A-344C76CE4138,OWNER_1fc6782a3c3a,272,D709C876-827C-4611-B4EF-20FC3E7BD445
3DAE8BEA-6AFF-654E-9FA7-D8A6E70567FD,OWNER_ec98bc61c586,3063,A1DF6C8F-09AC-43AE-876F-21172795401B
BDDEC6B3-5169-49AC-8864-6AF63E9D2128,OWNER_0ae05ab558b9,1253,CB2FECC3-4624-401E-9E5A-211FC0DA9FEE
6E14F8FE-4584-44D1-9EBB-8002EA9371B3,OWNER_2f5573dcb554,3601,51A31471-2B97-451D-9316-212377EDBDC7
C1C258CD-020E-48CB-AAB9-23EC1B18384E,OWNER_f5828ae7997f,2192,74E544CF-2EFC-4048-AF95-21474FC9EC3F
A8660321-5059-4D2D-A5A6-B1C848A41594,OWNER_62520163dafa,453,953F9E60-5CE2-472D-BEAC-215FDF23EBF6
EBD3956E-ADDD-D242-B192-E5D09D6B9CA5,OWNER_e60c16c9f3b8,3427,251A9325-86BC-46FA-B20F-217623D8AC7E
4B6E1D2A-A232-4DEC-977F-AF3F85EA92D6,OWNER_e8ee3fa73176,1368,BD841220-1B04-406B-81F0-2185B4C44A3B
D0D740BE-2A8F-4C32-887D-4ED0AECF391F,OWNER_4013b41be931,862,0F4A0B3A-9AEA-4888-8D47-218A94F1691A
4299049C-1AE4-4CFB-AB86-DAD0555CC0C0,OWNER_8c140a2914e9,1518,132FED3E-1F28-411D-88F9-219FDE56FE2C
8CBB438C-058F-4647-B279-5D2D3C4E485F,OWNER_5e7df3a1f81c,2302,B64A36C4-75D6-4A8D-A042-21AFA6FBFAE1
D85B0BA4-AE0D-4AEE-8436-74933209394F,OWNER_74719796f3f9,3578,251E81C8-74CE-421C-9ABA-221470D7F72A
C71FFB25-4F47-4477-B7CB-B0CAD9817666,OWNER_17010100df67,2362,87C9009E-4CFF-4FDE-80E5-223479C484B1
9AB8E807-ADE3-4AC6-BFF3-01C2B1F34AFD,OWNER_9299df4e36af,1340,66C90285-9C46-44C9-91F8-2236843E649B
92BA3E8B-5A35-1A46-A20F-E99BF84B89E9,OWNER_3b9a15a29fa0,3078,E7A16A36-0265-4E0C-BEAC-2269B06E326C
540816E0-FF9C-4D8B-BEB1-F7FC5F4B0338,OWNER_fb4dd1686dea,907,322FDC9D-9853-4CA4-875C-226DFBB0AD3A
8CB257C5-A5CA-004B-9066-4E52C6707525,OWNER_409798237e5d,2999,3B8977BB-C50D-4326-8EAC-2288D7F6979A
FB948083-503B-904E-AEF3-106F06FFAAEF,OWNER_3e0a893655c7,3395,04A17AEF-EDCE-4CFB-98CD-22CB21E2EAD1
340DC08B-8501-4CDD-9E58-25A7E6373322,OWNER_6c6c827920a0,3585,65DE41CC-3C65-4B7E-A651-22EB7EFC46B5
D0817F70-C915-4020-9E22-FFBB5B223DCD,OWNER_b01d932eb39d,2256,96670BD0-F405-4673-90F7-22F31EDB28BA
CC0C0340-6D6B-0243-B53B-B70AED551945,OWNER_ae961d00745e,3135,F9FFC72A-72A9-4F19-A34D-23093F9A1AD4
ED588ED4-3F21-4B87-B87B-1CBA315FA369,OWNER_16cd849055c2,3673,7F497980-2895-4D94-B33A-230B0F18712A
EBEB863D-8AAE-A54A-95D0-3BB05403BD73,OWNER_e60c16c9f3b8,3421,96AD88CF-7C66-4140-BAD2-23937995AA33
32B27479-1BAB-4C05-96BA-5E8FBE228A34,OWNER_5c0b67c161a6,720,687A4DCF-9E48-4BEB-B321-23B12E10C08E
53D58C8F-6571-498F-BA1A-00E6B9616F11,OWNER_e584f8dacd42,3930,269F1F45-C01C-43F0-B9C1-23C37B4AEFB5
07282883-3C0A-4C0A-883F-B846ADDA95ED,OWNER_78ebf20c9c84,3713,0769A966-9143-4C00-9E2B-23C802A5E1CE
01E711F0-CDF2-5C44-9393-95B69C5546B4,OWNER_f06048932992,3299,1FBAE13A-8656-4E13-84B4-23F3445A8675
278B9830-F342-4986-A1CB-476D492E8D77,OWNER_71640d9779a5,311,159D5B03-51F6-4B71-A7CB-23F3A5DE15B3
1A5A78E2-F97E-3A48-B94B-A4C63A3726A9,OWNER_2e221459c364,3381,F65343CD-4DBF-4AFA-B8A1-23FF38FB5FAC
FDBFF3C8-76D9-A749-A433-0738A2E162E4,OWNER_c5ba687e3edb,2926,39A01CBD-2975-4CA8-BE14-24093C9264A2
2284B0DF-5F58-4EE7-97CF-DA8DE9D1BBAB,OWNER_346e614f4d68,299,A1EF383B-966A-449C-AC03-240F8A0644CC
12B6EF5D-E542-4148-854F-4D2BF28D7315,OWNER_de7c42f9c849,1045,84C53947-83E9-4A6F-99EE-241315122E2E
EAE1B889-129E-4C51-A2FA-28260AEE6FB6,OWNER_7293582db814,1537,55A73BB8-755B-4B38-B116-242933FD8CA8
426D772A-B99A-42F6-8D58-A890F92A383F,OWNER_f13cb7207b19,257,CA1B64F0-7C27-4491-862F-243C4591A706
438E1523-F981-4598-9831-D5B37CEBCDF8,OWNER_a9c7356819ca,1795,68E50B0C-3FBD-43E3-8C70-246C4E4EA6DB
A4B167B1-8CB3-416D-B7B8-F4184D443647,OWNER_88c36e39eb1a,1458,70B22FF7-7158-4CB1-AD87-247B702DE2DB
D492D947-C1E8-45E6-8524-355165B1234E,OWNER_e74253f61e4b,3597,0ABFF7E7-ED4C-4175-BF04-2491D1F00E59
45C0D50E-CAFB-4E39-81DA-CC2D4AC11C2B,OWNER_d2de89098060,363,88BFF0BA-47CB-486E-890B-249708843425
FEDD6B28-E292-4F85-9699-40B3E798010E,OWNER_cd39d4cca6e1,824,71AAC6CC-D17A-41DB-8D1C-24AC842910D5
12B8D9B2-20CA-4609-B269-0B3A7F955EEA,OWNER_cd0011ae5877,746,BCDC01CA-069A-4BA1-9A44-24BB0B46BAAE
01C83D75-B57C-4C80-A869-5072FAD886CC,OWNER_394d97be199d,1481,D4FA019B-0600-4045-BB75-24C653DF2C5F
63C01A7D-0D13-42FF-AA8C-7E9B14008ED8,OWNER_c612eaeea4c2,2482,51EDCF96-4F54-426F-9817-24DCDB9EC5E8
5CB20797-C0C3-4EB4-A621-924A769A1D44,OWNER_26ae04bb443d,1555,7BE14A1D-50D2-4926-AF50-24E4BE1AE06A
B1F006F7-5A81-4E02-B78A-2E6422E1C85E,OWNER_26d0d8febe96,858,86CBB032-E798-4541-8810-24F18E1E25AB
FE7EB16A-8947-4C08-BCE1-709521B2DA7A,OWNER_e754823373ac,1165,CED0FD70-8970-44FB-873A-24FF08451574
C2624FA4-0CE8-4EDA-A757-088A1F14779B,OWNER_1aa5fdded7d0,1760,9B6FD207-5D36-458A-BA69-250134CA733A
B58C80EB-83DD-4F6D-9B04-C2C796F2A37E,OWNER_d23ee43a4fcc,692,F6D6A530-CA56-4211-A2FC-2510E496C343
83DFBBCC-AC2B-4D19-AB2A-078BB33C0293,OWNER_46e4a2064101,3664,BCBEDA82-F666-4481-92A7-251108A3E2B4
6E1CAC68-F319-4051-9EE7-BE507FA34A48,OWNER_26ae04bb443d,2707,7998B10E-6A41-483A-A7E5-25153C5B2A3B
4937AEA5-5718-5D45-8FF2-4E9295EC6311,OWNER_f9344adc92ad,3533,F01A9BEF-9505-49F2-AD34-251D265021FD
410470B1-6038-42DC-9172-9153FD95B731,OWNER_4442e342fb21,658,80CAC4A2-546A-4DA3-8E3B-252E1BCDAC4D
09441652-51F7-4447-B4FB-716765F8A027,OWNER_5cb9296e329d,872,FC48D9C6-E58D-4589-A981-252FE57CE0B9
1A8303C6-66DD-46CE-9BD8-1A17BB8F0C97,OWNER_2f3075de366a,434,A5AF2903-3323-48DB-AAFB-253A954924ED
878C6724-4A73-42F1-82FB-02F4047B0264,OWNER_9fd7877877eb,2650,10E29AA5-1656-42D6-8BA6-2573FD100102
9BABC782-266D-4E57-A8D6-969BEC5B295B,OWNER_792fcf0844c8,1146,258F00B3-F38B-4E85-90B0-258B639B2D37
FEA14376-4A33-45F5-8232-D4D64ED24B7F,OWNER_1984f12524f1,269,9150EFB3-5182-4B82-A7A0-258F7ED8AFAB
2FB9177A-651A-4EF7-9B2D-18B3CE6329C2,OWNER_826bdba5a89a,686,4A252063-F225-46C5-9EA3-25A0C32975DF
56C3E835-E801-F44A-A03E-053689AD4538,OWNER_36d36975a04a,2823,56FEA408-72D7-409D-BF9E-25A804559603
78F4987E-718F-40A2-9B61-B28CB1189881,OWNER_21252b60aeb7,2535,40625CA7-D77C-4ADA-9D9C-25CA2AC9321E
929C5C02-56C3-8F42-ABFE-498076B7BDCC,OWNER_f06048932992,3304,94EB4BA0-27DF-4E0E-95E7-25D9FFD6738A
CC3BF62E-9528-49D1-B48D-B1DF898BEF19,OWNER_9e4b5d98c04a,761,BE03C97C-B9A1-4DB5-9127-25F09835452B
6D049CD4-EE24-4C2E-A234-736DD29A1A74,OWNER_a5a79aaf9150,211,3BD21699-0B24-4006-A114-2604A0740C09
69777D7D-E5D4-3243-B18F-502020518A1E,OWNER_9273928ea21a,3289,228E2AE3-29F9-463A-A226-2606A301BA87
03577750-9C36-4E1A-9917-716820CCB1F0,OWNER_c04925f37eeb,3666,602F48D3-210B-4B65-9D32-262348ED81F2
55DF45AC-5A1B-4DE6-983B-CB23B7C72C3D,OWNER_4d1e4d8baa35,966,C729EC83-0752-444C-B78E-26261D84760D
2E0C8A11-763B-7F43-B1E1-CA92CC8CF6FD,OWNER_8c6fd23a70e2,2820,ABE737AE-0463-43BA-A596-265BABBE94A0
0351FE9A-3ABA-4713-AD3A-11B7CC3A1D09,OWNER_8b972c83fcf7,1156,788C2357-BFA2-4FE8-922D-2685A1528658
076DBEC0-4F85-4FA6-BD6F-3E8C20E181A8,OWNER_3fb67acf0f14,371,4427AB34-52ED-4F08-AF69-268B4C17DE5F
6806886E-B0DF-4CC9-92A7-191EC5E8A358,OWNER_ab3fe52d9303,2239,42A01C11-CFD1-458A-B08C-269BA70B5B92
777403A7-3C68-41DB-8C8B-DA1BD6E83988,OWNER_d83784895c21,1755,17B1BBA4-46B8-43AD-909C-26DB648212D2
E564C5D6-8295-471D-9D8B-2137D6F88EDA,OWNER_713ca145e52c,162,F7261D71-5129-4D71-A9E7-26E22A4AE203
84B0CFB7-9199-3A43-8BAF-16FFDE3B0457,OWNER_a2fc0ff01db0,2987,962F2FB0-B85C-4AAA-B56B-26F8DBAE7AA7
48F2C89E-DFAC-49B4-A92F-297EA054D747,OWNER_bbdba4faee74,1142,3096C30C-AA76-4E3F-82B9-2738921B924E
101FF573-7043-48CC-82B4-147217451A63,OWNER_35daf115efa6,2304,319D890F-97D0-4D5A-A73B-27419098C486
913F807A-B4A4-4928-9B82-D6C0E0D22B57,OWNER_a36ec4f3b346,1895,05B0F114-D9EE-4441-94F6-2749851A17B6
1F3C7679-6E31-47EF-B042-6BA575B48AD3,OWNER_dfdb3e814354,1377,8A847FC8-6761-49EE-A2CF-274F4980873E
F7F3990F-3ED7-4B18-8BA5-E9ABD9D43722,OWNER_cd332d7d80f7,767,FE2C7AFD-933F-457D-B004-276BA293EF28
5C602AF3-C523-403E-A46B-CED9683ADC90,OWNER_7a55bada9bfd,2051,B82D61C4-94FF-426D-BE0A-276CC6397527
474270AD-B0AD-4466-820D-1D89AE43621B,OWNER_b7eb955a3220,2091,2920AAF4-AEEA-41A1-BEBD-277DF5E2B357
67160928-7B7F-4731-BCC9-B76862A2734F,OWNER_5c0b67c161a6,1108,6E12C83B-78A4-4B83-948D-277F90F50872
5A0E2422-FBC2-4E27-8897-7CB89A6478B6,OWNER_676578be3014,3933,54E146ED-E664-4790-934D-278601F68FBB
725E058B-F9DD-40AC-81DE-9DBF895B7EE7,OWNER_2e7bc50b6932,2632,66726F37-50BC-4E6B-8E2D-27AD7127D131
A797CE7A-F052-48A3-A88C-008F37E0FE79,OWNER_4c0191596d4c,783,868034AC-C865-485D-935F-27BEC890D858
F92930BE-F7F6-4927-B970-C3DE20C8DEFD,OWNER_562792ca700b,3120,8B5B39DC-66A2-49DC-B50D-27CD0516EB19
E5258400-1296-4C03-B8B3-7FAE6F1B3AF1,OWNER_bf5952fb09cd,336,09A92FE0-FFF7-4FB5-B445-27D6AADD3DAA
A2DF0ED2-F12B-2940-98F8-07B7CB367951,OWNER_3a1303c92b80,3021,3061CD65-5A2E-4093-AF37-2814DDBF8C94
DFAFA75D-CBA9-44B0-9CB4-B12C6EC41172,OWNER_bce4a6d6abb2,2733,AF0CFD8B-F103-476F-89DE-28235914BF60
CA7DFE19-4CC4-4B75-BC61-8C56C505A504,OWNER_f8a56271dd95,411,F6360E62-C0CF-4C2D-924F-2824261943B9
7836DF72-BBC4-45C3-B733-22219AA6EE54,OWNER_88c36e39eb1a,1276,B9006636-4B6C-43C4-97A2-28294FF7F64E
14604ECC-ED42-4495-AE06-9E4690546DAF,OWNER_b5efce95830d,2417,BAB8259A-A479-4B65-A91D-2848F948B452
359669C8-5742-487B-93E9-FE1993E04F9A,OWNER_46074f0ea9ce,2166,45B34F4E-DEC6-4F09-8CFE-2869C1AA319D
D9C3344D-70BE-4ECD-A18F-14CE701DD78D,OWNER_ad8ff40ea3d6,2594,F8BE2032-EC5F-4E92-A64C-286BF46AB213
2CD0406D-F5CD-4E6B-B239-FDA6E5AE4CDC,OWNER_c9aedba8b03c,1501,60BEF937-7F3B-43ED-A167-287A05F30D8E
E9F26C23-C2D3-4DB2-8501-786CF29C8B2E,OWNER_18b7632e00ae,1978,F71D7B79-0271-4461-AF77-288AEB65A413
B6F1556B-4D94-40B1-A513-76A463224AA4,OWNER_a7efa7274d2b,1680,B8E25125-0E86-4538-A3C0-28C95BD940B2
9DBBADAB-DAD1-4894-8C76-5FDB5D075DBB,OWNER_1925bb7ce880,913,32CE6B64-719D-41BA-949A-28C9E68AB529
746DD78F-1BA9-44F5-9209-448FDA320BBE,OWNER_766bae64851f,420,F4ABE299-CB43-44BB-B03F-28DB50BCB7E7
9C8DE8DE-DBF8-43C1-A23A-3EE70E96F480,OWNER_2e0825b877fe,3441,982C9DE3-E0BA-4757-AD5C-28E0D0B772F3
B9364DD2-DFDB-472B-AAB9-8951A953FD4E,OWNER_2cb82a0b98b1,2409,110FA0EC-086A-40A9-9C17-28E2805BFFE5
30A88E7A-4471-42B1-BCDF-8AFC92EBF3BF,OWNER_ae78c80bebb8,3451,DFE45B0F-22D8-461F-B740-28F1428F80D3
2CE121B9-C33F-4DAD-895E-931B5C433684,OWNER_cd2eaf7c7b43,334,610E2007-0CAE-4AC7-8ABB-28FCF8BBE099
FFDE9740-2BCB-4671-8445-568482E56ACC,OWNER_e222fca7ec31,2230,56418629-BD73-4EC9-BD0B-2900A69F1B5B
F1762B23-C7B0-4D00-ACDE-CF5FFAEB672F,OWNER_8b274d8b5d4e,1268,125CA1DD-06BF-49DA-B32F-291389B9F28A
F390F252-81CC-2441-992A-90259255F62B,OWNER_b1da2c4ebe49,2962,377B7F04-DFA7-4B72-8C58-291E7B66473B
E4015A56-4D76-476F-95F5-C1859BF4CFCC,OWNER_2e7bc50b6932,2629,979FE035-761B-4FF2-9328-2927FC048FED
A5FC6089-8AB2-4301-B11C-03985951D96D,OWNER_1ff1d4af3d62,2445,1F37BA09-BE32-4E5A-9131-2933C84BB526
53062619-E106-3541-BB7F-47B8BCCC742A,OWNER_0421cb1f117c,2838,83CA0A59-1506-4E7A-B24D-294662B3113B
69EADECD-8E34-204E-9472-53201894D3CF,OWNER_48c9e88340b3,3368,48915D8E-F5A3-412D-A867-29861A18348F
A416A95D-B17D-4383-BC91-D3F31613F047,OWNER_f8bb35c1552b,2399,76B2C00F-F7DD-4B11-AD25-29912CC43174
5F85520E-CE3E-44F7-ACCF-1D67133477B4,OWNER_a0724c0f03f7,1102,68D92B53-66A4-425F-982F-29947F26F2DD
46C53CB0-2553-44BF-B29B-57CE7FBFA59F,OWNER_2b53ec9976fb,1257,F7B05AE0-702C-4543-9A41-29B10ABE4512
26CE93CA-964E-42FA-988D-3BB984916366,OWNER_8f97349b5a87,2724,D056F3BD-565F-43FD-A7B3-29CB2A769419
36C98305-D9D2-42E2-B697-FD11CECCCFE0,OWNER_ae78c80bebb8,3456,19DC4C2B-5D23-41DD-938B-2A20F2594F1F
066842BF-327D-4923-8052-025497D25B81,OWNER_aab71181a83e,808,3310EF37-1319-4633-A481-2A27B649C921
03807083-C5CA-48BD-9B85-ECF42B48A9C7,OWNER_ae78c80bebb8,3455,383CEFC5-DC4A-4533-B108-2A392CE381A3
0DDB7ABE-0356-41B3-A7FD-53AA26D61D7E,OWNER_7382e9e6427e,2048,1A087D36-5DDB-49DD-A33F-2A41EAA11C52
8D2FC9C5-32BA-4026-A032-1F13C7B25166,OWNER_e754823373ac,868,96CD9945-2254-4E4E-AA6B-2A61C7712D6E
FFB4DFD3-D6CE-4EDA-B902-B776AB05E680,OWNER_01a87ac7ef57,3660,1F4A4C2E-20F6-4250-8D4F-2A78FBD7F53D
1DF5306C-6A5F-4FA0-A920-5C2588AF289F,OWNER_71de9771f855,45,C6612C0D-7386-46BD-A0F9-2A8BB8E09DAE
C11C7C56-2D07-4605-845B-62D84344DA84,OWNER_eefb4fac3fa9,1565,87ED3A01-3D38-4525-B8A2-2A8BF9B88DAC
A03CCF73-FF64-45B5-9030-280FE88352E9,OWNER_b6f1a0a538f2,1802,8B823BDA-26F4-4867-999A-2AA0AD814B1A
84064426-64D2-4895-BC68-AFDDF8FC351C,OWNER_8020f6b03208,1347,C4502777-6E50-4558-86C2-2AB426AE4FAF
D6586F6C-AB86-4FCC-8CA7-E210AE235BFE,OWNER_0af5594714e5,3634,790C4ABF-4961-4B6F-A724-2AB61B634F7F
2DD800CF-B58C-40ED-BC6B-613C5AB040F1,OWNER_ec235cfb8b96,3148,0881CDDC-4CFF-4862-94BE-2AD22DED00CF
235F3E64-C47D-47CC-8D5C-B0FD52DECA90,OWNER_8cfe795848f9,3088,F36B0E75-EBAF-4307-86CF-2AF1AFE128D1
2C20FD80-1389-471D-B9E7-F87D8D40BEC2,OWNER_e754823373ac,1078,7CF7661E-3D54-4CDD-8253-2AF56CFFE632
EA284A2F-AA66-4D56-9163-A4E6C3ABCF21,OWNER_469da077b7ee,1710,CA50B73B-DB07-49F0-BC56-2AF760E843C5
BC8EE4AC-E342-41CF-8940-4271576862AB,OWNER_e754823373ac,925,1395F0B6-19E6-4E94-A0AD-2B112E9296F0
868F23BC-48B3-487B-8F78-F6AAF2680706,OWNER_2ffeab492f83,2119,F3A42378-8CC2-43B0-9C41-2B1B7A09F332
28CDAF8F-F42D-42F8-AF92-FEC313A2926C,OWNER_e32c787cc2c7,1026,5F45E5B8-0037-45F3-8B62-2B6BECEC43FE
2DD3AEE9-22C2-4B8E-A5B7-43FF615DB8DF,OWNER_eee4d43895a0,1942,287A40B5-7367-4A96-B50C-2B725F8FA023
377CAAFD-3C0F-48EA-9C6D-53B65432243D,OWNER_1f9dd2df5335,517,BD3C8ADF-7CE4-4CF5-8377-2B95E4E83062
2C8A843D-634B-4A9D-B04B-3577A6AE8617,OWNER_32d46a061e55,2637,F61A96B8-F745-41FC-8C7F-2BB9DB0562DD
6543EFF7-1962-47EB-B9AE-1D9FC5D65014,OWNER_84348846b753,2579,2EBE2E84-9572-4B14-AA62-2BC8E6802E78
F0BA75BB-4473-4F5B-8929-C0CECA8F46BF,OWNER_b8de5519f4d1,2599,4D6FB6C3-32FF-4C87-922A-2BD29DA1C94D
45780270-C553-534B-9CC3-5474C1CC7D83,OWNER_1791f7a1ead9,2740,7B0E3349-4188-409E-A96E-2BF47C1C0972
B6902933-C81B-44D4-845F-56F4384D4B3B,OWNER_feb2ee3263d7,1315,D84C2048-9D5F-483C-9CFE-2C2D513387B6
F74F821A-861C-402C-824F-9E1E3D3D618B,OWNER_8b274d8b5d4e,1453,BD02D18E-FEF1-4588-B16A-2C3754BB567C
14C29F93-482A-4854-B73F-C68E00B6C115,OWNER_73d2db5ff9c0,789,D5236C6A-E602-4B27-91D2-2C3D1FEFBE01
9D59F42B-FFBD-45B6-ADD1-13B7CDAB40A3,OWNER_f0304872832f,1810,43D14E3C-5A0D-403D-AA51-2C5613D1F37E
27A775FE-EB0E-9A43-9CA5-7DBA13F59EDB,OWNER_a6f58ea5429f,3400,72817347-0A16-46B0-A9B2-2C56EA2F0929
981B4979-022C-43AC-B052-90F89685A873,OWNER_67086f46d31c,1149,A1D70ED3-D5A4-4917-8EF8-2C58878F10D9
17AC8C2B-C283-4D6B-ABFB-76CA065E3EB4,OWNER_b01235b7326f,2725,0DD8BE84-9581-4B42-BD46-2C5AB4A79A00
15A0A11D-E44D-44F1-A642-6806AF74ECBC,OWNER_e46bfffbe981,2392,192311D5-3EC0-44BB-9E83-2C935B839BED
E1A38E6C-63E6-4F57-96DF-BCC63C639A38,OWNER_cd2eaf7c7b43,332,B0D4AEF2-4044-4556-9621-2C997302D893
310DB2CB-3C97-465A-8E04-653F29084713,OWNER_6d8c545afffa,1252,A6EF757F-5581-44BC-B698-2C9F0543C182
096B1C8E-8263-4E71-88FA-480B142727F1,OWNER_d5b480df6bb7,1956,599C06D5-4FE3-4806-B8CC-2CA8295E74D5
D63F62EA-C7B7-4FB0-96AB-3654E537F7BD,OWNER_7762f7d12700,2150,8EC75143-8B42-48B5-8B1E-2CC157DCD9BD
02E04D0A-7AD4-4751-9DEF-7AFB4B951582,OWNER_f0cd214e2a57,228,DBAE7B3B-81BE-4C26-ACC2-2CC251027340
500FF065-F241-408A-9F27-0035B227F445,OWNER_e33f0da513c9,3754,13472AE2-C46F-47ED-8799-2CD17690466B
9ACD4220-D472-492A-BFFC-F505426481D3,OWNER_b0f54e107f51,2561,850B2E2B-B721-41D6-B012-2D062F8401BD
374375E8-F0CC-49EA-9FD9-B4020AA5E693,OWNER_2cb82a0b98b1,2408,373C7837-7FBA-4F59-9CE6-2D0FF97D8E28
0401950D-7599-4022-8745-24B7C225ECCC,OWNER_d5b480df6bb7,1954,8C08BDD7-645B-4F0C-B1DE-2D160F9065DE
F8C1847A-C27E-5A4B-AF8B-10F7B2F1657D,OWNER_c86ad5ae54cb,3375,F9A74E99-A751-4F29-AC72-2D284C9BAD1D
AEF17340-3C0E-4E98-984E-DE632AB1F0BD,OWNER_c5be24858fb7,3139,89121B01-7E20-470D-9BDD-2D28ECA569CE
1BAB052F-B5E7-45FE-845C-8879887D9208,OWNER_2e0825b877fe,3443,034F0DF4-E355-4BE9-9EA2-2D2D86720290
53515ED6-588E-6F42-9AE4-094C6BFE3764,OWNER_3a1303c92b80,3023,5C50C599-96C1-43A3-9E2B-2D3726D9C6CC
711EE5CC-D9FB-4D53-BC99-ABC7299C2FDE,OWNER_ce1bb13a1144,1523,22A1A8B6-7A0C-4574-A871-2D4013335013
7C633204-CC5E-4357-A870-D1310E0F4896,OWNER_91f386d85c3b,2538,C416EAE7-51F9-414E-AA3A-2D4DDF6FB02D
04162725-210F-954D-9BB5-8357A9906A3D,OWNER_0def80f7d3d3,2917,5BFFC013-B7BC-4A0C-A9C9-2D500D9618FD
B0F21452-09C7-459E-B242-9B278928968E,OWNER_78fd5a5da6c5,2467,8CD3B91A-EB70-431F-A4BE-2D54F67F3AD9
EF5F2218-F921-46A2-8877-F49008809E22,OWNER_e222fca7ec31,2211,54B62D42-084E-45D9-A8FD-2D6125577187
47564A57-F897-402D-8553-ED6D66060753,OWNER_0ccae2367733,2272,7D9F9783-FE8C-4CCC-842B-2D75B9C19EE4
D77B8CF3-038E-409D-A06F-493E3D150CFF,OWNER_88544f45511b,2460,0A1783D5-F557-4F25-A763-2D9C9136D3AF
32C58709-6DA8-468F-9E79-958814F9CF56,OWNER_0e331b4faa77,78,2B1D9C5A-7B55-49E1-9702-2D9E7108E8B3
33B15AC2-73D6-4E8C-ACC1-AB713DF0524D,OWNER_b21495c7a8e7,1271,FFF6749E-56AB-4897-BE33-2DA4350D72BC
247B71B3-91B9-4A76-9608-FB12069B6E87,OWNER_bc17bc0c46e9,1522,BCE19D50-2114-473E-A670-2DAA18EC2A11
A3A4923D-DF35-6642-A14D-A1470148117F,OWNER_05ad25ab5004,3259,66919891-9590-4492-B78D-2DABE3A73D86
A0A40024-ACFB-47B5-B157-E8DC3CC59EF7,OWNER_067e901a65c9,2718,9C1BE4DE-9B3E-424F-925A-2DCAD42C8D37
2474A6AC-8545-4B69-BA83-4DE0627EC7DF,OWNER_43a247f1ad01,910,32DBBF2D-2FF2-4955-8F72-2DD6B64DE56A
186B7E09-4B0F-D145-A053-AAC21ABAD4E7,OWNER_f06048932992,3308,EC712E07-99D4-4B51-9FB5-2DE0E01A1A50
71F7BE0A-A4E1-4216-BE5B-3C8A61F6E0D1,OWNER_e222fca7ec31,2207,374E549B-7030-4E44-8D04-2E198F8EADEF
C0A87D6C-5EAB-49D4-A516-8ACB81AA547C,OWNER_a3aa807d2dd0,444,551043D1-5403-460D-9756-2E1E4C1CB33E
4F364FBD-F833-2540-AE5B-9ADB372DD57B,OWNER_751e090ab481,2961,23E379FE-EA0A-430F-9B60-2E2971189098
CBA936A7-B58B-4C3A-83B3-51ED3415693E,OWNER_9760604cc931,1921,300D5F5C-7905-4D6E-BF1D-2E38F9EEC83A
AD96F2D9-D0F8-4FEC-9E38-ACF8E9D744D2,OWNER_7762f7d12700,2158,21EA16A6-61D9-4DA8-B709-2E86068F4609
DCFBBA03-F38B-5E40-B7FF-B20FE6858ABF,OWNER_2e221459c364,2989,A54BE0A3-4832-493E-8BD8-2E9822480198
BFC287C5-ECCC-4911-BB15-EBC03D0037CC,OWNER_20ac838158bc,943,120435A6-4594-4F3C-97BB-2EB4C4C4D399
4B53D203-57BC-427A-9929-574A5EF749BD,OWNER_ed66ff5332b3,887,AC84E0A9-F378-45FE-81EF-2EBDC539FB7C
FAB9331E-D331-4A1F-A1A7-6054741985EE,OWNER_70488e52a935,1332,DF07778D-316C-43C2-AAE4-2EBEB70A468C
BE333324-4B4B-45A2-86B8-101432B7AEE4,OWNER_e754823373ac,218,E58A06D3-927D-44B9-9AC7-2EC8A0D83AF3
2A2F61AE-DE14-415E-A6AC-BC8B26F395A7,OWNER_402dccca4109,3511,2AFE850E-0796-445C-B95C-2EEF660F8898
A335EC7E-3A6B-4C2F-A775-FDB5C13A90FC,OWNER_3ea32e16dabe,442,5B4E8219-A83E-4F08-8065-2F0E6E09191C
EBBD7F12-F9AD-43F0-9A5A-00232E70C0BB,OWNER_78565fad4c73,3472,9923DFC0-CFCC-49D3-B2DC-2F18A12A5FEF
E036C53B-5071-4380-886C-C0DAABA226AA,OWNER_e41a716a7ee1,2201,D4AEEC50-8A21-4743-9AE9-2F4AAF919652
E9D8067E-59F5-7349-B7D9-257413850B2C,OWNER_a3893e9ced78,2854,E13FDCD9-EDEC-4D87-A286-2F503529C367
A6686D89-0D5B-4B00-9EAC-CCEADCBD9B0C,OWNER_5d42b18df75d,509,3BABB24E-81A0-4043-9F18-2F51A1EA2F73
287C7FAE-100C-4887-B5CD-C6F449783B30,OWNER_26ae04bb443d,2173,ADF48041-BE88-4357-BA49-2F5912100DC9
1274F980-C57E-A542-B22A-BAAEB5244ED0,OWNER_de32971e3650,2958,CAF1D8A0-DC00-4DBC-BCC0-2F592976D483
56D09E5F-E3F5-47E3-A9A0-EBC9C783FE95,OWNER_cc574a39fc99,1309,BD4FB3B0-F94B-498F-84E1-2F5A8E5A148A
EB9F8E8C-51C0-4C3E-977B-128BEF4D49A9,OWNER_7762f7d12700,1586,4CDD3DD4-EAA5-45E4-804F-2F6F7ED42366
840919D0-F745-4159-B6FC-D7950E16B264,OWNER_09457073a2e9,365,BC927077-4ED7-4A8D-A96E-2F74C8619601
ABC4EA3D-2D7F-48C1-A2CF-5C7A14FA56D8,OWNER_aa8ea45d6d4e,1789,4BB49488-FE59-4AC2-B43C-2F9A1C062A85
39A8D8C5-A643-4177-B6C4-A99AF3C0F50A,OWNER_8020f6b03208,1343,093C263B-DB5B-42D5-8ABF-2FBF6F330CC8
4EF3911F-06BD-4880-8997-400EBB63A456,OWNER_905558b29338,1431,3940D1A2-5BD3-47A2-9AF4-2FD063873EA3
25CA614C-3DCB-4733-89D1-D2F0918F72AF,OWNER_181d9d31992b,1568,64F012ED-D265-41C2-9258-2FD9ECD79C55
27EF5759-023F-F246-A8DA-66C099F858BA,OWNER_3a1303c92b80,3073,6524C36A-D83F-40CD-81DA-2FF23CACECCC
1C4847EF-66CA-464D-8F51-74E680389408,OWNER_48c23fea151e,2283,49E70EE3-BBFE-423C-8DD4-2FFCC4B6598A
9C133038-68D4-473D-A7C8-D76BD22C63B2,OWNER_cdb850232139,2006,76051844-5CC1-40BA-8011-2FFFBA3593E9
6905E90B-A989-4C10-AEEA-EC08B52CF2AF,OWNER_a99ce4e10b68,2060,1CCFC2D6-8A7C-43C9-BF41-3004867B7FF7
468372F2-828B-0C4F-B715-069F516C04DF,OWNER_e17edd75ec7a,3739,ADB263AB-56FE-4133-AA8B-3026F519483C
1CCC821E-54DE-4CAF-9989-9D40212A7B48,OWNER_cc574a39fc99,1450,BE3CE8C4-187E-467C-BF79-302A4D63CE23
1CDA7FC9-C03D-42F0-9C8C-E1852300DFE5,OWNER_6d8c545afffa,1243,53E1E28F-9D02-4E44-B028-3033A135234C
F37ACC4C-C121-40C7-9E5B-CEF4C514E303,OWNER_cd0956bd5dd9,1179,624D51B5-9A7D-4401-BAB7-305032F25B92
A05F62C2-FA54-4602-A823-05EAEB03A18C,OWNER_329a5b4cd955,3082,360D5F9C-4265-4912-AF96-305B5BE89A2B
FC3EEC44-7094-4790-9FBD-2A26F11A1F8B,OWNER_fefc1378ca98,1930,B9F366DC-37B6-4A0E-90EC-30614C91B49A
37147272-2925-44E3-A0F6-C751F96E8910,OWNER_4ff9bc388512,141,C3B3983D-B19D-4EA1-BF84-306A12C2DE0F
28DC3C63-1558-BE49-8773-6E8DF9F9C307,OWNER_b91c334ed518,3409,992E64D0-5606-410D-AD8A-3086D58BE6DD
397C93D5-0F39-4767-B042-5779A8314257,OWNER_8020f6b03208,1463,7099F7ED-1926-44D4-9CAA-3090149437A4
D590D7E3-EEEC-4C9E-9B22-9CF31862DD72,OWNER_1aefa2024e90,2275,6B4FCC35-4426-48D9-88D1-30AF030C46E3
6CA95B77-4861-42B8-8D76-426A7F687B5D,OWNER_bdf74effcf76,2035,44E109E9-64BB-4009-9D2D-30BBF9F589BC
28B1DF2A-17F7-584C-85D2-75FE57A2EADD,OWNER_00ae778ba998,2772,A63E8101-53FF-4845-A574-30BEE782A9B5
18461E93-74A2-4066-9F63-FB09E369E0CB,OWNER_48cb7cae848c,1175,B0AFA314-765A-4B5F-88B8-30CF5351D2A2
23D3ABA5-FB10-41C1-9BDD-E6273E7F24DE,OWNER_7c478249f508,664,16DA8EAE-9AD7-4032-9F59-30DABAA297B6
2BF6BC24-59CB-49B7-BD86-C903ADF67ABC,OWNER_f70b65e315cf,1517,57C3B862-BC3C-4E03-B019-30E44DD9DC7A
7D79461C-6A8C-46FA-9015-C89D7967DA6D,OWNER_121d5b6946df,2380,941503E5-7311-4343-BA04-30EC59EF1184
5F81C854-AD89-475C-BCB0-76D9B62B5980,OWNER_38cf3f20073c,119,61B7DF73-98C7-4EE2-9D20-30F15F70FCCB
0E1941EA-161A-45EA-A795-925966FEF214,OWNER_8943321e2ff0,3918,0F618633-4564-4D3F-BEC4-30F3E4A2CE9A
6478ADA6-14BC-427C-AD8D-8242F650C18C,OWNER_a7efa7274d2b,1566,BE85E9EF-FEBC-4E71-ADF8-30F8C9B3C238
27F086B6-9542-324D-90EC-C86AC71B619B,OWNER_46b2ccc20bfc,3344,B70D88AA-8970-462E-A3B0-3101C145651E
7C5F6DC0-A7E8-4E5A-995C-AAB951C5D1FB,OWNER_cb177e3abecf,2494,9066BE04-6868-47F5-A41D-310A50348AD4
9E72666E-25DC-4E58-9690-970DBCCDCB4F,OWNER_0f07350b1381,2097,A4EFFD67-BFF6-4EC0-B46E-311660E806F5
355F51AD-2205-49EC-8BA2-79BCA64D884C,OWNER_bb7f0fe27498,3565,8D5FE3A9-C1FE-4B86-BF76-311BA670865B
6C4F39E6-D39D-4AB5-8A4D-3E0F77033F13,OWNER_60775d313923,581,14F2DA74-D868-4026-B602-315E78895FA7
CFFC5384-17CB-9942-AFF4-AA6AD926D7D9,OWNER_b5986d4762ea,3253,13B79607-BB44-4D78-9422-31782ACFA752
10A3AA45-938D-489B-809A-A3A09DD4FB88,OWNER_456c1416fbc5,564,600F4FDE-41F7-417E-B62C-317AD402381C
8311773D-58E9-48CD-BA17-9D8AD114211A,OWNER_e222fca7ec31,2232,0C0C23B9-8C7B-4C5A-9010-317B02CC7144
8F4B0A1D-03B2-474C-B714-A3618B70C151,OWNER_78fd5a5da6c5,2469,41120986-09BE-4E40-94FF-317CFACBA373
22FD6FF9-26AF-415B-AB02-E0F6B344E11D,OWNER_0901bdc01da6,1263,A0416807-8593-4D51-91FE-31AC37873C4D
1A077BD4-6D97-4F7B-8B74-65C8C747098D,OWNER_33f9c78465bc,906,B1BE97D6-5D19-46CD-8867-31DD1B11FDCF
DD003C5E-B9C3-4B35-8124-489F50DE3339,OWNER_115ee602466d,2978,DFED492C-8D29-4433-9596-31EB54F369E8
04CCBD0D-A698-4C35-9AF1-6BC28065FCAE,OWNER_5cb9296e329d,871,E2003E99-0FBA-4952-A0AD-31FA53B9CBCC
A0759278-5347-4CD5-A289-B5A258BAF68B,OWNER_6c24646ea9ce,624,4FA4CA53-3483-4F2D-BC7C-31FB2401165A
8FF812C7-29AD-4007-AE2C-4E459941E597,OWNER_0a3c1d0aa783,1429,C9C579E2-967C-4578-8259-31FB36CDA83F
78E2C5BB-9210-314F-8BD4-50919376445D,OWNER_3a1303c92b80,3070,94E14736-4D46-49AC-A255-320712CD9041
1E9E4256-B5BE-473A-B576-C5009225B4D1,OWNER_f5206e4eb9f0,2665,F1D49004-17CB-40F3-A38C-321CCFFA052C
51EB84A1-D065-46EC-B106-9E12F22CF1DE,OWNER_250602a7df46,977,29EFEB6B-7E25-4B54-8AE7-3222544187F8
3889E9BE-3FE4-4B1E-8B9A-96FB814AE9AC,OWNER_8118c8464406,3642,0AC67A5F-E09A-40D0-A115-32287C7252D1
499DF697-7318-4DF6-97AC-9DA7B1A55D47,OWNER_12941d89ca34,3486,32B2A551-796D-410F-B328-3236930A1421
670254C2-F5A2-4140-94A6-79F2CBBEB059,OWNER_52a69503581a,2138,8376E0A5-CF16-4DDE-A80A-32418AF2DCA2
A0FAF7A5-80AA-4871-88F7-5E2CA87E84EB,OWNER_3922d52b523c,2528,B7A840C3-0A3D-4B67-9049-327779E2A8A0
4B88F452-1B69-4F0C-889E-127F22811DD0,OWNER_e7b129c495c7,2271,8F994BB8-EAB2-4111-A3E7-328252A561AE
879C33DE-43F3-48B0-9228-AE33C2802E9B,OWNER_119bbabdb567,1130,C8255373-5FA8-4AF1-85A4-3298B17DE359
C8A569A9-A0BC-4E53-A49E-58C1F410AC2E,OWNER_1124f0a4e051,2345,F5FD52F9-2CC3-4249-8EF3-329F5DA71C23
10A060DE-1131-46C4-8B07-70083E772F1F,OWNER_e222fca7ec31,2234,4C2E7E2C-3F9B-4CDF-9309-32DD10167301
B2BE9EF2-1C43-47F1-904C-BC25BB4A778A,OWNER_5ec9256149c5,157,028E8DBD-546B-41FD-ADE4-32E0475BAD94
D0F819EA-336E-43DB-BC90-6E6B5C90BC2D,OWNER_ecbc79c3da8d,1491,3FD80B9C-4341-4D9C-920B-32EF6537BA7B
69A72147-C0E6-40AA-9AF6-C0918E5AF76D,OWNER_5d42b18df75d,508,4B665F7B-DC50-4238-BBFF-330BCF417F64
7EF5336C-0FDB-1A41-841E-F5389BF48F3E,OWNER_ba40a7e87bdf,3170,FD756D19-5690-497D-AEFD-3320B62649C2
2B653344-A980-4B6E-88F3-EC21EFB5F8B4,OWNER_469da077b7ee,1697,E5472249-9C1E-4DBF-BE2D-33589C46F071
CC6E7AB8-B67C-AA47-B40B-AFA97023C7A1,OWNER_d5c3cd9215ae,3134,9BC1B1CE-FB73-4EEB-B1C8-33B341DA497B
A14A3E45-1687-4580-B419-CCD0D81C0A46,OWNER_e9a36841e94b,578,FC1606B2-3FAE-46CB-B97F-33C695921224
E136B7F7-3D14-48B4-85E2-75A40B374B23,OWNER_d1f65929ac41,876,DADA4E2D-9575-4382-8A33-33D0DE6914C3
DC13F668-E506-4CA3-BFC0-F9FBC8C45487,OWNER_2e8e77582efa,2526,C0E0647E-E176-4E0F-9D58-33F0F2363B56
8B2BEAEA-A58C-4C61-805E-AFC127FDD206,OWNER_c488e627bcd8,3505,75FC02B6-8B81-4392-9F55-33FCB678F55A
4AF48C14-4C56-4560-BFB9-9754455772FC,OWNER_2e7bc50b6932,2631,8732017B-3205-4412-8173-34131F251160
D7C3C287-11DE-452B-B3BC-F4B5603FC760,OWNER_bd7a33c469fc,24,5A374A34-DEBB-456F-8BA1-3415CB97EAD4
D6DFD165-1568-4122-B132-90C6DF043C92,OWNER_e754823373ac,1067,410386BF-0BEF-4C0D-8650-34403C5B5E3C
C3C35894-4267-A44C-869F-0F2E0779ED47,OWNER_4241dca7acb7,3741,CA7CD1D1-5270-4001-BAE9-3456811573A5
91BD72DF-4A9E-419A-AC10-3041ECB7CE12,OWNER_e32c787cc2c7,993,99B9A5F0-20A6-49C9-90A7-3460A739593A
D411F31E-30BD-42F5-B81E-8299EFC9DC45,OWNER_5986f8bc6323,2433,FC3B3DC1-5199-4D7B-B0A5-346563D08805
49A75FB1-8D55-43A5-BA04-235C2E6E6436,OWNER_48c0595c9381,1872,7558A2DE-07A4-42BB-92BA-3475ACECAE08
81B7F324-2348-4DFA-AD3C-75B29D2587D3,OWNER_58a518143d68,1168,C1D1DDF2-E5E6-42B2-BD29-347C6D405B41
D2C09042-42C9-443A-AC06-5CFD39382D3C,OWNER_bd7a33c469fc,486,E1BC2AB0-E4D8-4EE1-AE39-3480B4905D38
A7B519A5-4445-440A-9D1C-E4C4E14BF74A,OWNER_1fc6782a3c3a,271,AAD40DF3-AA1B-451E-BFFB-34B3D2045F44
A4EEA28A-AFBB-43EB-8065-118872395C5D,OWNER_c769f692f168,3676,18DA5D75-5568-4BDF-815D-34B7F942BBCF
8CB216FE-0982-4C64-A5B2-58E1FE97A379,OWNER_de7c42f9c849,1016,E2E523D4-7726-4203-A307-34CC2E5B3AF8
1DAC2C57-6635-4EBA-A103-D8AD7ADD9623,OWNER_5272c2caf829,753,36909688-142B-41EE-B2F9-3507FF03E9C5
63F4A1E9-C0AB-4014-B221-B6D3FC079CA6,OWNER_e754823373ac,1072,CFF20CBA-9C87-41D3-A0E9-3511B3435C2A
AE0A1B53-621F-481A-8ADC-6D9AA6DEB2D4,OWNER_ac0aeb2eb6f0,1402,618FE1CF-E006-4E90-8627-3518B2850CE0
AB2F01DB-3902-48C7-AFA0-2613813330BA,OWNER_c612eaeea4c2,2483,BAFA1E69-C9DC-4C18-BC9E-351980A2B96C
E38E8222-3EE6-48A7-B7F1-2AF8B8E2180A,OWNER_e056024275ab,212,0E0A6655-13C4-4B86-9398-3541C316A4EB
CF089877-0393-4143-9CF5-99BD475585C9,OWNER_926ad04cace2,2705,E38FEAE1-B8D0-4378-8B11-3568C09E8512
668E8D4B-2B99-4C7A-BE12-A63ACB9F54AD,OWNER_df9e12ce9970,2062,F42A3376-35FE-4BCF-872E-35819A87C3E5
E8AB5165-EBD6-4990-90F7-B026C8ECD0BB,OWNER_b1b991683c7c,49,5F7EDEBA-AB66-4A3A-B993-359626ACA2D8
513F9E24-8437-430E-B0B5-AF36634D7B30,OWNER_70ac9165cac8,2583,A959E0A6-4314-41BF-AA57-35980D2E32A7
3B7B63BB-2716-4DAD-AADC-42CDA92DBDA4,OWNER_469da077b7ee,1639,4474A03A-7F25-4937-A4DC-35C87B652C47
A4B7CF4C-C449-4C66-BC1C-E639B72E13E5,OWNER_1e3ad17f5185,3924,F807ACE7-F3F0-49BE-99EA-35EF115947BA
D4E8689A-FB00-499A-80F8-E81E887D9CF5,OWNER_b107444e414e,618,33C57AA4-D249-4B24-8E44-35F346129D8D
F9C0A970-C902-43EE-A66F-603BDC19531B,OWNER_e754823373ac,1109,0315FDA2-AE2C-48B6-BD51-361037290895
F7C43D8A-0DB0-47BF-8279-819F12877D95,OWNER_73d2db5ff9c0,41,227EF434-9020-48E7-8F13-36296FCB0AE7
E65AA003-BDE5-41A4-9409-5B4DBD2D4AFC,OWNER_5c27df12cc67,1503,BD4ADAAE-3D42-4DA2-8290-365088845EAB
1D72A937-76B7-484A-9411-2AD51FC09092,OWNER_3a26047a650a,1574,2F5C9275-D2EB-4503-BEAE-365A82562189
F014452A-9363-334D-832E-FA9BB63A684F,OWNER_91a37e8c3ca4,2952,A4210160-1231-4435-823B-36A865780DDA
E7B00BA3-EA80-4577-ABF0-0D509DD7A022,OWNER_bf5952fb09cd,338,491A9398-F421-40D9-A2B1-36AE6E4A1BF0
B40AE4C2-944D-4BA1-A8B9-784069228CC6,OWNER_dfd9e66d1ba8,1236,B86BF26B-370B-4A4F-9DB8-36C288B8BAD0
08892AAB-7133-4DCE-909D-74FC793A7FDA,OWNER_db147c8c1f45,670,186EB2D6-F19A-48E2-BB28-36F18B885F1B
C9698561-3B28-4A0B-A2F3-58B28EF84EF0,OWNER_2077e2c8696e,464,0602FB75-7F0F-4ADB-8D3A-37092F19E9F4
DC709495-995C-4C9D-BE1F-F790806D48E1,OWNER_11e4d88bc1ac,676,79A28E53-4A5D-431D-A699-370C45985544
2D851109-D7ED-461B-B8A5-712A3354DEAA,OWNER_de7c42f9c849,1021,09B907D4-33EC-4B53-93A8-371B8D5CD6EA
B41637C5-81DF-454E-9B98-9782785AFEF0,OWNER_826bdba5a89a,1097,06D0205F-F89D-456E-B7D8-371C516CF3AA
0F341633-BD28-4BEF-9424-C2F6CF28C87B,OWNER_cb2bf50b398d,1774,3F79C6B8-62F4-43B7-9530-3737D39D761D
451F578E-D057-4C9B-B81F-712A147B0285,OWNER_0f07350b1381,2245,6A050996-F690-4F71-B239-374284340FEF
171FBFB2-1B6B-44C2-B3A9-EFD683F44D5C,OWNER_767610605767,1827,12CFF66C-8AFE-4F54-8012-374544CF3ADE
4F79406E-AE1F-41AA-BCC7-B97C4D996881,OWNER_d5b480df6bb7,1957,9C7A033E-199D-4424-9D9C-378D2098A060
3EC59D56-53F1-48B7-9C6B-8615405CE04A,OWNER_d97a3f2f0028,2389,4604E6EB-9184-4639-820C-378EAC053BC2
16A33174-8A20-4609-99DC-64C5244CFAD5,OWNER_3d7804ba2573,1495,9D384C8A-464A-4354-903E-379E08DE77E8
4B8F2F43-3363-40B1-B6DD-B8C7FA09F1A8,OWNER_469da077b7ee,1687,7E0E1385-825B-4784-A7E8-379EA6966E65
96F84EFE-10EA-4F73-BC0A-D78B3D1199C2,OWNER_751e090ab481,1378,102A8043-D2FF-4D6E-B19E-37A6E76A5778
23023773-1D57-49FC-B4A7-B2F35A2447FF,OWNER_fb89a89a3408,183,5828A115-F5DD-4F72-9EF3-37A70161B658
5C87E45E-3F69-45EF-8E0F-1159C1047E3F,OWNER_b468f1200e6b,2690,C2F75448-BE14-40FE-B35D-37AC4CAA57B0
66232336-DBA8-4484-A39A-A1A274EC10E8,OWNER_dfdb3e814354,1349,6A8AB6DF-AC97-48D2-BBAD-37B0AB46C45E
2D1B1F60-0C99-42D5-B6DA-7BFACC099FA4,OWNER_102da6bcef7f,1752,A67977DA-6F26-4BE4-AE17-37B284E59BE3
E203D09E-398C-434D-BD8E-D6AA72982B9C,OWNER_6d8c545afffa,1240,0BBAF1C1-9FCC-49F7-A46B-37C5220DB127
6314E847-2844-4252-87C9-768F90927AEE,OWNER_070afaf2b3af,448,A3B0E063-0BFD-488B-8B22-37C963B0B1A3
2735522B-29D0-4EB5-9F30-6F5AC4201C62,OWNER_2d21edb72911,1675,D3A1517E-EF79-4288-99D4-37D81BCBCCE7
922D7FAD-AA7D-4A4B-8BC2-2A162F365E0E,OWNER_0ccae2367733,2273,8016B0A7-DBB4-47CA-90DB-37E2BE7913A9
EAEF42C9-A79A-458A-A1D6-E10B36806CD3,OWNER_7762f7d12700,1583,06D43620-9C6E-4808-A8D0-38031289F232
415E8393-92BC-4A23-B11C-3B07F24E86C0,OWNER_9f2263b262ec,1265,21FC6918-24D1-45FA-951F-38037703ECF5
B1AD118F-8151-4293-9523-A0BB98C8F205,OWNER_78565fad4c73,3462,6A84BB2A-BEE8-4983-9DF1-38231B1DE4AD
54EAAEB1-5C4E-4A5E-BD8F-799424F57DAA,OWNER_fac9fc37e248,2287,54C4AC2F-25CF-487F-81BC-3837BE7EEA00
C08613AE-6148-44DE-ABBD-66176E9B5A4F,OWNER_b9f46fb8f12f,612,D385D424-DE55-46A0-B956-385ABE743C43
19381326-FC34-402D-A87D-844C23BEB853,OWNER_b79d143a5594,2709,31E1C468-6077-41BD-A274-385C0F74879D
3C687A87-8B63-4A0A-899A-C8161777C060,OWNER_1fc6782a3c3a,273,3CCE56BA-0D37-4037-BD70-3868DC5657BB
EF03B8E8-BD55-4BB5-854C-15F642612214,OWNER_21a90d52df81,3922,7A4DFD99-D9E7-4907-BA29-3883D282EF21
1F753C21-C996-401D-855F-B936283AB80F,OWNER_e222fca7ec31,2228,0DAA139B-33A4-49F1-9CF8-38AC0665E73D
8F3287D5-D488-41C5-9961-430BC05148D0,OWNER_8c6fd23a70e2,2817,80A88653-6386-48DB-9183-38BBDD24D5BE
BD60132F-5133-45C6-86B7-0B0A61CB62B1,OWNER_1925bb7ce880,881,8F32BDF7-10F6-4274-A2AC-38C9F8D9E719
6995FB14-0C23-9C4F-BD92-42C74CEF5A17,OWNER_85df51b6fd22,2973,C123BDB8-73D3-40E4-923B-38E1E2F29551
7B527A30-0703-4674-B45F-F97F2D313373,OWNER_19502d8dda39,1857,05F3FD15-831B-4101-A972-38F467DA051F
957D20B8-978D-449E-978C-5A62902D43E8,OWNER_4381cef06a9b,644,CC9B9EEB-E513-4CEC-87CC-38F5E19AFE62
325DBBF7-3408-4396-8720-E835F25B936E,OWNER_ca47b994f5c2,1235,96802B30-8F30-4B33-8B96-390144E00CB6
97F24A74-F922-4843-AEA7-4006344CEC49,OWNER_38cf3f20073c,131,3485E3CA-6A87-46C5-A5C9-39054DB03237
F723CC2B-EFF3-410E-A233-6A8B3ED39901,OWNER_97a765eda003,1667,43E83C4B-6BB3-4756-A2D7-394F6E5C52EC
756F2382-5C5F-7245-A9C3-3F78CBB2DB5C,OWNER_3a1303c92b80,3013,2017C831-7E6D-4B39-AD15-3962442E7CB4
8F0EC9F1-3A44-4A0E-AA2F-884592EE9211,OWNER_7ff0814c604c,655,797DA998-42A5-4EAA-AE9E-39670BFF67A3
D7A6ED80-EC11-4D7C-B7F6-121861B40CD5,OWNER_e32c787cc2c7,562,8913FCB8-96F4-4181-BF50-396B751606E8
82CE633F-A4F3-4FD9-8D0D-640A6DBC0435,OWNER_1bc8843fece6,1364,98ED36D1-AD4F-498A-B1B1-3977A49AD225
2DD14293-5AB1-43E9-A858-631D22BF2577,OWNER_2e93e430dcad,2703,D21B481D-CEBC-4BB4-9977-39831CB27083
2DC6345A-8840-434F-BE96-6349AD60ECB9,OWNER_05cc6aadb8ed,1964,154FC773-2563-4E89-AD4F-398ECD363709
FDC16C12-3269-4F01-A3CF-4B4FA3F6E6C2,OWNER_efae38cd4ee0,499,621D6294-77F9-482B-A450-39CF0C49B0C1
01A02EA7-D0AE-4FED-A65A-983E07EEC8D5,OWNER_7e3b7dbaf4b5,1847,308117F9-6BFD-44F4-9C01-39E840BBA229
27A1CA5D-8C6E-EC4B-80A8-7E3ACADF4C88,OWNER_8fa1ab68fd09,2736,0D212C6A-3CA3-4985-937D-39EE56D163F0
F95ED49F-C643-4A2A-8386-56B8E8201B43,OWNER_e32c787cc2c7,991,4B27A4BF-15A4-45CE-8B42-39EF31862B0E
033A1119-1AD8-C54D-806D-9F41B78AC165,OWNER_eb47f5de5a52,2911,36AAF18C-DFF8-487D-8DE2-3A1888C3B606
79D7D029-D93B-4DD2-A1F2-D294D8BA538C,OWNER_9908a136f8c7,3114,177C4B3B-D254-443D-8930-3A27ED34117E
962D7D41-9A75-492D-8556-797003FECE78,OWNER_e754823373ac,1129,5937EB2C-E7E0-4349-94EF-3A5D45E04D29
30E229AD-814C-450E-A8D5-DECC899F7385,OWNER_a56560b5f87c,1370,E45D6C66-1A04-4EC0-AC16-3A6D614DDAC0
686D146A-9D04-4EC1-8D27-5E2BBAC28339,OWNER_19c89ffd5a07,3663,4582C74F-DE43-4344-B532-3A6E773A8411
2D66456A-1432-416F-AD87-1363E73553B5,OWNER_aef25b8f2051,3548,FB97532F-18B1-4C9C-B6CA-3A70A03340E4
8536D2D9-FECF-4193-8ECE-0BAF92C62F2D,OWNER_f13cb7207b19,263,FCBB75C0-4216-47F7-AEFB-3A72B9160E61
224CFC92-4124-514A-9FD6-99B7D0C335B7,OWNER_3a1303c92b80,3018,25BAFBE3-014E-4766-91C6-3A7CD37E94FD
1F2399CA-4F52-495A-9710-AD17651B2230,OWNER_faebdd9bafdb,1183,BC931ECF-E49C-42FB-875C-3A955C740137
D4A7DE7A-304F-994D-BE04-D068428C42C2,OWNER_b5986d4762ea,3251,8115BA34-CF41-4D87-AE99-3AAE9248F090
E0850997-F6FA-4CD0-9EF9-A6AA27B77FF4,OWNER_397c590fe22a,758,5F12C25A-9D25-406D-8B8F-3ADD671F9827
B6D88697-CB42-4E21-9B88-6F564599164C,OWNER_5c27df12cc67,1506,73DB4F6A-79E2-47CB-BA0C-3AE80FF06F88
51F59916-79DA-4BDD-A703-CC545475FC24,OWNER_65ca16ebeebe,744,E731396C-8199-4460-8080-3AF0FAD9E128
31760FBF-8476-4BA2-8F28-66695288B8D1,OWNER_e32c787cc2c7,1001,748D780C-80B1-4077-97AD-3AF5A4C74229
A90838E9-F6B9-484F-A9E0-F593A6498845,OWNER_1775de5bb579,3514,CFD6E426-3C84-4AE3-A455-3B5DF4B05BEA
420AB7AD-0FB1-49E9-9BDB-79C943FD993D,OWNER_6fc05eaa617d,2101,B29BBCA8-3A75-4CBD-9D09-3B61DD8CCBFE
99DA766C-5360-4FE1-B5E3-3280D9495EDF,OWNER_f9344adc92ad,3521,C5DBD3FA-E185-42AE-89D7-3B797157594E
9C133EE1-0A1D-4113-A762-6E9E50DBB32D,OWNER_2001cd97d1fd,2244,3FD28EF8-4FAB-4B7B-BEA5-3B81FEFDFFF7
C7CD4E83-0F07-4B0F-BBD9-C2DDF7CAE585,OWNER_e754823373ac,1073,2814C398-E877-4F5A-87B1-3B8358FC42B5
9506C80A-F5F8-4782-A6C4-D5C8A6D5E34D,OWNER_52a69503581a,846,4C67C6C9-2686-48EC-9263-3B877010D0CA
F2BF74AD-D8A9-4127-A7A3-B499A1A04FBC,OWNER_831cb3b79449,504,BE28F4CD-7039-4CA4-A0E5-3B8AE672A633
B82C11C2-B6E1-4D5C-AE3C-A44D533F52DB,OWNER_81b88cb6c9d0,836,5B8EE687-687F-451B-85D5-3B9ACD814A27
06EC742D-0727-49D1-B81C-629391C438A2,OWNER_8b274d8b5d4e,1367,A6379841-02D8-4621-9188-3B9C9AE04466
7DB1B6C5-C0D3-4EEB-BBBE-29E846BF9739,OWNER_dfd9e66d1ba8,553,B6C7346B-D696-4ACA-B445-3BCAF41271D8
D881FFAE-8704-4D9C-B48A-16430507B001,OWNER_df9e729d344d,857,CE7CFF4D-8C54-4F18-B1CF-3BEBD572E7A4
8F83BD0E-70A1-4CEE-823E-162698DD3425,OWNER_7f1a4b72d63a,279,F02D5579-22FE-4432-8017-3BECCFDD2B1C
FA991E61-1A86-4611-9D96-9376F6FB9FF9,OWNER_ab3fe52d9303,1596,C4F4221E-875E-4F13-AE4A-3BEDD9D29E17
597D7C8D-DE08-4569-BA22-0A6299B6D82C,OWNER_a48be5b0a503,1830,2F6B6DB9-69E2-41A5-AF38-3BF8ADDF7DCB
54F7073F-10A3-4441-80FD-55E7841AD534,OWNER_26ae04bb443d,1556,AB7B4855-83BE-47B5-B706-3BFE67923C9F
24B2659C-E93B-4F33-AB7C-9B1B122D7E74,OWNER_5e7df3a1f81c,3484,EB3B5390-C489-4BF5-87AB-3C1B0E986B3A
33733317-CF38-4D92-994D-36A4B6D866BC,OWNER_58a518143d68,653,B44B92B1-2E24-43B8-A1D3-3C2C26C463EF
FA9C37DD-E94C-491C-93EE-C6EAECE224C3,OWNER_e3773a9ffe82,2619,CD6C6893-DDD8-416B-BDA0-3C3D0C77DB6B
49F329C7-454F-4B49-9E33-CEB461D09C78,OWNER_1020fe5a97a8,1494,9AC966FF-308D-4DB3-AABD-3C45E44F5C1F
A28061C3-6F32-436A-BD88-B160026CBFC4,OWNER_7762f7d12700,2152,C0DA8230-E85E-45A0-BF45-3C4676386DA7
BA5DBA8B-73C1-A24A-8D49-BF0491703EF0,OWNER_c6733495f98c,3284,8D57632A-9CB8-4410-BC80-3C4FF6FE82BA
FE4E1539-DA5A-4502-83D9-23A9F037647D,OWNER_439a219c5b45,1572,0EABA479-FA08-4103-867B-3C61E377F74E
F5331051-6E8E-46DE-A554-730482E15BB5,OWNER_7a81a397c94c,2566,F0E8BC4B-00E0-4B8D-B304-3C7090043AFE
FB59DAED-1136-462F-A856-C89D13623B68,OWNER_986369fa92c9,1414,1EED1922-B344-4899-8939-3C796545AC52
5EDF77AB-8938-4EDE-930B-88275B5EBE02,OWNER_71de9771f855,47,ED0A7C5E-AD4F-44FC-8D7F-3CC2F5BB27E0
3D45F968-605E-463D-AA72-E3418665A4D2,OWNER_26c35706104f,2022,E39DA0F3-FE78-4386-B497-3CD0F2CB1AB3
91316584-199E-4604-BCA6-D80914198ED7,OWNER_9bd6f8a6b7e0,2032,9FCBD142-D5BA-4CED-A6BA-3CD35D0BAD3E
3D30B6B9-19D0-4909-B24A-3A2BDACC8D34,OWNER_0e0d874f036a,1875,93B95AF1-CCD2-4F7A-973E-3D007FBC4346
1CC2CBEC-E952-4256-9C33-940C05C584E3,OWNER_e754823373ac,923,1D273D89-E383-48CF-882A-3D49ADEE8939
6CEB1D56-F067-4A10-9DFE-680EC7D8652E,OWNER_0784df0e9031,2457,CF21E899-0DFA-44EB-80D9-3D4F85CB578B
E784B0F7-A0A6-461A-AE88-95CF18F138F8,OWNER_60775d313923,580,CF01E115-9754-4E46-A447-3D5AE2B43087
CAACBD96-F14B-4488-BE1B-2DF07198A93B,OWNER_25d1186cd5b2,832,6EE60DE2-D87C-4D14-A69F-3D7CA10513BE
64D5D2BC-6239-498F-952D-81CD7A209DCE,OWNER_469da077b7ee,2196,EB055D17-67D4-49FD-890F-3D837928B1FF
B37979BD-00CD-43C9-8F5D-3F9FBB558585,OWNER_e222fca7ec31,2221,17BE3E1E-67AD-426C-A70A-3D90406AEA8C
71B2EBE7-DA80-AC47-8967-43DB17A58BBA,OWNER_de32971e3650,2950,D4D88BD9-C399-4CD1-8B71-3D9545AB4B33
DFA1BEEB-DD50-0C43-A186-7DE691840C20,OWNER_b34222273403,3035,7EB920F7-D2A3-4D37-9B29-3DA008C2EA61
DB238562-7980-FE4D-9D85-A5BB90D91648,OWNER_6161b9fee376,2966,A31A2D1F-ED0B-4EDE-B2E6-3DA61F4E17CC
9760D0C6-E059-4F2E-ABB9-53DC40D80419,OWNER_f7dfe174eb8b,231,0CF85CEB-6095-40ED-B3CB-3DAFF1DA2A38
839BE74F-09BF-BF43-9212-58D4CDBCD6CA,OWNER_9e611f1e906a,3736,7CF8A73B-33CB-42E4-A521-3DB4E47CA754
8B33D094-6532-403E-AD29-CCBD3EFDAD9C,OWNER_1e10e2ed32d5,1281,583F27C4-B304-4CD1-AC08-3DDCB3CC960D
DF807181-FAFA-4BFE-A739-A900A59447B9,OWNER_faebdd9bafdb,1184,6A57944C-B836-4467-AC48-3E169F8EDB82
E1C13115-F5F7-446B-9F93-4BCEADF39795,OWNER_ab3fe52d9303,3066,473F3698-D099-4F54-ABF7-3E391F8AB171
3DA6C320-3F80-4EDF-8C3D-0235D331D004,OWNER_c36fb8b08902,641,A41BE4DE-B28C-4E57-8B2F-3E4C1BD9B0B7
BA7FA5FC-940C-499D-B8A4-486BEC18124D,OWNER_3e903ba16339,2540,B9A4D5A1-9766-4E10-8413-3E52C3290265
F2989BA2-E666-4053-972E-D96A5561EC29,OWNER_549c96c4e9da,191,1D051274-2A26-4FDA-A645-3E590E428D4E
B9524CD4-5FE3-4E61-B5D8-A1AD00C8E959,OWNER_826bdba5a89a,30,B2B5614D-CE5A-4EEC-9C27-3E5F1E82A73D
A781F88B-E79D-49AF-A019-28C56AA2970E,OWNER_307db7025b79,3947,036BF64B-FE60-4A65-A970-3E638B959EAD
6F7B5750-09E4-428E-8879-456E834F177B,OWNER_e754823373ac,1126,CDE9E3CA-4352-4B42-A0A4-3E8463DFD1C5
26059751-53B6-401A-9596-4FCEF638C96F,OWNER_451bdd4fc650,3661,C321C90D-F062-4460-B30E-3EA183B51DF3
234D432A-679A-4003-85EC-9DD2EBDB7CFC,OWNER_38cf3f20073c,129,D4629C5F-A7EB-4B9A-A77D-3EA8A7C9E772
1D7FB575-0377-4CC6-B71C-CC2C5A4294C6,OWNER_4db966cc9123,2520,84C93832-4379-4721-8AEB-3EA9A09F8B02
E1525995-2163-44BF-8EB6-C7B23D12A462,OWNER_e3b7a7ca14f5,169,80B75B8D-ED3E-46E5-ABDD-3EAD504D0989
1B9B1179-1965-40D0-9543-FEDEE4031B49,OWNER_7b37c974f90d,150,0A17B4C4-CAA8-4CFE-822B-3EAFD0D55C92
5E3ED893-7B2C-4CE9-BDB0-D96ED8A283D1,OWNER_e32c787cc2c7,1025,6D31E908-1DAC-4487-91D6-3EB148A4C506
558918ED-72AF-4796-A44F-C29C59C979D4,OWNER_572767ab2046,1176,EFFED2D2-3684-4BEC-A8E4-3EB4C81848C3
599E791F-9B2B-4105-8AEA-F757EFE84221,OWNER_f8828a34e7a8,851,B9BA47BA-40D7-4FF5-80CA-3EBF4050BBBD
EA8D54AC-32B1-4D80-B25A-5AE2CB78C444,OWNER_5ec9256149c5,154,7A7C3595-C7DF-4651-8BE3-3ED36C07BE28
B68C504B-284A-4E4D-B2DD-14C9B57B5211,OWNER_dfdb3e814354,1490,1E356520-1073-4CD9-8629-3ED8D7CFD8EF
04025A88-E5EB-424A-8610-5D4945AFE100,OWNER_f06048932992,3306,4FAC0E09-5367-48F6-90FF-3F21AAC526A4
980CC38C-0B7B-4084-B8A9-B8E878C6D793,OWNER_751e090ab481,1480,4CABDFE3-1109-442B-AD46-3F4D1D02E14D
7AE73DD4-5F22-4AF3-89FC-07D24AD9F770,OWNER_bd7a33c469fc,463,62109A0D-D275-488E-AF9C-3F8D209284AF
1A3961E2-8211-4317-8D1F-67B6B8BF5DCF,OWNER_9404ac08aea8,1209,904D377A-0994-44BE-BA35-3F9DCDCE6393
660CC04D-111C-4FE6-ABF2-4C6E4E41BB07,OWNER_fd64ee684c97,1727,29DCED3A-2790-4CE1-85E6-3FA1C940A04A
DFC58ACC-D757-4926-BC2A-F55E9C714CBD,OWNER_1aefa2024e90,869,E5CD81DB-F402-400B-92FF-3FA9B60EE6BD
782AFC55-F958-4B23-A323-9C7700146F3D,OWNER_05419161a0f2,960,CAC8A9A6-496F-4DD6-9CF1-3FA9F82754A5
A92F6EC7-E138-479B-9837-1EE10F87FE64,OWNER_6875bae20e1d,1901,A801CD11-CB44-4295-97BD-3FDBF1410018
7B54F583-D292-4716-A0F9-0EA49E9AAF43,OWNER_e871ba9f607c,3027,56A2D335-83C5-42B9-9237-3FF40A04061D
FA8496E0-B700-4BEA-AB12-31CDC731B0F6,OWNER_367d2d6c055c,678,23695CA7-64DD-43FE-B34C-40076C5F9C98
78B6701E-C5DB-4C99-8F22-1A54E543E05B,OWNER_f8fa91b738c6,3714,B75CCDF7-8C73-4252-B4FA-403A641F56FF
1509FDD4-F74E-4B6D-A4E4-9B98C850C260,OWNER_0552380b19f5,1663,2E1EA19B-4A50-4AED-A23B-405A3638E313
1808C434-2FA8-2A4B-8D16-E4507EA409DB,OWNER_187df9b72b5f,2875,068A3EC8-68C6-4E82-ADB8-406E84BF200C
4BA5F219-52B6-4A93-976E-CA2BA8A2CA83,OWNER_a1a8809dd861,1974,832946FD-55CF-4BEB-899A-408B016BF673
7AEA0FA6-6B23-4AA7-A091-5FB67414B2D2,OWNER_db5dad3c9f31,2589,581CD451-EE21-4F57-ACE6-408EBC2B55A9
5FE7979D-0813-47CB-8B14-D60E444ADEC6,OWNER_ab3fe52d9303,2191,F97D0D30-9745-4ED2-AE66-409E72410D2B
75075523-06D8-48AC-8241-BD783FDBF7C1,OWNER_60bb73a0d836,393,0B74489D-E5D6-444C-846E-40A502013ED7
C6624F7A-3127-445E-8F41-BA50FEAD73D7,OWNER_b6f6e06f6837,54,AF72BE24-8CE0-452B-9213-40AA57811D05
79F83457-3FE8-4B24-B2AF-0A6A7E911BD2,OWNER_26fc9999c306,1536,2F3E127C-CF1B-4CD0-ABBC-40B894845B47
EDDF3717-98E7-42A1-A786-0B14D4BB8F4D,OWNER_1dd25f9bc9a5,291,497F7B44-AB56-4C24-9253-40BF22A12606
E145D9BD-3639-467F-83B0-5B2297D0710F,OWNER_469da077b7ee,2317,CE17DD37-C6C1-4550-86EB-40D526FD6B01
3AD62573-BE82-4799-B2DD-5B867C71B677,OWNER_261e277d10e4,1821,907E1647-703A-49C3-AC46-40E4C7FD822B
BA910EAE-8D10-4E05-9EFC-B596623D06E3,OWNER_72675d4a3f98,668,C3041475-2AC8-4415-B7E2-40F971CEABA8
B5C3E188-B3BD-4D0A-A5AA-1352D04932A5,OWNER_f674b919a13e,1288,C76BBC31-CB76-4BF2-9163-41214750364D
DE2EEDA0-9CA5-4C2F-84CF-2F6F68DA76D7,OWNER_a3b586d6fb4a,1683,49182A29-320A-4092-BC04-4124762BDBFB
3718652A-E270-4BE4-8353-00C42800157A,OWNER_74899e1de86a,1365,82B9F567-41D2-43E2-A853-412BA6AB6E40
B90CECF3-42A7-C043-8CB6-8A6BBD4607F3,OWNER_8c6fd23a70e2,2819,CC9C51E0-7D77-4C0B-837C-413B5DB08A04
5C15B477-E02C-407D-8712-63BED8C43AD5,OWNER_375cc6a17ef2,2496,D40D6D9D-E5E2-49F5-8819-414FCD3F8636
B2C69F82-F489-48D4-B1D2-2BA53F0198BC,OWNER_b03631e1effa,12,2ECC1EFC-E643-43BD-8EE4-4167AE63C914
64B4196F-4048-1941-9191-389F94484687,OWNER_7c5d6f580ad3,3261,A7A1E856-6EDC-46DC-9D8A-416AB82B12A7
92B5CB8F-F61E-490A-9B9C-66AC294E8E94,OWNER_2105788d9a66,399,75C0F8B3-294E-4BE3-8C02-416E3FFAFED9
9982483D-8AFB-4C31-9116-1299126D6774,OWNER_4e33db93c7da,490,85DAE407-DA20-4290-9BD9-4176D200DEBC
974DE225-BD92-4F56-9EAE-BF23A3B34053,OWNER_7083230dd7c8,2481,44FBDF87-4008-4B5B-B8CD-4198F2162C71
9E089797-8D71-4F97-A0B6-7833228E16DC,OWNER_6d89b95235ce,643,64DA474B-F78C-4E45-83A6-41B9041F6650
8931E7C3-E595-49A0-A5DE-6F9D94B6464B,OWNER_5c27df12cc67,1504,F3ED5787-DFB1-4C7F-B60C-41CA42719589
9E8CFF42-4146-4F7B-A837-F9B94BCD31A0,OWNER_b25287d27fc9,2670,11055433-A08F-4BC7-BF56-41CFB2896CA8
4B3D6298-03AB-4623-ACF7-9D0A164A8FBE,OWNER_7fe716d2f59c,2411,1923ECAC-B09B-4A6D-ABC4-41EFF072B44E
0C8C655F-EB34-46F0-B90C-4FBC59BF3024,OWNER_7a55bada9bfd,2050,36C99116-302B-448A-8218-41F07E1B4503
E3352868-342A-4FBA-8E3E-BF39B5050BEA,OWNER_945ec4feb368,701,F6F776BB-C7E4-4520-8F7C-41FDBED8B115
88F595FB-C694-4D8F-95C5-C52B62004F85,OWNER_fb4dd1686dea,896,7D1D2986-331B-4CBB-9885-420905E6CFCA
A825C845-5199-4CCE-82E3-09878D381793,OWNER_5394049e206d,1416,9BFE51A1-C79C-4401-97D3-420C81F43ACB
CFEC32CA-6393-46DD-AEBD-B89C5186AC9C,OWNER_232b894348a4,2111,5278558B-95C8-43C9-A0FE-42169B28B10B
28A4770A-C64B-41EA-9399-2B8F7A9D77AF,OWNER_217b38e70fbb,2448,67C304D5-1AD9-4D8F-B9B0-423A381A203E
785BA402-0B2E-4484-B19C-66DBFD4DF76C,OWNER_5b70e2deed3e,170,27A612B3-F9D4-458D-92E5-4248FCDEFFA2
78EA7353-294C-4640-8A93-551E73B9DA2D,OWNER_c5ba687e3edb,2927,C796374D-77D3-4C81-8F04-424BAC1738D6
05A2AE6C-121F-D94B-AF50-62A5A57591A8,OWNER_46b2ccc20bfc,3342,C6CE969D-B4D0-4818-A28A-4256E9395F37
F9BD1626-825A-448F-855C-9AC3906024D2,OWNER_79568e0522e6,739,1A64C238-83B5-40B2-A3A5-42B159A0AF0B
7818EF3A-7EF3-4E82-A8C5-F190C450D48C,OWNER_4a10a05e183b,1614,87E97FA9-7B24-4CC9-99E2-42B71529183E
376A8BA1-45B4-445F-BFF7-3F56A06A3C45,OWNER_7f1a4b72d63a,278,9AC14A77-B230-4F57-898B-42C1F80F58DB
31297D36-14FE-8440-8036-378AF282B5F7,OWNER_1888841b0814,3316,B2325EE4-D218-4A4C-B18C-42D47D6A8E24
6C0AB892-1F58-4607-B042-C11A95357E44,OWNER_9d3b789e3bc0,202,49514D77-F57B-476E-83F1-42E8E266C8BE
9CCA0A93-F3E2-4A5F-8E82-FBD1E707FE8A,OWNER_5c27df12cc67,1498,CDC91E14-A099-4802-9930-43027EAF5148
3692C965-054F-49B4-A296-0957DA5AE17D,OWNER_71b6cd35f314,426,F1E2BBB1-4749-4B33-8BF6-4310FEB0EDE3
EC33E2A4-8843-422A-B9AB-4FFE308C9ED0,OWNER_e754823373ac,1122,7BDDBCA8-DC70-44FC-BED7-431F2190FEFA
08FFC16E-CCE8-4C4A-BB67-26EE6119EF3F,OWNER_e29e9fc30f5c,3937,10052065-F184-4011-8249-432107F9C1E3
DC418564-33AF-495D-A4CC-7B49BCD58DEE,OWNER_dfd9e66d1ba8,519,98D49B39-5691-49BA-92C6-43389D4254F4
AC88DC74-B151-4D39-AAC8-F6823B2C7DA4,OWNER_974a02adddde,660,38C87111-3C84-4FD4-A406-434BA4DDB742
48439783-9931-48EB-8844-DD4C4372DC8A,OWNER_cc574a39fc99,1330,E0E826A3-C001-42F7-AFB8-43A2C6B9138D
0A66E304-B212-4A52-B597-D8C57BD13F88,OWNER_ab3fe52d9303,2176,5E6CDFE1-0CFF-4253-9D57-43AB68195D06
5D58F78D-73F6-554B-88DA-8AB443798030,OWNER_05ad25ab5004,3260,121A4131-ADD6-4566-806B-43B5227E8A96
249DDF4F-7E7B-4741-8B6C-48E499C63263,OWNER_ed66ff5332b3,895,43168AF0-722C-4658-B534-43B9A645E934
F2A0E29B-44D9-B44A-B4A2-D332AFF1F20C,OWNER_f13c85daa636,2898,70447FFB-A808-440F-8587-43BFD3A52E63
8576FD05-BF0B-4E91-94A1-6EE38D61DDE3,OWNER_68e935d85958,2042,C20A56D7-3F17-4E05-8501-43CC438D0B10
5AE5BCD1-521E-46C5-9563-C870264010AB,OWNER_d104a881e67f,2685,39137CB6-111E-46EF-AB47-43EF3AEE1FB6
FB5BC669-6845-4BA8-BE11-0521A5C877A3,OWNER_99edcb4e350b,899,DE4DD3E8-C2FB-40A1-947A-43F7CDF0CB14
2202F68C-A6F3-B540-9215-F419C6CB3422,OWNER_976c91236904,3353,A2512791-8F14-4061-8F3C-4402AF1DDF81
3FA03A47-7C6E-48A3-8ED1-5389D0C6BABD,OWNER_3d7804ba2573,1373,82FB5CDC-7A0D-42C8-8D55-44283B6EC28F
3DB892FD-E80D-4D08-BF89-56CFC67BEA38,OWNER_d45f7423442c,2607,6C405C89-F28B-472B-9D6C-443AA6986531
AC0B744E-9EF7-4B1D-8C31-C3AF5CC7AC5E,OWNER_1925bb7ce880,880,0988B14B-2477-4CE4-B44A-443B5870E3E0
CB2EDDFC-7133-4027-9997-98D2E1E1E13E,OWNER_d006881b6aa4,3489,C9240201-75B6-451C-B677-44488F277605
382622BB-571B-884D-AA4F-32D31A619E92,OWNER_597c888ec346,3349,F93377D1-4E30-4B53-B88F-445A69A77F7A
3F2EB253-A054-4539-99A5-7F0EF5FF60BE,OWNER_14f64404bd7b,840,2A1A0AED-2C88-4769-97A9-445D4D13A1CE
029BFEB9-B213-4391-8F73-54C6119CA1AE,OWNER_c638ab176e8b,213,7565C4E0-2C38-4625-88EF-446FA62A047A
BC9F0166-2F1A-45B5-80B9-D4A0AD4D4E2D,OWNER_713ca145e52c,166,C792DFA0-6A0F-436A-A4DA-447FB9CD4B5F
C520ACFE-9D26-47A1-8195-3E2B245E659E,OWNER_7e1a07c34e00,1530,75339321-D4AD-4C15-BD8D-448BEB25CC1F
7411349B-4FF8-404A-B537-16DDDFE99837,OWNER_0f88fcb73294,623,267A9EC1-7CFD-42C0-A4B7-44A848A5A646
839654C5-9741-4A0D-BC83-8B58D69D3151,OWNER_20fb2559b3e9,1403,E94D3DB0-844C-461B-9AE9-44C3EC67177A
037003FF-05DB-486F-A508-9E6EF90EC870,OWNER_c406a2297e9e,822,A7855E12-3528-4481-8F19-44D6A758B060
1EFF0D41-A08D-4B3A-81B3-D3CD6D88E4AA,OWNER_fc3960e0850e,1851,FAE8F56B-9731-4A65-9E35-4500F0D7102D
9825A8C5-CE03-40B1-991A-8ED85E3DEB88,OWNER_533311688ade,3667,FB1C19E5-BE37-41CC-B13C-4509649A0D61
FD2BC2B4-06D0-46BF-BDB4-37CA1F658ED0,OWNER_3d7804ba2573,1396,72F2072E-CCA1-4E2E-9CB6-450A57D4F545
46A697EA-D612-44E9-8B10-B31FF9687BDE,OWNER_dfdb3e814354,1287,F959C679-23B7-43F3-9A32-4525F75F3E24
7AD63508-653E-4CDE-98B1-BC3EF1066AB8,OWNER_225871757871,3911,FE946C54-8D80-4D63-948C-4536661856A0
0626CB21-6F9B-4316-8B83-F46EC603631A,OWNER_d89762b4b8fb,2419,1DF8121E-6A90-42AA-A0E2-453C98B8F60F
7CB7FCF7-544A-4389-A779-2E843F0EE08F,OWNER_bf55d20047ef,1728,BC95DD05-77B1-4F7E-81E1-457D411864FC
3E89B580-7415-4F0C-80EE-8006CCBEB023,OWNER_22607c33b8ac,621,C6B6DF72-EAC2-4400-9D8F-4583DE8F7FEB
BDF08B13-A66D-9F4F-848E-1ED696C64907,OWNER_0def80f7d3d3,2918,FA0D5914-B410-406F-9A61-4586D1AC0A18
CF81D6AB-0B73-499A-8ACB-0AA9D11DED46,OWNER_37402d890015,397,B90F5540-4FD4-49E5-A761-458A5AC13BB0
E2AAAECC-008E-2F4D-A7DC-944C84CE301D,OWNER_788a63ee32da,3257,154BD8E2-8CC2-486A-B14F-45A589B87C4D
231917D9-A3D0-406C-BE52-8BC7B9B0EC5D,OWNER_cc574a39fc99,1304,5C60A869-95E3-45E0-BDDE-45A62852D9C9
975F2D44-847A-423C-B080-3A344BDF53EF,OWNER_fac9fc37e248,1313,25F30B03-1E92-4D39-834F-45AD5F1595AF
874A0A77-95C7-6441-90B8-F455645EAFC0,OWNER_8b0052f20ffb,3149,24F60C26-5633-46ED-9D01-45BEB7F12207
611CF49E-56A9-F043-8217-37CC6E42B0A6,OWNER_4b22a4793ed0,3270,F2FDC4A3-8486-4891-A3C3-45CFE7A61097
4F5F7124-A61F-45EE-9F1C-AB14D3362A48,OWNER_0390604c7ec7,1791,40DC9D6F-29BF-40A3-88DB-45D5FDA0701A
09846851-9EB4-C043-8A80-D668FD55864A,OWNER_f5e409c7f4b2,2757,8611F1AF-8816-4A65-9E2A-45FB9836A9CF
9AD4BAB0-743D-4288-AD58-E33A679A9BDE,OWNER_915a26535a77,1570,FBC80D0F-F102-4B40-9C08-4610A7279787
8841B5A8-6941-0349-92BE-97ABDF16232C,OWNER_83223e0afbe5,3180,FD04925D-0872-440E-9DC5-4628A532C263
D91F14F7-2333-4C24-85B9-592C93F7BE43,OWNER_eb9b99de1e64,2346,BC0163C0-8363-481B-B998-46415A2CDDC5
3D06EE54-4ED6-429F-89E2-844D48A8ACA7,OWNER_4e33db93c7da,56,615FC860-6A23-49D7-A6ED-46632FDE7269
AA1EFFD8-AC77-49E9-9212-8D3AC4B09223,OWNER_dfd9e66d1ba8,523,B63F60A9-92BC-4812-A8B9-466F5819A750
C58B0CA3-112B-154F-BF28-2EE45B8CE4B9,OWNER_778ed5da9984,3003,A7B0F011-4E79-487C-8DD1-46B0ABF3976D
562BA78F-71FA-4BA9-A984-70BA9C3C1B6A,OWNER_7dacc60f0bbd,1573,7ADF86A2-686B-4C2F-AEC7-46D2CB1F50C0
4BDC1FAC-4FA8-4A30-89F3-6D3FACCCA191,OWNER_07dbd33945d7,2463,1EF6FBC6-3B04-4F64-8EBF-46D48B8C4A49
59B131A3-0716-4507-BDA7-BF0B92CC65BD,OWNER_41646d7f5a06,3559,7FCFC3ED-0335-4722-A395-46E88E6571BC
EE3AEF98-7F04-44ED-B2CE-DF6382ECBFDE,OWNER_fefc1378ca98,1929,8B184BB8-3338-4F3C-85FC-4719BAF1D7E7
335FA1C3-9F9D-419B-9F90-B1F0B427E75C,OWNER_826bdba5a89a,32,1F6D3784-206F-4B34-AE38-4754E25AF529
2B33AD72-0A67-48BA-B2DB-9E8E0A52883F,OWNER_7762f7d12700,2160,43E19CEE-91E3-4EE6-9334-479C76A2CADB
03969B7C-D342-4627-8186-2D9C2CD5E63D,OWNER_2502b132ddcc,3480,BFEAEB18-C48A-4523-A69D-47A9899C7AA8
50990C1D-1FDE-44C1-B811-305F81615276,OWNER_ad6ac2d2bddb,2354,4D84F790-1803-4E40-8A11-47C364B74365
66316190-612E-4413-80BF-A02D786334CB,OWNER_33ace7d39e26,2497,A68041FA-AD43-4174-9679-47C440C7EFF4
CC7DDDFB-4648-4CE1-BE62-C682346BD25E,OWNER_b03631e1effa,42,1562AFD2-48A2-4A30-9296-47D1D2D43F6A
38E82625-6315-4E7B-9110-CE781261338C,OWNER_df1e6aa18bbf,587,3C7B1FEE-B279-4191-90FF-4808FE6545CC
227B8785-54FA-48EE-BCBD-406E758A6D12,OWNER_d3f346220cac,760,E1ECF4AC-E4F7-4AA5-AC52-4828D6D72724
E2254AF2-A500-457F-B020-57B8CF46338C,OWNER_92489331bc78,946,ACF1CF2D-C85E-4E95-87D8-482F90E7D95F
09E8C0B4-5485-46FD-A3AC-94E8641B0E67,OWNER_d265694d2bf5,2014,3C85656C-1DE5-47B7-AF16-484FA6731AD6
49C6A0DF-ACF8-403B-A905-A5BBEAF64A6B,OWNER_21ec9334c2c3,1716,F1EB97A1-B385-42E3-BB5B-48535F956874
E2D00755-8B02-4123-9148-8C1EC52670EB,OWNER_259361781c26,1316,22E915F6-8943-4F97-B32B-4887CC064E11
8FD7D31D-99A0-4F42-965B-A51557EAA4C1,OWNER_b542e51b0f49,545,BD56EC4F-3D6A-42A8-B6D5-489027D4B506
834FC953-CB15-4898-9269-CB8B0897C11B,OWNER_b01d932eb39d,2257,A4E1221A-B34D-4535-A1EF-489CD535FC65
C93BE66C-E349-4240-8BF1-78AC9BD72E48,OWNER_55320f731c82,2584,D1556FC0-56B8-40EB-8E4E-48B28624BB78
C4F1E1E3-9FBC-4B88-8BB9-3D240DB23C07,OWNER_71de9771f855,454,761FA0A9-8017-435E-9BF9-48B5D45031B6
389BCDB5-723D-AB44-AD46-481A8D60F0E5,OWNER_b2a31d9649a4,2781,B15F0337-53DE-4EB5-8BB2-48D33B1D4B1F
17B5AB79-20D4-4457-9AAA-DC32B2AA5385,OWNER_dfd9e66d1ba8,934,83F1A577-4BC1-440D-A104-48D357E4A8EE
31B9DA44-8629-477D-8A55-1E66E76B2651,OWNER_e222fca7ec31,2231,D3D1EA97-E797-4B36-B287-48E7C3BE3919
C87EDAE5-82EE-0D44-A91E-8C558199E636,OWNER_116843611079,3264,F3C2FAF5-ECA3-4292-8A7A-491E8B5C3DDA
5B9B1A15-7313-46C5-9FAF-3B1B25ECBF33,OWNER_9fdc8047f390,2413,16FA2F80-7EBD-4807-9DE5-493ECFE10CFA
4673455D-70D1-4C74-8392-1EFCB1D5B274,OWNER_e222fca7ec31,2236,C062E1D4-C11D-4212-AF06-494FFD4A5CB5
7C31EFF8-C437-47A8-B729-73E2DB325C7C,OWNER_88c36e39eb1a,1389,5B4585F0-5219-4A8F-B2E0-49537AAD14AD
F3445DF4-753B-4AF1-8535-1013F2AE9952,OWNER_f5b892761464,3613,8BA4382F-EE34-43EC-B7E9-4955219B8439
C4833A88-5EF2-4186-B570-01DF21C17751,OWNER_827dcd11788a,3668,4E9C5CF3-2EBF-45B0-BEF4-49B5E7EAA152
49C78EB4-9258-488A-AAB9-609A2B76D9CD,OWNER_53bbe491f55b,1580,45DF9163-67BE-4C7E-89D4-49D08B7F1E7D
96C3705E-85DA-42A2-BACE-FB4061109097,OWNER_4c94bd14814b,1577,B3212808-94D0-4FE2-935F-49D1BEB12E15
20ECCDEB-063F-4FA5-BE79-D0E64181BE7C,OWNER_38cf3f20073c,113,FF5BCF7A-E619-42D9-9FDD-49D710B894A1
A668A004-C632-47AE-A33F-F18405410AAB,OWNER_6d8c545afffa,108,EC2A4989-2157-4EEE-B1B4-4A0870B82CD0
39392CB6-9049-4FA7-9F43-3FA8235C6E29,OWNER_ee00bff39e5e,3500,6A9F712D-702E-476B-BD3F-4A17E1C2E9C9
0CEAC965-68EA-4F4D-91C6-A344302249B8,OWNER_11a7a40fa31e,385,D5E95F94-BC2C-4F37-8853-4A19E04DAD70
7E49C272-0385-4BE5-86FE-7B2E698EE37F,OWNER_a1a8809dd861,1981,28C7A58C-7448-4842-BB93-4A349C6D5BA1
547F8FFC-E3AC-3846-9BB6-CBA80E1B62E0,OWNER_c33f218cca51,3538,7016B813-F0EC-4429-8E29-4A4DAC22BCE2
8BBA073F-2E74-4B8D-A855-19DC17A66B2E,OWNER_fb8f5d45feb1,1615,6F1CE7DA-2072-4460-BB16-4A544FC8ED13
B89D635F-A6F1-4E01-8D4A-30AF2249BBCE,OWNER_b25287d27fc9,2668,58DBDDD6-7F12-426C-8744-4A5E21A061CA
F6F0BC0C-B18D-4D00-97EA-B64547AC87CE,OWNER_aed5032be8af,1871,028D8421-28A0-46E4-8E5C-4A9B8385AE2B
C84ADADA-9F84-422E-8E82-F2A9555BF589,OWNER_a6aeed492669,90,F7F9ACDB-96FD-40AA-B0C5-4AB7270BF4FD
F19D8D79-05C4-4C20-9A79-881749B03931,OWNER_de7c42f9c849,1020,4AEF44BD-CAA7-4D07-8452-4AD7C0C85338
A90AABBB-E133-41DE-A784-85158430D800,OWNER_dc255db30aaf,1867,492198D0-5238-48C9-AFB8-4AE2E6FB689E
10A027EF-8B9B-4615-81EF-4DB37B4DC002,OWNER_08d4a78cb789,308,F14DEB5E-4A3E-4705-A13D-4AE80FD80C31
E8FE9FC2-4B9D-A04A-AE79-5420BC7BE986,OWNER_9bdf7f3acb76,3385,0588142C-1FFB-4C5F-B11E-4B01B1E07665
6148FE04-7D7E-5541-901D-14FDC25DE981,OWNER_257df581835f,3373,64D368EC-9E5E-4888-811A-4B02B2833233
D222137D-A1F4-4470-8C29-3435BE455F2B,OWNER_cb4748f8cb81,290,36A57BAB-FFE3-4503-94BE-4B0A26BC4A9E
30F0104E-DF10-41D0-ADC3-8AAB3AAAFC6C,OWNER_5c38ea39e53b,2428,2F3D0B32-5493-41B2-A153-4B0A355630AD
BB67D5AC-0644-4972-9995-B75ECE8D43F8,OWNER_78565fad4c73,3464,FCB621DF-5F82-498E-ADD5-4B0C9FB34443
7FFEE324-D904-4F14-B421-BEBF9C5A4CFF,OWNER_f27bc58c01e2,816,53D8A834-45C7-4181-8AEB-4B44ED76A2F5
927F7240-818C-484E-B8AE-FCD41CDB99DA,OWNER_26ae04bb443d,1558,FCFA342F-D6F1-409F-AD5B-4B4ADCA3F463
45BF3F04-1A08-433C-B89B-7C13F37EA203,OWNER_14cda5cc7f0c,602,78C10D6B-EA76-4E61-AA2D-4B4B98327A94
703B7F62-0FAC-4D74-98C5-14BEB16B915D,OWNER_f5fdfbe5e560,2547,BE02A645-771D-4BE6-B2A1-4B82670367B2
C5F69671-6D18-4CEE-A082-E4EEEE1ED684,OWNER_d30331c46c90,2451,955F809F-80FB-4F46-A938-4BA4F957E2B4
6A4CB2A7-7DBF-466B-9A3A-C79AE8AE782E,OWNER_d0d6a583d8b0,1398,B1C023B9-8D3B-4E7D-8206-4BA6192D4BCB
AF10B2D2-90DA-4C1E-850E-F96D79E87B19,OWNER_71c33bf7077c,304,85125FD4-FB32-45FA-B0B1-4BACE74D8091
A3D8F438-BC99-4573-BAD7-1A5C7288F703,OWNER_5e7df3a1f81c,2303,61BCE6F0-D363-4321-B340-4BB0134CDD83
34DAE284-54B4-3540-BA20-28217593B47F,OWNER_bf76135caf79,3751,F697B342-B0BC-4A62-A4A2-4BB4CE9BC448
91929C83-86E0-48A0-85F6-653397131E76,OWNER_720c9bb639b1,1902,97CEA37B-9783-40B7-B91A-4BB93B194DF3
D92FCC01-C62E-8249-BE12-A8C2ED200D70,OWNER_95fdbb8dd3a1,3240,9AE794A2-E2F3-471A-92BE-4BC016ABBE28
BC2DD945-1614-44F9-89E8-27E273F0FC81,OWNER_a27b46a092c5,1672,D2DD416F-82D1-4AFA-B23D-4BC97A188093
2CA20367-420E-486D-8CA3-E6094DB473A8,OWNER_d006881b6aa4,3492,2EDD2A06-3632-4269-A2F4-4BCA0E543DCC
D7142C76-EA48-44F6-8271-DB3425C61FC9,OWNER_3e25c5094f53,3588,2A8A335D-EB03-4A0A-8079-4BDBBB2EAED6
7C82F67C-3277-4115-AEB9-C812039F9616,OWNER_e754823373ac,1070,9A149B38-CEE5-40B9-AB2E-4BE001F8990E
D1A4B628-0FC4-459C-A500-767EB71C194B,OWNER_6c01d6114329,76,377E2B11-3D1A-4369-8673-4BF2A8FFDA78
6A7D957D-E4CC-45D8-A5F7-EEBA29596A7B,OWNER_14f64404bd7b,901,7B9615F2-926B-4FAC-BD4B-4C0B639937AB
4AA8FA1E-27D1-47A2-B4D6-D5EA7069670B,OWNER_66ead1ac146c,2440,1A896CCE-ECE2-47D0-A3C7-4C1C3E138948
624E40C6-EAA9-4B8F-9E75-82F9D6A0725F,OWNER_6632b3e711f8,2536,74636971-BA84-47AC-8ADF-4C2B1D5CF9A1
619E94F3-27E7-4266-B27D-D3F35CA47BD6,OWNER_d094dcfe678d,1845,7A0BF903-B11B-49CB-AABD-4C370C656CE3
662F1E7F-1DD2-4CC9-8E31-F1CBE1CEE98C,OWNER_ee00bff39e5e,3504,B8F9F460-FCB2-498B-894D-4C3FE3D47A9C
4FEFF274-600E-4225-8547-EB611ADD0711,OWNER_e93c374719ce,622,628CC13D-7051-4373-80F8-4C736421B2B5
0FCC3C93-2E46-4E29-8176-B92E6B40CDDC,OWNER_f840601f3a56,1613,16DC66FF-543B-48C1-A2F5-4C81E669938E
F8DD29D5-BFBE-417C-98BD-9A321B35E875,OWNER_296c04c83b7f,3575,4E6B2FF0-F968-4597-AD61-4C8687D7A7D9
6A312DA4-6945-4A29-9B9A-F83A0ADB4F76,OWNER_525cc8b20983,3926,37F4A2FA-B654-489A-AA06-4C8B170D6602
12036668-4C10-4B3D-B433-D21D7D4D6DFF,OWNER_f54295ea1c60,1475,767765F8-942B-4E74-A60E-4C91E450862A
D584DE86-7FE6-0C43-91D1-9A313DEA0012,OWNER_565953890d16,3753,EA38DD55-B220-4149-917A-4CA43190EF64
9C16A28F-E91B-45F7-9256-C750B67E15D5,OWNER_ba064586e1b2,793,681560F4-EB17-42DA-B659-4CAAD91AD7C9
8BA0ACBA-0018-4CD2-B13E-7F4B0BF2E457,OWNER_2fc466c5ce72,1729,4DBC4BD8-A463-4936-8153-4CAC3719724F
945AEB43-EB99-4F01-928C-E763F9A7ACE9,OWNER_cdd63d090319,1190,001E21B2-355A-4F85-A1BF-4CD7D3005F72
93B53686-AB59-4BF0-BF12-ACFD0594156B,OWNER_70488e52a935,1326,4B7765D1-A33E-497D-A97B-4D1972719FE5
89FA348E-D4A2-48AC-9672-A7026F20A6C5,OWNER_d0d8e7d87a4c,3949,82C88F2C-BB87-4654-AB08-4D1AFFB7249F
E1E150CB-15CD-4D32-A89F-AC1C5931D5CF,OWNER_2e7bc50b6932,2628,A87DD823-B182-4811-A7D2-4D20DC4893FE
EB8C90DA-3AB5-438D-850D-84E5B9D46591,OWNER_aa8ea45d6d4e,1742,73497EF1-56DE-44F2-BDAD-4D22E2A4E8F3
C496DC42-16D9-4698-81BC-2CFFA9F3A213,OWNER_78fd5a5da6c5,2243,DE975FFC-06D7-4443-9F2B-4D325F5D928E
90854FF8-9636-9943-ACD0-28165E33F486,OWNER_f06048932992,3280,B4EBDCB0-1905-4313-B578-4D5446C1C612
81245B01-C59F-0E4F-BB80-627F68D1E40E,OWNER_f06048932992,3310,3173FF6E-2738-409A-B332-4D57C5C3A4E2
3D2ECE68-D78C-4916-86B5-D5548A15F0BF,OWNER_3f8b500fe0ff,427,02B36292-05BE-437B-BD66-4D67AC0A1B29
4FA7AA8F-C4BC-4FB9-BF35-77768FD4AE15,OWNER_0566fb5b2285,3730,E862C647-ABA1-4EC0-A29F-4D69AB599FE0
5FE19F56-2DF3-45EB-9B38-EAD3BFEA95AE,OWNER_728528076528,726,21139755-7E13-46A1-AEB6-4D6E9157A424
FC6F6A2F-E7BA-4057-B74F-01F8BD9E3534,OWNER_d9c136a651e5,143,0251932B-DE12-4E8F-B86A-4D809B257ED4
8C77C6E5-3945-154F-B0A1-A50EED82CC50,OWNER_56f9e52fdb1d,3039,D72FBC86-C8E7-4763-9D78-4D89619A2243
37BD6797-4DE1-4FBB-AB46-6DD0670F8DD4,OWNER_fb4dd1686dea,459,B51C9471-9C0F-4E1F-B514-4D943D92FAD4
7623C224-5242-4256-AC9A-FF00910A4953,OWNER_4547a96e79f6,1567,6AFA96EA-0546-4355-8EA3-4DAD2DE0EDCE
11FC272E-313F-436A-AF80-F81795759553,OWNER_f819734ee092,1446,71FF1CF1-EDBA-408A-8B81-4DB54E68CA18
804370B4-82B7-4D5A-B4E9-1898F03BA7A4,OWNER_e0500fdc9a5e,1383,BFEB51D5-EE0A-4334-A0D2-4DB581B22834
6CAF9B74-8D98-4235-9492-BB1321401CF3,OWNER_062dcf763dff,2379,306F17C4-77A6-4E20-B6F0-4DB61F625106
56252027-5BCC-44D5-A526-CF4FF1F31709,OWNER_7f24db7d2978,698,501CFB75-94A3-43FB-AE75-4DCAA10EF0EC
22370C8E-0574-48FC-94AD-14F42DECEEE7,OWNER_879fd512b9d6,1601,7873D82F-E5BA-4F92-AC93-4DF50C7455F3
4AB756A2-BE19-604E-98ED-EFB1D0BA195B,OWNER_181dce37a415,2831,B1390E80-3B35-499B-9C19-4E03A36EAD24
39D27EF9-9C91-4BDE-ACBB-68E112BBF1FE,OWNER_e222fca7ec31,2217,2A24D8E7-49CC-4ADF-A82C-4E09DE02DAE5
3B0E6F66-913C-44ED-8316-E2F1B9820120,OWNER_6469e2473523,747,09294E04-8975-43FD-83BD-4E1255E36E9E
E53B4507-E81B-6248-98C6-2F243D553307,OWNER_3f86ae876520,2859,851509A9-1288-4E11-BB7E-4E276837B79D
7A798B4F-7567-49B1-A587-C0F762C178C0,OWNER_7c76a3b4a174,2034,75E19E35-7266-42B3-95D3-4E49A8C3205E
C5EB267F-640A-4722-AF82-64AEED328B3A,OWNER_091bf5919cd0,984,A129F112-6B26-4C6B-B732-4E5AB10D74CA
1012D6E9-8BCA-463D-B9E3-9E75B3D62932,OWNER_826bdba5a89a,31,1F2E22E0-B33F-46FB-94A1-4E5B5F98D9F6
FE37665E-5B79-47CC-B03A-B2B2B307EB7B,OWNER_11a7a40fa31e,387,E051DD11-D882-4923-AD71-4E6AD3A35A92
4DBB7AA9-737A-4462-AC57-A9C1C9489E42,OWNER_469da077b7ee,2195,49C2C741-8092-440C-9395-4E7F9FD1B4D8
B5E7EC90-F6F0-AA48-91B2-7E4857DC72EE,OWNER_ba40a7e87bdf,3169,86067B4A-6121-4ED2-B946-4E85DFD7ABA0
AE0E685D-C367-A549-977C-5CF00ECD35EB,OWNER_f06048932992,3302,ACCC3E4C-9650-4445-984D-4E8AF6215EAA
D16457A9-C0A0-4E6B-B266-D87A10E9121A,OWNER_f13cb7207b19,258,50CE81DE-6238-444F-998F-4E9D7FE73CCB
DECA6C8E-9A35-4641-A171-5000BEADA997,OWNER_ecbd088ccd33,2039,95A482C4-2E2D-40A9-A456-4EA2D9CAC355
C0285EB7-0CEF-41E3-A5E7-F82220E67602,OWNER_ff25543af3cd,884,23A5B632-951E-434A-859B-4EA7CC2C6071
25597FDA-ED24-4955-B10C-4D5A97428CD3,OWNER_8336f54c1cbd,533,CDE0C642-BCCC-47D2-9CF8-4EB917C5CBFF
D5174260-F40E-432F-811E-54D98591E0DE,OWNER_05cc6aadb8ed,1966,927AAA9B-809A-4A8A-9C8D-4EC1711CA8A9
BCDA6FCB-C704-462B-9AC1-A4563A364E6B,OWNER_6b9f2fc1b9bf,2516,7D423EF3-9E1A-4454-9FD1-4ED1D0DE9960
9B25916E-54DE-4CD2-BD0F-86A0F148FDCB,OWNER_56de269bfb2c,978,341CE391-F8E2-4A04-9622-4ED31E089355
130056A3-6C02-49E0-8A78-BC173FC0B189,OWNER_6cc2691f9b51,2688,1C3978F0-BAF0-4AE0-A9E1-4ED3BA51BCB2
1138BFC0-B2E3-4E40-BE33-98FC952E066A,OWNER_642bca4b610e,466,01671547-EC28-413E-8CD4-4ED43384C3BE
43523260-9A29-4C77-8E1D-79EEC20CF37B,OWNER_19e41d7d17ef,1781,FE28609C-1A18-4246-81C3-4EDE43BD3159
2995D601-2AA0-4F1F-AB44-06BE95CF3856,OWNER_6f47ed67cec0,1718,CDD01B55-718D-4468-B85B-4EFEB859EC4C
6A1C2819-D351-8146-A2FA-6050A793E784,OWNER_9dc65c2bb85c,2796,B0AE3768-9425-460F-90C1-4F06872CB318
83231634-8D81-4ABD-9DF8-DC4EE39DDEF1,OWNER_d451fffd0856,182,B0894BB4-D90E-4AA5-B620-4F28C5D47E5D
8A32D6C7-6C17-2441-9A7C-46A0FD6F4BA9,OWNER_b4252fcd0231,3407,4FE22210-D2A2-443E-9336-4F2E920C5752
86186D0C-72E7-42A5-B390-508593B033D0,OWNER_a1a8809dd861,1973,D9152023-56F1-4B9A-9CA6-4F38B4D0B01E
29BBF644-E6F5-4113-91A9-4CFD42910ABB,OWNER_1946ae812817,1207,470A4876-C364-4E3B-9F32-4F447264C96F
A068D833-12F7-4175-95E5-12F8D289B474,OWNER_38cf3f20073c,221,76CFEDC5-E2C7-4BBC-A322-4F6BE9269BF9
073DC0C0-310F-423A-8114-6744F95B4415,OWNER_d7a78fde28a7,2020,36264E9A-E505-4F36-A833-4F7BB5E13C3B
75AB724E-5C63-47B3-99F7-C06620E91BA5,OWNER_7762f7d12700,2157,DE1BD9A3-E874-4679-873D-4F94B08F2380
4791659D-CD01-4CD1-8C4C-0B6C7050CA09,OWNER_ee00bff39e5e,3499,97CF72B9-9DFE-46F5-BDFD-4FA1014DE741
96F3B28C-8ECB-45E8-846C-164948379038,OWNER_70fc9a813218,3583,F0C90CAC-0286-4A00-A2B7-4FAB8D8ECC68
EA2C9C69-97D5-8A47-9838-9F4B9F573885,OWNER_833ccd7c33b0,3370,C6F0285F-39D8-4EFB-AF2D-4FE807F49510
2877D20D-CB61-9B46-92CC-B53EE4878207,OWNER_19eb9c96f867,3176,9F5173B5-177A-4A2B-A769-4FF4B2B776C1
5724525F-5DCA-4337-9C70-0D4F5020BF79,OWNER_e754823373ac,1127,101B1B48-A2E2-48CA-BA0A-4FF5CBF8FBD5
9314DCF1-1CE3-49E4-8F94-7BA73B7780B9,OWNER_0aa5183b651a,1891,DE4908B3-3691-41AD-95F8-5007746B3192
0501E600-D3AC-4CFF-BB2C-2F7C93EFF67D,OWNER_e754823373ac,214,F1006C3F-847D-48CD-B227-5048D5677290
EDC2339D-8FF7-49B9-8F4D-C21FD4041DCE,OWNER_19c9fdbd88e1,735,24592B31-63DB-4104-A179-504EEFDDC775
267D09A5-81CB-BD44-99E2-D1EB2D5B5A16,OWNER_96bb016b9a95,2792,4A60AC19-048C-43AE-BDE9-50544FBDF7F7
EB56D767-221D-4C52-ABE8-82F36AB00955,OWNER_d9b394e85ec0,1863,FEAB8C6D-D647-485A-B2A7-5059361DDA6F
83501BA0-644B-4280-949B-FC2FDF31B2B5,OWNER_9a83853cf110,2717,E77A80B6-D8ED-4E51-8B31-505B798E8E8A
23369442-5222-4E11-8B3E-071F9F418648,OWNER_5778d0d9a2c6,3556,74B0C69A-623C-46F7-BCD5-505B80508B4E
D574DE4B-4551-4E65-B0AB-70EE96AD1321,OWNER_469da077b7ee,1636,98DE07BB-0451-4934-9C33-5062D71ED9A7
7304A6C7-5A28-4B59-9092-FB7FC3657682,OWNER_1a987195533d,284,BD5B5B2D-1303-4E3E-BD02-506B044A5CC0
F60BDEA5-BA36-4ADB-B8DF-5C60B70BE897,OWNER_8a3d210c7ddd,567,22B7A8D3-CB0C-4B4B-9718-507BD5264E07
FA77F389-505C-41C4-8580-69E88559638B,OWNER_5f7d7092c62d,378,FB7CFFC8-DACD-453C-AB7D-50812D913A48
D01553B1-3E1B-4650-9746-0F2DB918D26B,OWNER_cc574a39fc99,2598,3FEC61F0-D678-4FE4-949E-509244675DCD
D47D33A5-F0B5-4A0F-A706-26A85C5564DC,OWNER_494d8dbaf8b0,731,1D2F92CB-159D-4669-804C-50952C5B2B03
D104C38C-227C-405A-909E-8FE13ACDD154,OWNER_877ff6b5b9ae,178,4CCDA35C-7920-4D25-B42A-509F1022AC3C
66FB565A-0D1A-8F4B-B32D-5E7493A92A6A,OWNER_c6733495f98c,3286,D2ACAD87-CA56-469B-A791-50B38F737E4B
97899F1A-1167-441E-8668-8DEDA6119A27,OWNER_51418823bd3d,3646,ADFEB73D-3328-4B63-8204-50B88C201127
4C1CCA2C-3BAA-4532-A53C-64D3F07E2C98,OWNER_25075cd3d3a2,1889,7F76ACE6-B482-4D03-B345-50B93EA9F13F
148716C2-2C31-475D-9B87-3C3633DEA94D,OWNER_6c5c9bf7fe35,3576,2691164E-B99C-45DF-9356-50C781252C77
297071CF-B79A-BE42-9B3B-DED2B9D2AB6A,OWNER_f06048932992,3303,7A928C55-0137-4EB7-A017-50C9504D17CA
534EF2AB-C171-4D6B-9023-637B7ABCEF34,OWNER_5d73af2e0f41,1359,2DCD0EBB-7ED2-4DE5-B11B-50F123C40545
7E5D7498-8589-4D31-A5D5-BB74D231C39F,OWNER_7762f7d12700,2156,85827AFC-ADD2-425F-8696-511237B92F53
F50B1C7B-4B1E-45AB-86EF-8ED851EC8573,OWNER_05cc6aadb8ed,1965,E8F7DF76-EE79-4EC9-A172-511348DC47C6
F83C7EBB-DD29-4EB8-B99D-4E5F29E2BD10,OWNER_ce7283662c9f,1909,E1384C6B-E1CD-4A35-9B80-5131F47C3D09
FD1953F6-4480-4496-8635-5713DDC81A89,OWNER_fac9fc37e248,1430,E50F8AB1-03AE-4BE6-B0B3-5133DEEB83F0
E23F9317-713B-5342-883A-1A07C545D7CE,OWNER_3a1303c92b80,3017,C330A845-91E3-479E-91EE-517C1778B6E6
ADEDA016-12AC-C64F-8841-3EBCB5D4870A,OWNER_56d04f432e27,2877,907A1434-66A8-4A44-948A-5187337F5796
A71FE891-4778-4A8B-B7F1-E8B6C88F7CF5,OWNER_7ff0814c604c,639,150D650B-4964-40AC-84B7-51B2DE126B99
C9A2C9EF-36B5-4377-9A28-D394F821EA83,OWNER_a4faef5c7926,938,134E5259-6805-4D7F-BA88-52669A745C94
E28B115D-2FFF-4E78-8E71-5683A7C3F7D4,OWNER_8b274d8b5d4e,1496,BEF57ACE-B058-4810-89BF-5282A3A0DDE0
D00256A4-7233-4B25-BF9C-FF7ED5A6BD73,OWNER_826bdba5a89a,27,CE20C4F2-D1B6-4D8C-93CD-528E00921D7A
8F289E19-33F4-414F-B897-9A2DB222D117,OWNER_fb4a286d3770,765,2034E99A-3F17-497F-92D7-529135A5DFD3
30FFE0A9-FE8E-43C4-891D-B59ED5237D2D,OWNER_8b0052f20ffb,3152,2555AB4A-6032-4108-B7B3-52A75E37DA3E
9AA97F7D-C8E2-4EB2-AD3C-DA0AE57B1562,OWNER_fea1346693c1,232,64D5DDA8-B002-43D0-B4AD-52A762A7835F
992AB9AB-7C20-4701-9720-7CEDE7CAA7F9,OWNER_3cad7f66ed42,193,A0A9E411-891C-4261-9778-52B70B5FA404
DDB6A23A-964A-4B72-9D8C-28D261FFE5B0,OWNER_09e483d30b2e,2415,D7D03CF5-9E13-43C6-8430-52C7F7429A51
2C2CEB42-61DC-4193-9BD5-4D6F6F9762AC,OWNER_e754823373ac,1121,090B1E13-A61D-4A96-AC48-52D61C6D27CE
7ECFE006-14C6-476E-A729-D4F8528D6DDA,OWNER_456c1416fbc5,965,BC3229C2-AB81-46B2-9F97-52DFD2B06DD8
9F8A0244-11A9-4045-ADD8-E9B7DEBF40FD,OWNER_b25287d27fc9,2679,14DBCA7C-481D-4C2F-9ADC-52F66226DFF6
4625D8A8-1FC6-4EBC-9501-EA180E96765C,OWNER_f8b69d644448,1801,8B6D261A-FCDE-44A4-A3CC-53290A7201AB
D3ED0667-C2C4-4051-9C1A-C50F7A5A3680,OWNER_ef635d299df1,2106,F7C458FA-D28A-4FD4-ACFC-535CD1F85D3A
23C57651-D661-4F79-94E1-93F07DF8FC4B,OWNER_e222fca7ec31,2213,C54665D5-ADA2-4DD3-85E4-53650396FC59
F15E4116-E1D9-4C33-983B-8453BC876317,OWNER_0bfe13ac314e,1948,942CAA2C-02BA-4987-AD22-53B14A2982C1
B50D8E0D-2811-4D3A-8E41-E61825CC6007,OWNER_e41a716a7ee1,2200,3C7BE1FA-2C24-4529-B14F-53D279B62D1E
09BD6A85-FA82-4058-B950-43B5B2A2A74A,OWNER_a3aa807d2dd0,3,34AF2B3D-3FB2-4089-95B9-542B53207467
6595FA75-8F0F-4CBC-958B-F51BF7EE7FD0,OWNER_19ccee6b9d97,1203,29675006-46BC-477C-9ECD-5436F3262A56
F7802213-E012-4D58-93C4-A974CE2322DB,OWNER_d7acedc1916c,2919,5C690E29-BFC4-4CEE-AFC8-543BDC488411
3448B967-BFA9-C243-991F-F98E99FC744E,OWNER_e60c16c9f3b8,3419,2FBC0A89-6523-42A8-A158-543FFEB47E86
A549CBFA-F7C0-40E8-A502-F1CF7A2CA31D,OWNER_74fe8bf68bc7,944,3B618BF7-77F3-4FFE-9F54-545057F32819
9D7123B9-AA3D-4766-8C0C-0C28B46E460D,OWNER_392c44c7dfc5,1759,C57234FF-BFE5-49CF-93D0-546AC680A0D6
75337E45-C01A-4D28-8D76-115909C993D3,OWNER_b0d354ac7798,915,932CA6BF-3687-46AA-B5FF-549927C39AA8
0956C3A4-E151-6443-A3C7-BD6524176562,OWNER_f5b892761464,3655,0A815A7A-2031-427A-AD89-54A4124C3E92
88382A45-8FD5-490A-B7E0-D2F78FBE5724,OWNER_5c27df12cc67,1510,6F0F92B5-CFEE-47BA-8B2A-54A81FFB809C
75BAE6F1-2C35-452E-B72F-3C50390BFEC7,OWNER_b6f6e06f6837,52,32159037-A0C8-4AAD-8020-54D0896E9A3F
4E7E7012-E936-6442-9C2D-E490D31A1394,OWNER_71794b650a49,3007,669B2680-54D9-400B-816D-54D0EC2A8D3C
709044F6-D535-47E2-AE4E-32648FC805FD,OWNER_d39f57988577,1227,176B44DA-83DC-45FC-A71A-54D11D5D5ED8
9775F7DD-9893-41D7-8884-7CAEDC2463C6,OWNER_e754823373ac,929,ABDD2A8D-57CE-4775-A63A-54DE06ACCC3C
A0891AED-328D-D942-8A72-239754DE0454,OWNER_2e221459c364,2988,AB8A4D20-2039-4424-A84C-54DED5A14317
2268B1AC-B2A1-43AF-968D-CA60769B7DD7,OWNER_4312d40714a9,2087,C9CD3E60-FD57-494D-9054-54F3393FA655
53A85F82-8FCA-421C-B245-E1D9EB7EB16B,OWNER_469da077b7ee,1704,0F8DE717-296E-4C62-ADFE-54F56FB1B0B0
B7412233-C731-4793-9CFC-C4EB2E669255,OWNER_ff9062f9efd0,831,715362F9-7503-4B7B-9057-54F779C0F751
4F4531D5-F2B5-4574-9006-EBEC64777FC0,OWNER_6c249f84207a,526,F11FC957-9F0F-4D42-BB96-54FF8C244612
2FBD3D5C-9F7B-4A75-8EA9-55A51CDA460F,OWNER_a3aa807d2dd0,219,55064256-FDE6-4AD0-A32A-5509FA7846BA
1186C2F7-6028-44C5-B2BE-DE902B39EB49,OWNER_7f75ba222300,800,1FC2DFC4-7F69-4CD1-B10E-551C50434990
E4C35A14-8574-4284-AD0B-DC1028C6908D,OWNER_e0ef3c8aeb20,1787,AE869C4F-FBA6-4D7F-B794-552A1218088C
8A5E43D7-42D9-4F2E-B058-978B31F8D892,OWNER_edbb1e1b0186,1677,7C16AEA3-2BE3-4A32-B2E2-552A4659253D
1685B093-0BA8-40E3-B425-0BE94794AF28,OWNER_8b274d8b5d4e,1394,A0926762-319A-43E4-9DDD-553E58A20605
4263EE61-DF10-4FA7-A4A2-F6682C17E642,OWNER_0389225249b9,1772,9D3CEBB7-4C95-4438-A578-556D66C2B5F5
119C43FC-EE61-4DCB-AF69-B61E85115250,OWNER_56d0b6152dc9,417,705ECE33-6C2E-47D6-B25D-557845A04752
36FFC9E8-EFA8-4E45-B522-72AD540D1AB4,OWNER_878f6b3c12a6,2899,58BB61F0-D0E6-48F4-964B-558C94DFE408
42E81CAE-D04B-45CF-9260-D283F260431B,OWNER_dfdb3e814354,1369,46BB120B-64BD-4246-AF29-55B331DE95F6
53145FC4-949B-4A6D-9C66-AD860488348C,OWNER_826bdba5a89a,33,3C652934-979D-4F9E-96F0-55B980907F3A
4E9F8497-5809-4DD9-9BD0-5A2AE21BD28A,OWNER_e57e375322de,630,E7BFEC04-D014-4368-94B5-55C10503EF46
293A8AFD-ED5D-4FB2-904B-02A1944DBC67,OWNER_de7c42f9c849,1031,B294A598-0086-4290-B452-55D755B9B3F1
16A979F3-2137-41D8-A976-E5D58E3A87EE,OWNER_8806744652e1,3581,00947132-5654-4CD6-8402-56034160DF95
C9B08FDF-A73D-4D85-99E0-CD98A107967F,OWNER_d35fde523937,1815,B17CD2BB-0C25-401B-9876-5603A7BA0DFB
D56BCA36-749C-4FC5-AE3F-6AFDE2AC644A,OWNER_9bdf140f5f9e,2128,676BB50D-3D32-4A83-AB41-5622DF13A642
D7FC5053-509C-4989-AAA4-05942ADE61BB,OWNER_0ad9efefa266,830,9E3971C4-2A23-4064-BB9D-56365C2A3C5A
81DACE71-12AD-4D4E-99E8-F194DEB125E0,OWNER_c86ad5ae54cb,3376,6770A2D7-4DB5-4A8A-9732-56435816F26D
17CB43DB-ADBE-461F-B983-A8A352E6DC3F,OWNER_e050a028b4ac,1401,F4E788E5-983A-4310-A9AF-56731BA93DA4
50ED5F96-4436-4050-8850-D35A26D3E3EF,OWNER_7b292b21fe60,801,9700729C-5C57-43B6-A528-56753941A308
80940C0A-6BA9-484B-8A67-1FE5354DADFC,OWNER_57d118728ead,2357,F8613194-E300-427B-9641-567AB416FEE8
5124CEC4-BBC2-4299-9312-0A2E2A72A123,OWNER_ef3ae2f377fb,1541,128ADA9B-D333-472B-82B1-567ED2C25A68
34C5399E-E2CF-4C7E-96AE-DFC7CD396E28,OWNER_469da077b7ee,1649,4B5B6FD4-B1E0-4486-941C-56809115336D
DF03B3FB-20B1-4231-ADC7-C0F54DDBE117,OWNER_9c41fcdf4b75,40,4E615EF1-16D3-4545-9ED1-568C1C41D18C
A8E61A18-359E-45B9-AC5F-D1963A9486AA,OWNER_402dccca4109,3512,4E09D575-DF9A-4111-A815-56B6EFA2754B
40A0495D-BAF8-4916-B3A1-FD4375FC78E3,OWNER_180cf4caac9e,1553,21EDE39B-7BD0-40FF-8EE2-56D69461DAD2
795D612B-1DDA-4820-87B1-2F5F629BFC1C,OWNER_877ff6b5b9ae,908,FB1646F9-C1DE-4CC3-A41A-56E17E9753D1
CBEE3D9B-A185-4A4E-973D-35053BFFE24E,OWNER_67697db69e76,2722,5DD5CD63-723F-4A37-ACAA-56E731A6CADD
A1A9A0EE-472C-458E-8DC3-A394D3B6A9AE,OWNER_1ef856e33fe2,1267,A9362DEC-340B-47B3-BC2E-571009CA105B
F2488319-18B0-DC46-B961-89AD5FA49228,OWNER_3265b1ac56a2,2880,D7AF5D70-D73E-4779-98C2-5721DA5F970E
4CFC2537-6A6C-4158-8F06-4FA2D2C87A6F,OWNER_b9d424edb4ed,2659,FA48E6AF-300E-4C47-9356-57591F9ED8DC
5AF969B8-5109-4F61-ABEC-2E280FE6057F,OWNER_5c27df12cc67,1513,8C45C13E-7814-4342-A33B-5760A6FAB98E
C971D943-5754-4B37-A059-BCB2069C5C21,OWNER_4c8e18825dba,1676,38F6DDB4-90AD-4E08-A2BF-5762D204E88F
19C746CB-60C0-CA4C-9C7E-418155E60189,OWNER_fb6b3d1584bc,3246,62F73DFB-0F77-41B0-8435-57697AFE509B
3F1CE4AC-C9DE-42CF-B333-C7312FF2A675,OWNER_ddffc456fef8,2545,4DA6CCD1-C251-43DE-B6FF-577D2899FB86
AEA6E511-1B32-4A2E-A04A-875B7D7A189A,OWNER_d6da583aa506,798,55105CB8-EB67-42FA-A319-578EA1DDA016
652C92E0-99A5-E441-99FA-50D51E380E11,OWNER_0a6ee8d44a96,3089,5A60AB96-1D85-4085-B663-57AB70CF6EF1
24C4AB5F-047B-4422-A499-22A80848604C,OWNER_ac0aeb2eb6f0,1408,7C2A7ED6-901A-4CB7-9E28-57AD7B91A04E
6F0ABE6C-5733-4379-AF72-AF2089A5CAF1,OWNER_4375e1b968f4,2391,FA294AAE-ED21-4B2B-B582-57C5038F2DB5
56F48CD9-B90D-48AC-BF2F-8516B771D1D5,OWNER_d5c3cd9215ae,3729,3E01AB7E-F78D-481C-8643-5806C36176AF
EBD90C37-96FF-4DFF-B03C-A9CACB43C266,OWNER_751e090ab481,1452,7F6CA68F-14A2-498C-BCF4-581C19B3E6C0
DA8EFDD0-4137-6A4B-A1C2-248A372BC533,OWNER_1ceed1b18b84,3244,0EF3A182-2A3B-4BEC-AB05-58342EC9A6C7
7E34BD20-EC5D-421F-BA7F-2AE31891214E,OWNER_fac9fc37e248,1355,A85B364E-00B4-46E5-9CCB-586C93E39725
6C5A2B16-DF16-DD40-8F43-34F13C6E7E1B,OWNER_f6546887127e,3348,0FD9D428-2302-47E3-BA42-586DFD8F4C03
CBEC52DE-FB61-BE41-8FCB-F0C64438D861,OWNER_e871ba9f607c,3028,94C9F282-4639-41CD-A8DF-5877E9DEFFD4
E009992A-FD97-4E17-81FA-FDA4ACE08E37,OWNER_889cb7d8c292,1526,E080786F-E531-47AE-A4A1-58B490D785F0
7AAC9E34-8459-43E4-8E09-4A7ED2BF88B0,OWNER_e754823373ac,920,D407B687-5988-4A13-9865-58B5AA9DD198
0DC19803-3E86-4A72-9E31-A4ACB510835E,OWNER_ec235cfb8b96,3146,658C2AAF-1D37-4696-8911-58DF9B0CFB1F
373D631B-CB74-4BEE-83A2-4BBBF83B7FF1,OWNER_d29e7760db9f,246,64659E48-13EA-4C30-8E03-58E80496C07F
E3F3B810-71B0-4E60-BA6A-BE440FD39B0D,OWNER_86e7a6a1734e,2094,BE7D579B-2F6A-491D-AC1A-58F368550A73
B72E03A9-CE4D-4F55-917B-0351AA976DCD,OWNER_9fdc8047f390,2568,F06EF6AA-C49B-46F0-96FA-5903C77712EA
250307A8-A6CF-4A3E-B018-5B0B2A47BD9B,OWNER_31fd07ef39e8,1433,B46857EE-1935-47B8-A051-59111B9E6E38
A184F7F2-DA28-4769-BD7C-C0C4FDA1FE70,OWNER_7762f7d12700,1585,23ED0CD6-1D83-4ED0-9807-59316B3F81A3
60185AE2-4A19-2542-9BCF-3267728A68D3,OWNER_1bd006497b1c,2910,4771C76E-B603-47CD-87CA-59A4DA6CCBC0
067684B3-BDE8-4FD8-8190-598667FA1978,OWNER_0ed11c831e2f,236,81A1AEF9-34F1-49D8-8BF3-59AABC154538
32F278E8-1E06-4C23-B0DA-EB4A6FD4491F,OWNER_b9d424edb4ed,2664,CC7CBA70-5B1A-4BC8-A5E2-59B50F543E6D
674B43B3-1531-4A9D-AAAB-0465DDB51198,OWNER_d1f191602005,1599,B61B2EAE-01F3-471B-8EF0-59B98AF84B0F
F463BE6E-1C1B-442E-B185-A9F24E3C3754,OWNER_07425326e5c6,1461,636E1F80-B7BD-471C-9CFE-59BCEB14A7D4
A90BE1A9-BAB5-C648-87BD-3393929D8060,OWNER_91a37e8c3ca4,2955,0EFF6F15-8B13-4D1B-A1A7-59C3E5E25D5B
175405DD-2D21-47C7-A8D9-E36195CD7100,OWNER_132c17992059,3115,EC8520AC-DC9B-4071-96AF-59C4252AD479
CF4649AF-81B9-4781-B864-B49BDC8EBE8B,OWNER_84a376071798,1101,3AA8EB00-1B32-43A3-BAF1-59CA08042C60
B8F0E5C9-378E-4FF1-9A59-FAA8393E0813,OWNER_35f3e7f5b51f,2132,0D885740-06A4-4C1E-BA11-59DA8450F6CD
16C030BE-7D60-4731-9281-8A69446E1576,OWNER_9465a0ce56de,952,EB613630-4E79-4502-8C15-59DBCFCAA713
3C680814-2CD7-48B0-9B5D-461D4B04B1F1,OWNER_ac0aeb2eb6f0,1335,87A41B99-8845-426C-888B-59F9C8B8F11F
1DBACCE9-6864-4138-B2D9-02C38007EEB0,OWNER_6da57b1e947f,3913,24405AAC-A652-4456-97A4-5A0ABCC7B6A9
C79BC778-3976-46DD-8FA8-C7F516FD3EB2,OWNER_b8ac1e7ee6fe,725,31C7898C-6BBA-4CD1-8E2C-5A1D54AC1229
79A1BFAA-D4D2-4C1C-888B-4793F37E5EB9,OWNER_5065a6273f21,752,32A56878-194B-4E7B-9F40-5A2685DB8DD7
B3666532-467C-4220-85FE-E4B82CCE875B,OWNER_0e331b4faa77,81,CAF4696E-0785-4F86-96B6-5A275B2464AE
C2B03B49-7C65-4B1D-852B-FB6CDBA556A9,OWNER_ac0aeb2eb6f0,1280,7EFB9A75-63C5-4B25-A651-5A2B028F37BD
CEAB015E-EC3D-4D10-85A2-7A2093B6EDFF,OWNER_aa5d58571ba2,418,1E088E21-6BE5-4BCA-9B51-5A42CC987831
38A06AFE-8DC1-4543-B2BB-0A01F5D9FB76,OWNER_2487ea0a0d5e,665,09869D25-547A-4F44-BF61-5A6446654563
350EBE5C-3AB5-4311-B86D-ABC8286F79FA,OWNER_dfd9e66d1ba8,524,78FEBFAD-DF89-4254-8FCB-5A7DAD0FBD20
F04061A8-95F1-4450-9DA6-EAB0D7A844E1,OWNER_fdc7d2557714,1344,F4B2067C-7C63-454E-99E6-5A7FFE34C37B
85DA2EC9-C4E0-49CF-AB26-B1850F770586,OWNER_48c23fea151e,2284,63E6A588-82B7-4E9C-916D-5A89C66A285E
7FC3B0A5-1630-44AE-BDFC-8E485D543A0C,OWNER_27238c15f280,1757,86A7E396-B65F-42F8-BCF9-5A8BA3F05D6C
142451E1-24D5-4223-BBC0-D3FA52AB9836,OWNER_0aab0bc8481d,1195,2F891ED1-5AA9-438B-8A29-5AA5E2B7C38F
1E189279-365F-4310-9D9A-AAE853E8E94A,OWNER_af0dd91be145,2444,79D6C71F-8C84-4BBB-9E45-5AAAF3C5D007
C96E469E-1AC5-4955-B9B2-85E918D67788,OWNER_64705e791072,3590,A7D3FEE1-CBBE-4413-B45E-5AC0BC94FCAF
31987136-D67E-40E7-A442-75B2368D24F3,OWNER_18b7632e00ae,1975,A33835AF-B91D-424F-A42F-5AD74FA49F25
8448955C-FEF9-41CB-BA1E-60D8A909F5C1,OWNER_73d2db5ff9c0,10,7E7517CF-B035-4190-8AB2-5AD8D861BC2C
E558BA21-B45C-D244-9AA3-586F00F8DDB7,OWNER_1bf2c70c8916,3372,51697311-F2B5-498D-AE19-5AFA17CACBFE
F578D6B2-280D-624F-8250-0323B3BD5A61,OWNER_ebc74e0b88fc,2944,3504FAE9-433E-4192-8CB9-5B0A860DEAE6
91CDCDB1-FAA1-454D-BA7F-C7027A92227D,OWNER_e06b612b138e,1296,940C7A00-2BA2-4B37-9820-5B18493F5C01
C3EFAC57-3CEE-4445-B7E6-0D875EE7B9A3,OWNER_6541fa279916,2976,88A7EF13-BB7C-489B-B4B8-5B2E70860F53
68877F97-650B-48A5-8FD3-2273FB82272F,OWNER_ccaf3c4e3567,1994,EBDB4144-E898-48C3-B764-5B32C33760EF
3FE36E8B-E8DB-421D-A5AD-66A57E12D708,OWNER_5f57a04af556,342,DB7140B4-E7D4-4C3A-901B-5B33F8867172
2DC4ED0E-5362-4087-A58B-08DF8CA8B44A,OWNER_5f57a04af556,340,1D90CD41-6FBB-40F3-95C2-5B35EED54424
385E3B1F-018F-43EE-B6D6-66554AD61403,OWNER_de7c42f9c849,1035,1C60A666-C3F2-4CD0-B391-5B625F7850E7
A4582D34-76B5-465F-8586-AFEE29B559C3,OWNER_21a69fd12ece,2334,293F35A5-254C-4AE9-BE2B-5B67D28D056B
93863A04-A043-4200-85DF-41A2D3789D87,OWNER_2e7bc50b6932,2630,C5A21DA0-C3DB-4570-AA0A-5B6B917B3709
C1ECAEA3-6C05-4438-A50A-B3728912C946,OWNER_38cf3f20073c,118,D9FE3A7D-5110-4D58-886A-5B6E90EF93FE
00522573-25AE-4419-9673-7EB4C24A39C8,OWNER_bce4a6d6abb2,2731,CAEFF077-DA57-4D89-94E1-5B80C87E3320
27FB220E-C505-4A1B-A120-ACD4E71DF2F5,OWNER_61896153b5ec,2406,027F9EA1-197D-46B8-A228-5B8E338FE5DA
9A757A2C-4B16-4908-8CDF-BE953EB8E451,OWNER_57121c431357,1674,43AFC84F-C6B1-4136-B6BE-5BB14540E686
DD6010C3-876B-9041-BF77-D2A6D5711E8F,OWNER_c4c25a54b61b,3761,DC4FD05E-72EC-418C-9449-5BC2584C78C1
5C9B4F8C-2150-4F2D-8C6C-8028A0188E24,OWNER_e222fca7ec31,2229,349AB6F3-F36E-40AF-BE78-5BD4D9C2A592
CA9FA1D7-832E-45B8-927B-4B3714A9EF8A,OWNER_573e8d4a66e0,480,3F4EDCFD-1CB8-40A4-B1B1-5C00C39D5193
A70F52E0-591E-46AD-AC9E-9D9C5A693990,OWNER_831cb3b79449,936,C5CAD0F0-ACDB-4C8D-A185-5C0EE8CFA4AD
E69651AC-847A-49B4-AABB-AC018DE6021E,OWNER_41be424fcedf,274,FA26FAF9-0718-47C6-844B-5C1A17E183CE
41C73B30-B431-46F5-8BF0-66360A9B9E83,OWNER_eee4d43895a0,1938,6247E31C-752D-427A-907E-5C4208B524B8
4A326BB8-CB12-413D-94EA-D414837F2B80,OWNER_37a4edd9dcc7,1669,7102D406-9765-4716-951E-5C5B8BFECEF6
2452AF3A-D855-4287-9844-7772EB7F0598,OWNER_3852d2bfde64,1735,006EC454-E7CD-4649-9AF7-5C62681E0B60
A482C6E9-33CF-438B-97B3-F6BCB710DB00,OWNER_57a1b6c2f8a8,711,E9DC2573-60FF-4181-AC92-5C86D6DC9641
07C50FF8-B35D-4736-B2FD-ECB4190BC0B7,OWNER_952d85f66922,2129,0610E576-D2D1-45FD-ADA7-5C8D4ABB5D94
DBD25286-6AFB-428E-A8F5-F1AE1C179BBA,OWNER_b8c7b533bfa9,1360,AEF70A0A-6E4F-49BB-B810-5C9BFCBEFAD0
92B182A4-EC69-4A92-A7DB-714B9CFB8A9C,OWNER_56b108b15027,3951,604C51C8-333B-442A-B66B-5CBC703AD8E7
9AA2EC76-F0A7-43A1-8E61-38A57FB84FE7,OWNER_22b3e8aef171,3599,F3759368-6753-4DC3-BA38-5CEC03D0A87B
6E4C5EBC-0E96-42BB-8E25-C134E0640066,OWNER_3d7804ba2573,1327,AF5C64B3-9811-4B98-808A-5D767B23D0DE
0BC361D7-B804-480B-9CF2-35A2E012231C,OWNER_a18473b86e4e,1303,B7C136FF-3F7D-4DE1-8243-5D81A300D0FF
AB7DCA30-598C-4D95-87EC-40D55086ED2A,OWNER_b53b3c8c00f5,2008,508D63F2-0EF0-4093-9305-5D8AC1BEB1FF
9E332287-13A0-4D02-91A2-40B0D0633940,OWNER_c60549176c0b,1711,AE9F0BBD-C011-44B7-83AD-5D95F9284C4A
B26958F2-DB33-4281-B961-3AF803648EE7,OWNER_dcc239f0d74e,2328,704C45B6-0546-4629-A6B9-5DDFC7AD27C4
1965FB3C-18C5-44AC-83A1-85E9248272F0,OWNER_e754823373ac,1118,6700D255-E227-4ABE-A2AC-5DEEEBA1CB9D
115C1636-0547-4B76-8E4B-1153321E59B7,OWNER_8901b1f756d0,2446,2F696722-640D-4956-968F-5DF10C9745A2
A8A040B9-3C3C-4E2D-9685-07DE637FD889,OWNER_cc574a39fc99,1286,D9CC38D7-F980-40E2-9DCB-5DF2AB1C6042
64D5A671-9C5E-4717-9CDB-98C7FD775CCF,OWNER_ce26f88f8ddb,829,D5D09183-B7CB-42CD-B87E-5E118C642388
78887FA4-E04B-41EE-8011-AA0C6D0792BF,OWNER_469da077b7ee,1651,53C53ADC-E877-403D-8A60-5E12F90BCE4C
894D0D7D-D48B-4CAF-8394-67E4B9D64040,OWNER_6f3c273f10c2,629,CDAD2159-2AC8-4E0A-A9EA-5E135119D723
1A979BD3-51FF-4D34-802D-A55E5ABC3380,OWNER_3d7804ba2573,1282,2921A2E7-FA0F-43E4-B489-5E3D7A42F8EF
BD2E9194-9FEA-4BF7-A77F-233AE14D604C,OWNER_dfdb3e814354,1492,A123E653-0D8B-4844-B153-5E4F52B20ECF
D677EF5E-03B6-AD45-9896-19AFF3508B98,OWNER_56f9e52fdb1d,3038,726BA797-E8D5-468A-B003-5E55E5B56C5A
7E25D682-3515-45EC-A5D4-AD94CE3FFA37,OWNER_b25287d27fc9,2667,F3A51D5E-D144-4209-AB9E-5E58D7C64C81
FFB9FE51-3E3A-4ED9-8785-1F4C48D185C9,OWNER_fac9fc37e248,1266,F7BC707E-79AA-461D-B64B-5E8FB20023F0
3773E09B-1878-4562-A059-22B6467C01FB,OWNER_b2651f30ba6c,2102,053FC024-AE0F-4E9A-A545-5EB3031A7E38
89231375-6F18-4B6B-8BB5-D2DACFA15D17,OWNER_e754823373ac,445,A0D7B4DE-B735-40E5-9762-5EB54BEBC668
57E23880-5ECF-4A8E-9B43-9EFAFBFD09FC,OWNER_469da077b7ee,1691,BFD65978-8AAC-4EA0-B8A5-5EEEDC17D5B1
A274BF9B-05AB-4369-A0DF-D2356A8B5858,OWNER_064f89638c42,1828,8E5EBD07-71A0-467E-818D-5F0B9C44616A
A902B6F4-9577-47B8-B601-D54115337218,OWNER_ff15a8b5716b,905,289F6B5E-875A-48E3-9413-5F1097F2D02E
4169D9AC-38E3-4776-9606-25029AB969B9,OWNER_e5617e067fdf,1133,53FD008E-B9AF-4C4B-969D-5F1BF92ACD6C
78E718CC-B570-4807-8893-1259B38480D9,OWNER_79352f083872,1723,F175BF86-508D-402F-B797-5F35E583DE65
C7FF982B-46E2-416C-B92B-B81F1182DBF7,OWNER_511edd81ba4d,2332,6302FC24-A681-4E51-9435-5F406B9B70AD
3462C605-6266-438A-A63B-C474812C2828,OWNER_8d1f623e89d1,2365,15D2792C-D5A3-4170-8EA6-5F458474233E
4239C97F-7B01-9E4C-9BAC-F7A102D0C0B7,OWNER_c1f3356bde9d,2974,80C2808C-3B9A-46A1-B3B5-5F536FC3DBB9
AE569D43-3A32-4A59-9B3F-511C3876FFF6,OWNER_b25287d27fc9,2712,0D4AC224-C292-4331-8ACD-5F6443180199
9DD3AA9D-E6AE-4EA3-B434-DD6204BCC7CF,OWNER_2b53ec9976fb,1366,7834B821-94D8-4028-BDAC-5F688CCF731E
4607AC8F-69E0-2A4B-8180-9D61FB390FC5,OWNER_95fdbb8dd3a1,3242,4A1587FC-B8FC-420C-B055-5F6F45C88857
FFDDDF44-3A47-4E54-8160-47CEE5D034F4,OWNER_c60549176c0b,1712,00496263-5FC5-46C2-AC92-5F79DCDD1EF9
5300A6DC-FE44-4832-85AD-802AEC423B0C,OWNER_ec422e2890de,1605,62B96FA7-427B-4A3D-B74D-5F86C64D3BBF
F2B3FA7F-5DE5-48F4-9AD4-FB1D040C288B,OWNER_ee00bff39e5e,3498,3C258236-1DCB-4D52-91DD-5FB08288E632
CCEF00F6-0CE7-42C8-A041-B584EF8F8A84,OWNER_c2e71e29952f,439,76A7D0E3-3852-400D-9576-5FB1842163D2
D70DD950-70AB-424C-878D-B3F1FDD85060,OWNER_0f07350b1381,2098,A9CF288E-3C71-4F3A-951C-5FC481619E85
FFD0B4B0-2DDA-471D-9B89-83D2671A3AD1,OWNER_aa75fa5f6f7d,3445,8D23EA43-888C-4AE1-9776-5FCD5B0EF3E2
822E56D6-B7C2-4C99-8969-AEE20BCB6708,OWNER_5f57a04af556,343,D74D1836-2C63-4595-B9FA-5FD7ECB72D4A
A56C71C6-0611-4904-BACB-632D52195B4D,OWNER_a0799c64a8a0,384,62D77ACA-8991-41A0-A0DF-5FDDFA1ADB09
42DAFDE5-8EFB-4E3B-9A1F-3719CA8D43BD,OWNER_bc2f4e065bfc,1869,579CC8FA-53E4-4896-90F0-5FEDE711554D
28249CF7-1410-413F-8A81-EA2B58AD4675,OWNER_ed66ff5332b3,891,3DC20A06-F341-41B9-9B57-5FEE9349B50E
B562DE83-0E3D-4AA5-8579-B7D35511C5CE,OWNER_bdae9eb0c6ad,2600,2DDCAAAC-DABF-473F-8CEA-60092F465CBE
0CEDEDC8-420B-4B2F-A2AE-47A7AD7DA633,OWNER_113a7eb8f488,2500,4E19B429-A518-471F-851B-600F00C3AE61
44BF04D2-B0DE-482A-A0DB-1A3680BF30F1,OWNER_5dd33ca050a1,3651,E42FDED4-FA57-49A4-8E6A-6024E7C40469
4BB8461C-336E-1D4A-8828-35D473DB8611,OWNER_65425aace2e8,2759,25C6B7F5-181D-4408-B8A6-602E4ED0F31B
5D9E1181-77E4-E24E-99F6-6A818177FC64,OWNER_dfd9e66d1ba8,3187,702C5720-0F7E-4EEE-90BA-6046DDAEF716
1B7D9C96-D747-4FF0-8D75-5A9A64AA84F1,OWNER_33e9c25a30b6,1155,AFB8B673-BBCF-4B69-92F0-6048163FEED4
BDB72B63-2ED1-4090-904B-33CC73F8E417,OWNER_cb9e1232637a,1835,226CE419-7DE3-45F9-BDBE-604B79EA8455
2C16B8DA-9ED1-4956-B380-23396CB44587,OWNER_e32c787cc2c7,997,9992681C-2FA3-457E-81F3-6050F902D5B1
8E8A1574-19B4-458E-9C8E-4BC595EEA9AB,OWNER_ce55dfa3304b,2602,818CB884-6E87-4DCD-A640-60527B69401A
90A5AABE-86D1-46D0-A1CA-0D3A4E7BDCB7,OWNER_7a55bada9bfd,2052,2614C44E-29C4-410A-A04C-605F547B4923
9DD59084-460E-41FB-87E3-2ECD8EC92AB4,OWNER_469da077b7ee,1699,ECE801CA-811C-415F-841C-605FD6B489C8
4ED41F6F-47DC-4378-8F7C-FC5B0A4D6D7A,OWNER_78565fad4c73,3478,426DF0EB-A58D-4BF6-BBB7-60662DB60D40
289FE1ED-2FB9-6943-BECB-FBA85687DD34,OWNER_a2fc0ff01db0,2986,465B02F2-8884-4FBC-86FE-607893E8182E
A8ED7EC3-808E-9849-B1FE-B14EA5CEC631,OWNER_0421cb1f117c,2839,1EF4AB52-053D-430F-BFC9-608254DBAECA
928A6B42-C755-4691-AC24-46032E76D559,OWNER_4312d40714a9,2082,D131D967-5194-4F02-909E-60A1C62C0292
9DCA70BD-9287-40BE-9680-21995DFE93B9,OWNER_7a55bada9bfd,2056,B54121A3-EFC9-4C27-9321-60A6178AEE4B
B8F1F6D7-FA5E-4997-BB11-1D4BE8B47853,OWNER_4e33db93c7da,64,649C71CB-B4E5-45A6-A73C-60AB67AA97C0
869958D7-556A-4CCF-BC5B-0CF57219AF6F,OWNER_566f43526f20,2533,F5DC0E4B-5A3F-4696-80BD-60DDA86632CA
4DA271CE-64D3-4E62-AE98-174930872D7C,OWNER_0ed11c831e2f,237,19A845D6-A7EF-4C7B-9E58-612B5D7B4572
CA3F3B85-159C-4F5F-BF0F-171F5A884EAD,OWNER_090d90f45fc2,2418,2F9E3DF5-E043-43BF-97AD-615666C36B61
A06D8B92-381F-49CB-BE0A-2D0FC68622E8,OWNER_69ff0f909ad5,1535,9E120DFE-38E5-4443-977D-6160DB179101
A9BF01D2-1F11-4800-9A55-BE2831A6D1F8,OWNER_1f5291816934,3122,2B92C454-863C-4C78-9E10-616349812793
24BD6A65-1E29-406C-A399-52341029A976,OWNER_73fbf1cc89e4,3731,8E0DE20F-89A6-41D3-AE55-6186494FF14F
56F4E0FE-9577-4C2E-BB55-EA1A2F8FEA50,OWNER_fb4dd1686dea,460,81B912FD-C49F-4D2B-8DA3-618A3BC6BA04
56AB30DE-0277-457F-B88A-A7D96210F7B5,OWNER_e32c787cc2c7,538,09CFE8C3-6655-4C03-A985-618B9AFBB61F
AF42F78A-89C3-42E2-B2D0-5733C96EE9F6,OWNER_52a69503581a,1110,8D0C88AB-39E5-4E3C-A0AA-619BAC57AC44
D9870E9C-1975-4F6E-BD30-8BA6C017D0CF,OWNER_4227bba7d19b,2580,21FC6ADC-96C2-4F39-8224-619D89C0DF39
03151985-28F7-478D-A8E9-3B8C72455352,OWNER_3344fcdbd0fd,2693,99C2E608-F4EF-44FC-8B14-61A7A7812587
8D498ECE-2F86-4C23-A542-BFD63520E5A0,OWNER_3fae7f246a88,2616,A3028286-291F-4C49-8598-61B14B8F5663
9861E113-CA55-4447-A3FF-0867E2A06669,OWNER_b5986d4762ea,3250,61FFFE97-6EC5-4823-BE13-61D22E1FB37D
8D24F10E-9FCE-4853-B32A-08090DC4D340,OWNER_070afaf2b3af,605,FF80260E-D5E6-44E4-BD7C-61DCC7C553AC
5BC7849D-3A86-C34A-AA12-1D3C78DBC9D4,OWNER_d087b3952acd,2752,241DA0DA-7042-41A1-B80B-61E0E0A99BE6
F5684C85-21E2-494C-8B76-2E268B8ECC7E,OWNER_1779a6afe0eb,1084,8466186B-3B42-4AC4-83B1-61E6765D0296
85CE2AEB-5498-4531-BA4E-91120166DF75,OWNER_78565fad4c73,3466,7C9FDEBF-644C-481C-AEB8-621D8270F08A
A983CB18-3494-4D2E-9C59-42DA04178268,OWNER_65d4461812a8,3573,31D81945-81B3-4641-8B93-6223B2A7D57A
ACFB9960-1F90-4077-9024-5EE1227A839D,OWNER_1f5291816934,3108,C84A424E-1BCC-4DFE-BB84-62366F31AB72
A4535996-798C-E147-860C-521D25C11A7E,OWNER_7a107147d6cd,2748,D366429A-4AB0-4D9F-8BC8-623835AB5B74
E534BF1F-E3A2-4DB7-AFCA-110842A8A244,OWNER_0bfe13ac314e,1946,7C407376-ED42-4F06-9E50-62413B1A6A4C
1177FE3C-6EAB-483C-9948-EFA0432E43B3,OWNER_7d919c41307d,1960,32F1D0B0-FC0E-4FF1-8ECA-626D3FC0D066
B1E1E2B4-7FFC-4240-8CAF-7044ED6F7E0B,OWNER_6b86d2417f3c,679,41D121BE-9A52-4A04-9D1C-62783E33915F
0D52E74E-999E-4152-8690-A56003308F9C,OWNER_2d055d6b38be,551,DD99CC9A-85CC-4868-A517-6281AB6CE75E
8C6E9291-1DE9-4C27-9496-CBB2A37BEC51,OWNER_d42ca74c61ca,1170,AB509B7D-51DB-426A-B004-6283A1CF63F9
CD0D554A-0F4E-4F05-B659-DCB4C6A46A8B,OWNER_b5c243f1b4b9,637,5018FD9D-6120-42DE-B6E1-62AD1258CC99
F4516424-FF29-4CFE-8051-6602F77AF15B,OWNER_d39f57988577,1233,9353C7D8-A987-41CC-9E9D-62BEE6F1E142
5933A086-E784-4E5A-9019-31B8783BC71F,OWNER_d5c3cd9215ae,3726,C44EA233-D7F4-417D-806B-62CD96D98E3F
C1EB15FE-E1CD-4FEB-8F8A-A7864F56084C,OWNER_469da077b7ee,1706,29C035F2-77C8-4307-AF7E-62CE633658FC
476DF9BF-DCD5-9B44-A662-DC3F60B4D8A9,OWNER_079e90eb06c2,2833,4FC6BBBC-511F-472B-9A9D-62D1408DDDC4
6B06F046-EAB5-43AD-9DAD-5308019EE4DC,OWNER_451d0e9a1f66,3605,D292566D-9FF8-49FE-A95A-62D50A724528
6E7B515E-937B-4D7F-B0E5-78C723D7B2A8,OWNER_1ef856e33fe2,1474,B0887EC0-7E3B-46E5-B757-62EB6521693F
B53B9F2C-F807-471C-B092-51DFFA9D066A,OWNER_469da077b7ee,1637,594F2CFF-802F-47EA-AA37-62FF24F43ACE
7E0E11E7-8FDD-4CA7-B2C7-389D4E1A6FFB,OWNER_1775de5bb579,3515,0E8F5D16-9DD3-494E-B30A-631205F87C0B
75C20FBD-31F2-4BB6-93AF-153E772EB7AD,OWNER_d18882489289,1797,6AC01316-2B51-4513-A132-632884786F2C
4092E6D6-C559-47AF-A081-930045F4B7B0,OWNER_5fcb6113b89a,768,8250443F-C3D7-4ACB-8893-634BC8366A80
17735330-49BD-4CD1-B1EB-4B29C138CF3A,OWNER_df1e6aa18bbf,588,2C46BA75-3A8D-412B-B7F1-63A81E98B56B
E2E162AC-8A47-4C83-8126-27C756AB63D6,OWNER_456c1416fbc5,569,2E805D5B-E579-41D5-A9FC-63AFCAEC2FE6
41F8281B-75B9-4B13-861B-2C2312912E79,OWNER_78565fad4c73,3473,BD03BA35-BDE8-43F4-8BF9-63DC0F1182C5
5AF739C0-F9C4-4871-AE18-EDCFA1B34A50,OWNER_f05fcc8d982d,1479,7A23C314-5878-4199-B9B2-63DEA0A0EA4B
FE198CCF-BBE9-0143-B5BD-FE250CC7150D,OWNER_9787497bb29b,3297,47EDEB66-EECF-453F-938C-63F5C0828F68
E3301B1A-BFAA-4F26-8858-00B877F02913,OWNER_bafcb8cbceb8,749,A2F23D41-AEB1-4F11-898E-641FB9C74278
36873935-E9A8-9C4E-BD00-09560DBD4D7E,OWNER_ad3a63afea5a,2979,06A2F705-0F36-46A5-BFC8-6421D44054D3
C9866A20-1941-4E7C-A979-43276B6ECDA6,OWNER_18b7632e00ae,1976,3548C0AF-90F2-4D29-BA62-643471ADCC80
6CC637E0-5EC4-4410-A28E-60893ACB9FE6,OWNER_5af5a32e0cbb,609,3DC153CC-79CB-4DEC-A672-643A9B77AD81
A53DD9ED-8AA7-4C4B-B86A-83485CEC2C09,OWNER_cf800c2749df,307,19A84D47-4575-482F-BE24-647060FA3588
C7D91F6F-E387-4509-BBEC-0EDFA76595F5,OWNER_ab1562d357e9,1395,A29943E9-9307-4DD5-8B89-6477FDEA66EC
9B2183D9-1797-4345-B23C-7072DE62261F,OWNER_6d8c545afffa,1242,3078C287-9056-4F77-B3DA-647C3EAA1C59
4336A7B0-81AD-4E45-B975-B8F3053CE49F,OWNER_0c80c93310b2,1462,4195FCEC-7ADB-4677-9196-64974CE19926
056B3142-DC89-442D-B9FE-8813E7C1A999,OWNER_ed66ff5332b3,892,22F1CD49-F79E-4B40-B309-64AB3909DEEC
37A4AC78-3274-2F44-9A4C-74EACC1CD9D3,OWNER_6149eef8080e,3686,8D1B2C2C-2DB0-4EC6-9A10-64B942F659D8
FD6270F1-C712-40AC-9473-A9B17A45E31B,OWNER_143e05c7afed,2297,03A1D153-E660-47CA-9F9D-64E05D06CDF1
0CD3A9DB-7EB5-4D4D-B958-10F5A4639AB9,OWNER_1e992d443baa,2797,B9731B3C-3101-442B-AA07-6506ADBB1C0C
87270BFC-4E1A-1343-A809-BE364870D030,OWNER_9e611f1e906a,3734,688EC167-B955-45B1-A668-6516CAADC4AE
12C00D17-E9BC-4F78-8AD7-F69AB6EBB00A,OWNER_b6f6e06f6837,50,C64CF7C1-010A-44CE-98B8-651DB09891A9
22B36F49-22AE-42E9-9790-9204A8552757,OWNER_3c4d8df5dba2,310,D9C38EED-54EC-4CE9-BFA0-653C03328E09
DF8A90AA-BAA7-4004-BB8F-8230A5FBDE13,OWNER_c5be24858fb7,3138,AA49A52B-0912-4CEE-8494-6544BFE0B31E
DC90D094-9703-40EB-841A-8BF8B8C09E4E,OWNER_e222fca7ec31,2206,3D4D5CDA-4FF5-49E0-BEDF-654FA9277258
DF74E075-F96F-174C-A243-BFF4038085AB,OWNER_d5b777188b81,2905,C829BB88-93B5-4B4A-91B1-6558E12707C8
E084C291-D32D-4E57-90F3-57A58C4B8F9A,OWNER_2113c61a6b06,2581,552AB1C3-BB53-403B-9364-655C9DA1AC94
35A65986-B497-4EFE-A4DE-F62A9E363158,OWNER_faebdd9bafdb,1140,8951EEDC-27E6-4357-A367-655D67046574
483FC948-CC61-9B4D-A7C1-BEA200C4AEDC,OWNER_1d856f5f738b,2749,85B3FB0B-7365-4E44-A6D4-656156321121
40F27C7C-163D-42EA-9614-87B2FAE9811E,OWNER_9760604cc931,1914,8C6689DE-44A1-47AA-A885-657E44901E56
6290CD8B-5757-4AA1-99BE-F61FC60A379C,OWNER_1f43678e30ac,969,247D321E-BC92-4F0A-9467-65EF5C07F4CC
A9ABAFBE-795F-BC42-B4B6-F2838895E96E,OWNER_878f6b3c12a6,2900,281540C5-518B-4EAA-A78C-65F8CBDA8E04
843C1A08-0D42-4786-817E-68E29521F068,OWNER_9e060b6b4e15,1717,58237C64-C95A-4827-AE27-65F95C77ED3A
3771ADCC-A00A-489C-A511-07288BA9D4A8,OWNER_dc859b7b422b,1662,8EBE8F7B-640A-4BEC-9BF3-65FA0F9C93F2
D04CC653-BDA0-47AD-9CC3-8C27BE1A9884,OWNER_f0c4ec7b9aae,2549,C836B8AC-89AB-4C02-B2F3-66126C34EAB8
696AEAFA-7A19-4459-9FE6-6E3901C77FCD,OWNER_bf7ec69ab889,690,E3C5E318-8C03-4AC7-BF66-66144ECF3D5B
AA2D219F-2188-47E0-B41A-79D4FDD45035,OWNER_14f64404bd7b,838,EDE4DCCD-41EE-475D-B656-66180031C397
7B7B5640-E9CB-4635-A683-38B83B738EF1,OWNER_fb89a89a3408,874,E7B5BE34-D451-487F-A4E2-66224D7169F1
BE8E0FA4-787C-2C4E-9950-F253E9BD5066,OWNER_e1516bd34793,2785,3A94FA94-6B02-4C45-9337-6624100C0940
6663B512-4788-4AEB-A73B-B064CDAF558A,OWNER_d1b9e86915ea,3608,608E0C28-64FA-44C6-A456-6631AB82CFED
FB7FA485-56FE-423C-B876-DC7C5795EB6C,OWNER_ac0aeb2eb6f0,1488,36192C74-3C2C-4953-A5D0-6641231DFB5F
0F8244B9-9319-45DE-B1C6-B77D66286636,OWNER_c368c70528df,861,CB67B541-06C7-4902-9C5F-66481577440A
BCE2408C-C5FC-43BE-A4B7-8C2AC585A674,OWNER_b9d424edb4ed,2661,902CB8A3-BAE3-4968-8FF9-6659211C110B
9F60C900-97C0-4ED4-ACB8-00FBD5FC0BA1,OWNER_02982662c4a7,3716,27864976-04D4-4FD3-83C4-66621EB22ED6
A66E9C58-46A7-4564-A258-4E5CB1030163,OWNER_0e331b4faa77,84,7A6965E3-FD45-4882-8DD8-66804BFFF08D
16EB441C-E231-47AC-80B9-696F81B8DA12,OWNER_7d919c41307d,1959,EE2ED378-7845-4CA7-9B37-669A4969741D
CF35C0E0-2361-4875-BCAD-5A781A8C31D3,OWNER_8daa44e47401,3624,9FBCA46A-8BC1-4307-B77B-66B076E81183
BE72FE59-5864-414C-B17A-3861C544354D,OWNER_5c27df12cc67,1499,0611C472-1F3B-449B-9B59-66B4030871C1
DABAA138-21D1-4E0A-8123-4982BA878AD4,OWNER_19056760bc23,3095,92301CC5-F4E1-4DDF-B735-66B631B7788E
A551C053-FB2F-4522-B048-5A1211DF58C3,OWNER_5394049e206d,1407,44FD5A13-FE0F-4088-9D2C-66B6CAF157FA
C25056E0-DC2B-45CC-8C41-A7DC231A4B29,OWNER_6d8c545afffa,1244,3BD4FB68-8878-4301-B0AF-66C0EE96AC6F
9FB96DA7-8BC0-46A8-A4B7-B6B8DCDD8375,OWNER_8781c17bfd98,2449,C6DA7AF9-0353-474D-B648-66E273BF9FB4
3104829C-B760-4EA6-8143-D51FC81D500F,OWNER_b114e04868d8,1524,97813BEE-5766-45AF-AEDE-66E5DAF28C96
97D19DC2-C9F7-4D33-9268-6A78685F4782,OWNER_13de7162d867,2403,7A884824-FCDF-4F42-8AAB-66EDE2811A48
959CD92E-3CCB-4A09-8914-1A1869204572,OWNER_c8fe7e6d91ff,1719,4B0FF7DE-B3B9-4616-A6E5-6712A6442492
70B52BEB-033C-48D6-8FCE-6987E5696928,OWNER_358c219e29bf,755,5995BABE-82DA-44DD-9118-671AED0276F3
7DF7CD32-D57A-40CB-B11F-ED80686AFBA3,OWNER_22cda2e29d28,3671,970E6A2B-E145-490F-9635-6725C4DAFDFD
E5708019-DE48-A14B-B56F-FD4042D15F96,OWNER_b2a31d9649a4,2780,DF6BC826-7A6B-4A58-910D-672C22672A1B
14FE22D2-1820-439B-8EAC-D87237BB0E32,OWNER_eee85171f586,1089,753582BC-564B-451E-95D5-677B0B3A018C
1ABBE962-39C0-41F7-AC5E-CB929C9F69CD,OWNER_d658aa61e16f,2318,A7FBB175-D58F-4CF8-9502-6782A8F3586E
DEE3A403-4B92-594F-84D2-051EE380DE6A,OWNER_658cff17feb7,3755,35313CD2-17C3-485C-8E63-67A0FD2A4822
111915DE-B5B9-4FE9-8550-9B55EDB4C900,OWNER_e32c787cc2c7,1004,83C45B2C-CA8D-4A4B-8ADD-67EDEE7A0A09
C7B6BA2F-8C20-45B2-8D3A-EB9F5D2DE1D4,OWNER_78565fad4c73,3477,A73860EC-33D8-4496-995E-67EFEC03E1DB
80307F82-8EC2-4042-ADFF-5D9826B6A7C8,OWNER_70e2d1a8336e,2782,7F558687-13A9-4FDB-AD53-67F1627AE13D
8E753E0A-C00D-40C8-AE3F-8768DA228F1C,OWNER_986369fa92c9,1497,CB1E776A-FAFA-4957-90ED-67F6ED89212E
6EFE20E4-B9FC-4467-9FD9-A58A6299B708,OWNER_cda6346b7ec5,3626,682C1E9D-678F-431E-BE69-67F8A44FD251
76BB2076-8E37-4C93-A31C-6B9D5520F33D,OWNER_a5603fa6a295,3582,9711E40D-D003-40D7-A8DB-67FAAF7E07CF
765E58C2-FBE4-491A-A082-31EA9EDD19A8,OWNER_b03631e1effa,14,1D69215A-BCDD-4C34-96BC-67FB2AB2EC01
A52690BB-F5EE-4141-8B60-DF653AE8FDAD,OWNER_e8ee3fa73176,1295,F2A0CFF6-C7C9-4226-8610-680E20F335EC
0090862D-D8FD-4DAD-8656-C52A814AC39D,OWNER_6124fc181dad,100,4FE9A89C-A9D8-4EF5-8A0B-6826FF774361
D330E533-C9D3-9945-AB36-9F9D445290B0,OWNER_d5c3cd9215ae,3132,F347B547-1899-49E6-90C6-682DA30DD5E6
229689B9-87D3-4C10-8AC0-39937695BB98,OWNER_469da077b7ee,1656,18A763B1-829A-42C4-98F2-6833786CCFC3
1E2E5789-4D28-46ED-A096-B22955E7C014,OWNER_ab3fe52d9303,1595,95DA4026-554F-48CE-942C-6837AD53BFBA
5023C3B9-359B-4CE1-B7E5-47765EEABB18,OWNER_f04a95d0e387,1200,8C994E83-E214-46BF-BDA1-68572D72E83F
D6D88FE0-EA36-4A2B-B37C-2804EC4426C7,OWNER_ed66ff5332b3,893,56373AC7-FE18-4643-8B2D-685B0F43A34E
836F6428-E3D0-416E-9244-B49425D3F497,OWNER_1f43678e30ac,970,F0806B79-A0A5-411B-AA33-685B58AB3E2E
98656531-F79C-ED48-8031-ED2A78BAA161,OWNER_5b2bcdc860bf,2857,FB759EE9-3F77-4489-9B5F-68623992214C
6C41453F-16A1-4857-99B6-E03230D422D0,OWNER_b25287d27fc9,2672,8A90FEC8-97C8-40EC-BE4A-6866EA26E049
F4F03559-3EB6-406E-91C4-A042B14917A9,OWNER_f9344adc92ad,3527,C4B5367B-3334-4F01-8B8D-6880332631C5
16D1D168-72A2-4236-8B3F-AEE7F79D2F88,OWNER_a629b4706417,2612,C0CCBD31-6A21-4897-8732-68AAA81A4BCC
63F5C7E7-A58A-4C6B-878E-CD5F7EDB7B67,OWNER_1a987195533d,280,8B95A83F-AFCB-4049-AFF7-68C87BDD6EA8
CDACD237-808E-4C30-A17D-A6882849198A,OWNER_e754823373ac,1119,1E2AE243-D5E1-46A7-B927-68CF7F82F8A8
9B5ECD81-345D-4D4C-9F67-9BBDF76D53AC,OWNER_38cf3f20073c,127,A661AB65-64D3-4857-9E3B-68D6CA1DB99C
B4E2CDF9-3116-497C-A42C-3C932C12D822,OWNER_503295f0bdb9,706,815F7732-6C93-44F3-A2FC-68EE9482549D
F8A4E00C-E556-44E0-8979-873FF9D2FA99,OWNER_b8408f5b8ebc,3086,89594B4F-1971-4AFB-AB52-68EF06040995
16E9BD1B-B2F1-4661-8FBF-AD69F4D098AE,OWNER_6d8c545afffa,1249,09879CAB-DC38-4AE3-8DBB-68F2404CC108
F4A1DF38-5CF8-4880-9028-D1BE4DC47863,OWNER_3344fcdbd0fd,2694,9D9C1903-B996-4E05-BEC9-690DB6C7AEAC
E093D989-506F-44F4-8912-35EBD9AE6D5C,OWNER_92cd3a665e6a,2047,80BFF9EA-EA55-48C6-B770-691A7F3B22C3
FDFFBD76-B205-A340-B347-30E94026FF56,OWNER_d5c3cd9215ae,3140,5DA44F5E-77F7-433A-B9D5-6954D9B310F0
2638584A-DCC6-4909-A6FD-D3B934E8338C,OWNER_dc1cc8b9b0c3,313,CE2C1E1C-2E75-43B6-835C-69642364F16C
E6847A24-34FF-40CC-A359-C2C48825C491,OWNER_ae78c80bebb8,3452,A8061835-6833-4305-8C4C-696B41DB437C
2FA37C09-75BC-4412-AA0E-EBD70C5E1434,OWNER_73c2dc34cd88,149,EC00B100-31D1-4928-8852-69813E6CF538
E2C7C181-57B8-4744-80D5-1B24EF0B85B7,OWNER_db6673296528,1720,530B3108-8562-456A-8B66-699754961C75
1E4BBA82-EAA4-4DD3-8308-B56B242ABD49,OWNER_2d7e7bfa966f,2423,86DE2550-24C2-4778-BCF7-69B0842E5FB2
14E5FC42-809A-4AD9-B47C-BEC0DFE1E2C2,OWNER_4203429098a4,737,8135E8E8-D5A2-41E0-AD2E-69CDF39FB359
B2C1C90C-2E07-A846-AFC8-2694AB232F4C,OWNER_92c5fcc9245e,2909,FD5B0200-4D3E-4A38-8C0D-69D82B6EAC27
C488C599-E99B-44C2-912B-2D260D8AC6AA,OWNER_0c1c8ba83228,2029,E6276809-B27A-49D0-B60C-69F504B2FDE0
B291107B-0FE9-4E45-950C-FCF9C5618F7B,OWNER_469da077b7ee,1647,A30D6E7E-B56A-4763-A0E4-6A12A16D54D4
D5C0C719-845E-4348-931F-43EB781313A4,OWNER_f7ef24d43243,2848,54584CF4-512D-4B2B-8B17-6A4C70E84770
EE7B2440-594F-4A88-88B9-45C22B4849C6,OWNER_2502b132ddcc,3481,80016B27-7E4B-4B01-97E8-6A4F999E7F2E
42B0F91F-23AB-4140-94BC-B34230E41592,OWNER_db4d793575a7,1776,532D3B7E-A12C-4C5D-8BE0-6A64C5E1AE1A
D0410397-E4F2-9247-B83F-FD4785337D1B,OWNER_788a63ee32da,3258,1DC91C61-0744-4FBC-B202-6A78CCAA4878
CBFCBCB9-C226-4E4F-B333-AB5BA6479D04,OWNER_ba6b3cbfbe4c,3389,D9E6CC8F-74AD-4D65-AD48-6AD3CACD7E62
4ED95D52-D414-4891-9382-77BAC207CC7D,OWNER_e8dd9cfee37b,2601,46005A2E-E34E-47E0-83F6-6B02B73C7EB2
BBBF1B71-D310-4FBF-9754-5E6429B886C8,OWNER_655ab6c97488,2340,A2175580-6207-4F5A-923C-6B07190558AF
BE03950A-1738-4B0D-A2D8-FE3BF5E3E48D,OWNER_437ac9e20c60,2543,B555852C-44E0-4108-B223-6B08434E0A7C
9D7BE5D7-BC05-44E5-A635-00BF01CA1896,OWNER_0a0fd9895766,806,E850DE5D-765B-4A70-88D3-6B1A41630176
8E54F73A-CD52-4587-9AC1-E119109AF362,OWNER_80d861580252,1196,5B93CC77-9C36-45D7-BB6E-6B2636B01986
33974CF2-0A37-41A3-8A70-B1EF400B0D00,OWNER_545e525d35c5,2441,CF61A41C-4FF5-4533-913D-6B32D9DC434D
2A696AC1-D0C2-4E3A-90F6-5F92058A2B86,OWNER_d9da276da77d,810,A07D0522-7934-492C-B4D7-6B33052DE373
473A6305-FAF4-48B6-94D3-72FB1ECAFDEC,OWNER_3d7804ba2573,2133,79B47983-F96F-4EA0-B480-6B3571ED0333
D108B1E2-3AEC-5D40-9DF0-2CD5AAA4962F,OWNER_3a1303c92b80,3072,71283543-74BD-4BF0-8CBD-6B39C4D3A526
6AA0E3FC-800E-4371-ACAD-C8CB9926DE40,OWNER_cd2eaf7c7b43,330,34AD2488-5FFA-4843-A386-6B47FBAA4850
9098716E-E3AA-7047-86F2-8FE57096540C,OWNER_fa00e7883218,3738,B509B752-B72F-46EB-9758-6B5E33A81467
80FB7CBA-C772-4D2E-B1FB-A6BB1B0BC426,OWNER_aa1b1e744c8a,323,F9EAF0C7-EA9B-4B85-818E-6B673364F521
311210AA-7A64-4873-9F06-F8F85873436A,OWNER_53c72c32216b,1185,170DEAEF-9D43-4B08-AE47-6B6E03570BC5
5850C3FB-4671-4519-AF4C-0DEA94920943,OWNER_751e090ab481,1449,EA9F3F6A-0C02-465B-A5D4-6B89C59CC95B
B970D683-5B59-48D4-8F32-FF51DA2669ED,OWNER_e0ef3c8aeb20,2990,D9EFEDC8-B4E4-4B68-B3C5-6B91333F8D99
9BF0CAA1-24F6-D040-8CD8-DC06D464201F,OWNER_f06048932992,3312,25E23463-9D6D-42F1-ACF6-6B992737DF8F
E57AC781-1EBA-437F-BA34-F6AAA053236A,OWNER_fac9fc37e248,1415,CAB1DD7D-57AA-4934-9D02-6BE37D829AE7
6A2D44FB-9635-4E77-9D01-ED15030AD7DD,OWNER_2d055d6b38be,595,6DC1B344-DB57-4C5A-8967-6BF178860928
660892B5-455E-42D5-B04F-9CAA397185B0,OWNER_b468f1200e6b,2689,88C8B55A-8FA9-4850-87E1-6BFC5342FDD5
6EC9E25D-CF50-CC4A-89B9-E5565FE69E70,OWNER_a6f58ea5429f,3401,5FC9BDA0-9270-4D58-9F86-6C1190012214
A7BF7A9A-ED28-4F0B-A6C2-BC197413BA5B,OWNER_8020f6b03208,1388,ACB54959-F195-48CD-9330-6C2D8D627EFB
ADC311FD-CCCB-4019-BF09-15F5AA5FB987,OWNER_efae38cd4ee0,497,AF5B8624-580F-40E3-874B-6C2DCBC12B33
E4BAA926-329B-46F1-A7E3-D30A5CA62176,OWNER_e32c787cc2c7,999,ADCE16D9-7782-4BF4-A292-6C303EBDB0E9
70339180-7B1B-4BBA-83C6-4ED2E43B817F,OWNER_c36dac879f5b,1560,3BD1F90B-E195-42FD-AA9C-6C363C150199
AC3278F2-C84F-4DA0-A5B7-BCB3AC7D40A9,OWNER_6d8c545afffa,1250,F4AE33B4-B706-41CC-9B28-6C36ED39E2AF
59678B96-5502-4A0E-9B71-316CBBEB8374,OWNER_26ae04bb443d,2171,A953D0C7-2275-4B78-9251-6C425CF367EF
8F2A41A7-30C5-40F9-B60F-4B32348BE1E6,OWNER_dc142972c372,2016,54721015-4B97-46A1-BF3A-6C4FAC9C95C7
2C9CF593-A7BD-4E41-B2F6-F30AB6C7683B,OWNER_bb8eb0e5b477,3623,8E514ECB-A0D2-4980-8FF3-6C535825CCFF
2BC960B4-DDC3-124A-BD67-F15F8EE9FAA9,OWNER_dc629150de79,2791,292F924C-9124-40D9-AD8D-6C59504F219F
EB778B81-50D5-4D5F-A4D1-1DD3C7032678,OWNER_09bfad0f8a41,2502,29F0FD6F-1863-440C-9014-6C6A0136C3E5
B5101DA8-1B8A-46F6-9D63-3D08D747A3FD,OWNER_565559ee083e,2609,3004C4E3-6B11-4836-B71D-6C6B8C9CB486
7131F310-2F0D-4935-BE0D-1457B54E1E84,OWNER_31e15096e45e,69,D87EDBE3-06B2-44F9-88F6-6C755FAF55C4
2FE84231-485D-3446-BAC5-1F364FD15480,OWNER_9a83853cf110,3402,97D979A6-DA6A-411A-A111-6C9DAA563499
907E6DC8-69FA-4B8B-A9F8-368FEE65ECBB,OWNER_d06c32c922d4,2897,83333D6D-8B58-45F0-A6AA-6CBDA13B8D7D
E3D73753-23F8-4DB4-AE39-FDE53CB6A4C2,OWNER_921fb2ae519b,2314,DC0BB4DD-FB8B-48C6-AB98-6CCAEFD6221B
6A7C9560-59E1-4E8E-9E71-50232246A96E,OWNER_cb3fa8197677,248,CFB1E978-C1AC-4845-B737-6CE6BD9D44E0
81919C98-36A2-2C4E-B3DB-A156E984BDFD,OWNER_c5ba687e3edb,2937,FD644B0D-EDE3-47D3-A3D8-6CF8030B460C
4A0F153E-A01C-4C4E-AB66-D9BFCD4E2F1D,OWNER_af299059752c,2490,5F2F9A1F-3ED5-450F-9E3F-6CFF72027B03
9DD29843-FCF9-4D01-A1BF-3F49252825D1,OWNER_c5ba687e3edb,3036,A421D2A1-FC7A-4693-A55E-6D14353B152D
EC0B3B30-5C03-4F9C-B8A3-757242104296,OWNER_40c708483e4c,782,ECFF1F80-3F80-4086-BF29-6D188313D7DE
36DF597A-B51F-46FF-9FDB-880B14898BD3,OWNER_19eb9c96f867,3175,874A1C68-E08A-48C3-9E64-6D19339FCF8E
0492BD9E-5D3A-4682-A545-DD0E62EA8C92,OWNER_a522459033cd,1092,3370CA5C-A2D1-4FE1-B8F0-6D1DDE5CC2AA
C917E24F-D3ED-4DEA-AF57-9677C9C13998,OWNER_469da077b7ee,1655,ABF11F16-6FCD-42CB-8518-6D27C48D3E7F
63055F2B-89C2-4D03-A1CC-F1789900BFB9,OWNER_e222fca7ec31,2223,52139A88-154F-4490-95B8-6D4016AF886E
E85E9B0C-01B6-2148-8226-EDEEF299B5D3,OWNER_c6733495f98c,3287,2D241B95-F801-4BDB-AE56-6D417C92CD2F
BD3B237A-EEC0-4C04-A439-93C97972B225,OWNER_0f07350b1381,2096,9580FC86-0EAD-44D1-A460-6D4234476ACF
4298B512-7B7F-4726-9C0A-2DD69332943F,OWNER_a3aa807d2dd0,931,4EDE6F79-FEAB-4F27-A80F-6DA55F2417A1
6B3EBD6D-CAF2-4651-BB86-36309CD48133,OWNER_e2bf5a748851,1910,6DB8DAC7-3BB4-47FF-97F6-6DA840D2253A
6F4CF760-ACBF-6E45-8419-D665249B3CFA,OWNER_9787497bb29b,3298,D3E37FBE-0D92-435B-98C2-6DABB9D86406
C41C5080-E34D-47D7-9D21-99C1EE4ADFDC,OWNER_7a81a397c94c,2564,07AEFF44-7C0D-47ED-973A-6DAD1434CE51
F2E344AD-3848-48AF-85D6-880E2122E3B9,OWNER_73d2db5ff9c0,36,337373E0-E796-4EA5-83E9-6DC1E675C812
D545FF33-04D7-44F7-9712-236AE6B69A13,OWNER_52a69503581a,1113,EA9AEBDC-7995-4C35-AFAC-6DECEC080324
FBAA9592-47C3-45C6-9155-2A79FF07B704,OWNER_d0cf161f494b,2397,46BBCE20-7395-489A-8103-6DF17301A579
0346B341-89FF-41C8-A570-4606054C2DCB,OWNER_dcc239f0d74e,2325,0134FB01-85E7-4912-8636-6DFD01B45B29
E28C4714-7689-4203-9FD6-46EF132CBFAE,OWNER_72da800c3203,772,94E8C38E-494A-43F7-9BDC-6E1F631FE2F0
C647CCA8-49E8-476E-BFA4-3E96B2A1E6EE,OWNER_f3f2877a3966,98,6227299D-7A04-4202-884F-6E1FE02C317B
FD8A0FCC-60BF-4EDF-811E-C6FA49CAC9A8,OWNER_e754823373ac,1117,23C3CEA1-F333-4E36-A420-6E2AB4C71749
7A72B653-67DD-41A5-AA85-DD806A7E678D,OWNER_1eef7bbeb588,1521,1E04EA08-C38D-45BA-8712-6E38930763BC
4192C618-0768-4216-8A87-D45903BC2D35,OWNER_ed66ff5332b3,889,FCD534C4-B0C2-4DBC-B42C-6E3EF38A167F
78AD75F4-83B0-3D4B-A195-0355EFC913FF,OWNER_75d98400a1d2,2751,D723B9A5-4738-4F8E-A95D-6E460ACB439C
B1756459-F6A7-4B57-8860-A5093B38618C,OWNER_e754823373ac,922,89E6E9D0-946B-4C44-B9A6-6E481503B621
A9D1D383-3A43-F645-9E4D-765EEC1CA49A,OWNER_dcb38e7c45c4,3416,7881D834-1CEE-4A75-AF7D-6E65E2A396F8
9DD310A2-AE77-7943-A63F-A2D82894C3BC,OWNER_012c9d42391b,3648,51BAB5ED-BD09-49C0-870D-6E6AB0BD4D27
413B7B7E-951E-4A1B-A58C-46F8678C6836,OWNER_c0d6e325a8fb,3700,8839A69B-4D8D-4D97-8BA4-6E7CB2F01610
626A06BC-E888-47CE-A17B-9E109B9D869D,OWNER_0ce3a4c4127d,1799,82A0B899-8D67-4582-8806-6E8184103719
5ED93675-EAC2-4449-BB24-E55B1C67CD13,OWNER_1020fe5a97a8,2778,63F77280-CE18-40AE-8EE9-6EA5383CBC74
EBB43FAC-8A53-4CE9-B2A4-F67AAC749DEC,OWNER_660fcd8bbf52,1406,432C1A3B-5036-4E44-9F37-6EB3C73FFEF2
7A08FE92-EC5C-4D70-9E60-3044864E11DC,OWNER_49f98b0e6010,1174,E0DE40A5-2E07-46B0-BE4F-6EBEDC2D5C1A
144E875C-60D3-49DA-AF8F-7D98C1DFA552,OWNER_695426ce8495,2567,C57E6C18-6677-4FA2-B363-6EC1B958D3A8
84226A7C-44E5-4591-802C-DDD898168076,OWNER_7bfa5bc875e2,1091,A723F174-2C01-4CEF-A874-6EDFED84663C
89A907C8-C71A-4847-9FCE-A3C04506ABD3,OWNER_65ca16ebeebe,745,F9DE9D50-E2E0-412F-9989-6EE3248EA072
A538CAF5-EBAF-4194-88FD-B7E37C40DEB4,OWNER_d0de03eff9a9,225,066E1CCB-B166-4442-A71A-6EF10A2250F7
FB6AE603-5F5B-4387-A103-4BA84CD4209F,OWNER_2b32a61458d5,886,0B13D416-5DCD-4EB9-951F-6F16C7B24D79
47E77E36-B370-43D9-90B3-C7EC1417DE2B,OWNER_ac0aeb2eb6f0,1342,2BD49140-D35E-445A-A313-6F1AEF129688
CA9497F1-DD78-491C-8FF0-745DBC0776DB,OWNER_38cf3f20073c,134,FA9C96B7-DFCF-4EB2-9E0B-6F1B3CB9B6FA
F22BEB4F-618E-4FBE-B284-89F577665A4A,OWNER_a831637a6199,368,E8D31D9E-5032-42AC-BA37-6F50967B6F9F
63A63B08-ED1A-4A6D-9A5A-1D32ADFA1691,OWNER_2e8242d254fa,1372,4E5D51D4-86E6-4D8A-91CC-6F55EDDA033D
48977732-6FD5-454F-9D60-1AE9489A2098,OWNER_de7c42f9c849,1047,635B6F24-5D99-486F-AE65-6F7F0B72E636
03EE2810-C72E-4C9E-B0A6-AD7F615F2316,OWNER_a73e6c75a904,408,69598047-FAB6-40E1-8CA5-6F90839C44A0
6B8C1F4E-F958-4206-82E4-A9F3F0C4CC0B,OWNER_ec0a9951ec74,3636,5365B071-AD5D-4272-8A1A-6F99B8E25496
E54779D4-A530-4530-AF4A-1447A982E1AB,OWNER_1bc8843fece6,1317,06F98DD9-6B7B-452E-88C9-6FBDFB64408B
5ECA66EA-82BC-4D55-BD59-5F8E90E5ABC7,OWNER_5fcb6113b89a,9,5B76E0BB-E33C-4C6C-AF7A-6FC12545DE66
48F7421A-0561-4622-A7A5-2C5DFF07B851,OWNER_be3f47e88b53,3946,C08BF94A-2E78-48B2-A9A6-6FF454B7C35D
CEF3DE05-8F9D-43A8-9AA5-30DEAD3C2C1C,OWNER_e754823373ac,1075,823C6211-568F-4699-84CF-700B75603E58
6A025676-417D-954B-A9FA-B01925CC7340,OWNER_554c9f314025,2985,95CC7649-6DD4-42C7-A416-7020B5C538C5
6902A44E-7568-4B1C-BD24-09A8EF1A2540,OWNER_dfd9e66d1ba8,554,DD5EBEA0-1A70-428B-84FD-70345FE77C00
0E9750CE-6E37-4FBB-8B3B-878D3937F3F5,OWNER_8b274d8b5d4e,1312,B1B444D4-E0E7-467A-B084-703D1A17A592
E7614D8C-7116-437B-9DB7-992BA90D06EA,OWNER_6905819920cb,723,7DE05EA0-2B7E-4ED8-B82A-705002C17CC9
446ED8B5-C59C-4BC0-A649-51ACB2DA043D,OWNER_398ed9533487,2375,3EE3B280-031B-4023-8243-7077808C3971
336EAB96-9AAD-4B18-9399-DC814293ECBC,OWNER_fefc1378ca98,1931,3055BEB4-B556-42FB-B4BB-707E9A124C3C
FB62F871-656C-412F-B36C-7ADE5DB9860D,OWNER_ea7b2b192a6b,514,546FEBC9-A9A3-4757-AAC4-7081BCE916C1
37D71572-6EA4-4FEC-A132-388E3BB4B3A1,OWNER_e41a716a7ee1,2204,A1F20AD0-F99C-4646-AC21-708DD6136CE3
EDD887A3-94D6-4A42-9C66-CF2042AD1F2E,OWNER_8020f6b03208,1279,3187D1A6-D84A-4CB9-85EB-70A7ADA16846
FCEE480A-8396-415E-8317-DFFDFB191390,OWNER_205f74109efb,3718,D2A69BFA-B3E2-4C0C-86A5-70AA1A7036FC
796DB3E9-D917-4869-B084-6F9A6BB9DF0A,OWNER_549c96c4e9da,919,68F63A03-B95A-405A-A590-70BEB61CAAC3
16603E64-9D4F-4F18-9CA8-6ADA0A842C92,OWNER_65d4461812a8,3574,B2DFA64E-6265-470D-A141-70C417AE8D6D
73B47146-9CF3-4D08-A337-E01488FB804C,OWNER_681f25ebcaa9,1888,9F7F5CB3-F012-469D-8BEC-70D23138741A
FBBADC2D-C5D4-5C44-A062-1D3D34401657,OWNER_df73cbc5ca47,3763,53525D60-602D-42B1-9490-70DA63419D83
EA776CC0-C3F8-45D3-93B2-F187A8F9CD53,OWNER_dfd9e66d1ba8,518,F0EAFB0B-F20C-4EAD-AD24-70DEA33C5F1E
E4327E4A-26C1-734D-8717-097DA197A667,OWNER_8158f22cd20b,3183,2128E251-E4BB-452C-B56E-712E62AD9F76
6CA16CDF-1008-49E5-BC7F-690F75ACA688,OWNER_0496c324d685,699,1A56245D-9AF0-4987-9FE1-7130BEDCF681
3EFE0481-5EB3-4CDE-9200-28094DC0A196,OWNER_5ea7cb25e0aa,277,6BC749EF-6026-4480-9364-714B92DE1B16
2CC5F3C2-29E6-401C-B777-7BDB14932F9A,OWNER_6d8c545afffa,104,EC66A122-D46B-478B-AA19-715665528F22
E62A5C07-F930-4425-97D7-119AB4444BB9,OWNER_2148620e8db1,2606,226E8EB5-CAE4-48A8-B914-7173A950BF68
EFAA7A1A-608B-4CBF-B529-35B16C3ECA22,OWNER_0b628cd4000a,2537,A45DC677-C00F-409A-9710-717A77480330
87BB9F8C-9A83-4373-8F6E-52AB54C4A066,OWNER_eebe651618bf,3627,02C3CCBC-B35E-47BA-9C11-718AB03FC947
6E0F03BE-E81C-467D-A4A4-18C9A37E4875,OWNER_168b76775cf7,153,2132366D-C0BB-4C7B-B756-7193214A03C3
519519C5-F7A6-49BE-A3AC-C027DB6491D9,OWNER_62c61f2322f4,3721,8FB4030D-12BC-466D-B035-71A2ECC02FFB
4E8FC8E9-A0D1-47DF-9B1D-065D2297D462,OWNER_41958fec775a,1714,415CEB22-3A7C-4FE9-9FF8-71A6215D6D4D
FD37D856-1A92-4F52-9F71-37D6CC3D5AF9,OWNER_456c1416fbc5,1061,FB96800C-6783-4566-B96D-71B6B5FA77FF
901A21F7-20C3-4E20-BD57-1DE6A2271FBA,OWNER_5c4a33dfeceb,3116,599135E4-9E3A-4FCA-81AC-71C8306E46A7
8311B20D-B439-4737-AF2E-2C203F033F14,OWNER_e5275971e79c,2118,5FD58FD5-539C-4BBE-945B-71D578B4E761
B5DE5C96-37F0-454A-A019-848307F6048C,OWNER_4e33db93c7da,61,9E1AC393-7004-400E-8395-720309D8AB56
3BAAAEE5-CCB5-4450-9126-6D657106FC28,OWNER_c4aa15c31e77,628,5BE150A7-C499-4AEE-B95C-721DD4AB32E6
7B96C2E2-A1F4-4D7D-9105-63DC9FBF9018,OWNER_469da077b7ee,1690,61A23DE8-4FFF-4A58-90FA-7263BACF5776
4034D9D8-EBBC-4906-AF40-F12B14D688E7,OWNER_e754823373ac,1069,E3821903-0AE6-4A56-B136-7280EED283C2
554F9953-AA78-4B87-B6F9-67941B544ABC,OWNER_403a0a173509,3141,3D46E52F-66CC-4CA1-A28A-7293070E0BE9
012C059B-1D69-47E9-A2D3-67DA68CB0AC2,OWNER_e754823373ac,1164,B1BFAF4B-179D-41F3-823E-72A161A991E0
1A77AFA6-3508-F94C-BE4B-61F08CE7F3BE,OWNER_1ecf63d0c531,3414,9E5FCBCF-2206-436F-A174-72B23215402F
68260315-2B40-4F65-B762-806CD7600171,OWNER_ae78c80bebb8,3458,AAC0BAC9-C1DB-4E95-A2EB-72C21E89B100
37DD6068-02B3-433E-937D-9AC82764B4A9,OWNER_03d1ad9e4030,2706,9EF10AF8-94B9-4A77-A168-72C68ABB2789
E13C3742-F6E9-481F-B88C-B429500ECB79,OWNER_d9c136a651e5,142,F4D2BD27-893B-4BCA-9F41-72CC28DFB5A3
19FB76FC-C6A4-48A1-8045-E16415CA0758,OWNER_71de9771f855,2292,86E4FEE0-2DEE-4845-977F-72E8C954C7C9
2BDAC6AB-6E5B-41EC-BB80-BC9F07DC1559,OWNER_9bab97fd4e99,987,09366F1A-563C-433E-895F-72F640E8A0DB
6528C63B-6350-4B00-8AEC-75AC4BCB113F,OWNER_14710c688a66,1151,7BE303B5-5DD0-41C2-B218-730CDC69011A
B066BEB9-8FDD-4F55-8F23-1774DD4AB7BC,OWNER_469da077b7ee,1650,B460986E-39FE-4776-911A-73221592D69E
342C64CD-5362-4E00-9D57-21BDCF95FBB9,OWNER_2e0825b877fe,3444,034E3EC8-CB79-417D-9273-7327810A1578
DFC62B70-CF08-42C7-BCEA-3614EC97FF8F,OWNER_d72e058cd801,2505,71F3CB5B-C64A-4F41-9ABD-734CBC6C3BC4
64D696D8-D065-4911-9235-4AAE2E17C1C7,OWNER_12941d89ca34,3485,F8D0DF13-0A13-4981-AD3C-737364199392
18E2275B-2554-422B-A13D-295017FDB651,OWNER_4e33db93c7da,63,BD5B977B-62F3-4CE8-BCF4-7373A5112F50
C8818D29-C4C4-4F83-902C-69B657C38F0A,OWNER_2c6ca56151b6,702,41D5A3E9-96E7-4403-BCA6-739DD6678437
8577A976-1A0A-4159-B600-39FC94A4D411,OWNER_2b53ec9976fb,1470,7EC6F35E-0DFA-4CF3-813B-73A62A1B03F2
DFF7C702-5E82-4AA0-9A13-6C13934965D9,OWNER_594c8b9c245b,416,0E5B0E56-C63C-4317-BB43-73B9A1912089
6F6FFE29-04C1-4ED2-B903-DD79C8DC2ACC,OWNER_5f194fb71aef,1551,4B884377-04C8-420D-AAE2-73C1E2A412E9
6BB22893-A745-41F7-AF55-74597DC768E5,OWNER_4b6a3eb03454,1201,27D42BF6-D474-4332-B892-73DA8821C93B
49EA0A2B-8577-47FB-BE8A-2535E2F5FAF5,OWNER_d1449c461bde,1436,0DEE5B41-C0A8-4B98-A4CE-73E04F5571D8
56F0A0C4-4FC1-8341-9FA8-BAEDD44F1C5F,OWNER_de32971e3650,2948,310D5B74-E9CD-4852-B97A-73EDBBA8DD91
713497AB-AA92-3440-9F50-48D3D713A41C,OWNER_95fdbb8dd3a1,3241,8341737D-FB0D-4260-804D-73F22042CEC4
18FC5D9E-2425-46CF-891F-9F75F0C4A370,OWNER_52de4cf491ee,3571,EF82BB3D-B9A7-432C-9B41-73F56FA7A350
0167A59C-16CA-4ED2-8F7C-034FB4EABD63,OWNER_b08601967983,541,1AEF92ED-59E0-4AF5-A846-740F80C82AA4
E1BDCC2A-F5D1-4D23-B973-96BEB3A18A3F,OWNER_dc90fc6c8d0c,3564,112FB890-36A6-4B44-A291-74102CD75C8A
2692E7E9-F69A-4DD2-9A52-BBAE5B6EFFB4,OWNER_6b77629f39e8,2115,5E16DC86-ACAC-49F6-9766-7423D1976AFD
5FA5854B-3F74-4CE2-B361-AFA197C4498B,OWNER_460f8588d45f,3508,FF14CB64-6A52-4138-A450-7424BF93BD24
E6322D49-2698-498A-8A5E-AFE745366462,OWNER_14928a9aba57,2109,0D788CFE-9DC8-4D5A-8D86-743E60390A79
0627EC4A-D04C-4381-903E-C03167811FD0,OWNER_602725a26a01,3606,29653110-5B54-44B3-A9F8-745876B9E48C
74A13FB5-6ED3-444F-A13C-7F62420160CE,OWNER_11daec035e80,2348,B0CC5BC5-5CD5-4328-9C28-74610E2632E7
E39ED97B-9089-424F-B268-0A70D354845B,OWNER_b9d424edb4ed,2663,CA81B73D-01F3-4915-91C6-746478BAF8A0
6E02B609-3C55-4047-811F-2D8B5F7DCA47,OWNER_307156f5ce21,1681,FA4A0D12-C742-41AE-AE59-7466CA68EDA1
F87F5C89-10A5-40A7-A803-4AC0BCD73F78,OWNER_455cd0f23f6e,1169,F16AC552-CC06-4A06-892B-746BB7D4B40E
74B4A4B2-37F8-4BA2-ADB2-A347DE1BF852,OWNER_c769f692f168,2045,BC61DF97-9C8C-4FBC-8134-7474DAC9A616
17968FF8-D8F7-4A4A-B20A-337C0A792A40,OWNER_6029d69b3e02,3008,D94B20AE-558E-4915-B40C-747E42F4813A
1AF7B758-2EC2-44A3-A13B-91CED6396655,OWNER_cd2eaf7c7b43,331,43A7DC03-83CA-4F35-8767-74939C42561C
3BAEF180-9FB4-4EC3-B1BE-7902827AB684,OWNER_048e7239eb5b,2005,F97CED85-3FB7-420F-B00F-74A4060818F7
DC20AAA5-1569-4869-A1CE-211536212ED7,OWNER_98bbde8b0a87,204,8B154348-0F9E-4409-9F88-74ACAB2110CE
AF805987-626D-4D69-B229-EE2D6A4EA3A3,OWNER_e754823373ac,916,F9A7AD77-5E68-4138-A4FA-74AE7F5C5B81
E89EA122-294C-4EE5-9DFB-2F7149A4349A,OWNER_51418823bd3d,3644,F79E6FF2-3073-4E40-9D4E-74B00A342BF7
2BF61B07-5603-454F-8946-C512725A2CE7,OWNER_b468f1200e6b,2691,50FD20BA-0915-4741-9B35-74B25D45D781
E8EA4AEB-42EA-48ED-AA0F-FBE9E1223417,OWNER_4312d40714a9,2085,8CEC4E46-63F4-44A7-8566-74B34E2533BF
9F52215B-F98C-4623-AB24-0431A9BEF20A,OWNER_2b853b8866dc,2695,1114EE50-21B1-4DEC-9712-74C5F1F1AB96
7D3E1408-9169-1944-9EA9-032B571F7AB7,OWNER_91a37e8c3ca4,2954,D925D9CA-1230-4361-A01D-74EDCB37CF05
FB356A66-1422-4A59-B674-2784E78CD585,OWNER_11a7a40fa31e,388,056BE67E-FD54-4D20-94FA-74FB2C3DCE5C
A58D650E-6567-4825-BFBA-0D5D582FC349,OWNER_1513cd948122,3591,EE110AE9-5158-43BE-9135-74FD5D9F633A
B8973F01-844D-45A4-BE43-EAE2E9787A5C,OWNER_ae961d00745e,3109,C92F1554-6670-4813-8A40-751E0925AC38
48616CCC-A6F7-498D-BFC9-D9BC4063D710,OWNER_b7eb955a3220,2090,1A0168D7-3322-4EDF-8088-75475AD69A42
D9F470C2-9415-CF40-9D53-B173F8808BDF,OWNER_f06048932992,3281,3601FA8B-2DE4-4BAD-89B0-7556E6CAC5A2
629EFF07-4ED5-4CF2-920B-BB2B184F82C1,OWNER_9ca8ed489c6a,691,AE2BFB4A-5C09-4879-8B15-755752F699C4
331499A8-577B-4C1B-BF91-E65E89E6FE55,OWNER_ac0aeb2eb6f0,1264,4F6E4887-DB62-4612-8EFC-7570B26C1710
7CA930F9-CD09-43DB-917C-C7EFF2532131,OWNER_2d14c9da6364,2387,C44713F2-6729-4E66-BE4E-7570CB0A7E75
A7656F06-4C59-451B-A125-1FCE592F4B7B,OWNER_16290937435f,3919,AF2F8FDC-2E03-42B0-9C0A-757BE63E13E7
CA424F32-F443-4AD7-AE20-464C00AA5438,OWNER_e8fdf620e14b,1900,A2844FEB-ABAE-495F-9275-758943BEC19C
6A91F1FB-D079-4A36-93D1-36E25E55A0D6,OWNER_50a7111c2f91,777,3A70CFCF-7BFE-417C-B13A-75973AE3BD90
4B8C0968-A23A-47D0-BD7B-8F94E95B7DDA,OWNER_de7c42f9c849,1030,6CE1744B-0530-41DF-A9AB-75B133F796D2
CB8EED7B-2617-415A-908E-6E1B08220C45,OWNER_9760604cc931,1916,FB046042-77E6-46A4-9CF1-75BDB31ACE45
EBDB590C-CCD1-4E43-A822-1B7106FC2E0B,OWNER_4312d40714a9,2076,335043F2-E394-45DB-804D-75BEA1805B0F
306E716B-494D-4519-B0DF-572DED5E0387,OWNER_119bbabdb567,689,3C07ED33-7E47-4AFF-BC64-75CC05A41DC6
37BC60E7-D395-8348-B933-A95539C5305E,OWNER_c6733495f98c,3283,747D9A38-4B4C-4180-8DB1-75E813EB4348
A44FFA6B-2DC2-4500-B2A9-ECBE1C37CE1D,OWNER_575e9998aded,3616,8BED29E7-55DD-4BAD-B4CE-75F87CF47DA2
D95AC6E4-4A93-44B1-926F-5017755B7BEA,OWNER_986aae836326,2162,98A102E2-DBE4-438B-988D-7608E18D599B
1364D274-1BD7-4087-BD57-CAF869A4A0AE,OWNER_9bd6f8a6b7e0,2040,E67A0717-8486-47AB-B54F-762C3488024A
B8AD819D-55C3-4622-B1F4-91132CFD3253,OWNER_b4809a16782f,748,1B77D473-7BCF-4F51-9AAE-7650F92F8D27
221FD49C-D339-488C-BB4B-1A1C7E50A97E,OWNER_744a4a0004d9,3632,0C8BB337-0204-4D6D-B690-766547A45551
70DF79E4-CFB4-41A3-8ABA-6DBE1C29341C,OWNER_62c61f2322f4,3722,F378896B-8D79-4095-8268-767D1B48520B
D81B3867-39E7-E444-8B7A-67A2DACCA1C5,OWNER_b5986d4762ea,3256,E1A29570-E1D0-4848-9A5E-769259A082C7
26C5C69B-F086-4473-80B2-4FB70CEC66D6,OWNER_360a3ca15b49,436,FCDC63F4-DC33-425D-9308-7696AB4C32AB
42C45A73-8A51-4337-9C44-F44DBB425419,OWNER_90444f7e9d07,2027,C0CEA4DD-86DD-4CFB-9585-769C3A2EDBEC
B582D8EF-0905-45A2-9DC9-731459FE0B67,OWNER_b1b991683c7c,788,02DF827B-0F5B-46F6-A73E-76ACF3918852
D04D2CC4-CA2F-4959-BF7B-086E9DC2E2D4,OWNER_eceb75a2fb03,757,753E977F-232B-42E3-964B-76AD0BB418B0
196E0760-3ED9-F341-ACF4-9ED1DFD17DDB,OWNER_46b2ccc20bfc,3343,743CAB03-8264-42F9-9A14-76BE38B2DC7E
E3764AFF-C122-4B21-B748-7827F72215E1,OWNER_d763f3baa7f9,2358,26D57DF7-FAE1-4307-9190-76D70BA3FB49
A457213F-51A0-46F0-8D67-600D85E08AE4,OWNER_1c1193309c7c,2361,FDEFE825-5476-4813-B32D-76DF588FC746
E89AAFE3-7BD4-44EA-98A9-89087F2251C0,OWNER_f0c87d180505,833,93929A7F-D4A1-49FB-BEB0-76DFC7E93A58
E4CE682B-8386-4747-A17E-910F3F9BF841,OWNER_e222fca7ec31,2251,6EF324E5-89AD-4CEA-8197-76E87B421A69
5AD91BA2-6B94-47F3-B64A-4BB71E168A11,OWNER_469da077b7ee,1708,C153B023-9249-4816-8892-76EC73C48459
E281C2F5-4749-4E6C-BC86-922FAFD88F2B,OWNER_6c01d6114329,75,90116696-19F2-4679-9ECF-76FE7DEA87B4
1831262A-253A-45EE-A098-FD39E319CAC9,OWNER_781c9deb1d1f,3920,9A232123-D77B-4B8A-8E9A-7707E3709046
462BD460-8884-467B-86B8-84D0E5D944BF,OWNER_be331660d1b0,1778,3DC0D0AD-828E-4797-96B9-771990FD586A
8B2C015B-850B-4463-B9F4-29402B957366,OWNER_c612eaeea4c2,309,16DB0E56-3C2C-4509-9785-772CACFB5565
12CFB856-1734-4A2A-A71C-4BDD4CE1F7A3,OWNER_49cd0c3b66b4,2577,B5A6995B-3A22-4CFE-8449-77630FA840B6
1C9E5EE9-A946-4EBE-B095-ACE0D0C5A7F1,OWNER_d39f57988577,1226,79C03859-D584-4AE3-A2CB-7766828F9A0C
7B042A4A-0E05-42A5-A4C5-7CF344E92755,OWNER_e754823373ac,215,49E00B61-99AB-4B9D-9392-777892349439
A6E0A2F0-845B-4B44-9934-7557E3AD59C2,OWNER_f13cb7207b19,252,56B2AD3E-E9A1-4A81-BFF7-77ABE842EA0D
D3F592E0-A2BD-4A36-8DAF-B9F16FDDDB4D,OWNER_d1f65929ac41,462,6F5CF691-13E9-4654-8C06-77BE2FE452B7
C60B1E1E-34CD-47D6-AD3F-668DA521B08A,OWNER_792fcf0844c8,1148,1E242945-E983-429B-AA43-77E0E1887BD1
88A96BC9-C97C-4F7B-AB6B-14DABE8E3301,OWNER_4ef5884a556a,2104,37E2C525-586A-4D37-98DF-77EF88CAE0D0
3FA9F593-C7C4-4FC2-8375-FCBC79842741,OWNER_5c27df12cc67,1502,E4412408-2710-4D51-87FD-77FDD0763D6D
1DC6E775-0EA0-4789-B202-69DBF917F6FD,OWNER_3c6be3b1e418,2639,5D20376E-0CE9-46F5-87AE-78242927D0EF
E06FE3EA-9842-471B-8BEA-61861449865E,OWNER_78565fad4c73,3474,C8487E8F-6165-4130-A69A-782C12159439
8186A52D-5C98-485A-AC50-CC18440B7956,OWNER_316e7146af92,3715,9F7F8645-3226-4FDF-93AF-782E4D7D55F1
540D58D5-FAEF-4E5D-9729-2E08ED105909,OWNER_511edd81ba4d,2331,2C4C9421-584B-49CC-A062-7851F1E7D20B
DBCAF2E1-A951-42FB-BE37-13063071AC7F,OWNER_0880bda61cda,3555,AB7039E9-8B2B-4D10-A24A-7857B28BC2A1
BB4B90B4-F3C6-4837-90E8-DB6805DEC58F,OWNER_4ca0695481a6,815,D6219A5E-DFD1-45F0-9862-785B01FB99A0
6B46746B-FBDB-40B4-9E6E-EED50CC014E9,OWNER_a1a8809dd861,1984,4D2B6E1B-EFA3-4827-A3C9-786381FFD5BC
2598A524-6A95-40FA-9020-7F04265C79F1,OWNER_73d2db5ff9c0,22,03AEEFDD-2C11-486C-B918-78731455CF50
6BDA8672-5A25-4552-8B6A-A44E2D0A0130,OWNER_539bc5647c11,666,8F976029-044D-45F6-BE5C-7875C5027006
E72136D5-31A1-45A4-8780-563C9C0EB716,OWNER_e754823373ac,1162,1E53F972-614E-499B-A97E-78A5B657CD8E
24583483-748E-8B44-932D-7E027ACA0884,OWNER_dfd9e66d1ba8,3186,E7258861-7403-4461-A7BB-78AA90415CB5
2E3BA74A-E3D4-4DF2-AD5C-201AD872FBD3,OWNER_d1a02fec9930,3620,B6DCEA18-CF33-4F68-94D4-78AFF4B55B2E
3607C117-5EA0-4097-BF5F-C82370C52D06,OWNER_ebcdc5f680bc,2621,9EE6986B-D991-405C-942B-78AFF8DCFAF6
CFF18F4B-7ABB-4A88-9026-17902B25C7F8,OWNER_e222fca7ec31,2219,3B6FD093-ADFE-450D-A2DC-78BB4A391206
C6014F97-A626-344F-98E3-72C062E324BC,OWNER_c2a9d28e6e9e,3269,D94CC73F-1468-4497-BBCE-78BF16860BC9
0D24AEE0-8CB3-6F41-B4DD-39000CAE0016,OWNER_80bd317688e1,2790,4D7A4AF3-BB7F-4CE2-A35A-78C08C048CAF
D319A48D-9021-D442-B285-DD3FDB41D153,OWNER_39d26cf90eab,3295,E28E04C7-03C0-4AFD-97A4-78C2238537D2
C8F011A2-AFC1-491C-9BD3-2BF9F9F1EA69,OWNER_b6f6e06f6837,2572,CF6BB605-6A58-4AD3-A403-78E5B47D1435
059E4881-A052-4F7B-A3AF-E35513947809,OWNER_d5c3cd9215ae,3727,5A23139A-B2ED-4874-9A59-78FB715D6CE9
76F21A5A-AF3E-402B-B436-8F1C8DD5400F,OWNER_dfc84129d15d,1879,630F2B49-648A-45A1-B840-7909AD9F54FD
9EA0D856-E1FE-4049-B717-718A71C6F677,OWNER_0cd732acf485,1177,08B41454-647E-424A-85ED-790BE190F18E
A94A78F6-8220-4DE7-BD0F-AA50F1699B7E,OWNER_dca2a21e6fa8,2611,B4D94B08-0141-437F-85EA-7927061EA4F7
72CDA5CE-C57A-48B1-B539-A5A67920CC90,OWNER_725548c1d77e,1886,7E28D840-34E3-4C44-93DB-796549AC8FB1
3419FA0C-7683-4E95-BCD8-F66AE2A763F4,OWNER_c8a538e89a87,742,AFBF5A0C-FC08-44BA-BAB1-796D27C6DFAD
2F849C61-B1A2-4D4F-8215-0C91BF56AA2B,OWNER_faebdd9bafdb,1138,FD03C9F3-6795-4DF7-8635-79859C84DA1D
2C89207A-B51E-465F-85F9-94FDF5F27978,OWNER_2cd89c1a29b2,3657,335E4726-AA16-4D80-A563-799AEDA30FC3
0073D1A8-C82F-43A9-989A-7EBFEAECBBBB,OWNER_3d4def593744,611,93A7AEED-35AF-458E-B735-79A5C3815155
D3767AAD-9BF8-4F85-BF29-EE77B45F3E3A,OWNER_4312d40714a9,2073,04E498A7-D7DA-41C8-83AE-79ADC65E1DED
03BFD2D9-6FFB-4A11-9340-60E6E3BA5DEE,OWNER_5abad4126738,319,6A32B694-E26C-4A18-A8D9-79D2A7A0EF29
E5CB2FD2-9475-4D53-A4CF-02F5564A6434,OWNER_8a3020ec22a4,2432,8BB84803-BFEA-4E18-AE18-79D4887B093F
410E8D77-D45C-4B0E-835E-A00B6F159A4E,OWNER_4e33db93c7da,66,4F076AE2-A690-435C-9580-79E758F70300
5EC09A22-65C2-4F46-9739-13101CE5590B,OWNER_f1bc0334f58d,1222,7D9F32BC-BE2C-465E-81E0-79FC5AA8F38A
E15D3988-4AEE-42C6-83F9-09A53C297D91,OWNER_9cbb23f3dee3,429,D21AE904-2EAC-4236-92B3-79FF416294B2
97DE5A18-6698-4BDB-8062-3877F514DF0A,OWNER_2e0825b877fe,3440,79C82E81-E630-4C40-9568-7A02C0D3ED34
19E3ADD7-CB02-4211-BB6A-FBF30B92B5B8,OWNER_eee85171f586,627,21B1E9EB-8774-4778-81E6-7A1158A5C70D
62E6DF24-06AF-4241-B29B-C97E3DE53DF3,OWNER_279e4e68097d,645,F89AEA5F-63DB-48F1-ADC3-7A126552D872
3C80D23B-7745-44E4-9E7B-180BD5510F10,OWNER_0cf20482e6c3,1608,40A92B14-2EDF-47AF-8104-7A33F57DCF6A
0D22C4D4-C142-46A3-A45D-DC2A275283A2,OWNER_b2b989eb3f5a,2012,B42EC634-5EE8-4D1F-A059-7A34D5D8451E
3B94668E-47C4-5441-BAE7-D12957A45719,OWNER_c2a9d28e6e9e,3268,6D3FEC31-539C-4A60-BB60-7A3D3292AF02
F41967A4-8A96-154B-9A4D-B89C8272F906,OWNER_3b9a15a29fa0,3077,4EB43215-9297-4A59-8833-7A43E31D5AEA
DDAE5A40-CDD0-4EF3-B331-50A9D5756CD6,OWNER_7762f7d12700,1584,7194D251-8776-491E-BFFD-7A73A3623312
BA5ED3F4-6DAC-824A-9221-7180580BE398,OWNER_c86ad5ae54cb,3374,BC4345BC-608D-45E5-BF6B-7A76A1FAA952
A6C31F39-8B15-42CC-94F6-CD81038C59C7,OWNER_05685b7fec55,3948,A7CCA106-DF6E-45AC-AF0E-7A7BAC5F6C77
E41324D3-2561-46B8-A279-991B9D7D5CA0,OWNER_eee4d43895a0,1945,81AF47B6-5CC1-4A12-BE82-7A8BC8B256F9
1CC27EE1-9169-4F32-957E-8423BC458A1A,OWNER_1775de5bb579,3518,3598DC3E-3B08-4BFA-80DA-7AA93562054F
450E24FC-02BB-B44E-9B4F-32247DF297C2,OWNER_e871ba9f607c,3030,477A53D1-D77C-4C80-9ABC-7AAB2D1D69C3
80C0FE49-F13B-430F-88AE-CD6933A3C49D,OWNER_fbb63bc36963,2368,B4354BD3-408C-4D3D-8B5E-7AAD0E099D4C
00A5A633-D655-499F-BAD8-193275A4793D,OWNER_e47614de295d,2922,5CB3E8B2-A948-4DC1-976C-7AAFEE5BD006
B12891F0-3645-44D9-9FF5-7A81D8A9D23A,OWNER_4312d40714a9,2068,D9E624EE-A583-4CB5-8186-7AB1BCDC4F21
E09060A8-6D24-4019-91BA-ECEE5387E85A,OWNER_3ecb1659b07d,293,F2CCC6B7-A8FF-407E-87A2-7AC2DB7A9105
9C9288BB-A6CA-4576-9F3C-5D2ADB1B7ACF,OWNER_6d8c545afffa,1247,21C954F1-9350-4C94-A6A7-7AC51D240091
EBBAA070-E0E0-174D-B860-8BD609B32C54,OWNER_a63e26b864a6,2760,9173927D-AA70-4CDC-9560-7AF77D4E34AD
1D699D1A-E17C-4108-87E4-577B258FDDD5,OWNER_2ca51051ac99,2009,C6D47431-9FF4-4B9B-8355-7B13A0875FF5
659B64B3-5608-436C-B04F-58BA872A0309,OWNER_73d2db5ff9c0,37,EED99C42-10C9-40BC-83E1-7B2BE400B2FC
3F457FDF-9D79-439B-9141-CEFEF791BBB7,OWNER_c0d6e325a8fb,3703,F2736DBF-735B-4137-9A5C-7B49CF4600CB
5EF8C331-C087-4D4B-A871-519285554BBC,OWNER_fc553d57aabf,438,5CE9DD9E-AC26-4273-B633-7B554D7DDB28
505B157C-E3BD-4ABF-ACAC-37D6B7159E95,OWNER_98aa4fb61f5f,96,54340915-3D23-41B2-B083-7B5EEC793BF0
9C9F0758-098A-48C9-A6A2-35F7ED0A9052,OWNER_3c7ca760623f,2382,A34FD7BB-33C6-4B8A-A4FB-7B6B6E37C787
4DCE0037-0F4C-4D81-A289-B9DC9AA62FD0,OWNER_ed66ff5332b3,890,7ED59693-CAFB-4892-9671-7B7A739C5929
A4277D2D-9402-4ABA-B600-D3B36F34860A,OWNER_751e090ab481,1484,4172D10D-A38A-4047-8072-7B8DA0D2C8EB
02B56F6D-6B76-4E7D-A9B2-C275B48345E0,OWNER_6b86d2417f3c,1085,E1157004-02C8-4F13-9AA2-7B91E18783D6
75CE4136-5DCD-44A0-9231-993BEB9C8A67,OWNER_0490c2f85980,3137,E273336F-6144-45C6-A406-7B97F2F5C6A0
B99DA4C6-37DF-4774-AE5B-2D80F249FC55,OWNER_450f1894b262,1750,BC0B3277-6B26-444F-AA0F-7B9EDD3C5DB2
0247FCED-F1DD-4372-A37C-10AFFA0022DC,OWNER_cf0b2becc41e,941,6E801000-C54B-434B-AD17-7BAF401D7A8F
B36AE950-70C1-4516-93FA-A786A949D6A8,OWNER_74049fdbea9f,853,5BCCE04B-45A4-447E-9F3C-7BBB329967CC
908AA9F9-0A09-4817-8892-AB4CF71F2B3C,OWNER_20336d249d60,1873,EF67AD34-9A0A-4CDB-9C3C-7BD6F2F1196D
E4AC460E-A3E6-1B43-87E7-A8B16C4F2FFB,OWNER_d09c5287cd18,3325,CA324073-2FD1-4B86-BBCA-7BD91279E6E3
FB0856F4-6C46-4B2F-9637-DF220113F4D0,OWNER_cb54525d3c4f,421,37E99D56-36B1-44F7-9C81-7BF564BC6512
7868E047-EF83-4B04-9C22-8F3EB6DBDB40,OWNER_4312d40714a9,2081,B6C5F96F-39B3-4A32-94EB-7C0B3EDD8F2B
DCD7BE27-9747-47A1-BF00-273DCB92D4F1,OWNER_61896153b5ec,2407,C2747AAC-E8AE-44C4-9229-7C0C7124E354
75471C30-A4A0-44C7-85F1-B8679717B501,OWNER_e32c787cc2c7,1007,273E263C-81BE-4AA5-8C64-7C16D26C2DDC
8F7221D1-2781-412F-B57E-BF38AE516E86,OWNER_38cf3f20073c,125,C3D20C6C-8DF8-4361-98C4-7C3492867BA8
CC669EAC-EEB6-1C48-8404-96ACB144179E,OWNER_0c1c8ba83228,3081,3B10354E-AAEE-4127-9903-7C4D741A1DBF
2C679617-666E-430C-8FE9-F01798560ACF,OWNER_7083230dd7c8,2475,8DB396DD-FEF9-475D-B908-7C4DB0A3FCC9
2C66C9A3-BF8E-4DD6-A321-C8F0F3E17237,OWNER_e793d26c7e73,2491,C34D929B-2841-44CB-9BFF-7C5D09D74886
4FB23B03-65A9-47DA-B127-64F6606C80F4,OWNER_de7c42f9c849,1044,0E366DE0-EDD3-4B88-AC89-7C75E1E16464
EE06FD07-8C08-4A62-8C74-62FBDCB2B299,OWNER_ca8e21f2449b,2011,13D653BB-E3B1-4A0D-A48E-7C83FE23198B
58235A30-0714-4949-A994-5F8BCCC87F18,OWNER_1bc8843fece6,1352,7790426C-CB55-4575-938C-7C889818EB47
579AAF59-4A12-4AE9-A288-8AF729D72792,OWNER_b6f6e06f6837,55,8DBDE32B-4CDD-4BFE-B25C-7CA12E6FB375
D637666E-D293-444C-BBD5-A2E63EAB1CE5,OWNER_de7c42f9c849,1052,B1415BB4-6DD4-4719-A6EF-7CAAEE76711C
0F0DE6EF-FF74-4066-AC8E-8CF1B5CD3DFB,OWNER_15a080593c8e,819,4B6E305C-2A09-4F30-8060-7CB685CABD94
D2694F87-DD8C-4D8F-8035-4FA503004BDF,OWNER_7aa1887bd526,424,6C238733-DA32-46E0-B7B4-7CBC8525E661
6618DECA-6A3F-4552-BC8C-A277FF3A6441,OWNER_8dfd5fa10ae7,1592,35BB237F-7E77-441E-8963-7CBDB93D1D7C
6D37F582-B1A2-4B03-A5C5-C04AF735B7E0,OWNER_a09cf5388bb5,2541,43347AC0-1415-4896-A018-7CC383A9D07A
889EADDB-749D-481A-93D7-6430DAA5ED98,OWNER_469da077b7ee,1638,259183F2-83F8-4ECD-8329-7CC85BEF2657
9863AFA4-1783-4549-8537-C6A5547EF07D,OWNER_7d56f517e098,3094,5CDE6265-94CC-4309-BCF8-7CCBC2FE264F
F529EEDE-4A58-41C3-A08E-042067310324,OWNER_df9e12ce9970,2063,980027A7-F5DD-4DA9-B2E8-7CEF23EAC3B0
73056B89-E10D-45D7-B36E-49774F28515A,OWNER_d47163f269a0,669,3A6731C1-D4F6-483F-94B5-7D0FAD8C531E
629CF395-B991-405A-9C53-B1346B079C00,OWNER_d5c3cd9215ae,3725,82D64EFD-6E4D-4BE5-8092-7D18BC5302A5
D99A1B81-4F4B-4D43-AA00-61E6C4003828,OWNER_e222fca7ec31,2225,6524D467-2B1D-4893-837B-7D2329177066
17604118-1AC3-4EA5-9ED3-47E66473EFA9,OWNER_a831637a6199,366,61D69357-157D-435C-9DD2-7D2CFAEE9C1B
13D24B4F-380F-3340-986E-69E7BF807E9E,OWNER_1888841b0814,3315,20A5352D-4FED-4AC6-AC42-7D45656B19A4
7DD128E8-FD17-42EB-BFAF-38DD394EC9C7,OWNER_cdd63d090319,1192,158B1F21-6DB6-42DA-A376-7D869C785E9B
B9C7F323-EB9E-8048-AEC1-9D3DCD693F42,OWNER_f6a9955bc92c,2825,B8CDF951-DA91-4C9B-8DFC-7D888D2AA2F9
8E1E4101-BF91-C94E-964D-85593A62C778,OWNER_3a1303c92b80,3075,A33CCF75-43CF-4C2D-BCEF-7DAD1399937B
3FCCBC11-3A2B-FC42-8247-1895C95C6789,OWNER_b461498eb050,2876,6CF22064-8712-46B8-A47F-7DFFAE29A50E
4FD4A913-6564-4EEA-AA10-E75ADC004E2F,OWNER_0e331b4faa77,86,0212A4CE-2569-465E-AFD9-7E13187BEA82
A805F28F-D147-1844-A284-CBF10F5D3291,OWNER_66256bbc80db,2998,A1DAED96-E86C-40C6-A40A-7E211BBCD778
339800F7-3364-4943-BE17-00CA7C5F7E98,OWNER_3eeca11d93b7,1603,02CA2D1A-548F-4BB2-BCDF-7E2277BDC085
E86C1461-B8AC-433C-87E7-FFBB05DCF848,OWNER_ac0aeb2eb6f0,1432,8482427B-6D6A-4796-AC27-7E285BA65832
6B794047-968D-421B-B6AD-273250E96C66,OWNER_5ccfeafccf2d,821,BCAB4FDB-D471-48FE-91F5-7E3FF004A66C
01FA974B-F62D-4EAD-A6B1-F0988EC484B1,OWNER_ed66ff5332b3,34,F774E92C-B806-4934-AFF2-7E72A6AEE0A4
460AB778-4056-4DAF-81AD-1FB63E67F733,OWNER_0ed11c831e2f,235,A0031F05-F657-4381-B374-7E80D6C8916B
B2C6A6B9-676D-46F5-9666-160F5EE2491D,OWNER_6d8c545afffa,1241,2A3913E8-26BA-4A17-8E38-7E813AFF647F
C1424151-A05A-4ED5-876B-54D7C3124790,OWNER_826bdba5a89a,1096,24DB65E6-BDD5-43B1-997C-7E9923CAA043
ECC8D1E1-F400-0242-9B8F-98EC592E01F5,OWNER_935a7a105f92,3037,06CE0224-7679-49DB-BAEC-7EA5006C9947
431B8A4E-FD5D-4589-A991-00B866638263,OWNER_5b3c892cc8be,1620,B552220A-7268-4814-8CEA-7EA5A31DDC97
0389299D-E531-4715-92DB-CCAE7149EE8C,OWNER_77b202c53c46,2351,5ABB51DB-20C4-46F4-A4F6-7EBDBF4CCA47
0FAE4A5A-7BAF-44FF-9AEE-BA5DA5D9C79A,OWNER_ec235cfb8b96,3144,400ECEC0-454C-44C1-A969-7EC9543C7BB1
43DE1D2B-6D9E-034C-A4CA-29BA39AFFFDA,OWNER_bfee0efa2143,3335,67105AFF-F5FD-4484-AEB2-7EEBEA9AA145
163AC043-9026-4783-945A-6408BDF1A211,OWNER_0c823b2f068a,1445,9114C3B0-8FA4-421F-B56B-7F0FEECC198E
0826A504-E222-4418-8799-601A82EE8AA8,OWNER_f0901fdb4709,1855,2DF417CF-8C43-4C65-9EAF-7F1D90679713
914C52D5-0C5F-4569-8B90-47E973512B43,OWNER_070afaf2b3af,449,762C2944-7C4C-466A-B266-7F3D86581B44
95B3A745-9A3B-4B91-942E-77F865782053,OWNER_4c0191596d4c,870,4C1CEB51-48D7-4C3A-9FC9-7F4ADC567972
9E83DC4F-F596-42AC-BD11-DC18BE6D9347,OWNER_58a518143d68,1098,0D17199D-3B40-4C2E-82A7-7F4DE7CFCE6A
AFF41B59-5DD8-4AB4-A650-FFCF14A5A45B,OWNER_dfaef58a1558,555,06D884F5-D782-45CC-9E08-7F5683ADED47
572B0030-E55A-49B4-A11F-A48343568145,OWNER_bce4a6d6abb2,2730,32023229-E215-4D36-8880-7F6E9353CF41
AB1BEC20-DB4B-4149-92C0-83B682D1885E,OWNER_f5788b28618d,651,8DA8EFBA-EF7E-44AD-B325-7F709589734C
0A46E30F-D5A5-476C-9586-9918DF39EC6B,OWNER_f9344adc92ad,3526,F159873D-A247-4220-B2A9-7FADED974DF5
BF2409AE-34BE-44D0-85BD-215481900333,OWNER_b9d424edb4ed,3390,D00BD099-5F1E-4289-ABAE-7FB2DA47463C
467FEBBA-F300-4EDC-BF95-BA3DAB90F8B9,OWNER_2520b8e40bf4,1846,9C3DE2C9-D448-468D-B283-7FB8FAF7A5BA
0F075633-D252-4845-A326-B7A791B6BC6C,OWNER_5dcd68f83121,3097,EAC6A827-A02B-40ED-8E33-7FBE41C1022E
19D9F158-B55C-4FD3-83E8-DB0C914D01BB,OWNER_8b2dd04e7f88,2264,465282E6-E37B-4B92-8292-7FF1725E1AB8
3147070C-22C6-481E-9B66-CFD2D0EC7EB4,OWNER_593b234ec5cf,2750,4DB2C5CD-1F33-450B-AFA1-8006373154D7
60B4AD09-A2B7-4387-BE0A-45A347A34130,OWNER_4e33db93c7da,60,1A36C170-EC4A-4D08-80A1-8006DFE165A6
B0FD8419-969F-4C68-8A81-9FE68E2DE905,OWNER_5cf0d2f1cf35,1986,D20BD685-7B4C-4523-B185-800C758DEE87
64304F6E-C296-4680-92A1-00E8F3F842C9,OWNER_41d84713f059,3557,57DE6B9A-86F4-4929-9A75-803A2DB4790A
29B0C3F1-F841-4BBD-B543-93DF36888D3F,OWNER_cd2eaf7c7b43,329,F815033B-A364-4490-8704-804250615968
88BE5156-E8E3-D64C-BFC6-61E7E799E4DA,OWNER_402dccca4109,3537,C432F983-A93A-45C8-B83A-80486022D0E0
24019D2C-01F9-4282-BD96-51BE6D4903CC,OWNER_b86d9e2dbe42,1100,C8E4DA9F-FD3F-4A2C-9D04-8055FF4D8085
520536A9-7F59-46C5-98D7-35763A1ED433,OWNER_28462ecd9b76,558,D4CC5C1C-C2BF-45DA-8501-807CFFD2197E
B967E0E9-28D6-47CD-B0B3-4F03EBB73321,OWNER_01427ded8a65,1550,FB496835-6A75-486F-BB01-809C2FDEAC55
EDA215B1-98DE-4761-9211-D7E2E5E09E70,OWNER_adcdd80402ae,696,8B7ADEE3-85CA-42A1-916E-80D25CA72EFC
9F03A9E0-26F3-4DDC-83D5-8B82A3A818F7,OWNER_c6b5631e511c,2539,AD53968E-2B74-4412-8799-8113C9B17A00
BF331FC6-0518-4CE2-8C64-7F94759B1379,OWNER_e754823373ac,1071,07C8CE06-A397-4C7F-A82A-811A25BCE65E
C5A1ACB0-830E-BD44-8FEB-3FB6AA28D2CE,OWNER_1e93e9da9387,2980,0E78F71D-5CC2-42BD-A4C0-811F223E1F68
5FC843D4-566E-484C-AD4B-B00BE0999C42,OWNER_a04fe2102948,713,56BC20B4-6FBD-4C3E-A127-814124BD45B8
F180D7CC-E100-41C0-9EFD-29CDDB89542E,OWNER_c468a6757517,1998,25872BB8-FBDA-4714-B75A-815CE59395E4
5AA2215D-92B8-4536-890E-9C2D91D8E11D,OWNER_239892441954,1865,5ACB6ACC-64DE-4594-B861-8167FFC19D57
14225C3F-04D6-4749-8C42-8912F3E29C7B,OWNER_c745e7f7409b,3435,DF47E61D-F026-492D-80D1-81766F3E7DC9
8699AFE6-B7DC-4B96-8CC4-4A05FA00F9DF,OWNER_a3b586d6fb4a,1682,53EA72DC-52EC-4F0F-9D60-818F94D31579
AC3C03E7-3207-4327-84E8-D770FB631A51,OWNER_73ef31567717,2394,230D2DA2-8302-4F17-BCC3-819906D4BD1E
15F15561-82B3-4FBD-93F2-4AA2B22C2D93,OWNER_78fd5a5da6c5,2471,1B00D307-9D23-47DC-A702-81A3DEF6AF3F
8DF492A6-D86B-4AD0-A439-1C4ED0BB84D7,OWNER_713ca145e52c,165,918D5AB8-A248-4A3B-AA1B-81CAB59E1387
2BF3F078-A7D6-4B03-A7E8-63B609494C1C,OWNER_e754823373ac,921,58C776C1-6573-4368-BC0A-81D5A45AA4F6
DEB7BC49-8276-4C96-A4E5-2AD38BDA74AF,OWNER_3f7a63ae839f,607,822F13DE-C90E-4905-BDF1-81EA13C09329
33B57118-2BD5-470A-808B-EF1CECB378B5,OWNER_1925bb7ce880,879,89743D65-CD55-4567-8AE2-81EF2FF29EF7
D7492558-24D1-0B4A-A80D-1FDC51AAB385,OWNER_46b2ccc20bfc,3345,454A73D7-E79F-4FF6-9D00-81F9D428B9F1
633FE55C-07CF-4CAA-A307-6ABBC6372031,OWNER_c769f692f168,2044,66E3D6A4-D209-4D11-A06C-821686BA3818
A37252C1-19F9-994E-94A4-44362A20A6D1,OWNER_ae961d00745e,3131,DC3FAF66-BF60-4365-BCFD-82193CB4DCF4
94EC421E-8473-AE4D-AF25-438346FE4296,OWNER_0490c2f85980,3128,18D5E299-A3A9-4FD4-820B-8247C0D6B8C5
B0A74E53-5E04-4764-A9B1-2B3D29C0622B,OWNER_de7c42f9c849,1036,46966B70-7CE6-4CA1-A4DF-82543DFC8E6C
43F8A50C-B29D-844C-9429-B14D56E90001,OWNER_c5ba687e3edb,2936,69A35A02-6463-4BD9-9655-826791E563C7
19B11354-8A0A-4E02-9730-736959ADACE7,OWNER_ab1562d357e9,1384,D4DDF816-C805-4D85-8EBD-826DA750C42B
7EF9C435-9105-4D36-97D5-ED1D68088A27,OWNER_686dbc93213a,479,4F36913B-0FFA-4C89-9202-82704F6E469F
052CD7D9-04E6-4E8E-A601-376D376C4132,OWNER_2a2042dbb345,3908,7003FCA4-507E-479F-8E9C-828AAF56C700
31B70EC3-497D-47D6-AEC9-35DA5774641F,OWNER_cca51f050290,730,2BD6A355-463B-46AE-ACE0-82A1B122675B
54B0358D-EC74-4B0A-B5D5-982D62120D24,OWNER_38cf3f20073c,120,1E296FA7-86AD-405D-B232-82A54B2E0882
DF95544B-5F93-4ECB-9B82-C818C79164A3,OWNER_1a0b44c2bc95,1424,D21DE35B-A0A4-46CD-B8F8-82C426C2FFDA
F8F7DB47-CC1F-4866-8EAE-C50727BF9913,OWNER_6e793192b653,2412,5BAB4D97-9E3E-490A-B132-82E391DA2057
597FD576-230B-403C-A8E1-551C3E9FA776,OWNER_f86ab7252ba0,1578,C76E1372-692A-4F29-BF1B-82F7A83EBDCE
9CEF931B-1986-41E5-B6A2-02D73C19732F,OWNER_be4d9a9fc631,640,4AA0BF64-974E-4733-ABDD-83073A5D76B7
3B403E4A-A4CC-439C-920C-8F18920C48BE,OWNER_38cf3f20073c,122,ABE2AC8C-457E-4DE2-B9D9-830EC3D00CFB
BE005AD1-1E54-4ECD-A964-59D9E11AE72C,OWNER_7c7c83907254,986,CA081B5B-8504-4CAA-A4F9-8329610F3E00
DC5D0AE2-59A2-443F-8C70-02203BF216EB,OWNER_19056760bc23,3099,B43EDEB8-405C-4BF9-8610-8338A5066CF3
4481B372-7150-4901-85C0-FDC6C22910F8,OWNER_18b7632e00ae,1989,068E5139-1DFA-4EF3-8278-833914025708
4ECD4B01-2162-A44F-A388-7CE4F3DBB6EC,OWNER_b927e09f47dc,3757,A63F714C-F26D-4DCB-9904-83404C81C35C
5ECC5577-583F-40DD-9A5D-6563B9ED34B6,OWNER_e754823373ac,1068,9DA72032-95F3-4560-AADE-8379A652F54E
EA0D1499-3C71-3C4E-873F-A68BE62E5315,OWNER_e007df5acb32,2913,437F82D8-8FFD-4781-B113-8388A393B59F
76D92965-7865-42EB-A6A6-9C7DA4E96824,OWNER_7a55bada9bfd,2055,B40E49B5-325E-40B6-9974-838B5BF042AB
7A0C2A50-0A11-4692-91BF-410B66A0E06B,OWNER_c468a6757517,1992,F7CA3E34-05E6-4F68-9328-8398377F69C4
68785439-1B7F-4701-B31E-CC307BAB4599,OWNER_9fe6797c9b14,139,D0ACC41D-A56D-4D14-9165-83A4099C55B6
7F0F4CB9-60EC-413B-A721-77A5BFE5F7D9,OWNER_bc931a401b23,703,938F3380-6237-468C-900C-83DF7C77D416
FC61F3AE-9806-4354-8AD8-852777746C6C,OWNER_469da077b7ee,1634,D5795F2E-4D7C-4314-BAA3-84011D06BED1
E8E6A240-873A-402B-B1D2-D5346D6D1038,OWNER_7ed12a8d9802,955,16479CFF-7229-4EA6-A56B-840AA0E50006
8679EC1A-5190-43F1-91EF-4DAC5687C744,OWNER_86bf17854213,3586,EE5BE477-DD7E-4640-B8B5-84329ACD0873
04573F42-4C8D-40EF-9B73-A3156E1A0E0B,OWNER_9ecc3280c946,2485,E23D9051-448D-4D77-A792-84424859FA1E
EF45B817-B436-2E43-87E3-BC2E5E0D0420,OWNER_84136cf99bf8,2940,17C03AF2-7CE5-4A7F-85FD-84499CF7238F
4FBE0818-3519-4C38-B35A-04057A067DBB,OWNER_eee4d43895a0,1939,C3027504-7AA3-495D-B8DD-84602D325223
3BB203CE-3A0C-46A0-8F0C-1B40E52287D6,OWNER_b25287d27fc9,2674,7704E5F8-7678-453A-B893-8476468B00B0
6DD3F1BB-164D-414F-A8C9-EEB2014CAA2E,OWNER_b8bed484126b,786,42EF07ED-6590-4CFA-87E6-848106B9175E
00B09B68-401F-4E75-9C05-3D3A3A076E10,OWNER_e754823373ac,1161,C20DDE56-2C1A-41D7-897D-8481B4B6F8EE
3C3A23F7-688C-4C6A-A9FB-C7D0CDD8128C,OWNER_4942622bef52,2427,4D0C7D92-EAD1-4896-AC1D-84940CE677A5
AAA4258A-74B2-4E35-9EE9-E6AF3FBF3FD8,OWNER_0e331b4faa77,82,9A55F12D-CDB8-460A-A9D8-849E63BC2BCB
69AD7BB6-BF96-417C-8F4F-7DF81C07F1F0,OWNER_73ef31567717,2386,C31FB2FB-8228-45DF-8E6C-84BDA5C9178E
8422F98E-6ECA-4A4E-A984-8DB2313D35D8,OWNER_c2a9d28e6e9e,3266,C34C1139-3D6B-4A57-A424-84BDF15D52DD
D0CABF0A-4F93-D34D-A9F9-69E9BEACCA1D,OWNER_bed80286e116,3000,BE963752-F95D-4845-A286-84C32BF55314
9B6969F9-3506-2445-87F9-5DB864E781DC,OWNER_6149eef8080e,3321,557E8A35-BFA5-4791-9DDF-84D56A01C308
6B34A8C0-B734-4994-AD7C-0F5C623576B1,OWNER_ac0aeb2eb6f0,1362,30456F33-297B-4ADB-92F6-84DE39EC4712
D8110A97-8E5E-3B41-BF71-E1DE73B8CE71,OWNER_9273928ea21a,3291,0349D994-91A0-4954-B56A-84E4B2E84847
B12B0684-DF85-4469-B3AF-A0F73CD4939D,OWNER_a4f7ff9a3be1,1843,6B53EED9-288F-439C-B973-851A3F72AB56
6C570AB9-2201-4038-B0B4-AF989492A680,OWNER_e754823373ac,927,80DF86C9-1E5A-48E5-874E-85376AE552E2
5E5B2565-824E-488E-B668-0E8C2665A399,OWNER_9127555b3259,268,88D06839-FBBE-451C-BF0E-853B2581E336
3F9BBF04-FDFF-476A-B7B1-05867F496161,OWNER_469da077b7ee,1645,2E4A4E0D-8762-45EA-8515-85407615DF0E
8B348AB9-CD5A-45F7-8F9B-34D4D201465D,OWNER_ea5b3353782c,727,A69C5E8F-12DB-4D55-81EC-85408E20B61D
035BA8A0-0EBC-4FA9-8DF9-B13378762EC5,OWNER_584814ea0a38,2787,C0829E15-8BAF-437E-92B7-8550D4EA55FC
8238831D-3A46-4E31-9C01-0FB94ED2474C,OWNER_b6efc55f50d0,1448,E5E5EC75-E965-42A6-993B-85604D668F67
0150A794-E12F-4420-9E51-CAB1FE13726A,OWNER_0ed11c831e2f,238,4584A7E4-2812-4A77-8AA5-8563676F7996
CBBEE191-3F59-4E55-82FC-7D6FA1D29437,OWNER_439528e0a8a3,2402,F3A5B060-2A2C-4A16-B9EF-8582E630B425
122E87A8-A42B-4DEA-BB58-D774201D36BD,OWNER_2b14b39f98c1,3610,F6ED0E86-4E59-4978-A63A-85A700504B7B
76E6CA45-C809-4986-B0E2-395FDBB30636,OWNER_e871ba9f607c,3026,4ED6739E-0E6C-40A1-AFFF-85BFE36897A7
458348C0-6BC9-4937-B613-B00230B8569E,OWNER_cabc5f15f87e,383,1DD678E8-F89A-4981-A562-85D27340F941
2A59FC7E-6DEF-4C10-AFD9-5C750713135A,OWNER_bd7a33c469fc,26,85B18EBF-D6AB-4116-81FD-85E403C6A2A5
16C47422-F416-4A8F-83D7-E652FD461126,OWNER_f254f635c9d5,1625,A9F04C24-6E29-4A6E-B65D-85EF2C8FAF40
D6CDD8D7-29FA-4224-9638-99832BDDBBD1,OWNER_5ec9256149c5,155,68D8867E-D38C-43FC-BE62-860264838104
DEECD115-2993-4E0C-BE38-7F24EE031458,OWNER_f9344adc92ad,3524,13C99E0B-76EA-4293-998B-862467395958
923203EB-50EA-49FA-B80C-E0D43A1BD532,OWNER_018a6ec89cd1,2801,9058B62E-CDAF-429D-99B8-86250CE3D629
8359D66E-31E7-4A27-A7A9-E49222BF66EE,OWNER_a9c0ecaef666,3621,90426542-1536-4F57-99B9-8644929A21BA
EF7BDA83-2FA9-4AE6-BBCE-C07AA1834BC7,OWNER_3b9a15a29fa0,2920,BFE31861-2E25-4311-A38C-864CA37D59EB
170BEF43-3481-45D7-9996-4749356A7898,OWNER_bd229f719bd5,2872,5203CEF1-6981-4D9B-AA70-86742340D79A
5906D1C6-31D0-8D4D-9AE6-F53FB3EB3831,OWNER_5ad870f1ef26,3002,9C3D24A4-5008-4834-8C45-8684FBEFEEEF
72B38A5D-7359-4174-9860-BD2FA9826BCC,OWNER_38cf3f20073c,117,5B8F6164-26D5-49EF-AB42-868FB562898D
9C6F8E0F-B1D9-4524-A135-45FB7FA1C8BA,OWNER_88c36e39eb1a,1322,8B3F5ECF-DD09-4BCB-B86B-869E83667587
3FAEE3BB-AB72-4E74-B54D-E559EA870340,OWNER_3d7804ba2573,1477,86306AF4-5AF2-4731-ACD6-86D64CD206E2
3B098478-C98E-4609-A3A7-34A5B6BA77B2,OWNER_eee4d43895a0,1943,7A6045C9-C141-4739-BDDA-8703BAEAB2F1
CF6EE0E4-1182-424E-B1B2-A7B17ACF8FE5,OWNER_1a987195533d,281,CEC36EC5-6A20-4ADF-8DA9-8721BDFA81F4
C52189C0-25FF-41DA-ADB8-14ECE1CFA681,OWNER_cce9e99b5307,1561,2AAB214A-8A83-461A-A3BA-8748EA681EF2
927C185C-1F96-465B-A31D-CE4A1642E744,OWNER_048e7239eb5b,2004,1727BCDA-FEB1-434A-B652-874DF6FA6725
BACABA67-BBF3-4D8F-81F6-0C1507C9168D,OWNER_a3aa807d2dd0,2,43710203-1F1F-4DD8-8EB5-8755A2307D1E
39E92775-C2F0-46D8-A794-E4E8B41D7D42,OWNER_1b7e2f524a24,3594,F6CA9F5A-6F40-4E0B-B87F-876CE012B3C4
00AD3FAE-7283-430A-A6FF-905C5D1FC1EA,OWNER_071a09015982,610,6D96A512-F4AB-4975-BBB8-8792ED444571
EAFF02FF-BF0C-498C-8C5A-B3C3BB057673,OWNER_4b4820a6eac1,471,9CB8EA1B-CE1C-4CF0-B979-879CCA37F4A9
30985C8F-30B5-4AC5-93BC-B31F2A0959E1,OWNER_2e7bc50b6932,2627,9319BDD4-2BDD-49C2-9DBE-879F85955B1C
1B227D73-87E9-EF4F-AA3E-E1D15D335BCC,OWNER_01f5a1fbd913,2793,C0F3FC87-2742-4F40-A5F1-87DB33B93EB2
B1097F48-4FEB-455F-80BF-A1786339C19D,OWNER_3b9a15a29fa0,2921,B07981BE-5F3D-4589-AEB8-87E23E157C51
5531C27D-9279-4432-A3D1-9D0FBA4FCFE8,OWNER_c2ba773de151,3609,341C20BF-A745-41DF-90FD-87F288DCE96D
6D315CCB-6B8B-4DE6-9212-07BE3A99FB7F,OWNER_86e2e1bc7afc,3614,FCF010D8-DEAC-4B74-9DC1-87F6E1F3AE01
F4CF67E2-DF53-4270-9FF7-3B1D8DEA6BA3,OWNER_b01235b7326f,2726,5115648D-204A-45D1-ADD3-87FF0E112272
93B42DA6-D71B-4C28-890E-6D4787F2FA8D,OWNER_2cd89c1a29b2,3093,CA098E88-D21B-457C-AAB6-880148E7A82C
D60C99BF-BB2A-47A2-AEDC-298B2C3D61F4,OWNER_8a2861d70c28,1273,A343099D-7F65-40FB-B565-88035656209F
0F39A9BE-8951-41F6-A630-3C52FCE9BDF8,OWNER_0ae05ab558b9,1255,EA40DA90-E653-4831-A5EA-8839988683B6
0BFF0FDB-1BCC-40FA-84D3-3718C52311FE,OWNER_e754823373ac,1116,E371B8A2-1382-47D7-8795-885FB0E1AB58
7A6BA6B3-B2AD-46AF-98C2-AB9AAD213780,OWNER_bf769b0b9087,3628,ED73B33A-0088-4963-829D-8868EDEB1C05
65159ECD-0A2F-43FD-BF6D-06AF88375E8A,OWNER_aa8ea45d6d4e,1741,CB578C9D-CA84-47DA-AB9F-88841DB87F1A
E4E2D150-7885-4298-B59A-A7B64B1DCF5E,OWNER_0bdd35552185,3910,29101350-2A96-4627-9832-88918C9D5A5A
317DC673-DF0F-4042-A1F6-0BE619584CC3,OWNER_3b9a15a29fa0,3079,70EF70B4-A9F8-4DF6-8821-88950131B544
2BB64FE9-489D-4378-9A05-E0F17F482E94,OWNER_b25287d27fc9,2680,8A15C446-934D-4DD5-9080-88A1AA271CAF
4C3E7BEE-EF0D-4F3B-8053-1A501B662A32,OWNER_6426b850cad0,513,7D3CAA25-04B1-406D-8B70-88ABDA257909
43382B6F-CBFE-4066-8842-676D960D40E5,OWNER_33f9c78465bc,216,02BAD0F6-66E3-48E1-A59C-88BB6EBFE452
A54070BC-671B-4068-84F4-F3D1DFB6F77F,OWNER_52a69503581a,1111,720CD50C-46F3-4DB2-9D39-88C2A25F4EDC
3520D18D-D69F-4333-8F84-08ECF21739D6,OWNER_a73e6c75a904,405,FAE0A58E-6C1B-4B61-885C-88D57953EA89
3DD98537-494D-0B4E-8564-BAA6FBE96779,OWNER_1f60747428a5,3033,98721F10-D52D-47A3-B425-88F73B632327
9C6BFA10-23A5-40FB-8B3E-F89523675184,OWNER_e5694094f5ed,1744,5E736499-360E-4003-8DB4-890FDD1BEEC1
4E04A09C-D724-4E53-88A0-67EBFD9ADF81,OWNER_b65c9fd25b1d,2390,EEFF6BD6-AD59-473B-8DD7-89168BBA10D0
F6A29144-6B3F-442D-8307-BE4B6981BA10,OWNER_ac0aeb2eb6f0,1289,8D852FFC-AF4F-4A41-B82C-891E1EC18E15
617D931B-572D-4D29-B695-49FDC1CF36BA,OWNER_f13cb7207b19,255,7E85886D-EE43-4A1C-AAE6-892ACE534B95
6034486D-8FD4-4C3B-8142-F9AE356D644B,OWNER_98c6ca73aa9a,2372,AE5C19E3-FBB0-491F-B257-894D22A8E8DC
148A58D7-D96E-084C-9E9E-B4167E6E7BCF,OWNER_b5986d4762ea,3255,75B0C0D9-19C0-451C-91BF-895232CEEEE8
D818FC5D-0440-D241-B1E6-40D9DE1EBDC0,OWNER_19eb9c96f867,3178,695AECE6-A56E-486F-973C-89674D39E842
4A618587-D11E-4721-9BE8-DB41B6F87FAF,OWNER_38cf3f20073c,114,C4D43677-36FC-4C9A-B5D3-897A54DE16FE
2FC2902C-BFFA-4C4A-8A14-DCB14F688C73,OWNER_b86d9e2dbe42,177,34062D41-EC51-406D-9834-897AE65AA426
D47CF732-B79B-7542-BE64-3AB8F2BFDAF6,OWNER_f6a9955bc92c,2824,A5935D8A-E7B4-4220-BCBF-898D019E066F
851B3B3A-F9B1-4DE9-BAD8-2A08873D6183,OWNER_c1fb714b6616,1898,7F552FF9-80FE-494A-8CB0-89B18391F6A8
BCC6A10C-E4B2-4DC3-949D-1A9C14F2F655,OWNER_3d7804ba2573,1418,20379A04-F240-495C-AB93-89BA6F8EC74D
1A16D158-A7F3-46F2-9336-B1549BBF0868,OWNER_7871354734ad,1171,11781256-6A04-436D-986E-89BB793F1C2F
D0116B55-7AB5-4A7C-9072-F69DB59E1A7E,OWNER_e32c787cc2c7,559,BD315EEC-8635-47F9-AAB4-89D4F05ADC08
D0789760-5643-4F3F-999C-82AADEB7146E,OWNER_5cb9296e329d,873,AEE902EC-1051-4B11-A209-89F971B376EC
87F4283C-78D3-4458-8D42-0DD4D52660F0,OWNER_5c27df12cc67,1511,436B96E9-EBB0-472F-886D-8A01403D729D
DB4F3F97-8227-F14B-9DBE-41C922E12CC2,OWNER_54a8e52db854,2744,F3E78961-A7D8-4838-9723-8A113BD6CFD7
59E3036B-74CD-43AB-9378-F12310F36301,OWNER_b8bed484126b,918,EBBAAF3B-1A2D-4E29-B948-8A1141300AF8
FDC10B0B-EE0E-A246-8D78-44481CF160F2,OWNER_079e90eb06c2,2834,301BCD23-C5FD-4774-B100-8A19DA189E31
F5FEFA77-EDE5-4ABD-A085-04A3DA2EEB9A,OWNER_d7aaba72b0b0,2443,75153815-B9F1-429B-AEC7-8A28EA124E11
6D5126DE-C7B3-4FE7-A52D-268C3B0D270E,OWNER_26ae04bb443d,1557,38F28E7B-553D-4A21-BE78-8A3B2F804A80
C48338E6-595F-4752-8342-374511AD80C4,OWNER_78565fad4c73,3459,3E794C9F-4A38-4472-B4A0-8A3BEC798049
1069D280-2A0C-4E28-8D08-15BEEE0FCEDE,OWNER_319acaa78fd0,93,C168184B-73E0-48DF-A271-8A4392D63557
DECEB888-9786-444B-953B-3AB1B60D018E,OWNER_e60c16c9f3b8,3424,96B8243E-F2B1-414F-8ECC-8A66E1EE6774
E78FBF02-A6EE-455F-B302-3FECA264D625,OWNER_469da077b7ee,1702,D4906619-58CF-45D3-AF5E-8A66F2E71E99
B7D3E14E-70E5-48F2-8F57-9F0FA5E20DFC,OWNER_d39f57988577,1224,21FEBF0C-C442-4A35-B21D-8A6D5BEE6DFA
B1B1F034-157A-4F28-9227-F8ECEABEFA04,OWNER_6b77629f39e8,2117,516F3764-BC48-4B44-BB7F-8A830CC27BC7
A581F944-BF63-486D-9781-F4B4F3579EA7,OWNER_d020120d3ff7,2350,DCE1D7D1-3B51-4E11-ADAC-8A866B513CD7
3ADBD9CE-0781-44BC-9076-2E965E4CC499,OWNER_2d055d6b38be,596,32BEDEC9-CBDF-4592-9C06-8A874CCEE7A1
A5B08328-449B-4217-9D4C-5C9C0B4068F3,OWNER_71ff4f3e3b29,787,EB57AC60-D1DF-40E0-A44B-8AAF3221F0B3
B5CAD6E0-783D-4555-BD3F-E36C4F1D78D3,OWNER_75068e0282f7,2454,15A8F594-B4C7-42C3-BCEC-8AC62B48700C
F9FE7100-1894-487B-8D83-191502D02727,OWNER_b076b14c5cdf,981,55080C54-9F55-4D47-B766-8AC77E69DF6E
EE43803C-AD14-4C45-AFAE-60DAF2E003CE,OWNER_3ab3849b82ed,1604,3B8A7395-3AAA-40D7-A50C-8B01918390BF
F4DD3196-6D63-43D0-B9DC-68A55E9CF23C,OWNER_896eacc71783,556,302856F9-EBFF-4D36-909D-8B1A60FFEDBD
B28CABD4-65B0-404C-960F-313EA328F249,OWNER_dcc239f0d74e,2327,0B7B23C8-708C-4B10-8F2A-8B1D0F9BF68C
97976FC2-A92A-4FCB-A19A-E6274B792032,OWNER_e0ef3c8aeb20,1882,66C64401-BE96-4D60-8853-8B3C146A1C0C
0D564E93-46AD-40CE-8D2B-78D04053796F,OWNER_79e76980f9b1,296,A8C82743-A2C6-41F8-883F-8B44520C622C
E84699D1-2969-42C7-B9C2-6CA019810DD6,OWNER_fc553d57aabf,1107,279E457B-5A28-4B35-AECB-8B529A6D75A6
37FDE56F-E0F3-4AED-A072-1D6003C8751E,OWNER_1aefa2024e90,201,343B21EB-6DC9-4EDB-B485-8B55C282035E
890108DE-D313-A04C-9197-7264DD58491E,OWNER_3b33aa8dbd63,2960,E462A057-689F-4083-B990-8B90FC7A45E5
7D9B396B-59E1-49D7-B72F-BD50D6D2008D,OWNER_f13cb7207b19,253,F11D4F3B-E80F-49FD-AFA3-8B91F0956081
DC764361-EB59-4A14-90EE-EDD16B09081B,OWNER_127337ffb572,677,9E2B51BE-FC97-43A8-A23D-8BBA06A4E8C7
E67D8988-4FC3-44B6-AEEA-3D947E594154,OWNER_78565fad4c73,3463,3C4A5CA5-110A-448E-90AC-8BCA91064ABC
828E3EFF-EBCB-4472-A32E-ABD3DE6BE152,OWNER_0526c60fe404,1713,38C2A35F-6396-4655-9E99-8BD5A4557576
F506FBB6-7C59-4FFC-9774-D26182DCDF15,OWNER_e222fca7ec31,2218,7D882E6A-3B9F-4DB0-BB2A-8BD7F2A0A0F0
21975D72-947D-4C47-A8F0-40A308BCB13E,OWNER_7762f7d12700,2155,122EFA7B-8971-4AFD-A05C-8BDB0E3EA6DD
E5AD032F-3E43-4A0E-88D7-558FF62C075D,OWNER_e050a028b4ac,1412,6C655A2A-A41C-4C0B-96AC-8BDB344FF052
E6CEE65F-E934-42B2-9F0A-99F52DD3949C,OWNER_b69c2b4f12ea,1559,EEC03992-F0C4-4236-9783-8BFD7E10C285
61007026-B9ED-45EF-9D44-E552B2A63E0E,OWNER_2a364f1af3c3,1749,FB020B91-14D8-4036-825B-8C0D58DEBCCA
944A8EF8-C1CA-A943-9CFC-1CABFAFD3D8C,OWNER_6e9939bf81df,3129,791AAAB7-7B7D-49CA-8B76-8C1A0563F11A
477EBB25-F3F9-674C-A5FE-3936D05BA67F,OWNER_68976d1afd0d,3336,0236497F-8682-4608-B6F6-8C262518F195
793FEB36-921A-48B7-9652-3C95F946A9D4,OWNER_75b069bf7b3e,2492,CDB11070-2383-4937-B0A9-8C2BADA8C1C0
2B546821-6236-48CA-93FF-ECB032587BAD,OWNER_2c14991ac073,73,CC464B03-3520-47CB-86DF-8C59194324C8
DE75AF8E-C13D-40B3-8C87-6BA71445434E,OWNER_dfd9e66d1ba8,1058,72A0EDF7-C613-490B-941C-8C89AD0412B0
B89D6BEB-45C0-744B-8A21-397C70FB4CB5,OWNER_f7ef24d43243,2847,C0293A03-9E55-47D8-A933-8C8C3E05C951
DBFEBF20-5AD9-4EC6-BEC8-1D7A9DDCA9B6,OWNER_c084b57d9089,1822,77E9F85C-DFB6-42EE-B43B-8C92CB55388C
D15139D3-FA28-584B-BB0A-448D3D164B80,OWNER_402dccca4109,3536,5C8AD7AD-AAD5-4A4C-9AC0-8C9B8FBDEAC4
6DF4FB2A-4601-4F2F-8B9C-DCB29D0234EE,OWNER_e32c787cc2c7,996,D723838B-7C5D-4EC3-926E-8CA2DC725DC3
8D6B6B0C-D9A9-43B5-9BF7-2D721DDD2A70,OWNER_fefc1378ca98,1932,670B0E92-A84C-49FA-BCF0-8CB9210BE3DE
7D53A744-E8C0-47E8-8C65-A25BB17AD269,OWNER_23c70a652a85,3662,2C883B85-8198-4B9C-9674-8CBA1FA07378
80AF541A-F153-40DA-8A51-89D2A56A5027,OWNER_eee4d43895a0,1941,45B0F076-B986-4BFC-8FC5-8CD12BB7EA63
FB331CC3-B32D-4014-BC0A-3D35DEB17E4B,OWNER_0ff084989275,3932,843A6284-2C25-4167-A5DD-8CE3922BE315
A32F76B0-2908-4EC7-8003-2CE3EEA39CA8,OWNER_8c181cff56c4,675,401E6FB8-4AF4-4A69-8130-8CE3E2B86311
25948134-0CF2-4871-B350-DFD7C1B2C485,OWNER_b03631e1effa,712,3AB8D637-CFD8-43DF-87E7-8CE7EA234DF2
8B8278D9-D17E-4AC3-83FB-B201B7E8BF6D,OWNER_f9344adc92ad,3529,5255CDAF-2483-4D9C-BFE6-8D032082E73E
899D4D11-EFDE-417A-BD95-369A32DC8042,OWNER_1925bb7ce880,883,3A2E5768-D9D6-47C2-AD95-8D0FD86A52FC
6F861C05-05EF-40C4-B057-65522ABB6729,OWNER_a59f2e1afc73,1907,8A2390DB-4A06-494D-B9FB-8D3DEB5921F6
8D9259E7-12F9-4DB4-8E14-0312BC7C7804,OWNER_eee4d43895a0,1937,32388642-C35B-4F53-94C5-8D418AF06B16
F6816A8E-1C95-5E42-B186-915656BAEFB8,OWNER_86166cb7f1b1,3355,2D59A278-BC94-47E3-A209-8D54ED54A53A
F116B5FC-3CDC-4D8E-BACE-5C4A17B1CF52,OWNER_e18ba67e2dd5,2010,7FE0AC7D-6E28-42DF-937A-8D822BCE15D3
88DDA861-0D8A-4837-9F53-EB2C3D337B38,OWNER_8e90a49af274,2642,A8024F0D-9E1D-4016-A0C3-8DB2AD902E0A
46970192-1855-4481-81CE-67BFD31784C5,OWNER_0490c2f85980,3119,8DD6955B-4147-4CAA-BBC0-8DCDDA05F944
1C4FD1C8-7AF9-4E3E-8173-7FFE2B6EA57A,OWNER_fc597028da15,3083,B4126C36-5058-4F04-B61D-8DD115E9568F
42775451-5F0B-4678-8882-13381A6631B5,OWNER_fe200861c2c8,1380,F6FBA2A8-10BE-44EB-AA62-8DED7B3F802A
36AABE2C-2751-4155-B0B1-2E82E2B2CF6F,OWNER_a19e374f28d9,152,7D33404F-BCB1-468A-8C6B-8DF1EB85984D
DE37CA54-14B6-9543-930D-2F5918C57E89,OWNER_8e2d95b02959,3339,00718A46-0C2E-462D-8D11-8E32A9B57CAA
A6F91F06-7ACD-42B6-A276-33D4CB318FE6,OWNER_394d97be199d,1392,EF52698A-3A1B-4148-AEA7-8E4BF1985271
43DFBAE9-A97C-4B31-9199-F69D124CB277,OWNER_c5ba687e3edb,2938,4B1C41AC-411A-4939-A596-8E4E0C9BC11C
F2894337-C9AD-47A2-9FA4-9F08EDE7347E,OWNER_49d3e3366717,1924,35C34A51-3EBC-408D-A0B8-8E793BA556B0
1EE6F992-3748-45A8-BD72-7FC4ED20D7ED,OWNER_d951ec6f7d6a,198,D9E56C8A-3AA2-4856-AC92-8EA3775CBF38
0B410B5A-05EE-4085-B296-916401F37EA6,OWNER_3d45a86f1478,3935,F38AC194-13D8-4922-ABCF-8EA73F8CADD9
8755C986-5283-4D73-9472-5217C7A10C8C,OWNER_b87c299ff8e6,2263,16D229A5-64CB-4F5A-ACD3-8ECBE7DF410C
034178E0-0DAA-430D-99FF-8159C3B34DB4,OWNER_4d1e4d8baa35,2593,C41A9214-0360-401B-B6D0-8EF67663EF61
7F6B8982-DFA9-4CA1-B447-C62E38EF73C8,OWNER_016e377843bb,2592,D986B706-B081-4329-99C7-8F0A81DA2733
431CD0C1-8AAC-41F6-8DD7-B0F844C204EF,OWNER_c77d5bf923bc,2438,ED43E909-C47A-4A26-9E41-8F0A8A79C9A6
3FC7EBB8-8AB6-4DDA-9860-B3EBA416C4DE,OWNER_cabc5f15f87e,382,C94535A6-A584-4532-B1A5-8F59B6879D23
69BC65E1-7F99-48B8-8788-DA63CAB37DE1,OWNER_300f15d7a9ca,1210,BCA6EAC0-3246-4AC6-ACB1-8F6684E085A9
17BFFA06-F08A-48FB-913B-9D43A84AB152,OWNER_198867559e14,146,53DE2308-4743-4402-B770-8F7D15E759E2
F3A2DC72-E825-45C4-ADD3-F2B6633B574D,OWNER_4d467bfd53da,398,D7449F27-20AA-480E-8F5D-8F939F5F0F20
2B58FE56-4658-4593-867F-4EF9534590B2,OWNER_d0d6a583d8b0,1476,CF275714-BD12-48CF-BB56-8F9F88BD1B23
F99081CC-D59F-40CD-AB6A-C9C9760B3B5B,OWNER_d006881b6aa4,3490,24899429-5D3F-4BA5-BD5B-8FA5D437B475
F12D28A0-9E00-4762-B056-093FC5A3D301,OWNER_02e2b029f6db,817,A40E735B-157D-42F4-9DA5-8FB33546839B
1AE78F61-298E-42A7-B963-12D127424E19,OWNER_c21a5248a6f1,700,60DC7D51-0036-48C2-BFFC-8FB421309CE3
914F5667-1B0E-4F58-978E-AFAD8542EF97,OWNER_b542e51b0f49,546,F405F4B8-0FA1-460C-B229-8FB438AFB6D3
884D9BE8-4B7D-45F8-903F-7BFF18BCE2D7,OWNER_8020f6b03208,1345,919CAB9E-C750-429D-88BA-8FB51666D548
02D7C26F-6EB4-45E8-AA55-B9154FD06F42,OWNER_a73e6c75a904,403,E39C2607-5C05-44DE-A7E2-8FB95DDBC2C7
48EF7BAD-9D19-4FEB-B755-904B2A504915,OWNER_d1724c82766f,430,7B8AE6D3-2FDC-4521-B3FA-8FCF9388DE88
FC92ADAC-C5BE-488D-8F16-CA6031C71748,OWNER_1518de54212b,1972,620785BD-44F3-42EC-99C5-8FEEF227A1F3
F7BAC1A7-63EF-4BBD-9EA6-EBCFF05DCBBF,OWNER_4e33db93c7da,58,AC0E6504-93D1-4F4E-A0ED-8FFF159E9219
46606DDF-1C41-483C-A512-39B327E47C47,OWNER_357043563df2,1935,EAB6D49E-1DAC-491A-81FD-9072364A2124
E4C98FCA-DBC1-485C-A92F-4D38CCF5DEDA,OWNER_9331ac6dcda5,194,D1AF06E6-12E5-49D4-8E20-9093BA1AFEB4
D6ECA8AE-4675-43CF-B008-AA75F159A2D2,OWNER_65a80faab0f4,2376,62DBB7B6-67DF-40F3-A4F4-90C24B8C4412
1A379F8A-126A-BE47-9BD9-981EFE9334A3,OWNER_a5fd2b96c006,2967,193B5CA1-9EE3-40B7-B18C-90CFF5C54822
3498963A-A446-4AAC-A6D1-8E16C47E2F13,OWNER_b02b8b28429a,1908,FCF4726B-2752-4DF7-95E9-90F10077A5B2
DD00793C-558A-42FF-97A8-E6D9C49FB880,OWNER_ef70fb1272a5,3768,60DF0A00-8E70-4734-84E0-90F74FC4ADCD
5069D1DE-022E-4A5D-B481-4BC087335FFC,OWNER_e222fca7ec31,2212,16CD78B4-95A7-47B3-8402-90FBCC32FE1A
251060B0-7D38-4B34-BA2D-EAFDC0048191,OWNER_0bfe13ac314e,1951,27508819-6ED4-4DCC-B3AB-91004784C4FF
15228145-4C21-4123-9FC5-4808B6414FDA,OWNER_2d0266444533,2298,70F009BE-57E9-44A5-95C5-910ED69FB233
E8619F0B-947F-444B-9A65-1775E561FFCD,OWNER_9577950db4f6,2363,B5DD42E9-2431-4E0E-A93F-911649F7CEFD
F66E6F3E-4B85-49E9-97E3-E0F8E4184A56,OWNER_d6d2244708b8,1022,F705D95B-6758-4C53-8F62-912E20ED2204
A2CF1820-B633-4C34-BC71-194F4F649102,OWNER_7a81a397c94c,2562,F5CC6044-80AD-46B2-96CD-9132345096C3
F73C89C1-09F0-466F-9DE4-C54CC0CEAEFD,OWNER_a934e7b89148,2735,33A8C203-57C0-4633-8D13-914134F1BEA5
DC5925B7-1C4B-4753-BD70-170F7499C42D,OWNER_42e45f81f179,432,68EE9F5F-9364-4818-96ED-915310E3E3F7
961EC60D-CFB0-2549-9BD5-20B7E53385C1,OWNER_b91c334ed518,3408,52183E48-B6E2-4759-A1B3-9163A5DDEB37
41F389FE-28FC-4A61-A4CB-98FE7834F7D0,OWNER_9ce7f6f68806,2729,7191E9F7-85E5-4484-817D-9178C5EE041D
32CE2042-B1E0-4C3C-9FB4-E48050896307,OWNER_49d3e3366717,1926,3BDC11B6-58CD-40A4-A567-919786063109
C3AE7F56-1433-4E9D-83F0-24872833955C,OWNER_18b7632e00ae,2170,49C3E5B3-D8DC-40DC-B542-9199B7FA2ABD
DFB3C933-1BF4-4F7D-9137-F6E2E769247B,OWNER_1c7cdcf6564a,2546,8828130D-8C06-46B4-A9A8-91C75E6F4F71
148F14EF-782E-4700-AF7F-5A1E91E124EA,OWNER_2df41af7b511,1623,627D3E17-846F-4D48-AD5E-91C927BBA3A6
B10A9A9A-62BD-4064-BC7B-0A8DB55F727B,OWNER_eef7bfd2f23b,2527,86222724-CC25-4869-BA58-92115BBFD6D9
6B26C23B-CC32-4DEB-B1F4-1194C10AD056,OWNER_7c70d9d79f14,2555,76024C0D-F95E-4E4A-AE7F-92118F14B49E
2EF3B00F-9216-43AC-81FD-B2EE79C31281,OWNER_7a81a397c94c,2563,BA47F40D-F6C2-4054-9C84-921C1ADDB6C1
0D4E77E3-8773-4208-B126-7C21FDA203B5,OWNER_1c1193309c7c,2360,46571746-9BF9-417C-AA95-921F30CDA201
3274FCA9-7EAD-4D74-B07E-FBAD73B4A930,OWNER_393169f262ac,1532,B574CC40-39CE-4AFC-937F-92229280C932
2A36A310-5891-483A-B410-81C4A07E93DF,OWNER_3ca74ee32565,2018,6E8F066F-F30E-47A6-BE37-923E720B0815
BE7C9319-905D-4B99-BE81-8B0BC3D0D0B2,OWNER_f0cd214e2a57,227,82CF4441-A991-446F-A381-924DFCB19ED2
C7D4AAAE-0A79-4FB4-B199-72C6877B10F2,OWNER_eee4d43895a0,1944,FE2660B9-7BD6-490A-962E-92523D8EF5AE
B583326F-6C77-4F69-87CA-85CCF078482A,OWNER_d5b480df6bb7,1955,6B7166B4-68F8-4773-A489-9269559D9EDF
387075B3-9CA6-431A-9B94-0F53C63F7DBA,OWNER_f9344adc92ad,3520,B5F4B0B7-3E9B-4A3C-8A3B-92A5A7DFB7EE
81C19034-196B-4C36-A10D-A8ABE6476B54,OWNER_ef8d054f7d2d,1606,4165F475-AAD0-4195-B4E7-92C19580292E
991EABDE-31AA-4AB3-BB2E-EFEB8911E160,OWNER_1020fe5a97a8,2777,ACC40E46-9631-49C8-8449-92CBBE043D34
EBA835D0-7DED-4D21-A22D-86FBBE3DE7B8,OWNER_0901bdc01da6,1336,21358705-C659-4508-906D-92EC215406A9
40BE7F97-BAF9-4FE6-B600-5D7783262F09,OWNER_78fd5a5da6c5,2473,4462C67C-3D8E-4F21-9E6A-93517E133D32
E228C2E6-CD27-4725-8487-405BC56B4E46,OWNER_d5cc5040c586,160,07CEF76B-F90B-43CC-8B6F-935910417BFD
DE9F1E67-DE63-450C-94DE-E361DB50C696,OWNER_dcb0d669dcc4,1767,6C4D32EA-BCB6-4680-8B38-935FB9819E8D
900F16F4-A420-42D0-B3E7-8106A8CF72A8,OWNER_aa75fa5f6f7d,3446,8D0FB1F4-09D7-4523-8FB0-936B1E0DEA40
095D1987-BA23-449E-999E-FA28187BC7C6,OWNER_f8a56271dd95,410,3201668F-1E06-4791-B4D2-937699112E59
37F42C2F-5A80-492C-B8F2-1FEFEA0CFF22,OWNER_e222fca7ec31,2249,0EE90699-84F3-4AF1-AC8E-938BF63E86D0
BE6B2E81-E57C-4B2F-B634-07EB00BC7AF7,OWNER_b08601967983,537,CA1C13F8-C6F7-419F-9DED-938D7FDAEE38
5411049C-D58E-4833-887A-349010DD1108,OWNER_5ea3ec0cd99f,1305,221ED6D8-9F9B-4BDC-96D6-93A00F21BE58
FB0A8011-91C1-4E4D-8751-EB1FCBA99338,OWNER_feb2ee3263d7,2163,826AE1AD-C565-4798-9781-93C8CD695E84
414F48AE-73A0-3D4B-A5E2-534B5080AD98,OWNER_e0e3aef740e7,2770,A9E0BA41-1182-4C65-B132-93C95699007F
4A912E72-A4A9-450A-8CE5-F5592FFB1F02,OWNER_c671bc302985,205,E088C19B-3E3F-42C7-ABAE-93D6B8CF719B
8C46BA1D-AAEC-45C2-A792-6A13337BDFA3,OWNER_69a7269a35dd,1761,0728CFE4-47DF-4FB9-A2C6-93EF5792B07F
9B982754-A740-4E21-B3E4-3189A8640C23,OWNER_dc1cc8b9b0c3,314,C263093D-50B1-4EB8-B6A2-93F319B3C918
189B3923-D188-4A24-B4A8-197A466341A8,OWNER_b5ea769ade03,2699,1F5E2BA6-06A3-44DA-B252-93F63C3331D4
B3E242D4-C38D-1D46-B6CD-C2DF08A0516F,OWNER_558ad786a3b3,2943,CFCA92E4-1360-41B8-8BD3-940D15FF0CE2
09C5BCAB-7DC7-4ED8-85F2-91E48176C6B5,OWNER_38cf3f20073c,135,E7918084-9E7B-405E-B836-941E73DD319B
ADDAB5E0-4310-4D8D-9C7E-D94EC898D9B9,OWNER_ed66ff5332b3,790,7B93C1C2-74B9-4ACB-A138-943F2076A86B
F063E7B9-C78C-C44F-9D45-993F66A8E9ED,OWNER_e9cfd77bbc78,2914,9C761348-8BA4-4946-9963-945D64E43CF5
17958164-7698-473E-92D1-B17D24CBD45F,OWNER_ecbd088ccd33,2038,64158042-FF84-4FD0-BCC8-947066AC5F28
0ABD74E8-1907-49B9-8BC4-02B73130E51E,OWNER_0f07350b1381,2246,E50D638C-C0B4-41DC-8422-947EE1000B81
AB44CCEA-3B13-4295-8CA3-DDE2C7149F19,OWNER_4312d40714a9,2065,30DAAA3F-8EF3-48D3-825C-94C35DC2395B
6B6BA69F-C2BB-4A2F-819E-28488D3FF11E,OWNER_874269812248,294,6682267D-9FE5-4A5D-A322-94D019F112DE
472D8FA4-9642-421F-85BF-9728145B3A1A,OWNER_d8f4e4503725,697,D965B570-0E40-4FBD-A5C1-94DA76057C22
7D2228A6-852F-49F5-AE81-7569AEFE6FFE,OWNER_048e7239eb5b,2002,1D244D18-386B-426F-8B52-94E5FD495680
569C2E7A-4023-4D2D-AFDA-D03E2B30FCE1,OWNER_61c7ce32b5ac,1417,EF349DF2-B6CA-42F5-8A35-950D11404E9A
A8DFCC7E-F6E7-4FCE-B7B2-79669723A7E3,OWNER_e0ef3c8aeb20,1790,5FC3614D-E776-45DD-83CB-9514729D22D0
4C17F939-1BB2-4DBB-ACB3-B4A2DFEC08CF,OWNER_73d2db5ff9c0,39,945D379B-19F7-41E7-90DD-9521827CE9CA
C9D6A72D-7075-4BE0-8BD3-01892676A36F,OWNER_f13cb7207b19,254,231489C5-632C-462C-83A7-95413CF764C7
365BB0F0-62A7-4657-A12C-AB4670365C7B,OWNER_a1a8809dd861,1982,901F009F-3C35-4963-ACFB-955625BC5C9B
E72F058F-E343-497D-8B9A-F9C538CDD76B,OWNER_c04c326e0dcf,1766,3329708D-99BA-4F69-82E8-9569237EF605
AC38B596-8DDC-BC4F-AA3D-031DD9B702FB,OWNER_a3893e9ced78,2853,CA259B69-AE84-4ED6-827A-9584E36AA63F
337F0923-C85C-43DE-9892-AFD258DD598E,OWNER_54484bc8e6e5,95,C160347F-E290-4D1A-9A88-95866C770365
87778FF4-6EAD-479D-8127-2CF7CD8E2360,OWNER_24a3bb3481c2,807,4075F0A8-C9D4-4AD5-8A62-959B1D894BA0
7EFBD062-88BC-46EE-A1A8-6310C3A8080A,OWNER_ff421e448082,3631,F8C74436-A4F1-4524-B370-95A1D7896298
25E1A336-BC61-448D-B49A-4DEA1866EA46,OWNER_de7c42f9c849,1029,DF605810-7F31-4F3D-B512-95B281D45433
13991ABF-F699-4595-AC5C-B1BE6D3F1906,OWNER_063a306e5822,2698,7ABB7FAD-E6BD-4F82-8D6F-95B60DA71A22
70B45346-876E-4277-B052-4EF25E7CCE17,OWNER_8f7d97c6a5f8,209,28A21A59-5971-44C8-B5B1-95B77C9B8FD1
5CACB657-551D-4EB8-B4DC-9BA8BE71746F,OWNER_e32c787cc2c7,994,5A4D4D57-0ED0-44A8-8B25-95FBC2353264
971A0EA3-0FE9-436E-8699-C7B505641F10,OWNER_739d4818f2cf,3092,DDDFC6A1-3D31-41E9-8039-96056F15CF82
4C0C3343-6C8A-2E45-89B5-575CE786CC4F,OWNER_de32971e3650,2947,AE5091C0-1C73-4816-A03C-9607FD092556
F5602C87-AA82-49C5-ABCB-65D34F7271C4,OWNER_469da077b7ee,1652,EC4A57AA-A259-4518-9EB7-96156D4661E1
99CB84B2-6AC3-4785-98B2-DFAF5AC4AC65,OWNER_2a2042dbb345,3907,B1DD85C7-49C0-41DA-81D2-961DA3617215
03BDD56E-64AC-4B13-896C-E688333CCBF5,OWNER_0328a1ad1cfb,2124,E655B6D2-A586-42F8-9708-962543D3BDAF
81BC12C4-F5BF-4542-926F-29538D1B6AC5,OWNER_1518de54212b,1971,310406C8-DCD4-4410-899E-9632CD3217E1
D4A6EABF-8377-4F94-AD6E-03A379B59437,OWNER_c84e14d1f91e,1617,545CD0F1-4030-4B25-B2EA-9638669145B2
F1FA5088-A0A9-49A6-BDF2-6AD15CD845C5,OWNER_860103561d1c,3943,2032DD0D-9252-4133-A585-963EF2E71A7E
029CCF74-AEE3-4AA4-9CCF-7D42547D9ED1,OWNER_ed66ff5332b3,864,A14105DC-F81B-4E43-AEED-9657361AE799
4B36B5D2-8611-4560-80EB-0FDE57CEC965,OWNER_31f7a20c9040,1610,5B96B668-CA3D-4163-9B54-965942A6EFEF
F167A956-DD8E-4B66-A8A9-4A0546846509,OWNER_6f749168be9b,2367,D816CC5F-9A95-4C37-817F-965BBBBC3F2F
4C3E4FB7-53CF-4413-8984-E86776359DEE,OWNER_ab3fe52d9303,2179,C2F3B947-9650-4099-A2C4-9660FE47C561
CC940B0A-25B7-48F6-AEB3-47C0F3314545,OWNER_7d919c41307d,1958,E43A0F35-382C-485A-B386-966C721A3F2D
2E855F8E-3AB9-47C4-817C-35CD0B16B188,OWNER_4b49e0c88ad4,1725,F9564FB9-D249-4D36-8084-968459C84826
F71126D9-AB39-454A-A693-1D0FC3A3C211,OWNER_77492e32e1d9,625,6CD60044-0B61-437B-95B1-968C98A59162
3FD46A4E-7E94-4F0F-871F-E0D2BAE911EA,OWNER_9c46a0552649,185,9B217759-0365-4E07-B929-9690FBE6EB70
4538165D-816A-4B89-B70B-F3690F5088BB,OWNER_1925bb7ce880,455,CB8378FC-5C05-4313-B1A1-96C5048C7B17
C642AC5B-B2F1-475A-A7BC-2BF0D09C716F,OWNER_bda4c8f21bf4,2414,9BB369AF-2B15-42DB-8A27-96CEAC9114E5
3E2E7621-44DE-46AE-BD0C-B76AA4D4908C,OWNER_dd917b49416a,3562,0B2BDA91-3976-4C0B-9B35-973A10ECEF08
BF4D6784-82E8-49E2-8C00-44E13D00B482,OWNER_3fe61cbb7a28,1589,E6898E2A-D755-4164-8380-973B4EB850EE
C085F863-DE66-4659-A860-C009E3293AE0,OWNER_684ad3f9383a,2369,2388C83F-4243-43E8-9492-974165F1026C
6F33B51C-4A1A-446A-B6D3-67EE1B89AE9C,OWNER_460f8588d45f,3507,E73B7522-4229-4817-B365-9743531A25A6
F06509AE-518B-4EF7-84B0-D489DC2BEC05,OWNER_1c4e1c2117d5,3921,45E83A5C-6863-47DB-B4C8-974901077287
2274D3BC-2E39-4BA1-A2ED-79736C283A83,OWNER_f99f9c025056,1060,71EA9DEF-62BA-4181-8715-975817C3C9E7
D0BA3B0A-274F-4B95-B7C7-A1B792E2C8ED,OWNER_5d42b18df75d,505,BB1F85B3-2F01-4CC0-9223-976CC0402E33
1004AB4D-1B8A-44FE-B8F2-7F59B62E9F42,OWNER_831cb3b79449,937,EACA285F-0610-41CC-869C-977BAC29023D
B04C74EA-10F9-4379-AAD9-B82F401C31DC,OWNER_9d844dc60a11,1794,5C6B98E7-38EC-4E71-AEAA-979682A657B5
A80CD286-0CA4-6A42-B634-46812722F273,OWNER_f54e1184792e,2942,4FE62B45-7DCF-48AD-8970-979A3E0CB22A
F0BB3B9A-6C12-4466-9172-EF3E97C9374A,OWNER_e0ef3c8aeb20,1885,66E31DC0-558F-4F39-991C-97A7FA8645DA
C6D85D4A-91D7-4E1E-B9FA-91EEF74A12F4,OWNER_3fb67acf0f14,370,D3F4F60A-E54E-489B-9E80-97C96FEF2BDF
BF841C5B-7F1A-407E-A462-734E7B6C28A5,OWNER_cdd60685e9d5,1862,F57084FF-C8E5-4284-9886-97DEEE658CB9
B240F232-7D08-417E-AF2D-0C469B8BFA08,,174,C46F2AA1-DF85-4EDD-B6B3-97E97AF19370
F5D549C3-698C-CF4E-80B1-49A5EC4608BA,OWNER_579f3ad1accc,3265,EDD23F77-18ED-4CB0-82B9-97EA06269DEB
29283360-A787-4BDB-91A4-3DB76B740B03,OWNER_2d055d6b38be,592,C1344F57-2B23-4C8D-8255-97FB9656B639
17334D41-E2BC-4F5A-A9CF-4A960029228D,OWNER_6a9078e529b9,2025,EE14E602-D7CC-4967-8003-982343EEF178
0BBE189A-2D51-44A9-83C6-AA492506C38A,OWNER_f9344adc92ad,3528,FF87BA1E-AEB9-4D19-8B87-982BA66C3DA7
2734F479-F164-4269-8149-49B72D7EDFB8,OWNER_7762f7d12700,2154,0C699B59-FA24-4295-903A-985CD1D40906
DCA7AF29-C2B8-4694-802D-090D18A4AD4F,OWNER_de7c42f9c849,1049,8D6B5816-8B00-4F2F-BB02-9865B5AD787E
98581045-1E42-42CD-A646-520C06C9DD88,OWNER_5e3eb340fa62,2453,39CFB1EC-EEE8-4C44-9EB5-986BB5277E85
BE51C2FA-B0E5-4094-AFDB-5974F575BA80,OWNER_469da077b7ee,1695,F633E6D5-D23A-4046-BAD9-98906AA26D5C
9C2FA788-1B80-4CA7-A813-C8F178466B13,OWNER_43a247f1ad01,425,D469B7E4-D7FC-4BF2-AF33-9894AB5C3CA7
82F0C825-2140-4FAC-B0FC-CC84CF3768BC,OWNER_935850344f6c,2604,4B2D06AD-AAF4-4823-8C2A-989680F22888
B280C29A-575F-4669-B280-7AD0C9353BE5,OWNER_cb4748f8cb81,288,87BB6209-8A18-4194-A9FE-989D5EF0161E
3FA72D8E-B71C-524E-8347-B1D631865767,OWNER_26b17800bd89,2789,957EC864-02AE-4B3C-B99D-98F60DB782AE
2FBAB192-8F12-4692-A1FC-FC97C93291ED,OWNER_9a7143074b54,784,EBBD236E-A303-4C46-B4C5-98FF998D3497
BC9963C7-3033-8147-BBC3-72C1155B73E0,OWNER_63cced6fa72e,2858,1281E121-3ECF-4146-AB57-9908AB6F961A
1C23DFCB-88DE-449E-91AE-78BF23647A44,OWNER_044d976877f7,856,30BC232F-D530-4502-BA91-991CF7B7CB35
EABB16A0-88EE-B448-904E-1FB6F1C9837B,OWNER_1791f7a1ead9,2742,2BA1EF4B-95E9-4141-925C-992499F101B4
26938B34-FC38-4A20-913C-CB3F71E85A16,OWNER_5d42b18df75d,506,910613E7-7BE0-4925-98E4-993F6B43E6FF
05CAA6FD-4842-4988-B04E-DC6417217539,OWNER_90789b381b86,688,8DBBBF54-2E54-4A71-831E-993F7CBA5201
FE3B1D0D-1F76-475D-BAFB-0CC9451537FF,OWNER_ba07dfbcc26c,771,FA79EB50-4345-4D42-885F-995A85DCBB5B
0F029399-F425-49C9-813A-87BE7E4434BA,OWNER_0278268a2ec4,2301,6C69BA43-A1A1-4275-B4B1-995E68DC13BD
7AF0D0DA-B9E5-41D2-8311-B52E8D5CE47D,OWNER_1bc8843fece6,1297,D14BC3BB-48AB-4291-8F81-996AD410B1FB
E794AC30-A869-4518-A876-CF5433C197EA,OWNER_ebcdc5f680bc,2620,7AE80D82-AE93-4583-BCF9-998B1CBF4330
81CA3AFF-2EE0-4D46-B7F8-0E90F78069DE,OWNER_14f64404bd7b,843,3337C0AA-828E-48CA-B080-99B0229C7428
30754697-D119-4C59-8260-9E57272F3D15,OWNER_2d055d6b38be,593,60B64558-6DBA-4999-B390-99FAE1738CD5
EC42DBCE-8BC6-4B99-AE07-834F14A99CEB,OWNER_1db27daa9fbe,875,0CD8AC42-51DE-4C10-B007-99FB1A0AEEAB
16DAAB81-221F-4744-BF3B-E5BC64859D74,OWNER_cf3c3fdd22cd,200,B218B602-56DB-47ED-B20B-9A2279378347
E9BBD3E0-2F77-45F3-AE04-CD100C61C9CC,OWNER_ab3fe52d9303,1581,2658D0F8-BF92-4929-8AF5-9A34CB349988
D429ED92-44A9-443E-A5C3-8F2D048F8288,OWNER_92a29055270d,2614,D23E5F37-C556-4197-ABE1-9A495F55076E
4194205F-ABF5-4075-9710-A993FEB20699,OWNER_e00fd86e57fb,2727,15177BEE-978D-4200-A9F3-9A6293072FEC
7A1A4B6B-ABA4-4920-9749-E3D021600C69,OWNER_751e090ab481,1320,A52A4382-5F27-4CF2-B4E9-9A638B3D87FE
029AA66F-EA97-224D-B1D6-1177DA43FF87,OWNER_f500a2759b60,3004,1FD1AE75-26D0-4731-B279-9A69C6924C6A
A80EC143-FACB-41FA-ACA4-6885C865E40D,OWNER_c68803560476,510,0B374CD5-1288-4FD7-8A86-9A6C215F4753
66B455CB-9E86-4D77-98B7-F797C803E616,OWNER_26939187201c,942,7BDAB04F-4214-49F5-B9D9-9A6C69421711
0B20A41E-DCCA-49C1-9DD1-451E96666106,OWNER_70cea889fbc7,1594,166D2692-8BB6-4B21-AF7D-9A718B85C069
686D2D8D-AA9E-44A1-9272-43B14ADE9000,OWNER_469da077b7ee,1633,5DD37FFD-3A36-44A7-A44D-9A8987C73CF6
F4BAC4CC-085F-4C6E-A3EE-4B62EBCC6569,OWNER_7d941f5ac87b,958,5BA7C29E-7014-4A1E-9A8A-9A9010C9AFC6
B21D204F-EA0C-4CA0-95EB-54E0E1F4ABB6,OWNER_f1f73c2c0437,750,6E36346E-3FDD-4273-8299-9AB98BFE4117
336B0C94-C75F-424D-B966-3E512FEA21B6,OWNER_e754823373ac,1076,201CA789-4A24-4B98-8212-9ABE153F6775
DA54DD0D-4BB7-4D7F-8599-AF5DC2350F1A,OWNER_e222fca7ec31,2226,B5F2287F-3799-4B08-BE0E-9AC82872A9C2
9E8FF2E7-6F00-4555-8FBF-DE0258060506,OWNER_ecdc27448db7,743,C3882FB6-AD0E-4634-A465-9AD1F7C350A3
5E361125-7918-4692-938B-9173A0336FED,OWNER_7762f7d12700,2151,A8E63F1A-86BB-474D-8875-9AD388BAC3B6
70D287BC-1021-4FCB-9AEA-B935F73376D0,OWNER_297293e00648,1765,CBC84E56-8D0D-4D85-A652-9AE65BDD55EE
82C38D0F-7F19-4CCE-AF28-D4A4821D3994,OWNER_72521e1acc0b,3639,E36AC85E-5692-4CEC-A6A7-9AF3F3E89B23
EBCCEA71-75FA-4339-99E3-0EFA0673E7E7,OWNER_3e98a34c54ce,613,095F7EEB-6E0E-4AA7-B1D4-9B05995599F7
A61A5026-928C-43A7-9DB7-A4B71204B154,OWNER_613643923e92,2636,FFF99D03-AC0B-4DF6-AC7C-9B0A04E93B10
068550E4-F935-49C8-A699-822AEAB05973,OWNER_ae78c80bebb8,3454,0A260E18-A660-423D-8490-9B2EF780EB79
299D3CAE-9EB5-4B65-A1B6-BA614D51392D,OWNER_26dbd8fb9bda,3102,D55F5C91-115E-47F7-8FCF-9B3C22680360
274B8EF8-CF55-4C9A-B523-B2EB3A01881A,OWNER_a72d66ae3859,2551,3629D6D7-C63A-48CA-A187-9B514FBD8DDC
E2C6B267-4C51-4C41-854A-B5B2BDE02D86,OWNER_2e0825b877fe,3439,CED2E060-33F5-4BDA-B453-9B6828E520C8
4A1942D2-A7D8-4647-A487-87A902A54FC8,OWNER_f98b61b7e3d6,1866,CCCF8609-07CE-4CD9-9D3F-9B6B612CD90E
7E310359-1F5E-4D45-987E-00330A1286F5,OWNER_39d26cf90eab,3294,19F93F3D-ED2A-4A9A-A2A7-9B8AB3AA8971
070A63F1-2631-384D-AF76-05B795C39A90,OWNER_c5ba687e3edb,2928,C1CDDF63-59B8-48EB-ADF3-9B97C2423722
DB0EF3B3-E70C-4E50-8D66-1C694E6685E7,OWNER_d5c3cd9215ae,3728,2D5BCC84-151B-4C95-9F7A-9BB84F8A6762
6AEFBF2A-8EA9-4D9B-B9B9-9C741DE96286,OWNER_a0724c0f03f7,650,C8A276BE-4F9C-448A-8E13-9BD7AD79B360
0BCA516E-390C-42B8-98F8-B5D59414E888,OWNER_6b39a29b626d,145,853E004D-CE91-43EE-AA48-9BDEC05F2A71
961327A6-7FFC-4B84-B02E-47E52A9964BE,OWNER_d5fb5f5fa475,1527,055C8524-5B6E-4232-A7A6-9C0FA6320EEF
96125A6E-0313-47EA-B556-0DE3B18F72E7,OWNER_e32c787cc2c7,995,268C21DF-9CD6-40CA-B4D9-9C226C830B2D
034EA010-8472-4E79-B4F0-B9CA33CFDA1B,OWNER_5c3ab47ec3fe,2123,1656F212-F471-49BF-993A-9C293DF41D55
829E99AB-6687-4C1F-A282-48C66D2D7C86,OWNER_1f70f803c463,1780,CE6C66A8-48B7-45ED-9C93-9C3CB99CAE51
CF1AB5DF-CE19-1F45-985B-89B91C2C5283,OWNER_703e6c44d794,2997,87FCD4AF-F09C-4CE1-A3FF-9C511B3192B2
39527D02-41F6-4CE5-8D43-BFA1EE97FDE0,OWNER_e754823373ac,1080,36D5C131-AB00-42CD-B7F7-9C55BB6356E6
7E6584DE-654F-40A6-B31E-BE66F835EEF9,OWNER_0c5dfbf09bfd,2378,5886157E-35D6-4789-B9C7-9C5F413F559E
1DDE9125-6ED3-D74C-922A-8EAF146B0241,OWNER_f06048932992,3300,A96F0D0D-3711-4EA7-9EB2-9C6A8D602B42
A348BC5E-ADFC-419A-BCEB-0D21C14A3628,OWNER_3ae75c42daba,3118,F79D89F2-8836-4F64-A826-9C7DAE13D461
F8A7130C-C086-469B-86C1-12CACDD2621A,OWNER_9a8b98eaba7c,1911,1B221186-3D1A-4A48-AB63-9C944CBD9248
502C6268-8174-408C-AD37-8B4E4D041474,OWNER_d020120d3ff7,2349,60D6A575-5947-4182-8D66-9C9BB3BA538B
8A3D6AA2-E240-423B-B7D9-54DC2EF103C3,OWNER_78565fad4c73,3467,599C40D2-87E4-4DCB-AFF5-9CAF8ACFCB1D
3605AA86-1D9E-415C-AD7E-83FE77910EEF,OWNER_270f18ddd749,2108,E746A25D-B89C-41AB-8B8F-9CB3D229FEC1
55B059C9-DEA4-A147-BA4B-D5103E0B8BAD,OWNER_f7ef24d43243,2846,6E838702-275E-4631-B7C8-9CC483A74D1A
89825B1D-4168-4F05-8B74-7AB45007846A,OWNER_732399a000bb,144,D0F7442A-9B56-4E17-A9CE-9CD24731EA80
85492C2F-1F2A-434D-BA95-0169536A3930,OWNER_de7c42f9c849,1032,93A2B21A-982C-4527-B387-9CE92CAD4BCC
59DF3ADE-25A2-4043-A18F-FA6C8F5B8462,OWNER_71de9771f855,46,3ED7F848-4B26-4014-849F-9CF9C258235F
D00DF8A1-53D7-4F13-A105-59DB495D6A99,OWNER_138414e524ae,184,C9D6B706-D2B1-47BE-A8FB-9D03D90910D9
029158D2-F5A8-4B21-A34B-94DAC6E01DF7,OWNER_484f73087a4b,1868,C8FA862A-656A-44E7-B7AB-9D07D6E4840E
8A2D05A6-CD60-CE44-B87E-78DD22E5A649,OWNER_4e15e68d62e7,2784,04032A9D-A731-4969-9184-9D0E0F1CDE04
DD6F5643-5B44-4F94-B8D1-3CB10600567D,OWNER_99edcb4e350b,626,F7E19D8B-225A-45DA-85A0-9D38AD511493
6A149DAC-9256-4DE2-8C6D-90B5DFB1BADF,OWNER_4c0191596d4c,728,A8737AE7-1FA4-45A2-B5BC-9D45A0633E0D
3A61137C-1D89-4DF5-8CA0-AEE3FBE6D6CF,OWNER_595d3ecba8a5,3587,1D721C4E-4195-4421-901A-9D4943727BE0
8FCBCCCC-B0C1-4953-BEA1-3DCEB8328024,OWNER_b83846f8a75a,431,A27FEE66-27D8-485B-8795-9DC2FDC710AC
2B9192AC-4432-46B0-B637-273997084522,OWNER_aa75fa5f6f7d,3447,369E875E-DF34-4B88-92A5-9DCFEACAECB0
6CEF3551-E02A-42C3-BA2F-816AD895EAA2,OWNER_6d8c545afffa,107,DDF849F8-3F24-4AB9-A771-9DF1036C2594
8AC3FFBF-0723-4B7A-A7C8-A2D3686BB9F9,OWNER_c70da25b07e2,2585,FD0CF49B-5CE8-4A1F-9985-9DFA392A51E6
7DBC704C-48A5-FE4B-B084-10A8B205DCD0,OWNER_be9990a868c7,3318,FCB5A3B8-48EF-490F-9266-9E024D423202
55351C2E-D9F2-4D03-BB99-EC2B898ED0F5,OWNER_28fb99e215ae,2110,AC141062-9448-449B-B5CA-9E1072D226AD
82FD46A1-0E05-4092-839E-275CE8F8FFEC,OWNER_986aae836326,1811,B7FBF349-49A1-42F4-95BD-9E11FA697189
71326CA2-9C59-4EAC-9C8B-2A80CB30E688,OWNER_f4dd693a6767,3923,7324BACE-7C53-4216-8159-9E13963913EF
F2970C71-ECD3-4F2B-A054-963ADE4538BC,OWNER_9465a0ce56de,972,F1A4DE83-D566-4528-BA0D-9E19D0DAB4A5
E8A0DB94-E239-4946-9CB7-12EEF73AC1D7,OWNER_79dd1526368d,456,6B8CF0D3-FCD1-49A4-8416-9E1B0EA21200
BE322CCA-1E32-F74D-BE96-014557B140EC,OWNER_aa2488074159,3369,C959B61C-475F-4C62-8A61-9E592F3C5DD5
2F404960-27AE-425C-87F0-67B46242BDDC,OWNER_ea7b2b192a6b,515,8BE4A3E0-6D1D-43FD-B5F7-9E60371CF027
8430CCEA-937C-443F-ABD4-2B5FCAC701B7,OWNER_9760604cc931,1915,314CE26A-ECD8-42D0-9DF6-9E6BC4B81373
F379B3D5-4632-4C56-B531-0C7E2E32287C,OWNER_6020356d4ff0,1404,A8209B89-E09B-44A0-9276-9E77DE6CFD61
B2A37D9D-DF37-4543-8A0E-96E63E523BDA,OWNER_e29e9fc30f5c,3394,70018449-0DA9-41DF-8599-9E79FFBA9449
47E9ADE3-1923-47BD-B2E5-85C1260C8143,OWNER_c7dc8213efd2,412,489D4144-4423-4C56-AB82-9EB0CBDB1ABE
7D46D5C2-0B23-6C4D-90EF-E2A0187D74DF,OWNER_71198c325ca9,2945,59BE9ED0-55EB-498E-97E5-9EB20BF64F47
4B983804-B40E-4394-981E-B8586778D74B,OWNER_c70da25b07e2,2597,8EAFD642-35C7-4FDE-9A6E-9EC42A0EBA82
9C041750-345D-44C1-AB51-6A6FB16985C9,OWNER_013ad3aab5d6,1619,ECC02F2F-C72E-4A15-A54B-9ED2F07548F3
7C824C29-DB27-A04E-8A79-11346B617063,OWNER_d4d71136120a,3386,80CF9A70-18C8-43D1-9E7D-9EDD264F2B1B
B09844B3-FC5D-4102-A239-EE90B910E60C,OWNER_4e33db93c7da,488,0FC14478-71A9-47B2-A032-9EF4C4675AF4
492F5C04-5595-41B8-8B7F-672F1E15CEE0,OWNER_b099fded4400,849,90DD6823-98BE-4141-BD7A-9EF8AD927F57
28ED815E-6460-4734-BED8-E024B3441397,OWNER_f0cd214e2a57,229,02385F73-0956-40B8-AFA6-9F04F4599F66
C0DB4DD0-246A-4E16-9A62-E81158A48510,OWNER_5abad4126738,318,B5167C2F-D57E-411D-BBC0-9F1357A3F49A
3E009F99-9CB9-46A9-8EEA-3F7184800DD4,OWNER_655ab6c97488,2336,6EE133C0-EFA9-488D-AF41-9F15A1ED9073
F905A2AB-B533-4421-BFD4-F266063D5B68,OWNER_ff947c9daf86,756,DC1D4379-F38A-42A9-B6F7-9F195DEC6915
0F008B4E-A8FF-48F6-8AA4-55FC5D5443E6,OWNER_888d37263e29,102,1CC584D2-A04E-478B-9B60-9F221936F6B6
3FEC71EA-E1BE-499E-B423-0DA153631177,OWNER_8420af433d42,2456,2319581D-63F3-41C6-B9EB-9F7622F7632B
D7C1B27E-003F-4DC3-B37E-7A7BA4137C60,OWNER_7bfa5bc875e2,657,74CB393F-E99F-4C48-A2DB-9F87EED84AEB
F6F19924-C01F-497B-99B3-EC9D222F45A7,OWNER_d763da13c1fe,852,B7984CE8-5FB9-40E7-98FE-9F8B94F6CFEB
96325D71-3DE1-4069-861C-72AFCE6EBF23,OWNER_4f83c66fb995,3165,A7F8F2DB-94E3-455A-9FC1-9F90DF5002DB
94CFF9F0-6B45-4B2B-9F08-2D79594F6792,OWNER_f781e9d9756f,2542,A7F2802E-F2EB-4CB8-AC13-9F92FF3A46EE
4A5997E7-67C2-4D8E-A3DB-42852B43A049,OWNER_46074f0ea9ce,1991,9E0D3315-E963-45FB-B1BF-9F9DA912D887
261AC2C6-E18B-4622-AA2B-9CF465EA6EFA,OWNER_1f1db701367e,673,DC3037AD-5F11-4986-B0DA-9FA56F09ADE7
DE90B40E-5990-4BEC-8C1E-0814115D93D4,OWNER_73d2db5ff9c0,16,EB269B09-605D-4A6E-92E0-9FA58C199D3D
61FF916F-AF57-4849-9EEB-923633B492A6,OWNER_59b49be530ea,582,7D8F664E-BF1C-4051-A1D8-9FA9D30EBFA6
E0352283-A436-5740-B6F2-B516307952E8,OWNER_e60c16c9f3b8,3425,93A77B9F-B0C3-42F0-ACE2-9FAE6BC4F363
6869A144-24CA-FE40-8B1D-93FEBE5C4399,OWNER_725e0c50296a,2799,FA3182D8-DD00-4D11-83C4-9FB7D57A9A9C
3E2E1F4D-6A61-4382-8721-6C0C89B8A4A5,OWNER_921fb2ae519b,2028,88339594-76CD-436D-8592-9FC0C6467428
89CF13F9-1336-9A4B-9F3C-98B833E96B70,OWNER_2db56b829aae,3164,4A584A56-B710-49D6-AEEC-9FD0372DD365
79DBF987-0DA9-48A7-93B9-3429A3462761,OWNER_ab1562d357e9,1419,9F6D3E98-00EE-4961-B199-9FDFD69B8E68
FA79D661-9F5D-4AA3-8A59-D07B8BC6E864,OWNER_5eee2f70166f,2521,A312214F-E747-476C-B76D-A010F8B42461
BB0CB295-23D7-49FC-AAA4-C01F633AAF44,OWNER_4e33db93c7da,489,E3FCDF78-C94B-461B-AF91-A03151DDF09D
03A7A70A-96E5-4857-9DD6-A302B637F6BB,OWNER_a73e6c75a904,407,CC016477-F74F-4934-A950-A033CDF05DCF
CD943F05-A228-4DC0-9158-072912D9AB74,OWNER_8357cc02da6d,1500,FFCDFF49-DC12-4D2F-9F38-A036D0DA6E4B
9EC1CB68-D858-4109-875E-74F79BD0C42C,OWNER_3f065b9ff597,3470,3E04FFF7-498B-4202-ABB3-A039D60BCCA7
C6CAF570-EEA3-4D53-AC9F-03F6D9655C06,OWNER_cd2eaf7c7b43,286,CC808799-4001-427D-8318-A03E18F54548
66DFDC6B-5AE4-43F8-9376-A4BFE5533265,OWNER_03d1ad9e4030,1357,E35ECF18-7DDF-4279-9430-A05FB469BB1D
F249FC72-4FC7-44DA-813D-52A0CD41A549,OWNER_2a0806148f96,1768,77CA369C-FBA9-4334-ADB7-A08EE7EBE44E
784E0E87-0FF8-4BDA-AD9B-B295CBE583D7,OWNER_dfd9e66d1ba8,521,69F8921C-4EE4-4815-A7FB-A09004DEBC1F
121EDF91-7699-4D39-894C-2A40D4CE8ABD,OWNER_79d450c967b3,1562,38DA964F-B025-4CCA-A8B1-A09F4872B2A1
D9552B7C-D56A-425F-B1A1-91782084AE80,OWNER_0bfe13ac314e,1952,81514EFC-F3CF-4488-9978-A0A921A77DF2
F3AF2283-178F-4CC8-A815-F4A8972B9835,OWNER_e32ec1ed0e54,2557,2FA59DD8-46DF-470E-90B0-A0EAFB5F21B1
13BFD64F-2609-BA47-A69A-6804B2E16342,OWNER_c729da835877,2783,BA6C7CA4-D2F8-48B5-8AFA-A0EDC5E9C3B0
62076B31-18EB-4C61-A115-9B8E97E12669,OWNER_469da077b7ee,1694,DFE144C2-DB5E-47BE-B78C-A0FDD8FE1F5B
C6D519B5-F7FA-1F43-B0CA-261E4D0CEB20,OWNER_56f9e52fdb1d,3040,D767318B-D870-4D61-8DBE-A0FE5B16BD78
03B0629D-E44F-452D-B505-62EEBB9377F8,OWNER_f065c50c89c5,813,02FE207F-5ECE-4D79-B1ED-A11313AB6D60
D72A74AF-3616-47A1-9C99-A7A0CFBABD5B,OWNER_6301bfe0e2af,3100,E0347B0A-E5FE-45FB-A01A-A123D8928EE4
7CDA7549-4BA8-4F16-AD57-C751F9CD22EC,OWNER_1e10e2ed32d5,1386,A2491A1C-8265-41D2-9653-A138FD8AE504
CA7EA868-038F-402B-AE46-1459FF01F1CF,OWNER_eee85171f586,1088,6B743034-3F31-43D8-939D-A169CFFF4C39
2E0DE606-6D24-4576-AED7-344E265F4470,OWNER_dd917b49416a,3561,894AD7B7-8425-4C44-880D-A169E4FCC556
9FA933D4-BCCD-4DF5-8410-5097553EC6B5,OWNER_f2e2dbb5c971,2324,872792B1-B77D-46B2-A0A3-A18195FE0BA5
A9EF0D57-C4C4-4136-9731-E8A1D0BF4ECD,OWNER_ac0aeb2eb6f0,1306,0974419C-6FB3-47BD-870B-A190EEEAD55C
83734A9F-71D7-46AC-BF1E-5B26E8CD23D9,OWNER_6592f949dc9e,1471,9D488968-37A2-4FDD-9402-A1A296C97D8B
89DC776F-9F98-4273-9EB1-26FDAE00D40B,OWNER_c11112c5be09,3625,DE89B858-8B6D-463F-BD6C-A1B46CC60682
5ABB846F-4011-4967-99AC-73D7FEF3A086,OWNER_ac0aeb2eb6f0,1440,189BED2F-548A-4C5E-8EE3-A1C8E958EE55
E1A8FF35-9C97-43A3-940F-746B2A228BB3,OWNER_35daf115efa6,2305,AAF5A6DE-1D0B-4074-B33D-A1FD431A914D
57EACDB5-65B5-42CB-BD17-2F9FAD6D10B6,OWNER_b25287d27fc9,2710,079D972C-8539-4B1F-94A4-A1FF2EFC308A
1238FD21-EE30-4790-9900-CDD3DCE658D9,OWNER_a0724c0f03f7,716,2D15C21A-9B8F-4C2F-A5D0-A228ED22D486
1A90A109-1C34-4364-870C-C648E6C047E2,OWNER_44576479d4ea,67,F920CD6D-80D0-4D54-AFEF-A2764C7E4A57
0483B035-BF9C-4BCA-8E43-119FE5B62814,OWNER_6d19bd69ca4b,3611,BC2BB789-6D37-40A5-9B8B-A298598BB5A2
966B0D1B-6E8B-4177-8778-762C3813F56B,OWNER_7f716ed6ef77,2559,AE5E57F1-337D-40C5-9F34-A29A2ADD6A0E
1C53908B-6AE9-4134-B9ED-1038E339A8BE,OWNER_08cc0d7e32e8,741,3EE30614-0540-4A64-83F6-A2A1FCF6E760
9D9C2582-0EA1-4D19-B37D-8CFC0809AC60,OWNER_82d73d123c20,3084,D9B85B57-91F5-4BD2-B164-A2BFDBF2DF5D
E34BCBC8-7140-43D0-9977-414947DD4E23,OWNER_5f7d7092c62d,380,6CA4BF46-2FC3-4CDD-B1F0-A2C9DF1121AE
64498B72-05FA-0543-9535-2B35AB9AE82B,OWNER_3b9a15a29fa0,3080,0FD612C8-9568-42AB-A6A6-A2D67461E557
AEDA66B3-909D-4AC1-8CAF-CEE4A66F1C4C,OWNER_b9d424edb4ed,3391,452FA7BE-3182-46F7-83E3-A2E66F30723C
E1A46903-9CE6-4A8E-83C9-8CA7B770750B,OWNER_73d2db5ff9c0,18,17758EAD-07AD-4208-8E32-A2F565EB9420
,OWNER_2e93e430dcad,2702,FF737DF6-A295-419B-8C24-A327733784F1
3D6E859F-5D66-F54B-A3E7-F89FA64F01B5,OWNER_0f4b0b5d46c4,3067,4268EA33-A0E0-4F6C-A994-A329BADCE0AB
C923C77D-4ED4-446B-BCE9-0AB0CA8F711B,OWNER_bce4a6d6abb2,2286,421CDFBB-7029-4A22-8828-A332A2D38074
9D72E407-37AF-48C2-8FFC-7373458BB4E1,OWNER_6ed76e9d6c72,2330,7E3CB128-5BF2-4F96-8F44-A3371FD180CF
EFBE769E-E858-40D8-B082-740DF13CD54F,OWNER_e754823373ac,897,01FC675A-A761-47B4-968D-A3432C3E76A0
6C5BFC62-FC4C-CD47-93E5-653CAF03435E,OWNER_5ad870f1ef26,3001,825E68C4-6B7E-423B-825B-A36ACA92FBA2
D9DEA08A-CF64-4AF9-97F8-EF38835681D7,OWNER_efae38cd4ee0,496,95F49004-60B6-4845-B1AA-A373E1DB2A4E
1FE2C627-BCE9-4E81-9CDD-79D2756F6C27,OWNER_b6efc55f50d0,1341,A9EB3FF1-EB78-4BA1-81BC-A3AC14E776B2
CF6F43C1-9D08-4DDF-B0DC-AFCE58CA31CA,OWNER_3f065b9ff597,3471,9A9DB3F2-2A46-43D9-BDA2-A3AFE1263064
6E2AD027-34F9-402B-9BA9-A246AA0E7D31,OWNER_55d3aa144f59,2697,666B9780-B0E3-483E-BDE2-A3B56DB74CEB
C2C8B9F1-6DEC-450C-80C3-60C5302214F1,OWNER_aa1b1e744c8a,326,AF8EE0B3-9911-4C9C-A1C6-A3C28E0D9E86
E686687E-C10D-4CF4-B486-BE480F1698FC,OWNER_b25287d27fc9,2669,B32A304C-7F16-4738-86AB-A3C479F566EE
3B7909C3-B100-4583-96F4-EC88B7D8CFB4,OWNER_bdbb01eba2a6,2396,C96CB545-E724-450E-8870-A3CD8DF2E16E
7DB1EB79-9932-42A6-BE5E-E997063B42AA,OWNER_a6775ea7d09c,2013,C126DC7F-0280-4963-B096-A3D101E317A8
617D3A63-18A2-46D8-B43C-CFB5AA052A93,OWNER_1427ef5e1138,409,5F5C1036-FFC2-4981-B4F4-A3D658106F3B
8E6716DD-B7EB-4612-8AE2-0ED4A0D57BD0,OWNER_8cb90fa9ff23,3602,BBB78329-2E85-48C0-AC05-A3DDFD4DF70C
5937FA77-8575-4E6F-900D-393132B963D2,OWNER_58a518143d68,654,380DE29A-E7D2-4E1A-9654-A3E7042745FE
18E55A27-5BF2-40A1-BD90-6B4B1AB5FA19,OWNER_a3aa807d2dd0,930,BE8C6345-08CD-4280-AC8A-A3ED3EF2886D
4232903B-A1F4-48DF-A8E2-F974477F1C27,OWNER_349df3e2956d,1858,F4CAC7B6-96D9-4718-AF22-A40C74C12908
02356881-E34E-4CE7-851F-81280416225C,OWNER_905558b29338,1346,B41DB377-400F-4F4B-ACB3-A413A8D0B960
19B6505E-7463-4754-9E37-984AF913C7E0,OWNER_a4f7ff9a3be1,1816,184800B8-6299-4C84-B74D-A422A1CC2B04
7AA4C6E5-98F2-4193-AD85-A05700838F38,OWNER_74768a486833,575,BBA415BC-B9B1-4373-AA99-A43A608F0B0B
F37D55B9-D177-452B-9095-B79C5688FB5D,OWNER_c6e0a9f346bf,2509,9666EC85-C2DC-4E78-9E5C-A4541816CA1B
5F33F06D-C42C-4397-9783-1F4B8B89BFF9,OWNER_9f211f3a77d0,1993,4D78D969-77FB-42CE-893A-A45CE812E43E
2AE04E41-60B5-4D96-A2DD-7A00422E90DD,OWNER_f9344adc92ad,3523,D6D9FE49-4DFD-428B-8FC3-A47DEF48DDA7
50BA2165-F5E9-44F6-A07F-1DF0AB5BA715,OWNER_ed66ff5332b3,865,D7DBBE25-21E5-4E31-9A0F-A483968095DE
A5E68B8A-99B9-41E5-BB6B-97AC5BFE8441,OWNER_ab3fe52d9303,1628,9A69B9AD-0114-46B2-86B6-A487E0BB4799
52130440-47E6-4C38-BF08-5B961F1976FE,OWNER_0e331b4faa77,79,53128105-998A-4CDC-B08C-A4B783590714
C993B282-EEB0-4560-B11A-0B525E0EC23A,OWNER_4312d40714a9,2066,7725AF08-7932-4E2E-A553-A4E58AFE3D7F
E6100F2D-7213-0649-9FF5-5566FEC35B1F,OWNER_f06048932992,3307,C7830F2E-D5B2-4940-9493-A502445FCD04
3023F8AA-63B8-4AD1-9439-7CB5820BA99D,OWNER_de757b985e7f,778,1AFA3D19-0ADA-439B-B957-A530CA69DA31
D1F6A051-B1C7-4182-B0F5-19352049A1D8,OWNER_f95e48f95a3f,2395,3D9619F5-6568-41D4-AB04-A53F67487D6A
1A5D3610-DD2F-4EFF-9119-64F04A5FC84E,OWNER_e754823373ac,1083,EE6A052C-D1A7-4E13-95E9-A5562E8BBF7E
004D5F0B-8975-41B5-B5B5-BCAF8F140251,OWNER_acd73f535499,2342,9A35DC3E-CA7C-4E43-BEEC-A5569D761EB1
427D34C9-0E00-4F01-AABC-7D6E7DE0D456,OWNER_e32c787cc2c7,1024,FBAA26D3-959C-49AA-8B36-A55C146BFBC0
EA5CBCEF-3A04-4677-9EE5-6329E6449224,OWNER_88c36e39eb1a,1321,0600756A-3404-4477-B74A-A55D33AE282D
9B96E5CB-5F96-4D0C-899E-603E84831024,OWNER_6d8c545afffa,1238,F94A09C7-782F-49D4-BB61-A571FAD064D0
7FD6A005-695E-45B9-81A9-1EAD3BA48B15,OWNER_1a987195533d,283,E50DDACE-0001-458E-9F77-A57D6E9CD27B
85522EA9-A751-404F-AF0C-AAE486B10F18,OWNER_456c1416fbc5,568,D950F8E9-BD96-4D6B-B3DC-A5896C3934DB
E02BC199-3C6E-43AB-A7F0-34580FB6EF4B,OWNER_f9a1b904acde,1379,B8DFBDE9-BD6C-4CC3-926B-A595D07FE45F
451506FB-F454-4D7C-931B-367839117B46,OWNER_f95e48f95a3f,2384,7B69D540-FE16-48FB-B43A-A59924580AAB
84DC372F-4395-4B7D-862E-446C73778E9B,OWNER_8a2861d70c28,1460,4F52FCE9-E853-459F-B749-A59B3BCEDB72
AB2E399F-2FB7-4E89-AA1C-9E6DDDF856F0,OWNER_b25287d27fc9,2675,D85D6EE0-7E2C-44F0-AEC8-A5AADAC76383
39C4FDE9-1003-4D83-820B-A17C7E580952,OWNER_5ec9256149c5,158,395A0288-00DA-4428-A14D-A5AE4A032A8B
D3D6429D-1A07-4EFA-B87F-FF94EBF6CFB9,OWNER_fa4c04bcf7c2,1547,9D523F8A-E8BF-4F64-B204-A5F63D65B97F
4B3E5CA3-9053-404C-B5AF-DFC9B509CD66,OWNER_bb43e367667f,3098,23A33096-9FE2-4063-979D-A5FDE53BAA86
870FE15D-F369-4BEB-BFFF-ADD51A1DAF14,OWNER_aa8ea45d6d4e,1739,92815233-0AA5-4E8A-9332-A602D1A4C09E
A946FFCB-6CDC-4C1C-B20F-9CEBAED5C23A,OWNER_7f83260a91a9,173,64B91C78-D946-47F1-BA68-A61F85C8095D
842AFBAF-92A4-4EA9-A8AB-BBA5D7AAD4D1,OWNER_86e2e1bc7afc,3615,C0E4C822-B944-4E57-AC2F-A62B88E1E3AD
3D38BEC2-9DEF-4D9A-B55F-530824CD935F,OWNER_51418823bd3d,3645,AA573C19-4CFF-476C-96BE-A6570111E4EA
F3B8BA9D-F429-48E7-8D5C-91C138D97422,OWNER_77870ce3ce8f,1805,0A1D5C4D-C9B4-4F2D-9754-A677D52DE66F
291AC452-0B9C-49D3-9C41-6DD2DDB5DEDC,OWNER_6b77629f39e8,2116,4D7270E7-3E90-4775-B072-A690E5124C6A
1855E63D-1413-478F-ADBC-F395B98707D0,OWNER_e7a8253c8ebe,1542,BFB795A5-2255-4213-B6B5-A6A0FE82B299
020EC4B8-A928-4B38-8CC9-248D703CDD15,OWNER_7962db348e9a,99,537F43CF-7447-45EC-B7E1-A6A26DDF5E73
7F97B89F-1B54-4D4C-A9F1-7635C00B19D5,OWNER_a3a9689df0cc,812,686E8CB6-43EB-4D5C-9DAE-A6C175C242C5
67B2EE9A-956F-384F-898F-F31CB1DA0C60,OWNER_68b4d10b6729,3393,5DF8EE43-5D80-44A0-ABA4-A6C9B900148F
8983C0C2-FB6F-4EE9-9376-EFAEE3EDB8B3,OWNER_e2fd9d606a03,305,5269B74A-D317-4753-91FC-A6DCCF56BA61
397DECA7-3508-F948-A0EE-25D67CE3C7B2,OWNER_7ae79917ef92,2969,84A65B4D-FBFD-4925-8FC4-A6E228008CF2
FFE91953-160F-4164-B223-9F15D133F77D,OWNER_73d2db5ff9c0,20,2AE5D3FE-CC1B-49B1-8B43-A6EDA5BBCE1C
B2A2D27E-11EA-EB40-A590-88C32DB17DEA,OWNER_205a4c5c413e,2904,E45E117F-BA03-4401-A39C-A701860319CD
58771B37-9934-44A1-975E-4D4BAD09BB51,OWNER_ccabcbe80210,2000,2936423F-6DA0-459D-97D5-A70474E5847B
0F352EB2-85B6-4D75-B001-06A8274FD6C8,OWNER_e222fca7ec31,2250,F320B73A-7BA0-4C2A-8AEF-A7131EE91DF7
1094884D-FABD-4D8F-B601-B26B02C586A9,OWNER_cc574a39fc99,2259,56A04876-57F5-4381-A8C4-A7425D348AAF
777A68DF-8573-4C51-AA34-D0491DBAD8E3,OWNER_c5be24858fb7,3101,02640BC2-0993-44DF-BF51-A7C2ED3B7C8C
A4F085AB-D957-4662-9927-F96505BCF756,OWNER_07132f389474,2530,80D84483-46B1-45DA-AC3E-A7DC735B0C55
87EB809A-7F1D-487C-BC74-31C3E8C43BCC,OWNER_dcc239f0d74e,2326,14651C9B-45FB-4A78-922F-A7EA109F2741
55D4BC4B-474F-4A02-BE42-04EC62548B98,OWNER_36efe06eab7f,3622,2F061F7B-FF80-4D2E-BD49-A7EB14E55AAE
0232FEC3-9988-47C1-A8BA-D12B1C7562C6,OWNER_8c8d4d1b91be,2434,7CCD1B52-1E4E-4B18-98A3-A7F52E2D9C87
86EC0930-8CBB-48CB-966D-7D99017F63F3,OWNER_9bab97fd4e99,990,A674701C-75C9-4C67-94EE-A7FB81F3828B
AC2BF631-0ADC-438E-A6B6-9592616474F7,OWNER_e754823373ac,924,D7C12A6E-9FA9-45E0-BC5D-A800330FFD73
E5C87786-0A6A-41CC-B2A7-24C0041101F3,OWNER_fac9fc37e248,1457,30751087-922C-423F-8E07-A807CFBAA5B8
AD6826BC-9256-46A4-8197-4B2B7C746F52,OWNER_b299bd7151bf,2734,63A17A29-DDCF-4705-AD9B-A81659B18888
F9EE2A3A-316A-44C1-88DD-0189E1FE4BE5,OWNER_6d8c545afffa,1237,363D7293-1D89-45FE-A600-A81B970F230B
9194D57E-1310-4652-BD68-59B386B554E2,OWNER_921fb2ae519b,2036,5E99F32E-E2F7-4ECF-9316-A837D284165F
B9598389-6453-4A3E-BD57-A3B347E236F3,OWNER_7fdb023a2e73,2031,6DBD5946-C056-4A1F-8F00-A8606526CF58
8470FAF4-746E-437A-B318-BA2D85E78340,OWNER_e222fca7ec31,2215,FF95D6C5-B69B-4D76-9764-A863658B8849
62022B54-3BDA-4CF2-B563-CE37D0E16884,OWNER_9728d93b72c1,1839,6C249B17-EF71-4CB3-87A6-A8667021C8BF
40FC315A-F8B1-40B8-BD8E-B7648241F584,OWNER_ed66ff5332b3,894,A9E2E886-41D7-4408-86BF-A86D38CFB63F
F0E211E5-15FF-46BB-88BB-99FDFE1ED2C7,OWNER_de7c42f9c849,1043,FD5DAB1E-06A4-4973-8CF9-A87AD3435DF0
F82BA0E2-8134-43BD-95D7-9A52F3A748D5,OWNER_8991e0a2a7cc,2622,E741B195-8187-4378-9FBB-A88A10F1A9EB
BB69951B-3DBC-4817-8F4B-A10BB3680D55,OWNER_fac9fc37e248,1411,80CB04B7-7912-4688-9969-A89E50FFDBD1
2251A0E2-4D6F-4F62-8764-AD479A858086,OWNER_c10a53e796d1,614,7838A4B3-73BF-42C3-9C43-A8A79441355A
ADCAAE10-8D50-47EF-93D2-6C76D5478A98,OWNER_fac9fc37e248,1302,5E977695-12DE-4397-8DE4-A8C26C40DAA0
5850E8F7-59A2-024F-BB9F-ECDA264D299D,OWNER_c314230f8a5e,3415,D64FE1F0-E499-40ED-9885-A8E21991C270
E50A7556-82A4-409C-8179-391A2B0CDAB0,OWNER_23e938c40aab,957,056F3B20-9FEB-4559-86C1-A8FC7A360336
C6572F30-0F53-417F-9F06-AE488C030857,OWNER_de7c42f9c849,1046,E426F5CD-7CCC-47D5-B385-A90DF1DC22D7
10571415-A1D1-4AC9-8D6E-398F290A3D39,OWNER_c0597237ce8c,809,9485AD85-37F6-45FE-9520-A90FE6FE3B8C
74C0D8E1-6D0A-4A4E-B394-D61EFD86E2C7,OWNER_0e331b4faa77,80,2AD6A8F7-4537-408D-8C25-A91238DF2439
69F4F006-F6EC-4CDD-B773-908ADFC7943F,OWNER_676414864a2f,983,C3153DE9-E4A0-4A9E-A987-A913076AF12A
1B3F21DE-E6F3-415C-8656-1DA9331783CA,OWNER_51418823bd3d,3647,2E6C2388-927C-4E8F-983D-A91C2327EC20
F84418CF-A0EE-4CE0-86F8-AB74968B0433,OWNER_d7a9358019ee,493,DAE8DA1A-F55B-4376-9E9C-A92813B07569
76AB3499-45DD-4950-948F-6B747B16AB62,OWNER_1c84280e0040,2309,C80B37D8-DDFF-4588-9BD0-A92E50ED9E62
313DAAC5-675D-44D0-905A-63C7C551CE9C,OWNER_8b274d8b5d4e,1333,93508478-0FF3-473A-9F59-A93F6DB4A6F8
47E6D1B6-A3A9-402A-B31A-E32B322E9A2C,OWNER_dfdb3e814354,1351,2EFE0B8C-2FCB-4DE1-BD59-A94CC68494D5
1A71002C-7E6A-4ABC-9C23-19532BAE3374,OWNER_b6f6e06f6837,2571,7740278E-6959-4F4E-89F0-A959AB64A76C
F3711C1C-D56D-4C96-B84C-57DEA059C70B,OWNER_831cb3b79449,503,B6D27FF7-89F5-4F62-AADF-A9674291DB7A
E9F684B0-A5EF-44F6-A985-3442291CFB1C,OWNER_0f07350b1381,2099,A19A8B5A-220C-48A2-A9EE-A9AE0FA49163
6F22033A-182B-4A9A-8FB6-7307EF9CBFA2,OWNER_293ed380830d,3934,6D1827F5-73F1-42C8-BB94-A9B143414151
CBFC5CAA-C383-4EE6-AAA0-F308D31C48C1,OWNER_b5ee3efa490d,3568,89951713-67A5-4318-9DB1-A9CD3385776B
35218168-4332-451D-A8EB-9F53569ED10E,OWNER_ccaf3c4e3567,483,F6575121-98C2-4FAA-9C8C-A9DBD361717B
558EA017-861C-4A7F-8997-01CFFD2EBFC6,OWNER_5d42b18df75d,1015,F4A2966D-EDAC-4F43-9762-A9E892A8D74D
2EDE80E4-DB60-40D0-AF2B-CF4C9201483A,OWNER_896eacc71783,500,9E85C5C6-C078-4ED8-8DC7-A9EB78A5D239
C6EFE5C7-1FD6-4F53-8B6C-1E22CCA9074A,OWNER_18b7632e00ae,1980,083B380A-8B98-4F0C-AE64-A9F3F75A3A07
C7FC36F3-AE1F-487E-A99B-4CECE89FEC99,OWNER_278d75225d6e,1428,142C6DBC-7043-4306-B137-AA0DAE6D47B9
7129BCEF-B572-7546-8D52-4A42B5B9A4CC,OWNER_89ad4a7c197a,3332,BB48F0BF-05DE-4180-B8E4-AA249FE8B5C5
540F5032-9BA7-4FE5-9416-DDCC1844B69B,OWNER_f99f9c025056,1059,EE193D71-C5B1-4C4D-9B90-AA30EE53FE2A
7FBD574F-4F39-4BC3-B154-409BB2427A51,OWNER_78fd5a5da6c5,2240,BDCC2F26-CD62-48FE-AF77-AA369A33EC55
ADD28FFC-D47C-4309-8B67-035C8DBF138B,OWNER_34d29160d900,3167,8D7DA25D-F990-43CD-8D65-AA40ADEC9669
5BCEA959-17F5-499E-B373-547CA8B9BCCE,OWNER_661d09bf5fcb,1758,6D49D7F2-6ACA-49A5-A8A1-AA6DEE56B0FF
8F7A1EFD-4EC3-4636-85FF-F973A971915F,OWNER_7d55b2cda916,3720,344E8B02-D38D-4BF1-B0EA-AAA7EF47230C
089B8682-BF0F-453B-904F-36DFE6C92BFA,OWNER_8658dcd43ec9,1666,88E14122-B6EE-4D73-991D-AAB02704FCC4
1ACC681E-CF5C-4735-9A16-53B9CD6B295F,OWNER_a85d55f0a7b0,1671,62263B11-5D02-4149-BB66-AAE3943DF1C1
71F5567F-A772-4B2C-A3B5-621193E4DD09,OWNER_05419161a0f2,964,C2FD6E4C-43D1-4FE6-979E-AAEC5EAE5FA3
976D54D0-4A79-4ACC-A99A-E76781AEE51E,OWNER_66ead1ac146c,2439,FD39822A-DE67-4C51-8544-AAF60F3D6485
93534078-6280-421B-858A-7AB2CFE7AB22,OWNER_a1a8809dd861,1983,D824D567-522D-4549-93EE-AB096115D2E2
D71F1910-4E95-497B-836C-0667CA25867F,OWNER_64dbea3eafb7,396,F4C26F61-D705-4C0B-BC5F-AB1898655B1E
F960D064-D7B5-42B1-8966-AC56E013FD65,OWNER_0901bdc01da6,2187,E7271BF9-8DAE-46C1-A1C3-AB1B0AEEB627
C67A96B4-F607-403A-AF25-45C01F9ABB85,OWNER_7762f7d12700,2159,724AC92D-95A9-4AA0-9A02-AB2535B1598D
C640EFD9-1E0A-1B49-9404-38159EF081FF,OWNER_c5ba687e3edb,2925,E3BD487A-7836-42FA-97EC-AB421BB019B4
182E290C-6041-4F15-BFCA-AFAEC6CD7A5C,OWNER_9d844dc60a11,1792,D852E443-E100-483A-A194-AB5409C8F69E
F1C5576F-6937-4EEE-97A5-E24E0E370E97,OWNER_76fea13bac0f,1544,5C1D0589-B99B-4B15-AC76-AB5DE0870C1C
3FA87C85-A527-4629-B2E9-BC8A632E0C25,OWNER_4312d40714a9,2083,3126B91A-153A-4E74-BF4C-AB6C92FD73EE
7270C039-B07F-4345-969B-1B12BC53F729,OWNER_a0724c0f03f7,1105,F1B85CB6-3AB7-4C27-ACEC-AB739ED41464
5D1F1129-9DF1-4F3B-959C-5191477186A6,OWNER_eaaeb8fccb1d,3658,310777B6-6EA4-433D-9811-AB78436F0C36
725C6495-3E0D-4487-8C42-2BDA9252A3D6,OWNER_d8150ea7374e,2613,219C98A3-117F-45AD-9C34-AB9695D2F8E7
5E9E9F04-E326-4557-AC77-8AB9EA2A61ED,OWNER_9d844dc60a11,1793,ED9EA769-EA1E-4179-B439-ABA9C10BD5BD
86C58935-899B-45DC-AF3C-E6DD8EDD0903,OWNER_456c1416fbc5,565,85E18178-808C-4270-B4AC-ABB9C9D0345B
2AB014E0-79B3-4787-820C-91AB8AAD5D89,OWNER_4c0191596d4c,704,DC372B6B-11D2-41F6-80AC-ABC882CD4832
5FFC65EC-4D8C-44D3-B3C6-FBA210B40D65,OWNER_e754823373ac,917,263A6838-3D94-4A28-8CF8-ABE0FF86AD65
B26AE8A3-B5A1-4DDD-8063-EAE864A4E05C,OWNER_8b24105ad362,2140,D3DECC5B-2F68-45BE-BF96-ABF1873B555A
0D5A8803-2B46-4566-8D1D-B88CF244E156,OWNER_4a1cc8951807,572,47FF746C-C496-4B47-8C91-ABFABDB9A372
73F1E52E-54D2-AD4C-B110-D3A6249FD884,OWNER_cbc79a5fb76b,3179,B2DDE5AB-C461-4977-945B-AC0DBDF6F516
70BAA8DE-0162-4C77-9526-E6CB0C1BCD5E,OWNER_a3b586d6fb4a,1678,D065E280-ADC5-4219-A275-AC4D181AB1D5
A6607D93-0AC8-4839-A8A2-931BBA44A370,OWNER_751e090ab481,1483,53EDB75E-497C-4DDE-8DCC-AC63CBA30FF1
8723B395-3CBB-42A5-A495-8CAF2C3BEDF9,OWNER_b076b14c5cdf,1229,B09C2037-071B-4A9F-A507-AC72E4FF79D5
26DB6C87-0BDE-4F13-B848-9D4101D24008,OWNER_e222fca7ec31,601,9FCDD1F2-9DBB-4971-94FA-AC79F238509B
CC469AA9-1FC7-45CC-9DE5-66D14AE06AEF,OWNER_319447a84d47,827,0CA5C936-EFC1-42DA-B361-AC8AE12B79FB
F9E57880-3D81-41D0-9988-01CDD61AA165,OWNER_9f88f1ae7e6a,1665,C81B6A62-9F9D-413C-B70F-AC8B4DA172E9
7F6DBB69-9AB7-944F-A476-756847339CD0,OWNER_8a89d7d616ec,2871,F6EB5426-1A63-45B9-B65F-AC9279E6AC7A
173F1D87-5750-4205-BA73-4C08D4D4A9F5,OWNER_469da077b7ee,2189,CC5BA806-3E56-42FC-B325-AC93C67ECB6A
479854A3-3C78-468F-AFBE-A4846E24AC50,OWNER_6e258733f868,265,6356160F-AF99-4A95-8406-AC9417C59505
9A63D7E6-45C0-47F8-BB01-B17B86A243E3,OWNER_3d7804ba2573,1473,0A86E6DE-CE89-47A1-A4B2-ACA3C41FE6E8
4A7CC0E4-C108-48BE-8E1E-7CD06C370605,OWNER_0ed11c831e2f,234,8297EF6A-E44E-44B8-990A-ACB4756A8BE2
E9E9C9FA-542C-466B-B8B1-5917D7B0BBDA,OWNER_9bab97fd4e99,989,8A73EE32-C32A-482A-88A4-ACBA9BF4B063
97E127DF-2DE5-4395-8B4B-8724BB3EED06,OWNER_ab1562d357e9,1329,61E84365-9F32-4C0C-AF80-ACC60D3B3789
F03DEBAA-C012-436C-BCF3-4E1C9AD5F071,OWNER_977702267228,1531,053CA312-D399-4393-B549-ACC6FA60F0A8
552CB298-E102-D34D-A389-B2C3AF7CB770,OWNER_f5e409c7f4b2,3159,90FAD33D-61F8-4B63-A80A-ACCEED84BCC2
D0B1CFF5-9C4D-481E-997D-9538744D7279,OWNER_33a5bb546116,188,F5B60DC1-397E-471B-B388-ACD6DDFCA3E8
8EFEB2A4-7F11-344E-B129-1FAA2AAB37E7,OWNER_b417a102e95e,3341,9C401FE2-969B-4B36-8ABB-ACFC98C630E7
5086E374-C485-43D3-9AE6-8168EE65569B,OWNER_a85aa4ab0600,208,A56684A8-5382-4D3E-8FB7-AD003BFF51A4
B4E61289-1C82-440B-B2C5-AA954E4F656E,OWNER_7f475d65b236,159,E18F7401-FAD0-45F3-A64C-AD073A57A2D9
F5B61597-7462-4203-9221-9203BBF667FA,OWNER_ca47b994f5c2,947,ECE247D5-5C41-4DBA-ABE1-AD4E3A97B4DC
D5DCBE60-8589-4A64-9A4A-338E05CAF237,OWNER_a4f7ff9a3be1,1844,E379E3DC-DDC6-4E24-8452-AD52365C5CDA
482EDF14-33D8-C44E-892A-82C83FB1CA95,OWNER_554c9f314025,2984,1582C363-4C89-4617-8D1C-AD5609C3CFA1
C72D003A-E3B7-4D5B-95E3-A7B3588D3EA3,OWNER_2fe6ea8fcb58,850,8A19086C-05C0-4172-82D8-AD630ED079A4
DAAA2711-41FA-4A8C-B888-EA95B1FCD384,OWNER_cdd63d090319,1193,A221DA9A-119B-4C56-85CC-AD94343C5C96
22B24B6A-BD59-4281-99EF-BF63F60914D9,OWNER_d39f57988577,1225,9B1BE33E-A0D9-4CA0-8BD5-ADAC77C1EE2C
DDDA469B-2C40-439F-A4DF-6EF87CA0D7FA,OWNER_d0673c3f883a,476,F38E45D3-1DAB-4E14-BD09-ADC75EC5B460
4F218CF9-8F5E-4FE3-B30F-FD91E2818D69,OWNER_44ed38335f6f,1180,EA94A23F-A064-4749-BAA2-ADDEF5113E9A
DE28B9F8-E561-4076-BD11-C3620E65760E,OWNER_c769f692f168,2043,6A033C8A-87FF-4DE5-86BE-ADE2B0062CED
F44C1006-1641-4084-B980-E94BCBD08B97,OWNER_469da077b7ee,1684,D939B7AD-22EE-4157-8FD8-ADE3EB806B8D
F72B02F3-2DE0-4A5A-9E85-C1501A4D13E4,OWNER_4b4b895bf64d,1199,F22389A5-C425-4D4D-9342-AE0B5E8522CC
3742A4D8-CD67-4397-86B0-0DE821E2CD80,OWNER_e32c787cc2c7,998,D82DEE15-6F30-4E98-8019-AE58AC6D08CE
C5B4AA33-F999-48B3-8F82-90F0C352DB77,OWNER_e754823373ac,1081,ABCB7722-33DC-4599-B034-AE69239453B8
679A35B5-BFCC-2A44-A69F-9AC2B091C93E,OWNER_ba40a7e87bdf,3168,35F17733-ED3A-4157-9AA4-AE7ECAF8F3AA
58D8A341-922C-4696-91D2-0412F3CA0A25,OWNER_346e614f4d68,300,F7918FFC-A5F7-4E88-9CA3-AE8481C696BE
C8CDBA80-D46C-4E14-9B14-1BCE757C50A8,OWNER_2521bbd36726,2430,8002335E-D5FE-40B9-A01A-AE84CF2031C8
DE61DFED-4069-45C4-A35B-DB13E56CB57A,OWNER_469da077b7ee,1629,7C675433-14FF-40E9-B793-AE8BBAE0BEFA
C5545A2C-AF9B-4A2D-A565-EE70AA47CB6F,OWNER_a1a8809dd861,1970,8D1C008A-C69C-41BA-937B-AECA67A35412
C66B1023-B01C-437C-85B3-9E1BB2ADBEFF,OWNER_c461e17775af,652,ED21A256-CE2D-4F2B-9A31-AECA906B11D9
D16CFED4-5F23-7D4E-AFF0-60460FBCA222,OWNER_c770d7e60085,3365,51EC5DF5-9A9B-4E1F-B7F6-AEDF4CBE0CAC
4EB21542-A752-4CB9-BAFC-A991EB222B71,OWNER_faebdd9bafdb,1182,59607081-AB3A-4FC7-8524-AEF72513E477
3AF9413B-39A8-074F-BB7D-C82ED2B4FF1E,OWNER_c5ba687e3edb,2932,5CF0BD32-6F02-4BEA-B4DC-AF2F52F4B2DF
C7CD8B42-5544-42DA-8356-173FAA367688,OWNER_2be12032f928,1571,BC7F13FD-930C-462A-9739-AF3122586A33
27045A31-607F-4AA0-B8DF-EBACE961B479,OWNER_3fb67acf0f14,372,14C9E44C-C5DC-427B-8155-AF708D79B91C
A5515473-4E24-41A0-AAC9-42847287DEB1,OWNER_986aae836326,1813,10E9B07C-A746-4987-90BF-AF8567904220
36E0B786-630B-47B7-BC25-85C58F40F8D3,OWNER_594c8b9c245b,136,EC80DEE5-1804-4F07-92F3-AF88AB7404E6
4D6AEB47-AAD2-4E21-B660-42454AA95833,OWNER_c3b924208b78,529,DD0D05FF-EFD8-42D1-9614-AF8CD9AD478D
EE136D45-0BDA-486E-B332-3E0B1E8B7223,OWNER_3d2486ca23af,3735,C5C7D11F-2463-473D-87D8-AF9B51C20764
96ECAD3B-B7F1-43D9-AA49-C3A8B4CC9C5B,OWNER_2e0825b877fe,3442,3EDED11A-1DD4-4F0F-86C7-AFA2D86F5B5D
0BD66262-55FD-42C8-AD68-7EDE858D7E68,OWNER_416d873db507,3630,F94E41B4-C272-4042-9C59-AFAF611A5DF6
6964DB0C-20B9-419C-A740-5135360B557F,OWNER_8336f54c1cbd,536,B613A048-5FEE-4F88-9D0A-AFB4CFB5F730
6B092F96-3C6B-461F-A897-335C0F9315BA,OWNER_8919fa1fc940,147,053CA39A-9BD2-47CB-BBA7-AFB6EB4BFAF0
8035F845-0291-814C-98FE-A8948A6BE1EE,OWNER_ecd59c87da46,3031,B5BB19E5-D3C2-4C11-BF0A-AFC738B9978C
C4232AFF-D626-445F-AD99-5E605F6C0BF1,OWNER_1a987195533d,282,DDB42231-A65C-4CE7-A47D-AFD237EDF706
CC44E837-9335-4394-B996-0E4C53137A7B,OWNER_971329c851b6,2603,C9FC3A66-8614-433F-8933-AFD4322EEC9B
AE513C3F-931D-47CD-9187-18E0EA894CD8,OWNER_18c769a292b0,3906,98740C3A-F828-49C4-AB22-AFDEFB4621FC
3203B975-F65C-4561-A284-40506406F5BE,OWNER_eee85171f586,1090,009BC87E-42CC-45AF-AE33-AFE1E91EFA31
965D7EBF-D42C-224C-8E9F-A09584C83F9D,OWNER_e871ba9f607c,3029,999AD1D2-39F4-413E-9291-AFE90AC1033A
B2624F72-2498-4065-90AC-8A0EA71B8D6F,OWNER_cbc79a5fb76b,3173,04FB8F4F-4F07-4D17-BB22-AFEC91B93971
7A621130-B7A1-4301-9D23-A783B749C95A,OWNER_cc574a39fc99,2258,0878ECD0-0F15-422B-A3A3-AFF7D329EE64
58D2D55D-EA17-4FF8-A3EF-6C20CBB61E46,OWNER_78565fad4c73,3475,725D3B53-C706-4E04-8F89-B00491E7F1A0
2C80674C-C554-C34D-9A67-43DC1F2CCCBB,OWNER_3a1303c92b80,3011,7D0CB8BE-DDDB-4B20-8598-B018DCE20FA7
4257DF9D-A1E1-4720-A689-87ACE251A61F,OWNER_a73e6c75a904,406,C9C86702-8416-4A50-98B1-B02D9C054001
65192AE2-B04A-4278-80C8-510AB863C209,OWNER_1518de54212b,898,23846F7F-0E9E-4CFE-AB74-B045A3894E6A
F5DF9F92-7332-4E32-AF33-4429B3493E63,OWNER_6745f6a9f433,1818,18F6D9B7-C3AB-43A0-9FD8-B04D1340AA3D
709641E9-DC46-4868-BF31-55E5D15E7F53,OWNER_0cee98c436e6,495,23B65F96-A01C-4E0D-8404-B0562C309F92
14B254BF-40F3-4F5A-9777-AAE86948AE1E,OWNER_28462ecd9b76,557,DB474345-1880-4207-9848-B078FC6A4642
9A16D7F6-44CC-4ABE-AF0D-604C8AE74A46,OWNER_1779a6afe0eb,710,22C7CC2E-C368-4CE9-B8FC-B0791485440D
7C1DA144-8BD4-4E00-A420-1BDCB42C2E22,OWNER_ac0aeb2eb6f0,1371,BF90EE9F-2236-4DA7-9AB9-B0AFC3C516D1
E8F8210A-6A49-46B4-A2B0-657410057DE6,OWNER_cf7195fa5b29,1748,E396C9BB-728B-4B8A-B849-B0B61F757E77
87222B29-CC85-44B1-BC47-0B2E40134C5C,OWNER_11a7a40fa31e,386,483F5091-0058-4D1E-B944-B0C159DF7225
7D460B2C-3C55-4A45-9902-640AF0270973,OWNER_ac0aeb2eb6f0,1466,9007E550-E07B-46D0-98A2-B0C168C5629B
C3C9BFD4-04F0-4960-8E32-E67465194279,OWNER_ab3fe52d9303,2177,560A66F9-A71B-46DF-996B-B0D71A9D8058
5AACEE2B-90C3-4115-BFB8-23E715FA5242,OWNER_3d7804ba2573,1311,F3AC10D6-E621-4B48-8CE7-B0F8843E297C
07A30ECD-79F8-4A8E-A522-F0CC60976CAC,OWNER_38cf3f20073c,132,589460C0-DE28-44CB-9FA8-B0FE30891476
C49FCF0E-99EF-4D0F-BC6F-05A8393087C0,OWNER_469da077b7ee,2197,DF61D85E-05A8-4B6B-9A31-B11DA37389D5
C2B9415F-31B1-4FD8-AC8F-FB1F4B4DE7F1,OWNER_475f2e1dc242,885,6B30FA79-9036-463A-9B90-B137287BBC3A
3971911D-7E7C-41F8-B5C8-10666666BAC5,OWNER_5b6233a4bd82,441,8968D22B-7100-4E58-9DAC-B17CDCB64C89
339D3FA9-FD72-4940-9695-33C54AB04C23,OWNER_00ae778ba998,2771,4874250C-93CB-4E11-BF5F-B193E5B596AD
5FB22567-0DEF-4CE4-857B-8A114064C9F8,OWNER_af299059752c,2558,7E20064C-12FF-47DB-849A-B1C7F69B95CF
0D516421-9027-4915-B4A7-351074382786,OWNER_ab928c7fff6b,1064,0159640D-E1BD-4B22-B88B-B1CA84B6B038
7D228CD5-B4D1-46FA-9353-1AE7B25538F7,OWNER_469da077b7ee,1698,FACED8B2-F6B5-4C57-BAFD-B1CB448D52A1
DEC7BBDF-1A7F-4C98-A6EF-82654184458B,OWNER_8b274d8b5d4e,1274,EB402BAA-2037-4764-8135-B1D935F1C1DA
225203C8-0089-419A-B06D-C7B219D33889,OWNER_b250bc3ef3fe,1598,F51EBF76-1AC3-40FE-A69A-B1DFC4CF0878
8BCC49D2-F6E4-F544-A4D9-C2C566F7F006,OWNER_2fe40d176524,3326,3F73DE27-1CE5-4D93-95B4-B202936FE2B4
085EB4A6-5D60-4A68-9E6A-8D9BCAFA5ED2,OWNER_b39dbf364400,1612,1073CC51-1DAA-4957-9D28-B20A5F690F6A
AFE89FFC-AA7E-F84C-A99C-CA9ACAFC9398,OWNER_09005a712e82,2753,247B9917-81F2-4D39-9A09-B22934F1B658
32EFFB07-AB4D-42B4-84E3-B4C60F3904A4,OWNER_6b80f6044894,224,5E88BDD8-2EF3-4118-9A5B-B2533C4B6EC5
EE316103-C1B0-470F-A7D3-CFBDDCEB41CB,OWNER_346e614f4d68,298,3EB691C9-1F92-442D-BFB2-B25BFAEC1CD8
435B3933-1150-41AA-9115-1035EB3628AC,OWNER_c0d6e325a8fb,3733,EACAFFDD-725A-4816-B5D7-B26821A2A56F
86E72B49-8E62-44B6-9036-1D570804E7AE,OWNER_3d7804ba2573,1393,9837A748-311B-4320-B060-B27542746504
B73726B4-EE59-4466-A468-5F4804FF667A,OWNER_de7c42f9c849,1042,CB56B223-643C-426C-8D01-B2815DE021E4
9F10201D-99AB-40B8-804C-9E186A70A6D0,OWNER_a522459033cd,770,95719C9A-9233-495C-AE0A-B29F6926225F
297D08BF-E7EA-4221-B593-41799DFD150A,OWNER_fac9fc37e248,2281,44A3B571-8D8E-46D8-9E35-B2A181435FE2
AB685D5F-FF34-974C-8454-C5CE3EC657EA,OWNER_c5ba687e3edb,2931,D2499E8D-0D11-46CD-ADA8-B2A5D945748B
A0699F62-D9EC-4B2D-9A89-E11F7E2FD17E,OWNER_10a2d1a07c0a,2503,969A35E0-1B1C-41BD-BE01-B2AAE7CDEBF1
602F96C1-7F67-4B37-B6DD-B531C210B0A2,OWNER_469da077b7ee,1692,5ED8B11B-08A8-41C7-865F-B2C5A3A3ED40
F0653F48-C6B4-4CF2-B0F8-276C1EEC426D,OWNER_e32c787cc2c7,560,BB348BDF-D3FC-471B-BE11-B2C65BDAA5C3
841D0E8D-7A20-4B9B-BF03-409CE334FB92,OWNER_ee00bff39e5e,3501,389DAA80-8C1C-4E36-986A-B303FAAD0BAD
96B6C62C-A733-49C4-B366-A77DC9528106,OWNER_9c5cd812fb46,187,6983F0D2-9404-45BD-9C13-B30B500956BB
43B9300F-8D7C-4868-9EF9-A7C6B4BB1307,OWNER_d7acedc1916c,2442,9F433471-9B5B-4676-AA3E-B3157B4811AB
01E02B21-18F6-45FA-B41E-6CC6BCBA8B22,OWNER_dfdb3e814354,1277,80919136-5D1C-4AB7-AED1-B32D758F8B2A
882D7CC7-DF73-4A20-9363-15356C288CD4,OWNER_1f3609a28c18,2405,AB4C9658-F3D3-44B2-8C63-B33DA911B787
9F6CF235-2369-4858-BDBD-25EDB0126346,OWNER_d7a9358019ee,492,292D822C-4D3C-491B-B6BE-B34B6504A91A
A0C2DB2F-E67B-0742-B145-2D593B81FCA2,OWNER_9273928ea21a,3290,9D9FD64B-F69B-4F7F-BDC7-B34BEDE85EDD
B8103C63-CEF9-4EAD-9B26-DBB9B835DD2D,OWNER_7545ebabc7d4,774,1444B663-A2C8-4111-AF5D-B3660F96E445
4D8A0F19-6563-4934-A06E-A67110556531,OWNER_e222fca7ec31,2224,014630CD-481A-46D8-B900-B3733EF4178F
B3D261FA-25EE-4F19-97DA-F74FBFE887CA,OWNER_4555e661e3e6,1205,BF564115-FFBC-4435-9E4C-B3778C9D3872
97CA986E-EE70-4AAD-AF5D-85BDA81EAEAB,OWNER_e701308b74b6,3635,8954A5B9-5112-4993-A282-B37EA9F6FD48
10224B54-CCE2-4B51-A747-CCF2C961C12B,OWNER_751e090ab481,1482,E9F53A52-4A71-499C-8E28-B383EE7C5C95
3D0AB9F0-EADD-4D20-A086-55CF5EB59B15,OWNER_e0ef3c8aeb20,2149,874AF78C-4CBC-4208-9D09-B39B48D84DA5
C70D4917-913A-BE4C-AF26-53F677573C23,OWNER_c6733495f98c,3282,0AEC3EBF-C037-46A2-81C5-B3C13839CA37
CC518042-540D-F04D-BE36-A6E300C5D320,OWNER_a2965dd52905,3371,29435EB2-35C8-412E-AB13-B3D8BA34AD01
42F309F3-05F3-48C2-A22C-623B45059BB5,OWNER_9c41fcdf4b75,642,D80A7190-B238-4761-90A2-B3DADF9FB730
072BCC95-231F-4B95-84C0-272C3E1DA474,OWNER_6da26c932d72,3570,DC788467-BC26-4E3B-8B84-B400438FC79A
4610CC06-0E0A-4029-8916-D40C3035946F,OWNER_0a950a37f095,3659,AF0DB965-684B-426E-AC36-B40D9D679C58
CB3598BA-163E-4147-B72F-F8D682BBF3E7,OWNER_faebdd9bafdb,1139,922CCBD1-1130-41D5-B7BE-B42EF3764337
5F59BD28-CA1B-0D4C-82F5-940032A7563E,OWNER_1888841b0814,3319,5B4B29AE-E271-43EA-BB5C-B43D1EB15FB1
DD03589E-B756-F54C-B059-5447C4C4EA7C,OWNER_4a6fbdca698d,2972,B87342BD-BADC-497E-A302-B43DD188C7BC
EB97A686-3316-4FE9-8B34-B2A2B23B9431,OWNER_ef8d054f7d2d,1607,29305DEB-C35B-4B7E-96CA-B44A5CA07916
E60F557C-B2C3-48F4-9059-565BBBBC9821,OWNER_3f64d867c4b5,1738,A4F14971-C787-45EC-9619-B4718D8F8D79
EE91E781-C91F-4A50-BF7B-5CB9FCE1B716,OWNER_0c80c93310b2,1308,9D13F494-A1F2-46ED-BFFE-B47238DF38E4
5B16AB0D-3E0D-48CA-8A14-3AA93274E084,OWNER_469da077b7ee,1653,2A8D074F-83E3-42B7-B779-B492BBFFFC1C
FA34DCE5-8898-4290-BB53-55664B60C6B2,OWNER_eee85171f586,1086,885E012B-A28C-4CF1-8346-B4D9CD8C32A7
C7FFE9DF-8A3D-410D-95AD-A5FB6A4D6F3D,OWNER_3d48741558f9,709,9389DEFA-95A1-43F4-AA3E-B4F9BDB83624
7D591DC9-DFD9-46DC-8738-C34A82816FB7,OWNER_9728d93b72c1,1840,1363009A-6754-4BAB-B8F0-B5651D707C6C
A4C1A2E7-85DC-48E4-AE6F-FD6676515376,OWNER_ec235cfb8b96,3147,126667E9-570D-44B9-AE4F-B583F4D2EEC0
39F79AA4-8536-4DFE-A53E-9C40FCBECAC5,OWNER_78565fad4c73,3468,3883B0DA-FC1B-4AEF-9C9A-B58A4277BFA9
3714EB6A-A0EE-4D49-AB23-63B153846497,OWNER_782f656c5cfb,2007,986511AA-AAD0-4377-B8A5-B5AC1485D1E2
F9CAC0A9-3D76-4245-975A-4D65C991C611,OWNER_02b38ee725cc,1726,34F68105-559C-45A6-BEB3-B5BD99240F23
3C6537A5-602A-4ACB-B550-507A9BB55C03,OWNER_dbdaa71f07aa,603,4150B5B8-192B-4021-8175-B5C1AD8F73A1
00FA8A41-5874-4C4E-AFC2-E364E379754E,OWNER_ac0aeb2eb6f0,1423,6E9B85B2-C765-48CE-A7D9-B5CF9643BA6C
F3B52089-96A3-4CEF-83A5-2775BB397BCE,OWNER_e754823373ac,926,2978B1C9-5B25-4D06-A209-B5E145CD930C
15AEA07A-1ACB-4491-9BDB-F689C4DE139D,OWNER_de7c42f9c849,1037,CAAA8109-A9E6-474C-9ED0-B5FBB03D60D7
243DCA04-DC31-487C-B891-0E54695667EB,OWNER_1f5291816934,3123,3CAAC5AD-21F4-4AF2-8351-B605CC5A6E53
75750F69-A402-4FEA-BD3F-8C5DAF91F30F,OWNER_e222fca7ec31,2222,6AFB1E16-C00B-4497-BF08-B609D519C1E7
4174970E-2DDF-4C40-A053-27039FE514E5,OWNER_9760604cc931,1912,EB5CD1CC-5BEA-472D-AAE1-B62BB11339A8
42B8887C-1C6D-44E7-AC2D-28403FDB6A75,OWNER_469da077b7ee,1689,FDDA33D7-F27E-4EFB-A80E-B639D8D0CB31
35EC1EBC-D67D-4320-B70F-5C26957F73DF,OWNER_ffeda965c851,2625,BF3A06A3-A1AF-46E4-8BAA-B63B5EAEEB2D
EF164FE4-69ED-4950-AAC2-9B09FFA00AEA,OWNER_e806734ae43e,606,B3F7B94A-D54B-498B-B827-B641D6C9B50D
E697BB64-A9E9-43E2-90CD-86D8604B795F,OWNER_73a2687b9a7f,754,134223A1-D44E-46D7-BA4E-B652A9D84093
DC0DDA05-6CE7-43F5-8E8C-FFCCD564D58D,OWNER_b6efc55f50d0,1339,39A30D5F-CA64-4EDE-9C23-B670CF047C6D
91281D12-E48D-4E48-9CE2-ED61136A0D92,OWNER_3afef3f65e07,1230,84FB4437-96BC-4B29-A182-B6A1F7B5C55F
B8DEF6F0-3140-1A48-B97E-BEF51AF3A7B2,OWNER_9a83853cf110,2832,CB84F583-5DFA-487E-87B0-B6AEC479E5A4
71C005D2-4963-4927-A8F1-4E622982355F,OWNER_c6b8e7047c4f,89,A99F18D1-36B1-43FF-9813-B6AFAEC3EE26
9DA27AF4-60C4-464E-9361-AB93106F2C43,OWNER_e222fca7ec31,2214,099E8FF3-FB81-4E9C-BBA1-B6D02860959C
E01D03F2-170D-44D0-8293-CA5122BF77B6,OWNER_23a5fa7ec84d,2037,2EF1B8C8-B13B-429F-85EF-B6DCBEBFEA2A
CA283DD6-3CD4-498A-BFCE-B37B9394FBD7,OWNER_e32c787cc2c7,1008,D5FF5229-E6F2-4A06-B0E2-B6EE01B72DD3
B53D84DE-A641-4616-ABF7-7378C3A5D3F8,OWNER_9a83853cf110,2716,27179F7F-9409-4BDB-BC8D-B6FAC6D50AF3
95A4C091-EFBB-47AA-9A21-996514B58B24,OWNER_dfd9e66d1ba8,935,7C16D640-8FC7-4287-9DCD-B70B519E0D2B
C0D22992-63C1-4ED3-B6D1-0F1CAD2980AE,OWNER_4c9e0122c96a,1809,679BB52E-3194-4257-9B55-B70DA7CCEA4F
2ADEEBF2-CFF1-404B-919B-C3571B8B0F57,OWNER_e754823373ac,1066,893CD420-CFA9-42BD-8CBE-B7118319A315
DF98511D-2BC9-418E-A0F3-36643EB59340,OWNER_cd7c68a317a4,3678,EB5C367A-D7D3-4E8A-A330-B711D359600B
53204FDE-8186-4E00-8B3A-03735AE6F2D8,OWNER_5b6f87f76061,1854,F3AB7B73-7AA1-40D2-9053-B7136ECB315C
BD4B0489-00B2-4A5D-AE6D-28C7204ABD1A,OWNER_54b9797f392e,718,7C5B5EBE-4D84-4BDB-977C-B713A2EEACF4
215A5D07-F724-4D1D-BBAE-2589E50557D8,OWNER_1e10e2ed32d5,1361,08EB9DCD-052B-4E5B-8335-B7194ABB00C8
D1749A97-CEA9-4B71-A772-CD9C336CDBDE,OWNER_65f245becb2f,2254,E7658A19-1846-470D-A9FA-B71CCA47AF81
C28E9F68-7F7E-4DAF-AD91-7F42D996E7B4,OWNER_2cd89c1a29b2,3091,654A54BD-A370-41ED-8410-B727BA840BB3
681F5A52-4CF0-4A38-8390-A555D1FA51DC,OWNER_b9a60c4ace2e,2306,4CC3E550-F03F-46E3-BB8E-B745E6BD056F
2B73B2F4-4783-4F73-B9F5-C78D781AB06A,OWNER_ac70cd4beb4f,785,1B1EE950-D5B6-45AF-A8AE-B75569689D11
44A2836D-4B7D-43E5-A8FA-EB47E4764672,OWNER_d7aabf0c87f4,2383,E2AFB2FB-0645-484B-A52F-B75B7FAE34D2
A6D24AD3-251D-43DE-AC17-B56E8DBDD64D,OWNER_08af181ff65f,1892,7473326E-4B7F-44BD-BF64-B78832A1398E
03E44F68-D75F-5D4F-ADC4-03DB40EE8BB3,OWNER_d8ccf350bd71,2964,B4D2F1B2-352D-4466-86D9-B79023CEC7EA
C62D65B4-9C6E-4C29-8B5B-2431FA67077C,OWNER_4312d40714a9,2070,141F4B5E-59AC-4026-B285-B79E86CE1DCB
92E0D356-442F-44BB-AA75-D6B6803EA2C3,OWNER_739d4818f2cf,3117,3A8019A6-9055-464B-99BF-B7BA5476DF28
15C56C3E-75F9-4294-B337-C52CEB07243C,OWNER_2e4f8c0daae4,2708,77580950-83F9-4BF3-9E1B-B7DDCB327F1E
8CE05187-F87C-4F28-BDA9-EC14A019E290,OWNER_e32c787cc2c7,561,82062A44-61FE-4836-93CB-B7E3BF51EFE6
F2E173EF-D085-4374-9BB1-F55BECF51106,OWNER_8b274d8b5d4e,1299,AC53608A-5237-4195-AD9D-B7FE670B2D0E
64632583-CCF2-42B9-8BD4-3F2A440965C1,OWNER_728528076528,1093,06E40381-5140-4567-9553-B82AA8C6BA1C
19E0DCBC-8C15-416B-89DF-44A07655A681,OWNER_65a29467838d,729,EB8E0152-3D64-4F4A-91D5-B830D4EBEF9E
50135E19-6C76-4409-9747-A29F30B02202,OWNER_35daf115efa6,2311,60F8BCC3-5690-4030-B3BF-B83186D813BF
091EEEDD-0EED-4BCE-88B7-9BB0E6957647,OWNER_554b9139aa45,1861,6D7657D7-24AD-4B2E-9861-B833B3EB2C7D
C3ACE579-4047-4F0A-A9D3-C693FD0EC6A5,OWNER_ee00bff39e5e,3503,44ED6589-6CEB-4A8E-B552-B83E5815B4DB
276324FF-7A43-4F78-8592-E818E68F951A,OWNER_b7eb955a3220,2089,DC63CEF9-D721-40CD-8A36-B8669BF0A65C
7107F10C-A01F-45A2-A690-8C256D2E5C0D,OWNER_720eab7c0fe0,199,E48BD4AE-E620-4333-BDF7-B866E0A7ED74
618AE265-6D2C-4CF8-B649-7EC61A12C878,OWNER_fefc1378ca98,1933,20E755B9-5090-4CAD-8CDE-B87B5FE0D963
8E4F203E-704A-4EDE-9208-64B8220FA162,OWNER_2c14991ac073,74,F8BEAFD4-07B2-4A4B-AC95-B882E1F63976
CE84B558-57FD-4AF2-A497-F052B3EC975B,OWNER_5f2f2a7fc3a9,2786,B0F12D6A-28D3-47FF-8BB5-B8982862DC3C
416CAF74-4D70-43DA-BAE8-674B66231E96,OWNER_7be2e07d1fbf,3127,992FF3B3-116C-45BB-B68A-B8BB3855FFA7
E7C649E5-AD9B-4F4B-AA01-25ED8AFF3B23,OWNER_fc3cbf4b5560,71,4A17649F-A31C-40A7-8791-B8DB86FB87DB
E39B13C6-2BDE-462D-95D4-606BD344B08E,OWNER_fb89a89a3408,1198,A9D55D38-0D57-41AA-ADFB-B8DBFE16E8CE
680C8CC3-137A-4FA6-B4DA-ED7FB14A2430,OWNER_18b7632e00ae,2168,E50497E6-83C2-4F5E-9C4E-B8FF73D0B685
D86968ED-FED9-4DA9-83A2-2003C1CE0136,OWNER_aea5c111113e,1894,9FA16676-6D52-48B8-95D2-B92664447E98
1D39697A-F7FD-44B9-A804-43A0F6628CE9,OWNER_b9d424edb4ed,2657,968E0C4D-46F4-4574-B39C-B92BF491DB68
C066BFF7-E618-44BD-AD3F-DE8402F0913F,OWNER_f05f18b33cf0,2381,C7ABC590-5034-4325-A185-B9300880C305
EB0555EE-4472-C54D-BCEA-3B40190CAB6C,OWNER_f476e7ce00e1,3760,199DB80E-DB64-4632-9911-B934D3EE53C0
530D3C7D-0A3B-443C-BFEB-332F516FC6FB,OWNER_ac0aeb2eb6f0,1409,B1BBCA65-FE8B-4AAB-8C2C-B93E81ACEF94
9BEE8F7F-311C-4D65-A49C-7C134267CBA9,OWNER_5d42b18df75d,507,2A6199FC-5F3C-4CBF-9549-B941E485A160
630EAA5F-D944-7A45-8D69-05EA3C3F9F19,OWNER_f7ef24d43243,2845,5E5BDC3C-FD10-4916-B507-B946EB33DCBC
8A495A81-98B9-4BBB-85F3-264F4A54B840,OWNER_0e331b4faa77,77,FCA24AA4-F391-4331-B648-B959CA0984FD
3C7AABF3-A3BD-4061-A336-5659072FE5FE,OWNER_7e2443b7fcc6,604,B1F09082-057F-4ED7-9A63-B9840BF0B83A
17316A1B-AEF3-490A-95F5-B53F80490321,OWNER_0e331b4faa77,88,A81F1E75-EE0D-4C6F-BA7A-B99A1A75F37F
85E1FC5B-6A2D-4FB5-97DE-F227CDFB988F,OWNER_d5cc5040c586,161,139D33C8-ECE7-40EA-8E9E-B9B525AB31FB
CA6AE2DE-E029-4858-89C6-45BD7F3EFA1F,OWNER_a1a8809dd861,687,2041D7EC-C6C2-459D-A272-B9B7027FE54A
8F117132-3D28-4636-905E-3CE12345839D,OWNER_ac0aeb2eb6f0,1300,AA51B7B6-79DF-4D1D-864C-B9FD2C0798F0
9C7C693E-E2B5-46DC-A9F3-6B892217AFFA,OWNER_71de9771f855,470,976B207D-393A-4DD9-BACE-BA1CEB9094C3
9B4D1EC8-03C1-421D-92DC-C7AA9DDA650A,OWNER_46074f0ea9ce,855,32428F13-E2AB-44DD-9BF5-BA381BA7B23E
8D1D4091-4B2E-4884-B1C3-A36D26E62F1D,OWNER_6745f6a9f433,1819,A6565968-0818-4CDD-AD08-BA4B7D62D20B
E2D246DB-59C3-4931-B149-BC916441E009,OWNER_7a55bada9bfd,2053,3DE95754-0B43-4028-AAC8-BA4D30B00FF1
1497D2B2-8875-484D-9D3F-47F487C5BF87,OWNER_6875bae20e1d,1831,28ADF88C-0A79-46DE-A515-BA530AEDE652
86234A16-11AA-48CB-824C-9BE3625FD782,OWNER_dfdb3e814354,1269,13016F11-595E-4678-9A51-BA63500F7DF5
0696822B-B4DA-4106-9A57-51BF5FF99107,OWNER_b99a944cf9df,2001,42A1A275-426F-4A56-BB70-BA6786AAF36C
811AC61D-12A3-4D4A-8036-4D8B6694C110,OWNER_ae3bd1278cd3,2907,55AF1E9B-E78D-4CE4-ACF8-BA78A2E72DDD
114BC41B-892A-4BCD-9690-F32EC1A59FD1,OWNER_251b356ecab4,140,6F4181DC-79CB-498D-BE88-BA7C04EB3E16
CECCC478-4EB8-4B66-8B9B-46655503529F,OWNER_0cee98c436e6,494,B58E722C-080E-4BCF-8AFE-BABCE4DC6191
1559B5CE-7815-4859-A439-DDE9DDE59EB5,OWNER_ab3fe52d9303,2174,BC453DA7-5565-408D-937C-BAE5D01D0DB8
1C471269-EB8A-45C7-AF96-6F3357620057,OWNER_d39f57988577,1232,DD91E6E0-2ECE-46BF-981B-BB3A8271BDE1
5026B017-1EE4-4735-82CB-DB7B4C941A7D,OWNER_3024d16c57c6,1890,313C0F91-1FC8-47F1-A382-BB457B2EC81A
301862DD-A565-4EC8-A129-670078E39C6D,OWNER_0bfe13ac314e,1950,7749BB63-6D7A-4BB2-9F70-BB56A174D9F5
FBB252F8-D36E-4529-AA37-D129E5035FB5,OWNER_a0724c0f03f7,1104,F6854B8A-0BD5-4C60-BD4E-BB5FBD8905DC
EA015D52-5501-4CCD-A4FC-56D5A1866645,OWNER_7971787d082a,1751,534F7DD4-498F-49B5-886D-BB66FCD8418E
E454FCC2-A184-4343-A5A8-677FE90C2092,OWNER_2d7ec80374c1,1880,80C2B5E1-9049-48AD-9BF6-BB6C670DA35F
C9834830-9D41-4B2F-8F34-2F74436A419C,OWNER_b92590580834,2366,FEF0DAB5-5C5F-48DF-A733-BB9FF06D8DB4
7B4E5458-438E-E847-97EB-001727670A43,OWNER_f5e409c7f4b2,2754,52957EF0-77C4-4FA3-B341-BBA328A1769B
69F6ABF0-ABF3-426C-B6C2-5FC0691279A8,OWNER_74e4fdf26303,2121,A74775B4-4B42-4EFC-B7DC-BBABE3730171
11D922B7-16ED-4AB1-802F-08AF8D7A9BF7,OWNER_28462ecd9b76,1011,AFC19399-2532-4F8D-B9E5-BBAE3DB7CC0A
7AD70F69-E319-4A90-BC5E-AC9B821DC168,OWNER_de7c42f9c849,1041,E67A459F-C8F9-4FE9-AA9D-BBB3D2E7004E
23A748ED-74E7-4D08-9190-E3BA9490017C,OWNER_bdd14e02ae59,724,35B48995-F53E-4D8C-B7B6-BBD636307404
9C78D976-1FF4-407E-AD97-03A9E2C7FE26,OWNER_14f64404bd7b,844,56EBC58C-11D1-4F23-9C1D-BBE809931079
A1869D59-B181-4034-9416-4D794B4D5656,OWNER_38cf3f20073c,124,5F923F1B-8514-424D-9590-BC14FBD587AE
156CD308-3449-42B2-A7C2-11C68D354F20,OWNER_856a1114895a,189,487AB531-ECE6-418D-8C86-BC19CC5939F3
564DBAE9-A465-440A-8FD7-F6EED5987028,OWNER_f13cb7207b19,260,B29C4D69-53B0-4AE7-82D0-BC2EEF00A214
B237CBB6-38AF-44DA-AB9E-386A994FF2A6,OWNER_986369fa92c9,1382,D7B72489-319C-470A-8C7E-BC478DB897EE
96D08927-CD6B-41E6-A081-489EFA68364E,OWNER_9760604cc931,1913,9E5F356D-9C50-48A5-8DE3-BC7E3A931EE9
8FE3D977-A987-4C05-8A6C-78A202FE5909,OWNER_fefc1378ca98,1928,551F8AB8-40DE-48C8-83D6-BC880B7D06CA
2599CC5E-CD32-42C1-8A84-3AB60B4C407A,OWNER_e754823373ac,1166,2E70D961-197D-4E23-83EA-BCB35C43355E
C0D0DFE0-21FB-824E-AD31-65ABE7C050EF,OWNER_56d04f432e27,2878,70B45944-71E3-471A-A4A2-BCBD1CBC4E9F
E51846A2-BB31-4E6E-B2F4-CC8C696048E5,OWNER_3c7b528becb8,195,5CD129C2-3DD8-4E5D-88AF-BCC7067A0DA0
C6A0B66E-F76E-6546-ACBF-BC42DDE04C65,OWNER_c5ba687e3edb,2933,17FDE2E5-A990-4BB1-85A5-BCE5710CD779
4E0913B2-F8E3-4DE6-8516-BDF017C59A0B,OWNER_faebdd9bafdb,1144,2ACA9ECB-C2CF-457D-B84E-BCEA71B32DDA
B0E6C511-F391-4E3A-9860-DDE87E9380A0,OWNER_1536c7085da1,364,125FE269-E316-4A52-84D4-BCF9B467CC02
F56EE9A3-28FC-4BF8-8025-D345CA35C928,OWNER_edbb1e1b0186,1668,B121E6F3-A41F-4C47-B2E3-BD260D31ACAD
86C98995-91C0-4E43-908B-F49BA3373959,OWNER_fc3cbf4b5560,72,9F16F242-670F-4012-AB03-BD37E573206D
458E9CB3-3EF8-4C97-8CEB-3DB037A4ED5B,OWNER_4312d40714a9,2077,B1396C93-5D7D-4A43-A019-BD6F173B3F2F
F0101A6A-18F5-42E1-A4FC-18148A5BBE8F,OWNER_150d184ee300,631,D0E01F93-3291-4015-B3E7-BD7016EC1108
EF9F53DD-12C7-4F87-9234-FC04F5B8802D,OWNER_896eacc71783,501,0E7E993A-05D6-4620-A47C-BD7278F80AA1
2E57F756-D30E-774D-A12E-29A4FCA19113,OWNER_c2a9d28e6e9e,3267,6C12F8AD-476B-41F5-8698-BD7996A10870
7B0B2DFD-E289-4B70-A891-620DE480E78A,OWNER_7bb9be4fadc2,2393,AB9DE00B-4A89-4B2A-BD41-BD89418EE6A8
39D7EAFB-8F38-7C49-B122-39E72CA023F9,OWNER_2fe40d176524,2758,AD676DB2-426A-4F7F-936F-BD8AE16D5FAB
9C3ADA52-97F1-4FC0-8FA6-1708E9688B90,OWNER_ace482b3d127,2385,9B298E56-3836-4B7C-8DA1-BDA5AE071A01
3CB30A5D-A78A-1A4A-9A92-4AE516C91A71,OWNER_3a1303c92b80,3022,AA312541-9394-4EE9-9655-BDA6356F9E56
4140C150-7318-4560-897E-20B8744CFC6F,OWNER_62520163dafa,450,74E54F80-D107-44E7-A3D8-BDA6DB7ECDFF
FFFAF288-C19A-264D-AD5B-1B88E3FBA58B,OWNER_34d29160d900,3172,D28236E2-8EF7-4C17-B3E6-BDAA68980F0E
7A97E889-58D9-4751-83C9-61B4A72F376C,OWNER_a18473b86e4e,1391,24C82AE3-438A-439C-A5E9-BDD6453C36F9
71607345-B5DE-488B-BF51-6511B5531DEB,OWNER_a0597e3d04be,2299,27129234-DFB2-4507-BE1A-BE183AD3DB54
8A1A7665-CD98-49A4-BC3E-41B5994CF614,OWNER_7d919c41307d,1963,4715E928-AD3F-4CF2-84DF-BE22FE03A6D6
A085362E-F853-4627-B79B-8D306FC86772,OWNER_de7c42f9c849,1051,F8AAF997-3069-4833-84D9-BE3CE2AB2A89
6EF3EE3C-808B-4002-BEB1-DEA87B6EB6FD,OWNER_46512faeddaf,671,0E558854-E66E-4650-993D-BE3E3FB1D894
ADDA62A6-3353-420F-9948-4D8212B7BE36,OWNER_5e6ce79e7033,3649,A231649F-CEF1-49E5-BFDA-BE5413E7D4B7
8B9B278D-D9DF-4F9B-A464-568DF24831AB,OWNER_4e33db93c7da,491,D6268F6A-4FB1-4D39-B7B9-BE7B1A0880C5
13320693-ADFC-4684-8E0E-AC122D563154,OWNER_655ab6c97488,2339,DAE28883-CF9D-4222-959A-BE8A059EFB20
8BE969FE-0238-4808-9CE7-795FCC6DF666,OWNER_dfd9e66d1ba8,522,F31C6EFB-4386-476C-889B-BE9103147D0E
A919EC52-AB5F-44EF-9EE9-A89E854A2535,OWNER_2805cd2edcde,2532,E850225B-B8FC-45F6-B53F-BE930C41BD77
477E22FF-C33E-474A-8A6E-5ADBE2828B36,OWNER_e754823373ac,1163,02DD35F1-0DC1-48F6-95DD-BECF2B7E0004
1300F4EF-8A83-4D6B-912C-834A9C84DA96,OWNER_5ea3ec0cd99f,1261,60845C4A-9D2F-4615-AAB8-BED641E91481
B9AEE7D5-E88F-4D60-9C05-6246A45C5B67,OWNER_c59127bb914b,3909,737888C1-38EB-4680-B9F0-BF1ECFD3467A
DAB28367-4AAE-455A-BE91-1D8AB20C3CC2,OWNER_c583b885f8af,860,B100B0DA-4414-4FCF-A1F4-BF29AB0E8DA6
78178A64-0798-4B18-B19A-A323EF33C0F3,OWNER_9033676363d6,3603,0FC80BDD-98D6-408A-9206-BF65B4241DC8
1ABA0EEC-7A5A-4C89-AFBF-C6D54C266893,OWNER_a831637a6199,367,51E8A4B4-9878-40F5-83F8-BF6D9434D670
B9A440DE-E8D7-4415-AF8A-81DC0FCBFAA6,OWNER_fb93bff72cd0,549,0D5A394A-F108-4E44-B28F-BF81F7EE2A8A
6C2D5B94-9DAA-4470-9A82-CE8E4ACEFDCA,OWNER_c3b924208b78,528,12E88D99-DCD7-40E2-AA81-BF87E629039E
193F38E4-BDBF-482C-920C-80FE4BA142DC,OWNER_49d3e3366717,1923,73ED391A-E6A0-4FA9-9E65-BF88ED942B11
2E8CF3DD-F7CA-488C-9511-FFF6DED387C9,OWNER_bce4a6d6abb2,2280,08F91568-734F-4812-B13D-BF90EBE4F5F9
57C9F0C3-9044-A34D-8537-A92C674D45A4,OWNER_783b10e08595,2977,65A0686A-861A-4D4A-80ED-BFA706909907
E4D5BE55-7F4B-E944-9964-5FB64EAD8E47,OWNER_e60c16c9f3b8,3431,586FF100-4991-4270-9BD6-BFC025F60BDB
F13C3F8E-EEC8-4441-BC83-A7AF76D82FFA,OWNER_544eccbe20ef,3917,A595409C-35E7-4B56-843A-BFCC416AA724
692F3A6F-0A47-6D4E-A69A-8AD73D935CC3,OWNER_6c45b34492c5,2837,E86DA62D-A134-4208-A63B-BFE89FF56F4F
33D9F956-FD54-4B35-9480-95B2E7968877,OWNER_a3ac8b98f0fc,461,D9234F3F-C23C-4065-BD32-BFFDB6EFC9C4
710E864E-E27C-49A1-838E-F39ACC85ED06,OWNER_b5ee3efa490d,3569,FCE5ABB7-E3F6-4AD4-946A-C03CF7A58CF1
2DA5D1E9-7D0B-4EF7-BA80-CFA129E07AA4,OWNER_09d7110b7631,2127,D4187D86-671E-4A53-81A5-C05BDC4A786F
FFB212F8-6813-4051-94AA-0B4376D3300B,OWNER_38ad68ab1ef3,3699,98E445F4-2C87-4506-A350-C08158BADA84
FEA1FFB3-EE93-4C34-8221-684641A4F4EC,OWNER_10ac6189912c,472,3039F95B-A6CD-4E70-8D5E-C09827F6B0CC
052F0AF3-1088-4A50-ABB1-71ECFF04C83E,OWNER_597b0bbe2afe,477,E813783E-094A-4FA7-8D91-C0AF70348D37
964E81B0-F6B4-4840-9393-2A23431B4A58,OWNER_f6dc41d7b35f,1575,A870BAD5-FE56-4B8B-BCDB-C0C43CBBAD53
082AAD69-A44F-44CE-92E0-A0B98CB3A13F,OWNER_826bdba5a89a,1095,E63121C2-E6CB-4BC6-B439-C0C9E6EB2767
FCDA0F3B-0FBB-AB47-869D-894B8CFB897D,OWNER_f9344adc92ad,3535,9C71880C-2824-428C-A647-C0F725F900DB
E750B002-A3A5-42F6-9C69-4ACEAFF356FC,OWNER_49d3e3366717,1925,08CAE702-6BD9-4B1E-BED1-C0FAA1B4F0F2
38F64077-6229-4DEC-B576-D99B41AC9213,OWNER_6875bae20e1d,1832,DAC439AB-1495-4AF1-8E81-C10BC52B3312
5CBBAB45-9757-40FF-A1CE-154C925E2D5D,OWNER_88f5eb9a5b70,2431,E9ABF1C7-8553-4A36-9C8F-C152B9148BD6
31B8B579-B05F-4AF7-8B96-84A5F36F0B79,OWNER_7be1c811647b,2435,8F07AA48-F6ED-44FB-B155-C1724A29826B
3EE3CC83-C48C-4B2A-B6CA-EADE6F8123D7,OWNER_52b3b64b6109,1756,4628CA86-FBCD-4B2A-BEC3-C180F084F2C3
10401FD5-BFF7-47E7-9182-8541FF3A6EB0,OWNER_c9f671f460c4,1158,79CF81D5-4887-41A6-A380-C1823834DDD3
E933481B-1AE9-48F5-B223-550EA3892395,OWNER_ccaf3c4e3567,1995,2951FEC0-AB60-4D99-A134-C19B2F997095
7B33DB26-B8C6-D54F-BAC4-21223EE8C127,OWNER_ecd59c87da46,3032,D11F120B-800D-4505-8D94-C1B9A98B217D
FCD9D68B-EAC2-4111-A5E2-4D9A2DBA1715,OWNER_b99a944cf9df,766,F3F0B003-AD4C-42D6-A994-C1D71D3CF7EB
B383CD3F-824C-4212-A517-440B29472788,OWNER_a3678dc164c2,1897,B2A2B812-470E-455C-A280-C1DC1161E10A
E6881C8F-D0E2-674E-BBB5-AB22F066E045,OWNER_1888841b0814,3314,403F57EC-2133-4A8C-A173-C1EA25C95593
AD213DCD-A654-4FC2-861B-7BA229DD9350,OWNER_d920b48925a3,2373,6C3AAC81-2EF2-4874-A1EF-C1FD532CD9AF
646EE0CF-EB66-4CD3-B25F-4547315ABDBD,OWNER_21252b60aeb7,2421,F968A6FA-E9C2-45F6-83CB-C2032D8DE654
0F01ADFA-E0AE-4EA9-A5A0-FF15DC691F88,OWNER_dcd573101a2b,1624,4C3B0EC2-CA92-4595-922E-C21AC972F4E2
D76541C5-9257-4306-80FA-B44492F02229,OWNER_e90c6f5f6edd,1874,AF0801C5-B703-4F86-8F1B-C23363A74963
4C805E12-7D55-4ED2-996F-105B65E296DA,OWNER_ab3fe52d9303,1564,170A1066-B62E-4140-8266-C2574E1F401A
DBDA36B1-30ED-441A-828C-23AEBFAC81BD,OWNER_4926a6ec94d4,547,BD9B6097-FF7D-4F3D-B2D6-C258E7872A98
4204CF51-A7B8-4CE7-95BF-58D5E2CF5BB3,OWNER_cdd63d090319,1189,B46F2EB1-09E1-4657-95F8-C25B72D76216
5EA0FEE7-E988-4145-870C-92B4097A63B9,OWNER_469da077b7ee,1693,F6A4C7E0-A8B9-4FEE-8EF1-C2B09B56E745
49B0E749-F4B8-491C-92F4-FA37C0616CF4,OWNER_eee4d43895a0,1940,ACD6BB06-D016-49D7-8BC3-C2B0AA073E5F
522806B6-2FF9-4637-909D-50F27A0770F5,OWNER_05cc6aadb8ed,1969,2D42CC11-E5F9-4627-A50F-C2BF0808E89C
B25E5F42-8738-4019-83BC-5C1C3DF2F309,OWNER_8aae040fb8b2,2623,B1E941E5-8776-4FF2-A78C-C2C20F3F414F
2A37F932-761F-4852-AFAC-0F2C2392FA0A,OWNER_d5c3cd9215ae,3704,1EED857B-1A0F-4336-A759-C2E672825B98
CB7E9E49-F6D2-4586-BA2D-0A628EF493CD,OWNER_e754823373ac,1082,896075BE-0D34-4B47-B570-C324FBE74973
508E2DAA-5CF6-4BFC-A1AC-BBE7E55FF004,OWNER_5cf0d2f1cf35,1987,B46E7413-EDF0-4C48-BC67-C33E3A74173F
C981E4A8-DA50-47C9-B975-27964F6B3D1B,OWNER_deb57bab1542,1012,071F2884-5F39-4EF9-A080-C343020794FC
ADAF3B89-27CA-496F-9149-FB045E2A8AB5,OWNER_1e1b80207e05,1576,869657C2-0185-4BAD-A40D-C346C25470C4
659AEDB2-6AD7-449B-8A46-661572DB6797,OWNER_0db51951d46c,1220,98C90083-E39B-4709-B5D6-C35C97FAFC3A
C6E9D2BB-F0AB-4B4A-B56C-DAE7E197A6D2,OWNER_63cd709a1aa0,681,357D0750-D0D5-4CAD-BF4F-C37375158442
A4A529F7-0FB5-4638-BAEA-11CAF3A16415,OWNER_387768c3170a,2684,0790206E-AF6A-496D-8B08-C37A5A0FC868
25EF5897-A443-468F-8424-5B8A167D5009,OWNER_362cdbdccc36,775,B43D091D-32EC-4EEC-AFA1-C38FDB4C10CB
87D42DBF-2B3D-C844-B8DE-DFC1BC3D6632,OWNER_09c540f96e38,3683,DC3CDFEE-4940-446F-8174-C3B90AD8DBDF
68468FA9-B357-F84B-8D8E-909B00AE6C7A,OWNER_c3d80bad6349,2743,A7E3F0E2-837E-4209-A465-C3B936668859
B395CA28-0594-468D-BBD2-A801B602F5C5,OWNER_ab3fe52d9303,2178,415714CC-058F-4905-AA11-C3BE013110C6
9C12F270-A1C5-4F24-9560-70A734C89B3F,OWNER_de7c42f9c849,1050,688F0927-78A7-42CE-B674-C3CAE3163B3A
38BE0F2D-F0FF-4CB3-B4B2-263EADCC1EA6,OWNER_2fafe65cfffc,823,C7FE688C-7978-4962-85BB-C3D4629C30F0
5FB8C7C9-6202-47A8-BFC7-D48BC883AA65,OWNER_4c472e190776,2595,3FEB15F5-0489-44BD-A7C5-C3F5244B6911
83E2DA12-B863-463A-933F-A3A00992A8FF,OWNER_ad88984b670f,3157,572FBF0E-1F5D-4B48-B1BF-C3F67D58490D
A700FC6B-2735-407E-8620-02602F544BA8,OWNER_e0ef3c8aeb20,1786,5B469B07-1A7E-4888-A942-C4428422F59A
B839A4F4-DF65-4FEC-93DA-37F20FC97BC6,OWNER_d0de03eff9a9,226,095879AC-62A3-4A3B-A1F8-C449D4BEDB10
798944A0-9044-47BB-B4CF-EA8A2FAD8DD9,OWNER_e06b612b138e,1456,0481B15D-22A4-49AB-B168-C46A8DF034B1
54ECB602-BAAC-47AF-91E0-604CEE224DB8,OWNER_bb7f0fe27498,3566,59445829-0168-491A-939D-C47B73E14FF4
20D599F3-9C74-4A53-BE5C-5FAB7DC4BC70,OWNER_20fb2559b3e9,1354,4392D556-E047-4113-A7F0-C488FCB0F10E
C87AC57C-AB20-4109-9DD4-C07AE461F6DB,OWNER_e3b7a7ca14f5,167,5A79A9BF-49AD-47B3-9FF4-C493FA71F273
0EF7640A-F460-41E8-B17E-6262B33CC2F0,OWNER_7d941f5ac87b,959,D6DD9BAC-7C00-4864-A0A5-C49B40672E99
B2CDDE70-6B90-432C-BCC3-5099E35D9F2D,OWNER_c31cfa753fd3,1864,7C3DC5BF-646C-4BDE-80F8-C4A3BC6830CF
01E607C5-5EB9-4365-A618-ED8091BF8A69,OWNER_331cf1419c66,2426,D50531F1-A35C-4F5F-96FC-C4A807992121
AA42C021-14BC-4B79-A188-7B0CFD4E0B54,OWNER_05419161a0f2,963,CB575341-06E5-42B0-B39E-C4B5D1F59D38
85D8D6BC-7720-42DB-98E0-84593E9133FB,OWNER_042a06a21e21,1549,5839103C-9912-4939-82BF-C4E856C59B40
D48F6FEF-2ADF-48B0-A343-64A2E179B349,OWNER_a6dd1d704a35,3388,062441DF-A46A-4D49-B50B-C4F9FC9EB338
CFC9916B-3D6B-4CD2-A7B0-DCFBD4FFF4F8,OWNER_456c1416fbc5,570,8ACBC211-EB36-4A47-A336-C4FAF90F1A0A
93F67B47-33C4-463D-BF57-2E73217157E9,OWNER_bf675bb81844,2401,D5B11EB0-26A9-43F5-93EF-C4FE26A22C40
76532957-C161-1748-B372-38B6D813BE36,OWNER_ba40a7e87bdf,3171,A5AC5112-E956-4997-90F2-C51A60CC847D
C1BC0010-FEB3-41BC-A4B6-587B716E0CAA,OWNER_78565fad4c73,3469,259D17C3-26E9-4DFA-BFD7-C52A8FA46043
72AB0E16-9115-4B38-99D7-CB6402DA1197,OWNER_bb8ae8cc64d0,1622,779272BB-C4F4-4CF7-8C1B-C52C938F38ED
9EC3FE4F-89A6-4F66-BA23-F85695B2816B,OWNER_4c0191596d4c,780,F72618F0-0926-4243-9CBE-C545D3E8AD54
5711980A-1A4B-4E23-8055-2D6B748860F6,OWNER_7083230dd7c8,2474,539FA0AD-78AF-451A-BF2E-C547F1E194DB
4E1A5531-153D-4C58-A098-76D24AF42759,OWNER_de7c42f9c849,1038,584969D2-FA18-4756-AF75-C54E024D33DB
4F9EAE0A-2906-477E-84BC-5031B2CD7B4D,OWNER_402dccca4109,3510,5BB4F890-E6FD-452D-8FD1-C55157B7F5A9
9D0F9AE9-E125-4B1E-AC70-8584F9D70987,OWNER_8fb2088378ec,3550,9A109576-C149-4EF1-BB4C-C55526DF78AD
8CAB498B-F243-47F3-A864-2A831F8F7E23,OWNER_0179870c08cc,826,6E74DBAF-C6C8-413C-B0C8-C55D6B7F78CA
7DAE8740-FAFE-47D1-B21D-92607F6EDF9A,OWNER_05419161a0f2,962,E94E7345-FBEB-4C1D-B5B8-C563FD8E02A6
C7BE2E8E-7555-4D7A-AB53-A1DFDC08236C,OWNER_05cc6aadb8ed,1967,9E7EEF53-CE15-43C7-AA15-C58A8BA576A0
0F8852B5-4681-4BCE-BF7E-8FD613F2014F,OWNER_7762f7d12700,1588,B0B6DE42-399D-425B-B489-C58EEF3D1F4E
481C0B58-694D-426F-8C84-F6FFD5897180,OWNER_3d7804ba2573,1487,D1A3D325-9475-492F-9B41-C59776C78BDA
FF949937-38BB-40A1-83E5-3C7709AB1F78,OWNER_aa1b1e744c8a,325,BC0358FD-1F87-4173-BC36-C5C9D7678F3B
45C18A4C-B541-4AB5-A8B7-1D8185A12C5F,OWNER_61b113351c0e,694,02FD58EA-E08C-4DD7-A470-C5E04CDBFA02
EB06E97F-5D33-4F28-AB7D-23885A1AA54B,OWNER_0bfe13ac314e,1949,889B41CA-B552-4E18-BF7E-C5E1418AB5EB
98AC4288-063C-4C3C-B565-127FE08145D3,OWNER_8e55589d262d,1569,4887C2FD-1EDD-4E13-BBC9-C5E75FD7F07D
73CDD058-29CD-48FC-8E23-EF46060661C0,OWNER_3e3d336bab4e,413,52FD9719-E9CD-40A4-A4F4-C5F1F282B2A3
F5792A15-3242-4644-8444-601869F59BC4,OWNER_a8d6756b04dd,1826,78131AF6-62F4-45DB-97B8-C5F2EE31D33C
A66D02E9-D84B-4866-8321-D23ECF7CBF46,OWNER_1592b1161a40,3641,91F642C1-5A66-4700-BE91-C603934C0914
B4806316-4DF1-4CD7-BA8D-C705839DDE5D,OWNER_cd2eaf7c7b43,287,05999C94-0196-440F-8C62-C60A9B83AC50
95C951BC-8B95-4608-91E1-F1F5F356B767,,1534,5DEAE08E-E2C2-43DD-A300-C639528B3ED3
47B6AE27-519D-5E42-899F-72528349F4C4,OWNER_df73cbc5ca47,3764,D87F094C-8F09-4F55-8548-C6414B06B632
CE41097B-5F34-4E25-A59A-6EEAEE93F0E8,OWNER_a9b433c90f31,3592,F89C7F52-4850-4BE3-AC71-C641653E15BC
62175913-1BBC-4B8A-A0B0-D7D19EDA5F64,OWNER_826bdba5a89a,1094,4B456ADF-CAB2-4AFA-A956-C67775CCA018
2FED902D-EACD-48FD-81C4-03AF5C86F648,OWNER_7a55bada9bfd,2079,A3C3F34A-B4BB-4DD5-B3BA-C67CF92FFD64
CF791242-EAC7-4D06-A7CB-C2BC3A69E25A,OWNER_c488e627bcd8,3506,8A20097A-43FB-405C-A2CE-C6B8177A6EA2
07DDB254-2830-428F-8B6A-C2E23B80A7AA,OWNER_c4128de3de58,2344,D769516E-B714-405F-AE06-C6CFB7557A86
4EABB479-831F-E64C-B93D-30895ED715D9,OWNER_f96ce5cd0250,3437,B114F454-AA3A-4E3A-A21C-C6E114D11D26
8F6D180C-3592-4305-8FC9-24C220BEA93C,OWNER_a0f31a393f01,1221,5AFE0437-57CF-425C-AD0E-C6F21D6A5FA1
32A8B83A-E7A7-40A4-B9D4-BFB2692CB76F,OWNER_97bf6bd86ad0,1733,28AA4E5F-4EC7-440F-90BE-C6FECB0673FC
F45F0152-668E-41E6-8003-6FE543B58F6D,OWNER_c4debbcec1c4,1838,6A65B06B-50EF-4A99-B457-C71F3B30B6BD
A3E356E2-0DA4-7A4A-9FD2-9E93D93E0DEC,OWNER_2ed2d25cdcaf,3076,264F93FC-2084-456B-B59C-C72A38B43403
9F118B31-2524-5E44-A02A-77B6A470BC2E,OWNER_9b7622921ff4,3411,3FE26C1F-E664-48E6-ACEE-C72AD35FAC08
3836E746-D35D-4C5E-BCD0-A7299AFE3A59,OWNER_ab3fe52d9303,2175,7A05AE1F-1097-44A3-ABD4-C72D689D5F68
3046E5BF-24BE-460B-8BCF-2A74866BD489,OWNER_16f65385f63e,2198,ADCB690D-B924-4ACA-8475-C72F6A7885FB
C0D46ADC-38E1-9A48-A49A-E1BD4C2E54AF,OWNER_be274ae270eb,2971,7146F037-EBBC-4AB2-864D-C7322101B1BC
A5205583-51C4-441B-9839-05C7EBD9F2FD,OWNER_b6efc55f50d0,1410,27179B2E-2EFA-4EED-AB3E-C74253EA77BA
167BAAF7-B01A-4410-AF2F-5C0F01B25B6C,OWNER_8977df4acf05,3925,FD4687A2-EBD2-4258-A276-C75BA1B9DBCC
D540F39E-88C4-48F2-ACD6-3AD6DA1AED1E,OWNER_7d919c41307d,1962,08B40452-ED96-42B2-B235-C76E6AFCEC0D
C7C08BDF-0709-4D98-B6A3-E79DFEE9634C,OWNER_4163815d90a3,648,71D5AD5E-C77A-4E19-BE51-C78BF2632D83
AB509DE9-1DEA-4F67-B9C3-644B6CC282E2,OWNER_dfdb3e814354,1420,1AE01378-36C1-4DAE-96D0-C7A9878B12E3
8F5F6A5A-EAD2-4E2C-86EC-F8A0BCD8DA9F,OWNER_e222fca7ec31,2235,0B9C7B74-55C9-4B17-8E6B-C7B4B12E2B41
20184ADD-09D9-48B3-8B4F-01C4AED397EB,OWNER_8d2b1792aca1,1593,A84194E6-D261-4C9B-BFDD-C7C2FAE9B4C1
6D6EA85F-1D07-4CC9-BB3F-955C347CD803,OWNER_11a7a40fa31e,391,C50CBF02-0B82-46BA-8F63-C7CCEDE8B29A
C5EE8079-8820-E149-87D7-AF020F253676,OWNER_821a0aa08630,3406,2968163B-8006-44A6-8DE1-C7D795765988
61565E57-13FC-4CE9-BA41-5AEC059773DF,OWNER_c3b924208b78,531,F0CAEAC6-FAA1-420D-9B40-C7E9E0E03FFF
DF6690A7-4D27-4F98-9B33-AF61A7E76C7D,OWNER_e754823373ac,1124,CF2BA856-924C-49D8-9A61-C7EF5C837EBC
E075290D-3DED-425A-9568-75AD264921C5,OWNER_8c6fd23a70e2,2821,1A9BADB5-F579-40F1-8A9F-C7F412933314
64C29248-A831-4EFE-A8B0-C9A76C46A41E,OWNER_4fb77642ea09,1887,4A6D9C3D-F3E0-4B7D-8B24-C81268D6AC6C
22EC1AFA-94FB-46AB-9090-A35227C482F9,OWNER_469da077b7ee,1640,D6A1AB1E-32EB-4E81-87E9-C82BEE05705B
C9C84D32-6EDF-4136-BAEC-2E4E34757898,OWNER_7679a0a84d7b,192,77DE43C3-1A91-4D47-8CA5-C84A1378E006
A97121CD-BE59-437A-8255-C40F48696E04,OWNER_2d6c1cae2037,440,46CBE9D5-7CA7-40D8-9EAB-C84F5ED749C4
A4CB6724-084D-EA4C-870A-DEF5BDE032E1,OWNER_dfd9e66d1ba8,3190,B4C1F122-9C44-4230-BA77-C85238DE77C7
0A1B31F9-3309-4AB9-9C6A-17764505DA45,OWNER_e32c787cc2c7,992,FB7EAB7F-F5C0-46CD-B52D-C856AB74E37B
445A71DD-EC29-48FA-8AF4-9844F3C52D88,OWNER_913ae51754ba,1771,51D33EDE-037A-4911-BA60-C859457E21DF
928E1A15-1944-4579-BA03-81EF37BB2275,OWNER_4559bf693385,2437,F02211C3-CA31-45DB-96A7-C85B56588A5B
2CC0D5E3-AC2F-4245-A569-C94440E955AC,OWNER_4095c2234929,1762,27A64BDD-477F-4D5F-8119-C85B58A8156F
E2E2F000-40B2-4764-A222-8ADFD9DED5B6,OWNER_0a92d80f7878,3577,2CF5D87D-DB9D-47E1-A49C-C86563E28CE6
D4678D6D-84AE-4EE6-AC82-E36427F847C5,OWNER_e754823373ac,928,B905F742-7A3C-4987-A660-C8F26D273746
740CC007-7B2C-4E1A-8FF6-5D3A80F1687A,OWNER_a19e374f28d9,151,0D777EA0-D45E-4E19-B882-C8F4B8F04E00
8F0994D9-7EB8-404B-B3C3-356B268ABD98,OWNER_a3893e9ced78,2855,9F70B90B-742E-49AF-9369-C8FAC58968D4
B5459120-784D-4BA8-B428-651E3614C262,OWNER_9a4b274220b8,722,E67E835B-D2D6-41E5-B9F6-C8FFB9E69798
02B85597-5341-41A1-84DE-F0C946BE6F24,OWNER_cd2eaf7c7b43,333,0F82682D-E644-4DD5-B3D8-C90A6D19800F
31EAE94B-C101-43CD-8873-DC0FD60B796F,OWNER_739d4818f2cf,3121,6AFC4B5F-17F9-4653-B96F-C916711EF429
778EB1A7-ADCF-49E6-9DF5-1C4610F5C999,OWNER_1a987195533d,285,5C04608C-C863-4EDE-9C70-C91897A8A137
BEBDF3A8-8EDA-43B4-B2AB-64D62CD47B8C,OWNER_e0ef3c8aeb20,1883,F05479C8-D958-4719-ABC2-C91D2839CD52
4EBF83CF-8DCC-421B-A44F-4730CCCDCA28,OWNER_60bb73a0d836,392,8C642DF2-C548-414A-A3C5-C92A713D5C54
92D9F2A5-870E-4768-B4F5-94F9D6F2B27B,OWNER_7083230dd7c8,2477,A5BE5AFE-9053-46B8-A36E-C93E1BF74960
760DC724-DDEA-40E2-B8D4-947105F280BC,OWNER_bd8c3ca75249,381,E03C4D2F-B2E6-44C5-B279-C95EB611664F
7146752B-2CDE-4436-84DD-6AFD5C424CFF,OWNER_5c27df12cc67,1508,FB97B6D3-CFFC-4C6F-9EBA-C9B973A0EC2C
F6701314-5FDC-9246-84C2-F13D9F757C4E,OWNER_c5ba687e3edb,2929,B56A259B-FB10-4147-9287-C9C27DF5D7EC
F87C06DE-2CAB-4FD3-BADF-70C2A0800010,OWNER_74f2adfbd1f4,632,01C599DE-49DC-4CD5-AA33-C9C90182AF46
2C5885AE-1F8F-4D40-ABB3-665D154514BC,OWNER_7762f7d12700,2153,13CF3CBE-9EB8-42BE-8E75-CA2568315EF1
F0F2305E-0444-2247-A7AA-9604EB68B676,OWNER_3a1303c92b80,3160,1D973944-329F-4EAB-855C-CA2643B9F60E
6A07E549-E532-4FB6-A38D-CABB3120A383,OWNER_5f57a04af556,341,A24BCF06-8179-49A9-9C5D-CA32277DD7B2
70BAC473-C0FD-4D90-B943-9048AE432FB8,OWNER_ccaf3c4e3567,1997,69487EC9-FAB2-442F-B8FA-CA493DBE7324
0B7EBFEC-6B0A-494B-9C42-85927DEE7773,OWNER_ebb677a3fe00,2371,93B7D082-A8F1-4D87-8F7B-CA5CE034C577
EB14125A-9C79-48EF-86EB-4630736250F7,OWNER_a7c5dcdd54b5,1807,24EAB644-4824-43AC-A980-CA74205CE84C
56260D2B-2700-4A3B-8D6C-13D93892732C,OWNER_f939bfa0a19c,112,CCA43DB2-9B29-4044-9B12-CAA1026B9D6B
EF665A11-F5FA-42BA-B6B3-9F6CDCCB22CE,OWNER_0ae05ab558b9,1254,6E2FE9A2-720B-42C7-9AB8-CAA2C8895D33
55870324-169D-42CD-ABB4-DAD3081E0B27,OWNER_aa3e8022d201,3604,A1157E67-6BD0-4EA9-83A7-CAC1447C25C0
C1D3811C-7263-47E6-89F7-AC58B8E440C4,OWNER_b7eb955a3220,2093,939D01E0-A2D2-499A-91BA-CAD5CEF8CC10
2E7E4582-DE59-433D-AD4B-17869776B39D,OWNER_2a55cc18a9ea,1785,F4BE833F-13F5-412F-9F0C-CAF23FFE3C7F
330153F7-FA22-4B99-9E75-F8B33B97D945,OWNER_e60c16c9f3b8,3698,6DE9D6FB-E1E8-4007-AC54-CAFC7B90E4EC
A8455280-AD52-4B1D-946B-3B5ED7CCD684,OWNER_e754823373ac,217,A9C3AD00-56DC-4027-8FA7-CB0F2CDC6961
F5150A05-2D2B-49A4-99CE-66670CD6137A,OWNER_1bc8843fece6,1283,9ED3964D-269E-4976-BDCC-CB16C29422E4
57B969B3-10C7-4547-A0CB-3E6634EA3359,OWNER_b86cb2256e89,693,78ACC49A-6A4D-4BA8-BCA9-CB1ED4D3D52D
F044C743-1FB3-4BD2-96D5-02721880B572,OWNER_eb92f7042c43,2424,C1AB0339-2582-4E9A-8B76-CB26BBF08D40
EFEF7E8C-7DCE-41D2-800D-44474B9C69E0,OWNER_5a387d50f506,1770,DCFE417A-3752-4311-ACB0-CB44DE7065DC
8ED4695C-E8AF-4A0C-A6F6-CE2B63784BE8,OWNER_84ce52781961,1590,57FC2F3B-F607-4C4E-B41C-CB6446B9B247
D296E58C-D372-41C2-91E4-56B5156F03AA,OWNER_b0d354ac7798,186,F9C5ACD5-FC8B-4B87-B161-CB661414CE65
3CE54A32-D30F-408B-8F25-4CA8283F9173,OWNER_ee00bff39e5e,3493,8B0499A9-D084-4921-AD8E-CB6D0C9CDDEB
EA666ACE-0EBA-4167-8315-68A4C44E81E9,OWNER_7c70d9d79f14,2495,A6550EA5-A0BF-4488-BC02-CB7BECBA09C2
BFA92DA2-D31B-4E89-BBDB-6DC32B4845CB,OWNER_9404ac08aea8,1208,91560861-1DBD-419B-922D-CB8B3D58988E
5F1DA2A7-A59E-4448-ADC1-DCABC94100AF,OWNER_54c7651bf7ac,589,659EB20D-9ADE-48E8-9506-CB981F254838
262C85A9-3EA1-40A8-A992-7579F182FFA3,OWNER_469da077b7ee,1630,6A3ADA6C-9998-434D-A2CF-CB9FB24CA956
C53A7A6A-9BED-F244-98C4-01F0260C7E7C,OWNER_ddc244907693,3759,165FC6B6-545F-4433-86B9-CBA488E5B454
C4597125-439E-490D-A233-0547C5C825BC,OWNER_20b7458aa7b1,275,E8FC700B-7721-4455-935E-CBF5B740505D
253966CD-5877-4E7E-AC33-55B583AB6BD3,OWNER_469da077b7ee,1700,05EB1361-99BD-4774-B259-CC3B006CC7A9
AAF47EB5-8903-2B41-850E-666138D40BB1,OWNER_a13c4aa429b4,2901,E489F752-ABAB-4E7F-93D4-CC6EB4889A69
7A25B0C4-C61A-462E-9484-4A00DF2DFD46,OWNER_52a69503581a,2136,F08172AC-47CE-47EE-B64A-CC7B9B486E30
13417C81-27C1-457C-91AD-0B81B7726682,OWNER_78565fad4c73,3465,85348D55-BEB7-4133-8153-CC8BA399886F
EC0751BD-04E6-1E44-AFE0-03567455059C,OWNER_3265b1ac56a2,2881,DA434D4A-B3E3-49BD-81C0-CC99982B791F
8B086F7C-BD23-4E8E-AFF8-F384648C03C4,OWNER_469da077b7ee,1686,98F8CE99-55DD-45D2-B5CF-CCA4903A9359
24B4C0BB-EFBB-4986-BAFD-79826CC85B24,OWNER_16ba92473ae6,1579,DBE599DC-8819-4655-BCA9-CCB41B5E69C1
B76B56B5-AF01-401D-8F65-3227985F5CA8,OWNER_dc1cc8b9b0c3,316,40B1DCCA-BBC2-4E8C-A54B-CCF3417CC99B
EFEF92AE-4DB4-461B-8339-C9AFC3B49611,OWNER_ccaf3c4e3567,1996,3334BC85-D5A2-49B3-AE97-CD03E0A19848
8FD4E62D-430D-3C40-845D-1ED6E99B6689,OWNER_d8ccf350bd71,2963,38D888BD-6712-4D75-9A8A-CD15188118E9
13D8C061-BDA0-4E07-98AB-E032C41AF1FE,OWNER_a9981fbc5897,3589,8FAD37C2-C681-4FF1-B61C-CD1D982293A0
D0073921-0625-4BBA-AFD7-23659D8FD647,OWNER_469da077b7ee,2188,32B79CFF-AAA7-4BBD-A716-CD2294C61BD0
541D722B-439E-43D6-B6CF-113A77EE2FAF,OWNER_edd4182c6330,465,D0E212FC-2FE2-4FAD-8AA8-CD412C104CF7
7E24B467-EB25-45DD-B555-2C3B04469B69,OWNER_c3b924208b78,530,DB9C4654-553B-4CFE-9F4B-CD450531E50D
8FE9F323-F23A-473D-A9FD-FB8388785266,OWNER_fa64757aa890,1206,F1B27667-0231-4466-807C-CD4BC412F919
C1EFB409-909D-A046-9FFD-D80C4D22E4BD,OWNER_e60c16c9f3b8,3418,E71897AF-9A42-4B5C-B030-CD4E64ACC158
AA405EB1-2A2F-4D4D-B58A-7AC7831DD4A1,OWNER_faebdd9bafdb,1181,130D9E64-F2FE-4D37-B311-CD779BE63E18
EF790357-D592-481E-B4DC-1B7D335147E0,OWNER_2184486d69f6,1730,744CAA10-87CF-4662-9367-CD7F15AF8E45
34D79B1A-0CCC-4AC7-B36B-4C458E61DD24,OWNER_225871757871,3916,5DCB0144-0A24-434B-9D51-CD8641DC7629
6064D92C-D3CB-42CC-AB6A-AA321F677574,OWNER_0bfe13ac314e,1947,F3946D29-C74A-4FCE-9ABF-CD9DF938392F
D5B1D848-7829-4952-9455-A10415B7C99C,OWNER_337d0ba435f4,2103,3FF5A4C0-E075-4EE8-BEB9-CDC56DBAB1F3
4E5F210F-AD59-4F03-91C2-D29F3A8C3CFC,OWNER_be00e195f9c8,2518,26FAE829-B622-47B7-90A5-CDE590D23B5F
7BDA130E-72F5-4E50-B340-40BA184F7110,OWNER_4cc8a86ce76b,2501,24FA0C4A-5313-4CEA-838D-CDE6A77D8A1F
1F96A368-5B05-4C70-A47C-235C9813F4E2,OWNER_9f211f3a77d0,5,E1B9FC0D-0C53-4D2C-9E12-CDE92E0BEE26
2403E709-9164-4FCD-93ED-1E0A36857FB4,OWNER_e41a716a7ee1,2202,C3530957-21C9-46F6-92F5-CDF11C1082A3
4724570A-32AC-46F6-AF29-A9DB3162FFB2,OWNER_cdd63d090319,1191,D340A5D3-1050-4FF6-AA8F-CE09585123BB
F0E121F1-E27E-407F-BF1E-16FA7A387E05,OWNER_de7c42f9c849,1039,D5DC96E1-51CC-46F8-B771-CE0C2274C446
BD279744-6840-4D7A-A336-099D1B479F62,OWNER_b2155f7448c2,2529,2F4C83DC-C2C6-4022-96F3-CE197A0AA4A5
C7C9FA06-C79E-4A37-91BF-C722F60E00A0,OWNER_500815e27c73,1848,ABEB16E3-AE72-44CC-83B7-CE3F31C367BC
EE50E198-B99C-4B97-9D76-91392261A1AC,OWNER_7bf2d40920b5,1618,29DD5642-8CD6-4DC4-B21D-CE753F29E159
0993E5E2-248B-4198-B3B3-8BE24D4F08A7,OWNER_469da077b7ee,1642,E8EFC2E2-A97D-42A0-9E4B-CE7B2AC2A6EF
BDFA756D-CE86-4D2F-9483-F35ED6FA919C,OWNER_84ce52781961,1591,897189E8-DFDA-4C7E-86EA-CE7CB5FA02D7
DBA4723D-05D0-416B-B2B3-356CD862D881,OWNER_eccbdbe25059,2400,12833024-F18C-4E39-86D7-CE90427F482A
1400EC07-A9C3-4307-86BE-91DB466B8ED1,OWNER_4e33db93c7da,62,094BEF0D-0855-4AAB-9807-CEB620967F15
A20D0547-062A-DE44-9B5F-002E53A4B116,OWNER_f06048932992,3309,55536119-4933-491B-99D9-CEBEC16C0643
7D05E59F-8836-4CA2-8AB9-E9F6C2CAF550,OWNER_826bdba5a89a,28,619A1818-846F-41E7-8D9C-CEC38DD1F5CF
B1BFAA9B-9602-43BD-AD63-CC5B6B2976E2,OWNER_a73e6c75a904,402,525B4B8D-817D-45D3-A4F4-CED68DD0BE37
164AA873-DC2F-4A21-93C8-EC280C4DD2B0,OWNER_43e5384d63e2,1999,19B06E40-AD05-4473-A9CB-CEDB4E88A1BE
2D533ED7-A475-4BC8-9A6A-BA73D98255A9,OWNER_794d9a26c2ab,1764,9D887EE8-CE65-425D-A4E6-CEE042FAFA4C
4CFAE8C6-9FC8-4133-8E7B-A0BDAF77096D,OWNER_2dd28d6be0a2,1160,9073B19C-A6F8-402A-A58D-CF0366806F6A
DCB9281A-425E-4E65-9BC7-1BC6CD4144A5,OWNER_a73e6c75a904,401,04CC9EEA-DB23-4A6F-BAFC-CF1504AD5988
92D6F864-015B-40EE-BA84-808A14CA2E2E,OWNER_e754823373ac,1120,C5B5D5EA-4656-4EBD-8130-CF41CE974D13
ACD0E15C-FA84-4AD8-A9DC-F5F20B04AC79,OWNER_ae961d00745e,3111,E3955BE8-CAD5-429B-B147-CF544C533ABE
6B853E8C-760C-4144-B6C1-4A2B89561787,OWNER_50951e0d1831,1538,A6232486-718B-4073-B52F-CF555E899345
89055FE3-0455-411B-917D-D0FF58EC0FF4,OWNER_78fd5a5da6c5,2466,8E8FC5DC-AAFC-4B48-B00B-CF6CE58F6385
2D641AD4-7B1B-4FB3-A81B-7895E9743AAB,OWNER_a0724c0f03f7,1103,F52C4EF8-495A-4203-8366-CF81F251A3DE
AC7B72A7-B453-4CB4-907A-08999DAF3F2C,OWNER_8a770880baf0,2640,4AAA7B70-B211-4500-BE53-CFB13281284A
CA082328-3676-4064-8264-E146C1B2C32C,OWNER_38cf3f20073c,128,3590D04A-A860-40BE-84DE-CFB862CD9B03
0A4586E4-012C-4499-9878-73833E0C4724,OWNER_17736ab0697b,1808,0527B3E5-EA00-4C3E-9659-CFB8D994EF96
0D1FEBF0-9658-4604-8EC9-E3DAEA9752FB,OWNER_7ed12a8d9802,954,53B99A31-D612-4460-9413-CFBECA009E17
56872222-E09B-B344-BFD7-83C2947D56F4,OWNER_327f1eb24b3f,3436,3F920126-8FD3-4893-9DA9-CFC43BDCA5D6
785F1B0B-1CA2-4741-8493-5C6B149BF26D,OWNER_bb202ca693c2,835,40CE2F37-11A5-4C2A-A2A5-CFE0FBFD3236
AC9411DE-81EA-504E-9FFC-2B39B9D174F8,OWNER_19eb9c96f867,3177,267AD47E-29A4-4D7E-8CE8-CFEE277CCBBD
A36308A5-D67A-4990-B153-F717B73BAC5F,OWNER_b9d424edb4ed,2662,21E15C17-7953-422F-B449-CFEFFE23839F
3A1A990D-0DC9-404B-BDF2-75FDECC6056C,OWNER_b25287d27fc9,2713,12D28437-DD58-48B4-B24D-D00CD7EDC879
3E0414D4-A5E1-4579-9E00-8E3A1B1DB923,OWNER_ce7d921b14ed,634,56F13C24-6473-4994-8963-D01D2DA89AC1
C2E2075D-A0B8-4B4E-A6EC-963FD5E81D50,OWNER_9bdf7f3acb76,3384,103ED7E7-EEF8-46B5-9128-D02F83A2E666
8D42FFD7-1636-4B41-89D7-8D29EF10AC36,OWNER_4312d40714a9,2112,4BB0398E-2C6D-4150-B0A7-D032E415F314
D22DF9A5-6EB2-493B-9CD4-8B9B2452F1A1,OWNER_71de9771f855,44,AB5C2C98-F636-48D3-AC0C-D03CDC55A29B
AEE432A6-D428-468A-BB6B-2A96C06AF368,OWNER_4312d40714a9,2071,0836D421-815F-4624-863A-D06D9F1E88EC
E415B371-4505-4DA3-A059-2E9F5BAC9E14,OWNER_dc1cc8b9b0c3,315,EC176749-5CBC-43EB-BD8E-D09DF5F225B3
9D440C43-ED0B-4DF1-B1FC-C51A70B6165A,OWNER_792fcf0844c8,1145,1BEC60C8-E87C-4283-8382-D0A09D3D88CC
C0261E0A-A8F0-4D1A-BC1D-49DCA1EC77F8,OWNER_74768a486833,574,301C184B-8DAC-4EA1-8880-D0A15F1FEBA8
651B0230-2B43-4068-9400-D521D192CC5B,OWNER_0ce3a4c4127d,1800,977B76B7-C1D7-47EC-93B1-D0FA6F973114
A745ED3A-6AA5-4A7A-8EBB-68C1D619EA9F,OWNER_a48be5b0a503,1829,1B6212DB-5959-4AB2-BBC7-D10AEBD6A4EB
208F758E-C13B-47CC-AD88-B1B5E18502F4,OWNER_78565fad4c73,3461,5373772C-D3CA-456B-995E-D1143F29E17F
553B32F1-8B16-4D55-AF58-10EFF3F4FDB2,OWNER_1ef856e33fe2,1285,CE16C453-4BD4-4701-A369-D122C86A6CBF
61F01C17-F9E4-4FD9-A66B-35A44A4F1644,OWNER_f80a0b323a85,717,553F90A2-D961-471C-AFDF-D150F1663946
9639BE89-AD8E-4FBB-8485-E62FBD2157A2,OWNER_759cbde2697b,1602,B3391424-67BE-4913-960B-D17EE7FD1212
000748F6-2DFB-45D0-853B-0F94131C42D4,OWNER_d10437be2394,859,6AE38993-AC63-4250-902A-D18001DF88C9
8F4258D5-0ED4-43AF-8CC4-AEBF81D23D8E,OWNER_5c27df12cc67,1509,37459172-D818-4341-BBD9-D1874124DE49
6BB76A69-47C9-4214-AF38-9BB1AF1DAF33,OWNER_9cd67913130a,422,416BCC0D-2337-48EC-A87D-D18E87B41170
B764E1EE-077D-476C-8E8C-E4F70855BD2B,OWNER_341895f663bd,1520,7D12D3AC-EA17-42B4-9984-D1AB6BDA2813
D09EA2C9-C241-4429-8FE6-03D11A175553,OWNER_8120671d4849,1548,B638DB51-C94F-4309-8E99-D1B128D016BD
71E48428-77F6-4A9D-AFDE-3D5D5D639C85,OWNER_48c23fea151e,2282,B90DA7A9-50D5-4A05-906C-D1CB0B74FC9C
3F527717-00FF-4EC7-82F5-D8EB8B32A432,OWNER_0a64e5c1ba6f,2720,98C19DF4-7E29-4D7D-8168-D1E38C874751
6973A2CC-134C-40E2-9CBF-7B3749AFEB09,OWNER_b57ff094e1aa,1132,8253266F-056B-4568-A94E-D1EE2C87C3CD
BD9CA865-C7F6-4ECF-8599-FD35A147B0A8,OWNER_a5b18a306928,598,6E4F7DA3-B907-4B43-8DAF-D1F1CD1E639A
8292F368-D369-4AB3-B70E-75176287DD26,OWNER_19eb9c96f867,3174,274E1294-DBF0-413A-A484-D20AF9E6FA72
CDD8F46C-0FDE-47F6-BC70-27C126ECB0C5,OWNER_e3c5ecc13fb4,443,1235CC3F-594D-4E7F-B398-D21D232A9C25
2BED1547-3D28-4AA7-8C0B-09C0A38D8A44,OWNER_561fda679339,2635,F7F3BB0F-4527-45BE-97B6-D242E34F009A
26CA25AD-FE6D-4122-BCB1-6BD871AF8763,OWNER_4312d40714a9,2072,79F84E22-B2CF-4D1E-A896-D27206DF2C61
5097480F-579E-41F9-AAA6-CB10D93AF2D3,OWNER_4799945e166d,2017,90391E72-BEA8-42FF-B9B8-D2BE47A8AB24
B2B38EDE-5123-344C-B204-8F507F63F525,OWNER_8158f22cd20b,3182,CE156A40-C86D-4EC7-AB8E-D2E5611D66E8
98CAC8BC-305C-4D81-829C-138B4C72EBBF,OWNER_6b77629f39e8,2114,771843B4-C98A-48F3-89D5-D304380624E9
EF3370A1-8CE5-4ACA-941D-F869F89B1B35,OWNER_b25287d27fc9,2683,B6322443-106E-4A00-B5D5-D30BCF1EDC97
0180CC9E-B0B8-4E60-BDDD-978E25ED62C9,OWNER_78565fad4c73,3476,686BE228-13D3-45C9-80C7-D31C40FEEDA3
3257D8D3-4A68-4F4D-85AD-986D4AFBC3B6,OWNER_cbc79a5fb76b,3184,14E0A140-DC23-4CED-81D5-D3233D729B7D
7EF150D7-E268-4DCE-ADC6-A11F6A31330D,OWNER_402096dfbe5a,2024,2E9571B4-7348-4FF8-915C-D3254DB4AC56
F114804F-4E0A-4249-9F6A-FA24BC8BEBA3,OWNER_341895f663bd,1519,7E54ECFA-A684-4A18-9C68-D32728DB6CAE
74082B4E-62EA-442C-934E-CC82A1BC04CA,OWNER_e32c787cc2c7,1005,DDD0E6A9-0432-4542-8B45-D3283D284873
D17359B2-B3C5-49FE-9A11-B88C993F26FF,OWNER_97291c9d8651,457,E57E0833-7064-473B-97F9-D33416626616
A67C9BF6-EB76-4E60-8F14-54E79FEBBD5A,OWNER_a0d6ef691de6,306,6FCF2E00-CFF9-4E00-A163-D35B12C80163
B1CB1490-CF74-6B40-A330-408EB521C9FF,OWNER_a958771f441b,3758,F7F7C80A-3143-4C95-9863-D36B938D203A
996D92C9-0749-4AA3-B276-E6A636C05537,OWNER_e83c3939f4aa,3674,0BF3B0D7-C9E1-47DE-AE4C-D3871A83CC63
946EFFDC-1265-45F5-8A00-D9F1C828C8E8,OWNER_92c844b39daf,179,3AA0BFEB-2327-4A2A-BD20-D38EEFB966BD
D6FA0C62-92F4-40C8-8827-5D2502AB0909,OWNER_38cf3f20073c,222,A16DC762-FD64-4BFB-B1B7-D3B51E3BB0E7
CC86E638-22B7-4CAC-A665-FA08DDD8C0E9,OWNER_fb4dd1686dea,1135,97EF1C01-E31A-4BD5-A341-D3D1ED2610A0
4AB199B6-7310-411F-98BF-DC12F60380C5,OWNER_07425326e5c6,1437,6B1912B7-60A7-4AEB-8CF9-D3F6C84FB7E9
57DB2F28-1A81-458C-801C-ACF66CAD7BD3,OWNER_e0c8e52e609f,3643,BBD89D57-058E-47B3-BD0B-D4025CDAD357
C4FD9AED-F4A9-4EFE-85A5-3D45A4F5913A,OWNER_5a95d8ffba98,2026,E9AF1D81-CEA0-4BEA-A721-D40DCFFA2F08
3A755C08-35CA-4229-BBCA-E1809E44CC04,OWNER_f90857ae85be,791,EB751D19-1842-4CD0-80B4-D42614DA73F6
2364FAE5-21CF-465E-95A2-ECE37CEA7895,OWNER_43f7e13f55c8,1777,D970E38A-6594-4748-BCF8-D48267F5FF92
16BFB01D-9572-41CF-8511-B1173ECC9B73,OWNER_cf0b2becc41e,940,70990BD5-B91C-43BC-A26F-D4A5CF86041D
07CD27B8-4F0F-484E-AF91-87F1694F9BF0,OWNER_b7d112100954,1784,8288D1EE-2E1F-47BE-9A58-D4AF78B3DA25
DCAE5EA8-B9D3-4D1A-A360-EA2D22CD3993,OWNER_469da077b7ee,1658,D86542A3-09D3-496A-B4A6-D4B4B2B2E509
1B368EE2-D515-4F52-8B33-1DEFA2DA376C,OWNER_e222fca7ec31,2210,A5A67CED-E81A-415C-A9FA-D4E41492D739
BDE63C7F-464F-43EE-BACC-58E0ADB5865E,OWNER_d1f191602005,2238,01451535-132D-4FBF-9976-D52053DB99D3
4934FC37-DDFA-2545-AFA1-1C51DBCB305C,OWNER_df73cbc5ca47,3762,CAFD0FA7-230F-48BF-9739-D525EE471DBF
6BB42CF8-CBCE-435B-B169-FF5DABE52A28,OWNER_37deb666631d,1552,97E3FABE-4058-4EB5-9DEB-D532241EB835
448A6E87-2E5A-40C5-973D-286AC3D2FFC6,OWNER_069af9e11e70,317,BC6F74C1-27B0-41D9-9FB2-D54D4D45965E
F67A16C3-3591-45C4-BAA0-51FB1FB4B3CB,OWNER_751e090ab481,1262,F40188FE-A3B9-45B5-AF86-D565FC941959
BDC85576-9109-4002-8CEB-152186183D87,OWNER_89b78f966dc6,1539,FEE29D35-9485-424D-9FAA-D56696A91E10
162E6DE7-38FA-4B53-9823-335A8EA482FD,OWNER_bd7a33c469fc,25,806EAF19-6CC7-4497-8BAD-D575E5914A87
1897415D-13A3-4E99-A13C-C3C627BE666F,OWNER_ef3ae2f377fb,1540,2ED26219-0AFE-4C9B-83EB-D57BA15277D4
073177AB-D78A-4A47-873A-1C3CC21FAC3A,OWNER_b927e09f47dc,3756,DB1CFC93-CF57-4E8A-A9F8-D57DFF1FD3AD
1A9A9B95-53B2-B24A-A436-C5B8EB6F5E04,OWNER_3a1303c92b80,3010,8A393B82-0E8D-4FD3-92CF-D580D6ED63B2
55BE3611-7A8B-456C-81C0-5FBE4E5EE9E8,OWNER_a50346e44874,2420,67FC5F28-9520-4397-89FA-D59381560E8E
ED4AD07D-F161-48BC-9FC3-ACAFDC091CC6,OWNER_b2b2fe8e7441,414,AA5A4B46-6C7E-46E7-835F-D5969B0DF054
4EC0FE4C-7C6B-4EC6-B00F-3BA641D1C5A8,OWNER_9500e91f0236,1769,257F2AFC-6773-4BF1-894E-D5A0BCB6A3F7
FF435A16-C228-4B28-AD7D-1832E159EC03,OWNER_751e090ab481,1439,29DE5C53-5DED-440B-9D64-D5C9DA0473B1
A6663B41-E75F-4ACF-9DB9-A79CAE4BFA82,OWNER_035a35ab2fc2,1525,CECFFC18-F656-4A5C-9C5A-D5CD019FD1CD
45DDA77B-9686-4033-BDC2-66F0FA596372,OWNER_42c2f80b6a73,1234,D1779977-27AE-4BD4-827E-D5CD38AC76D5
4952439E-805E-4F34-A802-67E6A32573F9,OWNER_1775de5bb579,3516,D40B5173-A399-4D93-BAFB-D5E061700378
AECF614A-2637-43A8-992C-7B70FD74DC2E,OWNER_ac0aeb2eb6f0,1467,C8605CD8-F523-4730-8564-D5E75E7847E2
E1A3BBD1-2923-4C47-90F1-A86C96B13912,OWNER_5f7d7092c62d,379,FAFAC8C9-DEA0-40FA-B58D-D602DEF8C4BB
617396B8-3C46-4597-9714-4A053079013A,OWNER_c3b924208b78,532,A91B078C-4B0E-4E51-B046-D63BD689E634
CA05E076-B356-4D84-81F5-C5E1270A61BB,OWNER_b03631e1effa,13,0F14843C-A6D5-4D6B-86B8-D67AA3449007
EBB68281-1E60-4E97-BDF3-DDE80E9C43B7,OWNER_ac0aeb2eb6f0,1356,86349B71-8D82-47AD-8B74-D6820AC4BF59
B1BFB4C0-E3CF-4822-9D89-24AF5FD7FDBA,OWNER_b5c243f1b4b9,1153,73B68F6C-E34D-4141-9A99-D69FC6CA6ED4
906C0AB2-AB6D-8441-B552-17937E612863,OWNER_3a1303c92b80,3012,E4CDF965-AE0B-4F75-8498-D6B896D0F13B
5DAF6A4A-7FC0-9F43-B860-872B8A66937A,OWNER_9273928ea21a,3292,3D8989EF-CBC5-43D7-A981-D6BAAEA3C33E
ADA8C90B-BA73-4253-90CD-FC7139DE13AB,OWNER_e754823373ac,1128,19C03AF6-39F3-4082-8BCE-D6BFD5214B17
05CB12DD-3E70-42F5-BB6D-D7A0C6DA4826,OWNER_469da077b7ee,1701,4984D259-90FC-4E78-965C-D6C10648D978
D3218632-CD4C-476A-8AB7-C8C286FE2780,OWNER_9568890f7dba,1310,5B8B656F-B54C-44C2-9868-D6D6FF1C13FC
79433152-350B-4A42-9DDA-FD4C664521D8,OWNER_a77618880f0b,1899,2C1885C3-4B70-4D9E-9791-D71AC20068B2
00F4562A-E6E1-B54C-8929-BE4A92EFE8B0,OWNER_e60c16c9f3b8,3422,690E5F0D-B342-4A0F-BAE2-D728278CE25F
9E7D8771-EDE3-49A8-9847-DF38D9A69EA3,OWNER_123c029ea694,2450,30A63381-06AD-4C57-9C1F-D73CCA465A72
6B7269E3-E0C3-4A92-A756-B04EEF27F3DD,OWNER_6fe9a68da0b4,1856,098897DC-D8F3-40E3-BE70-D7531EF111E4
698AFD6D-BB03-B748-A387-FD5DA9DEAFB8,OWNER_8ae4daaa99f6,2779,586E29A8-1DC0-44CA-AABF-D79FFE1A194A
146ACC73-F59E-4AE0-A392-89CFEEC0FE20,OWNER_ee00bff39e5e,3502,684889A7-C6B4-42A8-9DCF-D7A22A047CD4
D8CFD5C1-149B-482F-B38A-1F4EC6BA7A4B,OWNER_0e331b4faa77,87,F42D462A-9C39-457F-914C-D7A3675C4D41
D15FBA66-0203-4A93-B337-F4808FE41E71,OWNER_06c95db68489,659,7517473B-552B-4E2B-A840-D7C1F91924EC
D97166B2-8F49-4E34-B0C7-20A6CCAE6D0E,OWNER_31f7a20c9040,1611,620F821B-24ED-4E49-AA97-D7CA0E7E68AE
82FE4BDE-114D-4261-8419-35F5C2ABA5DE,OWNER_1775de5bb579,2323,8B033D63-5011-406B-9411-D7DBE250F5BB
43B54BF6-83B9-43E4-BB9B-3A475B070D21,OWNER_0f8251f16109,1152,F56FE088-9C5A-489C-940C-D7F4F124035B
9078BD91-7EA9-4F29-9C5C-8B889D9BBDD2,OWNER_cb4748f8cb81,289,85E2660F-8E4B-4CB8-8904-D7F971BF37E5
BA835066-8A22-4AA8-A6DF-79347B22D8AD,OWNER_e222fca7ec31,2227,688AAF13-4063-4EF7-AB4A-D808C537D86A
7C6CC33B-6E63-487D-9910-928FC1D23472,OWNER_d39f57988577,1231,6A980B5A-20C3-4F6D-8A7F-D80B20F590D5
556BF7AC-6AD1-47FA-8554-42DAFC7B38C9,OWNER_73b4f04aa130,1817,12278739-5168-487C-B088-D82800872CE3
5085833B-6211-4138-9C84-5EBE6B74AA02,OWNER_f924c9294421,633,B458C7AA-2371-4E0A-9E1F-D83DF95B6936
8EF62DC8-A673-4680-9B08-79B3CE3790B6,OWNER_1264fcf34a0b,2721,488BCC25-B036-4331-81EF-D848A0C67252
5DA5796D-39BD-46D6-B4E1-017897EEBE0D,OWNER_d8df3fe0fc85,3579,C650EC2A-BD9D-41B5-AD6E-D84C8F261953
030A1EA0-3EF8-F048-B43F-9FA4A39BC6B5,OWNER_79f68cda3d28,2975,A25ADD95-D03B-4786-BA12-D84F5A5FA487
BC5328AB-BE8B-4ACB-83AF-B23CBC0324D3,OWNER_745ed690ca3f,1616,18764933-AC89-480E-9BD7-D86093CCCAC0
6348788C-CDDC-447B-9526-3BBFED8B7A5F,OWNER_d68b983fbf7b,2425,18FBB9E4-54E6-4917-A166-D863379F0828
3E87059E-1A5E-F14E-B599-5CD8157B5A55,OWNER_0def80f7d3d3,2916,C52BFC11-E212-4C0D-9EEB-D86990F7B9C4
AEA6A22D-749A-4443-9D7F-94A294634935,OWNER_66ac8b4d9803,2105,948F65A9-B2FE-432A-85C4-D86A4775EE6F
92EDC76D-6B1A-42B0-BCE9-8D48F1E4CE32,OWNER_de0503192beb,1350,C05E3228-FFCB-4DE7-8D1A-D87340F5F3CA
9717B1F4-DD7F-4BED-B5E4-25F612589D84,OWNER_dc629150de79,2788,37B0D179-500E-4FD9-ABE6-D875567DB00A
524B5320-997A-4CC5-869C-CD299B6840A9,OWNER_610bf4ed7730,736,70CBA57C-2197-45E4-B6AA-D87ED9B30299
1BE73890-8787-4870-ACE4-9AB1C215D3AB,OWNER_71de9771f855,2293,DB3D07A5-32D9-41A8-8CEA-D89D9C30EAF5
62F70238-6D9F-43F9-8748-55BFB467074A,OWNER_de7c42f9c849,1019,55E49108-BAD5-47BF-8CAA-D89F84EC1661
F97789B6-F3FF-417E-A213-31C600E3D668,OWNER_e32c787cc2c7,1002,3D9BD090-5249-40D1-9351-D8A6AB006491
3BD6404C-9DBF-4CF9-9AF4-E48B075CC9A9,OWNER_8b0052f20ffb,3151,5A390889-6727-406C-B5FE-D8B2DCFE582B
3A158893-CBB2-3548-AF4E-0EDC3E99E567,OWNER_554c9f314025,2983,918D439F-86C0-460E-A3FA-D8B8014600B9
D94CDBBE-7F26-4D9E-94B0-CAB39ACFF11F,OWNER_5d73af2e0f41,1399,BA122C38-4199-4991-ADC3-D8BEE66295EA
EA885477-27CA-4190-8635-D1567FBB4A66,OWNER_e7a150529a2b,2641,C77C02D7-C051-415D-A77E-D8D6241EB474
5B9F9BFE-728D-4B94-8A9B-D0865984C556,OWNER_5a65215bbfdd,674,F0644E8C-FB88-4867-A5CA-D8E12E38EF84
2E548420-3411-4C0A-9166-46E5ED70F62B,OWNER_71de9771f855,48,B17AD588-4F64-41D2-9EAB-D90AD0F4DF97
760C1E79-23AD-4B39-BDE2-32C4A377B4D1,OWNER_78fd5a5da6c5,968,3E74BBB9-2B11-437C-92D6-D92C59C8B85A
A58A4648-9BB0-4FDC-8D53-9FC3B3AC0D94,OWNER_4312d40714a9,2075,A5510B10-5A39-456F-8CE8-D93E5C0F6E27
91FAC538-F54A-410E-8478-6B81AAA5B42A,OWNER_1d310e79809a,953,B60401A3-380B-4EB8-8E1A-D95B090FBA74
F3E62101-A034-488F-8CD1-1D86252850EB,OWNER_1a661f5b94d1,2359,90977F22-F607-4B61-89A4-D960039EB975
C2A75031-048A-446B-9BF5-396E50531973,OWNER_e3b7a7ca14f5,168,C090F515-7F69-4E62-8DA8-D979AA554278
3297A216-5ACA-4460-9F6F-DD4AB379BACE,OWNER_4a1cc8951807,573,FD0B48DE-20CB-41A7-A4C6-D97E4A2B8D71
30D7189F-E12A-4508-997E-A693E98AC455,OWNER_ee0ace682697,2548,308A24DD-A6FE-40F6-BA17-D9931F260A03
14A6C1AE-E60A-48BB-8944-E32A0039150C,OWNER_e32c787cc2c7,1009,1EECF723-1C9D-4167-AC9F-D99523B099DC
E98BCE19-A015-4F8C-9B24-4C2D0DB3ADF6,OWNER_8b274d8b5d4e,1260,90315696-EBEC-48B2-8F23-D99DFCDBC36C
0D5728D1-0140-4B8C-A8EE-B38956778E2C,OWNER_7a55bada9bfd,2054,E1ADE542-6BF7-44E5-AFC2-D9A911F85A2F
3B69C399-0FC4-4102-BD6A-62C576A7FF2B,OWNER_5e6ce79e7033,3650,156EB9A3-FB7F-4736-894E-D9B7F9241E4D
D648F971-B93D-49EE-A76C-DD3B19BD7122,OWNER_7083230dd7c8,2478,52019B58-AACA-4103-B693-DA04EB4BC01D
648C1198-2BC1-43A9-8587-C3D9A0F2C2AB,OWNER_6d8c545afffa,105,5456BD61-5613-4326-8617-DA061B8F29CF
4C4DEAE5-1463-4619-80ED-E16D9F301078,OWNER_ee00bff39e5e,3497,D5C75DD0-90BB-44FB-A807-DA0ED89FF6CD
4A7A2189-D0EB-4A77-8F9C-0860FEB87984,OWNER_8521851183b1,814,BF287E4D-C247-432E-8C36-DA105A8AEF0F
4FE53EF6-94DE-477F-B38A-1DE779546E74,OWNER_e222fca7ec31,2233,2D44171F-7645-4A25-A8A1-DA56F3A109B8
04812946-C74A-46A3-8E07-F6BD32C5731E,OWNER_dc1cc8b9b0c3,312,F9A0625B-A49D-4D8D-9D5D-DA674C9F8EB9
BD4730EC-3BAB-4915-A292-9996D69E47AA,OWNER_792fcf0844c8,1147,E7168891-F0EA-4460-A687-DAA66288AFCF
3D8E84EA-522B-42F8-A02F-805D7C869FCD,OWNER_a831637a6199,369,8C0F3D9C-3603-4808-8384-DAC8F77E36D5
214CDD83-FE64-450B-8D19-8407C400E00E,OWNER_2e7bc50b6932,2634,05C82026-E3F2-4791-B0E1-DACE500A89F9
09542EF2-F968-4C15-BF9D-925D83A23E73,OWNER_986369fa92c9,1444,A3218BB2-E3FF-4D7C-9566-DADB95B6FFED
8949A13D-2A28-433F-84E2-74AA0A3AD445,OWNER_a3aa807d2dd0,932,C74B2A1F-F83F-4A70-87F0-DB22C325DA11
14DC3B09-4B4E-4FB0-91F4-1F5FFC28AD25,OWNER_d957e97ab6d5,1903,23A140ED-F254-4044-A188-DB27585383A1
38697088-CE64-4C8D-BA48-1FDA42CA817A,OWNER_6605237ea212,3563,25D84BB4-5483-403D-A32A-DB283B00B376
A8EF4BF1-A5F0-424B-BBC9-FC2368B68219,OWNER_ab1562d357e9,1385,48FC94D6-F285-41DD-8C6A-DB3069AB11C4
BD09A6B9-7BDC-42BA-A28B-54FAF9B703D3,OWNER_aa75fa5f6f7d,3448,97931428-A294-4668-8D83-DB3977E02C53
1823A51D-4AA8-44D9-ABF4-CE465C7F6180,OWNER_18b7632e00ae,1977,B6D6AF11-B65F-4543-A664-DB3A4B7C7E00
08B95091-0DC5-8F47-AAAE-D74F5C6F389A,OWNER_3a1303c92b80,3071,F6E12530-45CE-43E9-8D5B-DB542C7DECDB
43B57913-C1E6-4A03-B059-0ED90B105D7D,OWNER_73d2db5ff9c0,17,8B207B75-1DF3-47C3-98DE-DB5DC3538515
A95BD83A-684C-E841-BC6F-40C2C034DB3B,OWNER_39d26cf90eab,3293,78F66DB6-2E73-47E3-AD39-DB6AAD4ABD67
5EB2C007-C894-4A92-8E9F-A604BC45CF94,OWNER_2d055d6b38be,591,744A4DB2-561D-43AE-92BB-DB6AC4ED5DB9
239055EA-CFAC-1C4B-962A-F67E184281C9,OWNER_27c2214efbd7,3413,CF3397B8-89EC-4F86-B11B-DB7273F04D81
8C627243-FA7B-4B83-8BC3-82C72507C31A,OWNER_8fae33f410c0,2499,5B684A9B-FFB0-4FB7-9C78-DB9AFC3CAB30
7E7AECE3-4FFB-3740-B872-5EC6FF6C11A0,OWNER_0fc533d12424,3338,698EA8D3-14AA-44A1-9FE8-DBAA4F151191
A0BCB687-EC25-4373-AF21-0DCB11838E4C,OWNER_d006881b6aa4,3487,CC4DBDA2-0078-4942-A61C-DBADEF29A3B3
BEE32DFD-432E-4CF3-8FF3-A51B8AA36C5E,OWNER_de7c42f9c849,1040,24D49B10-5908-44AE-AD22-DBB0F5E2844C
65A690A0-2A25-7842-BD0D-2D89880DA1F7,OWNER_de21d7ee19a9,2908,3B1BB9E3-C9B9-4A3F-8443-DBD1A8234F34
BD786FFB-0F00-4A28-904B-6DB29A2DDA3D,OWNER_71b3ef9a40c7,1353,46893237-2283-42CD-9055-DBD6E36167BB
4C913A45-E27E-4756-BB6B-DE4C76475C74,OWNER_469da077b7ee,1654,93D644F4-6512-4037-A39C-DBEB7EF3877A
19CFECDA-AA08-4A07-BD6D-A85EFBA55421,OWNER_f13cb7207b19,256,EEABDDFA-996A-4AC2-ABB2-DBF0F4191041
BAD9D6F0-6453-481E-A6CC-745779FA5167,OWNER_deb57bab1542,1013,11AC3D0E-A553-4812-9ED1-DBF278D2BFC7
629A3378-DE2C-4ED6-8148-A41E31C9512D,OWNER_d2b705d419f6,2142,16B308E8-E668-4C88-BC44-DC1276082901
4174310B-6F73-40FB-910F-38494D92FEDE,OWNER_a73e6c75a904,400,22F1ED90-4708-4982-85D3-DC165C97B50C
F6D0259E-88C6-4CB9-828F-9AAC9E385CD2,OWNER_2805cd2edcde,2531,BF02EE29-5127-49A3-BF44-DC247298A958
3E1F02DE-9BB4-464A-8E46-D3F0BB75A9B8,OWNER_cc213bb9d183,740,A3851C95-D23D-460D-B0FC-DC2542BA58CE
82345752-F97D-4356-B8AC-499640A2AD75,OWNER_de7c42f9c849,1018,20E3DF21-79B8-48A0-8BB5-DC38CA7D540F
67419E67-10BF-463F-8481-6D0ADC033EBC,OWNER_8c39d0cb7796,511,6268E938-1847-4735-8996-DC39FB929332
33A1CC29-5B60-4351-B8D6-B725653D70ED,OWNER_91b9050cb16f,1197,5B78B83A-5B6F-446D-BD17-DC8BF35712FA
0374CDA3-4C8B-3749-9908-53FFA4333652,OWNER_823260f0c238,2769,6ABE2194-861F-4C70-BDF6-DCA3809F998D
9AB3F3A9-6400-4D32-87BD-899AB5342624,OWNER_cf7195fa5b29,1747,1A1375B7-31F1-4F0D-AB54-DCC020570306
DFA2A06D-814C-9549-81FE-96AE5C766EAB,OWNER_f9344adc92ad,3534,F78FE9DB-E6C1-42F6-92BD-DCCAB0143E5F
2C5DE1EE-763D-49C3-8543-99ECA376F8FE,OWNER_14f64404bd7b,842,9A09A45E-7E9A-4220-B315-DCD3D8699B5D
89FC58F7-0B7D-1945-86F3-A4CB1ED18843,OWNER_6e9939bf81df,3130,7CF326EA-480B-4702-80F8-DCEB78F2C6F8
8F3E1A25-FEBA-403A-A0EE-74267DCC3F65,OWNER_ac0aeb2eb6f0,1358,D3988D5D-57AB-4C14-8EA4-DCF7A3308CAF
8BF20E4A-F07D-4AC2-9092-7B8DDC2BE0B3,OWNER_2d055d6b38be,597,65861C2C-7F7B-4CBB-A80C-DD01153295F9
449F1862-8F34-4CAC-AE33-5D85C8388AE1,OWNER_73d2db5ff9c0,15,C4ABAAC7-1221-492A-A8A2-DD11B06818F3
6C92BC47-F2DF-4B8D-A687-0E278447B169,OWNER_21ec9334c2c3,2193,2A044A7F-8BC1-4475-BC3E-DD19898CA538
5DAE5D10-7DDF-4F00-AFA0-9D6C2F632B26,OWNER_ae225582623a,2860,CC6D887E-80AA-4AFB-864B-DD31C1711B69
99B3AE11-38B1-450D-8DB4-5C0D5637B57A,OWNER_1fc0b57bb7ac,948,76E91D24-9B44-4A51-AF7D-DD37E062608A
58F60F33-13F2-491A-8848-E81B655475D3,OWNER_9429f866b5f1,1447,5855FBBF-64F7-4D02-BCA6-DD48D7D66332
537D5FFD-AB4F-4C65-ABF7-9CF2311A6905,OWNER_394d97be199d,1442,00DB9128-9088-41B0-BE5F-DD5E4E8B48CC
700DE80B-BD4A-4CAC-AB60-9634373D61BF,OWNER_71de9771f855,43,1882E881-4D71-4CFF-A523-DDB0869A547F
97FEACE9-D9F9-4669-BA27-70D6BCFA62F0,OWNER_edfcf4e06ff0,1134,2AC704DE-1B2B-4B14-BBCF-DDF2C68073D5
E104F0FE-8975-584C-98FC-4D231A5B51B5,OWNER_f06048932992,3305,237F86AA-3808-4DBC-8362-DE0249E5EA32
FD0241B9-9452-405E-B58C-434B293240F2,OWNER_39e603457761,2638,5F40ADA0-D930-4BA3-8F4C-DE0763FB6E5F
527A6806-05E6-4743-AFC2-4FD66042F1E8,OWNER_4312d40714a9,2084,F638245B-B5C3-44FD-B824-DE0DC0F8FBF7
AFF19065-497E-DF4A-8872-8BF12728A2F7,OWNER_c6733495f98c,3285,D25E181C-8877-469F-8840-DE6CC4C3D9DE
58D2377F-C8D4-4D41-83F2-C126B481C1C0,OWNER_19056760bc23,3124,627A44AF-C667-4BD2-91A3-DE809FA53756
962F146E-D5D2-454C-8800-FFD170770DC9,OWNER_16e15c1525a8,2768,64243340-92EE-45A5-BD62-DE9050EBA983
5BF15B69-1266-474E-9F46-1C3D71530F79,OWNER_e222fca7ec31,2208,642FBA01-006E-4494-BB8B-DE951B6F9F49
6EDB19F8-9A39-4832-93D6-9D2FF5929B2B,OWNER_6d8c545afffa,106,7980DF48-51E4-456F-BD8C-DECFA09BC121
C4B2ECA7-A904-40CC-80BB-6C86A1528E4E,OWNER_0c2ab1d79255,2517,554FE80E-CCA2-43E0-A36A-DED36899674C
639A6EA8-588A-414E-AA2E-8C337B897EFE,OWNER_30bd8a45f6dc,3090,F7186D6A-48E7-40BF-9985-DEE6487BB089
4689F7C5-9831-814A-8C0A-950AB48DD3A6,OWNER_bf76135caf79,3752,C7D71D6F-55A4-4108-AE32-DF0FE4F3719B
F98E9A1F-3498-4687-8233-A731E5474395,OWNER_666f377cb097,3712,D60D3502-B278-4963-9F10-DF6F1BC2D6E1
6A4E5838-3C11-46CC-B072-9C5D6D04B839,OWNER_6745f6a9f433,1820,7CCF9089-F0AB-44EC-B817-DF7551E226D4
1B9C792A-9A51-4CD7-A224-14C894D78276,OWNER_d8fcef318adc,615,C4BD26E6-63E8-4EC6-B5DC-DF786F14F9C8
CF1EEBE4-7860-420E-BBD3-7E1BFA8A1400,OWNER_8336f54c1cbd,535,166D6D03-4382-4A98-87C2-DF8D0F7B202C
0243AB2A-61C0-44FE-A29B-11767932593C,OWNER_986aae836326,1814,70149130-A807-4158-A06D-DF9B78638BD4
1E56726B-2A1E-4517-8EDF-80C949DA5675,OWNER_90201302a7db,1186,7E4EAFB5-E753-48D2-BC82-DFB0A5F711C7
D9D32E9F-77F7-4C74-9667-A8C63B9CE39F,OWNER_c776e543c068,732,06E6378E-78A2-4731-BAC9-DFB466F5E20F
27E024A6-B1F1-42A7-A215-0469E5B6D9F6,OWNER_5fcb6113b89a,7,720C6D17-4EEE-4E9D-A06E-DFC7BAB543EA
F64260A0-37FD-4961-8E1B-22F3D357733B,OWNER_e754823373ac,446,235C0CB5-8954-4E4D-AF14-DFDADCABA22B
C57A114C-D590-4834-B037-36F968E2825A,OWNER_ac0aeb2eb6f0,1443,16A8EECE-9B1A-4BFF-AC42-DFEDAB30F4FD
FF088DE1-57DC-49DE-92AA-56BA956C8789,OWNER_11a7a40fa31e,390,37253447-447C-4173-BC7C-E00172A4E690
B6293F83-41BD-4370-806F-CD6C15A34607,OWNER_5cb9296e329d,682,D396907D-CD52-4FFA-8578-E00C44851324
24E4937E-FF63-44A2-BAB4-FD722378701A,OWNER_fac9fc37e248,1270,4136AD6F-6B1B-426A-A899-E03507A2B4BB
A9B3C23C-2C67-4EFC-BA6B-D4A7EDDAF806,OWNER_990bb0c055af,3593,EA51302C-92EF-4CE4-8AAC-E039A68C0AAD
B4A0CF4E-FA2D-4177-AEA7-EA1D6425EFA8,OWNER_9127555b3259,267,2D50D241-1F66-4167-BADA-E0B4D7792984
F14B2076-FEA8-4D0B-8D97-19066470E211,OWNER_3d7804ba2573,1441,BE9B32B3-262F-4E85-9FE8-E0CE881B547F
08A7DDC8-BD41-7F45-90B0-B4A088886005,OWNER_b76840027bba,3680,980A78B5-5047-4C5A-8BAA-E116998E91B2
8BAF9185-B15E-3D40-857D-47D1C41C189F,OWNER_335346b44c73,2856,052801FF-FCFC-4858-A985-E117F61FDE80
7C7BDCF2-4A31-AE4A-9971-FC2E2D9E8437,OWNER_7af757d8d9e3,3189,40C1BB14-D172-40EF-A8DA-E1333BB76D13
7A67F5F5-30C6-4630-98E6-9A50479B8CF6,OWNER_19cc03cfda76,2377,26237537-049C-4BEA-9248-E155A03DE9A9
3E641D1A-1AC0-E348-8390-98850DCE6020,OWNER_d96ac811813f,3069,220CA6A4-39FE-47CC-90A0-E16ABC6A09A5
DB5058C4-4950-4966-8618-FC086545F497,OWNER_785de63d91a2,1904,667E91FC-FE47-4DA4-9D07-E16B3FEA2289
D2B32058-65B0-4C0A-BE2D-3D5AF65B6F2A,OWNER_15a080593c8e,820,8E79372B-C16C-44C5-9AB1-E173B11FE353
7D63B677-FF44-124B-AF73-0CDC640BA2F5,OWNER_0dd741823b3d,3367,4D8F81C6-C9F6-4407-BF87-E195F7508CE1
E1A0843D-E5A5-4167-80C5-23658F57AED6,OWNER_8020f6b03208,1256,9BB94D9A-B13A-4B8D-A987-E1A78BE529F1
4C990C47-9FCE-4B65-B0D6-EB676227D692,OWNER_af6fd6f46ce6,2269,9E14491A-D657-4D30-B2AD-E1B380205952
BDC0D1D1-F319-4900-8E78-FEFB52063A42,OWNER_cd2eaf7c7b43,328,DA44136B-4CFC-4AFA-AFF7-E1C860E95CA6
F383D2C7-5632-40B7-967D-8F88E01AE782,OWNER_4882850419d7,2939,EF80E72E-586F-44B5-9BCE-E1D360A9AAD2
2BFF336B-1A31-483E-AAB9-6955E0C2E9A1,OWNER_655d62817ccb,2519,9E5F6DF3-8F41-464F-B444-E1DB042FFC23
CA2B4F37-4F23-4474-9DA6-35949F1F6F80,OWNER_b9d424edb4ed,2654,81CF06DF-A5C3-42FD-9765-E1DB52CB2905
97950F9E-5F68-4EAE-825D-9C888660D4D7,OWNER_aa1b1e744c8a,322,B2DD785A-1584-4DEB-BB84-E1EF744102ED
6A0F2E8E-A7FD-4E2F-8D63-055AAA9A0FF7,OWNER_aa8ea45d6d4e,1833,B7981EB2-DCC1-4FFC-9402-E1F34281F39E
9E1F327B-70C0-448E-8224-33EA64CBF38E,OWNER_aa1b1e744c8a,324,C639B8FD-7FC1-4424-A380-E247ACE745FA
356F5460-C3C2-B846-B848-A6ED0EB1B7EA,OWNER_3a1303c92b80,3015,CE6A56E2-C478-431C-8443-E2524100FC5B
90F53C56-CA8D-4D59-94C6-E3B2D5A4DC36,OWNER_ae78c80bebb8,3457,380C67B2-1571-4FAE-85BF-E28DCBC0D50C
A268E866-343A-4493-AE91-40B6DEACA1F0,OWNER_346e614f4d68,297,8E182BDC-A948-45F4-A8CE-E29C0A174171
D8DE0708-7776-8A40-BBE3-879849D4888A,OWNER_7af757d8d9e3,3163,AA77E538-8DEA-4510-A1F5-E2AFD36B9F93
F71AB1FD-1BFF-4383-BCD8-AEAE215DA0E5,OWNER_5fcb6113b89a,8,40B68112-5D7E-4DC9-8257-E2D0E4427979
6CAA1FFE-9CB6-6B45-A2DA-A4E0D8F995A2,OWNER_70e2d1a8336e,3392,65296362-2744-41A2-B486-E2E2DC671419
8F6ED950-2393-4306-AF62-96C95D93E936,OWNER_469da077b7ee,1635,4286054F-DED9-4A32-9F49-E2E974600568
5DABD5EF-2AC0-B442-8906-89665C2BCD49,OWNER_e60c16c9f3b8,3420,DC1F245B-0E06-4FA6-8077-E2FD9DD6CCE1
543CADDF-F3F2-47AA-B8B3-CCAD2F68F75B,OWNER_0b8a776a605a,2100,A0BFF6B1-4C21-4CEC-961D-E3087AAEF1C5
D0781260-725C-4600-8806-B83A1BBA290A,OWNER_1f9dd2df5335,516,C0C61ECC-DCDE-47F6-BCF1-E310A1FCC87A
CE5E0233-37B7-449A-A14D-C2663B4A9DD2,OWNER_88c36e39eb1a,1468,90B40893-AD3E-45F2-B87E-E3110EF1A538
D98F35A4-5FD3-4108-B852-1AA2062D27A9,OWNER_48c23fea151e,2288,AA7E3200-A969-4B90-B6FE-E31C7DA38B3F
47579022-E90A-42E9-A827-93C56592513A,OWNER_0e331b4faa77,1216,D38EACD6-95DD-45D5-B6CE-E32E60857BB6
9F17AB17-864D-485E-8207-58FB27144572,OWNER_469da077b7ee,1660,C3B5A0FA-F685-4609-B11E-E3374967A4A1
239BD294-C210-4337-AE33-E12ACB83B126,OWNER_b6efc55f50d0,1291,FC748D70-F62B-4904-AC7D-E3376C0249CC
0A04F722-04FD-D648-AC75-9E73F108D2E4,OWNER_2cd89c1a29b2,3732,40C7E18A-AA2B-4E2E-BF02-E344C8C80147
D2648635-F230-43C0-BA3C-15EBFF025711,OWNER_469da077b7ee,1703,1BF165DF-5BE2-44B7-8109-E3680691E150
4A89D16A-4365-4B4B-95AC-734661C69104,OWNER_aa23b386707f,2514,4A99C051-9C7E-4774-ACA9-E373311D2BA1
A3A55F2D-2668-6349-9182-CCB5B79BBDFC,OWNER_65425aace2e8,2763,9A6A791F-10C8-4A70-8771-E37392FBF97F
28D618B2-1C9A-4F98-9865-974656AC7E1B,OWNER_5c27df12cc67,1505,5475A22D-7E1A-44E1-A560-E391B2D341CD
D9F4E2E0-8FBC-4DCC-B31F-4A2A0AEE307A,OWNER_e06b612b138e,1284,4FA435BD-0E2B-49B4-9EAE-E3A76F0000A5
8F3E5D9A-18AE-4879-94EC-A105D09ECE81,OWNER_8521851183b1,1106,1EE05B80-D8E9-4E66-8CC0-E3BFD4B65C5D
2D340CDA-52E3-44D7-8F9C-5E1AD223F29A,OWNER_5dcd68f83121,3096,5E6AE820-C53E-4F62-A9DF-E3C1212883EC
202EEE36-BE49-41AE-A960-441A4E766BC5,OWNER_7ff0814c604c,656,64DF6CFB-DAD6-439A-AC91-E3FAAE1B27B7
5CED9F33-2895-4B0C-866E-B19EC7567DD7,OWNER_04511f09a0c5,481,078DD5BB-C757-4228-B2AB-E3FC01715B3C
734B3816-CF8A-BC4F-93EE-3B486438A7B3,OWNER_f06048932992,3301,BE8B8055-62A1-4849-9BC6-E400FA07E697
B7621601-67C8-432E-B02E-E590577C3670,OWNER_ac0aeb2eb6f0,1387,BDE35CB7-5079-47E2-AAA8-E41094685837
E7CA9472-0EE2-4900-ABDB-564C7752C094,OWNER_6382906cf85a,2511,8371CA60-2257-4B52-A7AF-E41FCEBD06C2
FC95921B-6CD1-2146-B7B3-FD6569F70EB0,OWNER_f4780b5ff0ad,3438,C0758781-9C45-4ED9-BB40-E42C02538FF7
626EED6F-C40C-4D37-BB77-39F4A3CD50D6,OWNER_0901bdc01da6,2184,1F62F606-58D1-4AE3-90F4-E432D6C96952
0728EEEF-CDD2-4FEF-95F6-9B350E54BD69,OWNER_0bfe13ac314e,1953,235A2001-1E33-4B00-A2A3-E44DF744F77B
60E52A35-2EC0-42FA-B1ED-976B793C9AA5,OWNER_74b5179c5489,1732,F5CA67AA-6D1E-46D1-9556-E45CDA17D89C
EF71E734-693B-4F63-A32A-D15BEA10EF06,OWNER_ed66ff5332b3,866,2185C374-C978-418E-8ABD-E4636FEC8DE4
0FCE7E65-36FE-2D42-850A-EAF6141B6F76,OWNER_905558b29338,2849,45917A53-3749-4D04-BFE4-E46B66809F06
84A9ED53-299C-4C6C-9C6E-C56F9436DFAA,OWNER_d39f57988577,980,7D43A427-4E44-40BC-9AE5-E4769DEA3001
4DC4EF37-F2D7-440E-B0C3-74669BA14793,OWNER_dfdb3e814354,1298,8504E7C4-C39F-4544-9CC4-E479F066BB43
89FCBC52-5FA0-B74B-B2DF-35E00D0FCA20,OWNER_a399aef29c86,3320,A0B4EA8F-8140-4673-B05A-E48EC8008A79
55AAA859-0362-B34D-A196-E1319DD22751,OWNER_f7ef24d43243,2840,CCDDE5A5-0C1F-4EB3-BC76-E4AA9AB7E2BF
6D60F3CE-0D0E-432C-82EA-5A43AB57BC27,OWNER_648f14bc0554,1223,AF84598E-7123-49DA-9E71-E4B65828277F
15B49541-548D-4CD7-BCDE-FBFFF3D9A515,OWNER_713e95d64aeb,2504,9F2ACC14-E9CD-4CFD-B995-E4C4DDDDCEC5
7C6C3278-3167-41E5-8C64-799279AD156E,OWNER_85bd565b32a5,2113,19506FE4-8ACF-434E-9BDA-E4D34882E8F2
CBB46312-E8DD-4580-A3C7-3369899CC416,OWNER_52a69503581a,1112,4CA990BB-BF97-4D5A-880C-E4ED181FF3F6
BDF5F49C-6333-4B26-AB7E-105E21B97F83,OWNER_ac0aeb2eb6f0,1301,F0FC356B-ABA6-48D3-AB80-E51A62F62724
07A58223-BD12-420A-AF3F-AD537916747A,OWNER_9ff8215cd7d8,2596,8A25F0EC-756C-43D2-B332-E51D65A51CB3
FEA96E26-EB30-432F-8FD4-6ECED2A14054,OWNER_ee00bff39e5e,3494,F5830F7D-A274-4D32-8B0F-E5227A210344
3E571600-F25F-4EF8-8B5B-EDC9DDDFBF22,OWNER_76fea13bac0f,1543,AAEFAD72-81A2-42D4-982D-E52393E4B1E2
64918DD1-1039-47E0-ADD0-F000B5856743,OWNER_7762f7d12700,1587,AEE9DECF-4965-4B81-BDF1-E5396A24D831
2502E23C-42D4-4734-B669-A6025866ED7C,OWNER_ed66ff5332b3,867,FEC07A65-1D15-4A45-9C5C-E5414EC1EC3F
88B6BA4A-7A8E-4382-8C8F-539E37EBA620,OWNER_0ff084989275,3931,8600BCFB-64F1-4119-A617-E55A74AD3033
47628617-35D2-4193-98C6-65B116B55BE5,OWNER_9500e91f0236,1734,939F6D5A-B8A7-4289-A766-E55D3A6BA260
63878127-0DAE-48C8-9A75-F3BBBEF7DF73,OWNER_71c33bf7077c,303,069BD6D3-A1B3-4B80-B561-E56FBA440C5B
61ACB666-4F61-4DFC-8390-C0B6B5B12728,OWNER_8c6fd23a70e2,2818,85785794-40CB-4E69-B539-E57CF79C0D7A
48C58FBF-2AB3-40C3-A9D9-62F46D48B67C,OWNER_f2b02d7e1d1f,3006,67D18C73-A795-4885-92A2-E57D536A7552
60B56DD8-3179-4FB6-8B8F-C509CF1F7AB5,OWNER_952fa396c43c,3928,C4896018-FE6A-486D-B961-E5818891F428
9540CCDA-E372-4FA9-9068-51CCED9CFFF7,OWNER_8b0052f20ffb,3154,ED3F8460-B462-4369-8B82-E58A4BA02AD6
7C56AF13-F29F-49A4-992F-5D7F42900FA0,OWNER_6f0cbd0b9d2c,818,BCCD2CF9-AFEB-40CE-BD95-E5B8FEDFE7F7
4AE6D902-404C-4293-98BF-E778A9B472BE,OWNER_225871757871,3912,9A3D716A-9B71-4D35-925B-E5F0D21B0B78
CE42D5BA-FF06-4ADE-8C50-0697E93CFA88,OWNER_2d055d6b38be,594,4E67130C-8F2A-4457-92CF-E5FAFEB8FC72
4A65D0CA-7C2F-4932-A4FD-CCA42575123C,OWNER_6d24329e0ff3,3382,AA12E5FD-E637-4702-AD35-E60A18ECFC38
34337DC2-9B9D-4D8B-8472-93D9F4DF30AA,OWNER_79db95ff6958,2320,CC9C1E0C-2BC9-489E-9DC3-E630108D8021
04439D6D-1408-4A13-B33C-367A6CEDD508,OWNER_5c27df12cc67,1514,3E8B87C7-E4CB-4BE2-B42D-E64F80E64BE4
C9FDEB64-7E2E-4EBB-97A9-8E52C1918064,OWNER_fac9fc37e248,1259,CED9D492-7571-4142-ACFC-E667BA60200F
4478A380-F791-9E40-BB0F-09795E5A6E20,OWNER_a568ac39e907,3750,3A41C720-A8F5-40B7-B5F7-E66993A428F2
7AF2C47D-0371-4A31-975E-0159F047BF23,OWNER_5c27df12cc67,1512,684561EC-A50D-4329-B492-E66C1621C1D9
F9AF6D8F-720F-4EEA-B0A3-0AC5FA96F766,OWNER_1daf9516d658,854,7D49F10C-40AF-471B-8CD6-E67213FDCC11
5625BCD3-E28E-4F29-A684-2AC3E1C36103,OWNER_4312d40714a9,2086,78A80950-C000-40B0-B45B-E68A1844C29C
144AEA9E-CE6F-4B87-BCAF-110A57B0A9AC,OWNER_cdc4210799eb,3600,430E3221-F637-4805-A4C0-E6944D6C4A58
F7B5F908-1EB8-4F89-B156-C89B0F187EE9,OWNER_a53a36a4b1d1,2586,CB60BEE3-B55C-470F-8F16-E6A18ED9551E
B791A694-C62C-4728-A678-1CD1DF03F258,OWNER_ae8aa2465029,2462,FED8BA12-F068-4DE2-B625-E6A19A35465B
A3C4E653-4B0E-4B7D-84A7-ACA2670BE71E,OWNER_ef310b3c9447,1724,81256F55-3D1A-4A75-8AFD-E6BAE5808416
DEC4ED59-BA2F-4E34-B024-AEC7BF971AEE,OWNER_7fd6113cdc44,1796,F9CADD9C-A4A3-4FB5-B575-E6D4E35DC4C8
35179369-FA4D-4C89-BA75-13C4D64185A5,OWNER_14f64404bd7b,841,C6C7537A-A4B9-46A1-91B8-E6EAFCA22E10
0DD6454B-AC12-4FD3-B3B4-DDAF8218E28B,OWNER_b9d424edb4ed,2655,86651999-407B-41F8-915C-E6FA489DE747
2B69800F-1192-419B-B67B-BF7D9C3384E0,OWNER_ac0aeb2eb6f0,1459,CC7C1BB7-D401-4DE9-9B30-E731D6130552
B050D109-1297-49EF-A82B-D4DF75940B24,OWNER_511edd81ba4d,2341,C491B958-2CED-437E-8247-E744AD04887E
C0B0973A-14DB-4A13-9E71-32F1AA83ECF3,OWNER_952fa396c43c,3929,9C8F0C9C-4ED7-44C4-BA08-E745C482AB69
30B68508-18D8-4C15-AC36-B4A914F6C98F,OWNER_475f2e1dc242,773,4A269387-38C6-43B6-A9D1-E74F2BA150F6
A5644CDF-BFA4-4B29-A8CD-555E5B168267,OWNER_df6ad15b10fa,762,43B77C45-3CDF-4FF0-8C95-E7740FF6F3BB
82AC2608-7608-40F7-9603-738830E3B04C,OWNER_7ac27db503a9,635,19FDE975-F452-48E3-BDBB-E77661B79B28
63A425FA-CDD6-48EB-B447-8BCA776EF77B,OWNER_e754823373ac,1079,94076EEC-DA15-4D13-B001-E79ADB18F72C
E90B54B0-BED2-4039-9E8D-4FB714C37868,OWNER_e0500fdc9a5e,1434,18AF6FA6-A860-4FCC-BFBE-E7C7DA73313D
B0A80A57-4811-4A72-89FF-430EA7562E1A,OWNER_34d29160d900,3166,48EDB2B4-3014-44DA-9688-E7CBBBF5DCF5
5696F194-9205-4E6A-AC5C-8B71331300C4,OWNER_9d844dc60a11,1823,3A7B2F27-034C-4296-BD3A-E7CE558C47D6
B9E627C7-584B-468C-869D-8505C769C048,OWNER_d006881b6aa4,3488,5BA83E1C-292B-4F2B-858B-E7D384973B56
BD905DF6-6DA3-4174-9383-749FD4E5B51A,OWNER_831cb3b79449,502,B8824428-A43E-4313-8F41-E7EE4D063DC1
9F45F69A-43EF-4FE1-832B-5DC21FE74B9E,OWNER_584dab465237,276,06E0CA0F-3012-476B-B41B-E841A8EA560C
4AA941A9-AB18-4A1D-8C01-4DE31A379BC5,OWNER_0e331b4faa77,1211,9EEF73CB-0201-4A60-87D2-E861D626711B
FECB8468-E71B-40E6-A3F6-912490F57FE6,OWNER_30b4690a8243,708,C5E253E8-85D5-4F98-A261-E8C634F85420
EAA08458-B3B4-45BA-BA8E-CEFCC0FDBD80,OWNER_63415543a316,805,8BE12A28-A80B-4336-97BA-E8D3E3C15F5C
72A14178-8EEF-49BE-A82E-43704D396F45,OWNER_d0d710cf7297,1836,9E1A04B2-D556-40F7-B994-E8DCA3C4A0AA
3CEA1112-7FEE-4A1D-81FC-D9AF5EBA1FE3,OWNER_f9344adc92ad,3531,B80D6D0A-69D5-4325-B4B5-E8E16F3BE65C
5F3685C1-DF21-4828-AA7F-51D6CE61A035,OWNER_5fef0ef4897e,2525,09A691A1-4363-4E51-BB0B-E8FE7D5D0F9A
DBEB9AE4-53F6-4712-BDDC-B4B962A8AD86,OWNER_4c4969507532,2452,DB06F24D-972F-4609-B795-E90BDD6D44C4
4349E86D-EFE9-438B-9065-ECBC284E7B17,OWNER_dcc239f0d74e,2329,F589B1BE-AC4F-4AFA-90F2-E935CA2C0B4C
1E56F98D-DFD1-4508-B7DD-5438B6F8D9F3,OWNER_b4565da114a8,1318,3AA8D4A0-F9DB-412A-9DBB-E93DF66E9701
D1B356A7-4F3F-4B30-B8CD-B6F83C20C3FD,OWNER_a2a61de46ac8,1877,5F692418-197F-4D11-9A1D-E93FE867C28B
E92EB97F-688F-4125-A247-D477D0A02BC4,OWNER_a3aa807d2dd0,933,6BFF5070-D2F7-4DF3-8775-E94A751D0A0E
F8C1309B-CCB8-4054-A713-A3AC3568E092,OWNER_a73e6c75a904,404,B3293D38-2306-4A5F-BB7B-E94F62FC054E
4F788198-B80F-EF41-B4B7-0632686393CF,OWNER_1f60747428a5,3034,84F17B71-B933-4E1D-9E17-E95B87D175B3
573FB903-67DB-4465-BF09-A0E7AC8E7E35,OWNER_739d4818f2cf,3702,C7AE103E-78D1-4D57-9D24-E95C2B158229
5276E5D8-2584-49FC-B98D-33694E44A506,OWNER_27109373ed8e,3670,2A501894-DF3B-42FE-803F-E97AD6D1669A
3658B3ED-3A49-43C1-8506-BC84BCC0846C,OWNER_cbc79a5fb76b,2723,CFE39D52-9A54-48A6-AEF6-E9880F044825
F4BC2E77-DA67-45C7-8886-DAF770C5944C,OWNER_f340b368fc6f,1743,7ED3409D-BD51-4579-8B06-E9A63993E472
47DC0D25-6136-435B-A4B7-848E6B73CFFB,OWNER_655ab6c97488,2337,EB6A794B-99D1-48B0-AE52-E9AD370D50DB
872CF738-89AC-BF4F-A8BD-8E44F30D1E8C,OWNER_a6f58ea5429f,3397,458692E0-7092-49CF-B4F0-E9BD7A8EA39B
DF8AF406-4E1F-48A7-95F5-F39076B77194,OWNER_ce0e72ae4d4b,172,92F113A3-760F-48C4-973E-E9D04A8F602F
1A3532D7-104E-405B-9620-6B94F4D737D6,OWNER_cbd7f541cf1e,2015,3F1B48EE-D934-4644-9FF0-E9E34D1EF41F
254DD095-F8A0-A84C-BCCD-03BB7BD83731,OWNER_df73cbc5ca47,3765,FDD0FF39-AFB0-487D-AB52-E9F13499ED2E
2B68E887-2ECE-4323-822A-F5A2AC59D2F4,OWNER_d75798e0d142,2484,69771BC7-9F85-428C-928C-E9FF53FEAAEF
E933503E-58CB-492B-BE87-92F32AF84F9A,OWNER_a3238f21eb98,3618,6F0689B2-6152-45FA-8554-EA2187F33D1E
08D787C7-7730-46E4-8687-E112CDE8C978,OWNER_b4f6079b9a9e,3927,0BB00B73-7FDB-44E5-9389-EA31A01B7EBB
A6857315-3540-2B41-99D5-E8E117AE7D08,OWNER_e60c16c9f3b8,3429,0A48659F-8A40-46A1-87BF-EA3A7CECCDF4
BC20A690-1447-4497-9545-4B86E06019D0,OWNER_49cd0c3b66b4,2578,22AB3675-403B-48B0-AC3E-EA512E2418D0
773DCFC0-5B47-44AB-B6CE-ACC7BBFA4448,OWNER_fffa27563c85,2143,1DBCBAE6-D88B-451A-AC81-EA8D0E4C9ABB
BF1A8DD5-B4BF-4133-BEA6-A0B223ED3ADC,OWNER_9bab97fd4e99,988,C1D75EBB-B62D-443E-A898-EA958C91C75C
95D032C5-D278-46E0-9EC5-9D5E1770FD49,OWNER_52a69503581a,2137,CB5C0FCC-7CC6-4023-AE21-EAC8092AC2BD
51B473F2-704A-44F5-811C-4B37413A3ACC,OWNER_fd298a906d34,469,A0F6D403-59D2-41D9-9200-EACD3CDFAB5A
0244D10E-06BB-41CA-A423-96088127EABB,OWNER_14f64404bd7b,845,4E5328CD-7AE5-4ED4-8565-EAD3287ECAEB
EF2DB5A8-2130-443D-820A-035513872B85,OWNER_7d919c41307d,1961,D36A4F5B-832A-4B29-A881-EAF64A518D99
CCC10BAF-E0EC-234B-AB3F-22FFC47B47D3,OWNER_3ac943aef612,2906,2DAB25B4-3891-432E-9AD7-EB07FE377DB2
125BEE68-F488-487C-9EC4-820E9C88313F,OWNER_aa55422b0edc,1554,F69BECB4-CAEF-4EE2-8FC1-EB2A5DF485C3
2F309DAE-CDF2-421E-A859-6C1977D14D37,OWNER_6c7e2188a020,834,9C316861-0E7D-4AAD-AA58-EB74C14B1E0B
15B91AB2-428F-4E16-B648-2A9581A053D3,OWNER_5c0012bc6622,302,069B95C7-3BE9-40A5-A5B9-EBB7569DDB2E
26EC606C-C3D8-4458-BA24-8040C5A5831B,OWNER_1bc8843fece6,1465,D4290DB1-1C73-4A7D-AB1B-EBC6B96B1D9E
8E0CB41B-60FE-404F-A77E-D579AD0C1EE7,OWNER_332426ad23d2,2822,8D99065E-E1F1-4768-A1EC-EBCBEF4EB8D5
A9BAB1DA-C43A-4322-89F6-B17FB2FCC5CA,OWNER_ff041dfa39f7,3619,C684F725-2C5B-45BC-B013-EBE75AB067C5
92E43D52-8B9A-4135-9A27-840EBA8076D2,OWNER_5c27df12cc67,1507,302358D9-E97B-4B5F-9643-EBEF92D85CE9
E17DFD11-502F-4CCB-A1B2-61B1256778DB,OWNER_0a5ef6d8cbb2,3950,47839EC4-3E36-443E-BE80-EBFC93A3F648
C6C045F0-6785-40AA-A4DE-DA280EA9B9D3,OWNER_7083230dd7c8,2476,A2B55828-38A5-422F-A7DD-EC02FF149548
6177A990-421D-4E72-826D-6F357AC484ED,OWNER_3cb7db75a44b,971,0D919A05-42D7-4029-8C58-EC04188AB504
E2960E1D-EF00-4F87-A89F-429D7FC4691C,OWNER_bf5952fb09cd,335,45D56D75-58A8-45AD-8584-EC04523DC390
1CEF4473-4CC4-40ED-872D-1AD7325B67BD,OWNER_0526c60fe404,1621,A6E37F06-8A76-46F7-8CF7-EC0B769E64A1
8686D23B-1F9D-4290-B260-79C47DA91542,OWNER_eee85171f586,1087,1B17D810-0C86-4002-B610-EC176CE17E51
A562B6E3-0F5A-4EEC-9A09-0D2FE9F9D61C,OWNER_456c1416fbc5,566,D78856A2-45D7-48E4-A269-EC4355A20611
7AEB3592-A23E-428C-8E94-827E9C65200D,OWNER_e806734ae43e,680,BC7397B4-4A8E-45E5-A80E-EC5AEA81581C
BC8CBA04-4C51-468C-9D4D-C53DD3CB989B,OWNER_65f245becb2f,950,237D665A-742C-4F3F-849F-EC6659CF8021
876B73AA-05E9-46D5-BD6E-977212872553,OWNER_e6a88c05e81b,2276,C7811E68-0D20-4175-90A0-EC6B69D64841
5E901B62-BDC8-6B44-AC5D-2ECDB0424D08,OWNER_e60c16c9f3b8,3430,9D2F138F-81FA-4D54-81DB-EC70A1C2F97E
9AE9EC77-D5E9-44BC-874E-D24B90C1DB6F,OWNER_38cf3f20073c,130,B45BA5C7-FCD5-448F-8C5D-EC9C78AC0456
5B468AE6-2A78-C842-8485-8257407FFB79,OWNER_387ea2eea002,3766,6E154EB4-4EF3-427F-90AA-ECA6518B0C49
C2EE937E-1D83-9C49-8907-478AE05258DB,OWNER_bfee0efa2143,3334,E6ADE246-6567-47E4-9E95-ECC4CCD16098
BDBD1F70-B10F-48A3-8817-06033E3C460B,OWNER_e62d25f4146d,825,0DAF519B-633A-43CA-B316-ECC8DD80F73B
46EB1BD7-AFE6-4DB9-B6AD-5AAE1122AFC0,OWNER_cedf3d665e6c,2513,082F5E67-A23D-45B5-A9BD-ECD33B448872
69A28094-9173-5445-9E27-FFD7D9DE318F,OWNER_f06048932992,3317,5C197342-929A-496C-92D3-ED38C657111B
E33911F1-266C-4075-8598-092F77944EAE,OWNER_7708f724d7d6,3598,53B589A5-90D3-4285-858B-ED3A0BD58CF3
D62278D3-5C9C-4A64-B1AF-B3DEC703C839,OWNER_0e331b4faa77,1214,C1C423D3-5804-4404-A4C9-ED73C343C031
2C26A991-78C6-4F8E-9152-56C7F1D265AF,OWNER_5cb9296e329d,683,E630B6CA-CF91-4284-A631-ED7F46B97599
76606896-FA0D-48DC-BA18-DEEC038B765C,OWNER_ac0aeb2eb6f0,1363,629DCB67-853C-4114-AD4B-ED9173DDE415
E1E17B85-E865-4A02-8415-68F9AEEC9D27,OWNER_6d8c545afffa,103,04F82EAA-C6CD-40CB-B656-EDC0E3433470
D9C5DA56-DE45-433A-B493-A984B27A1415,OWNER_ab1562d357e9,2279,E5D6FC3B-132C-4B26-90BF-EDD37B40B9AA
B491F996-FA2B-E74E-8940-A92C12403F94,OWNER_f6a9955bc92c,2829,4A8FBD78-6CC5-4E8F-955D-EDDEAB36551A
E11EE302-BFD3-4AB8-9DE7-0D55FF0305B6,OWNER_c4a7bf4dbf98,137,CAA22F9F-ADF9-44B5-9992-EDE5DC7B471C
5489ABCC-7FF1-4FC5-BAA2-1EC4D2E1C7C1,OWNER_469da077b7ee,1685,7DE437D5-9649-477F-9199-EDED13A63F20
43515F6B-6E4D-4043-B837-13B536F03444,OWNER_0ff326949f2a,2061,F4A43F71-1D81-4FF1-8ABB-EDF0685B5594
1DA14859-0EE9-4633-A370-20EDE1F4A22F,OWNER_ad6ac2d2bddb,2353,0C734F0D-FB52-4F3D-A22C-EE096CDB49D7
390AF38B-22E8-47B9-B61B-794CD7BD588A,OWNER_8b24105ad362,2141,BD6959A0-2481-4006-8FDF-EE23401CCDDC
EB3E8B88-9DAA-4331-8F7B-7E0DA1C744F9,OWNER_ac0aeb2eb6f0,1325,948581BA-55B6-4092-A3A9-EE436C1572EB
13CD593F-FB68-4275-A63B-D4EFAA779229,OWNER_78fd5a5da6c5,2472,71B211DF-AC41-4D2F-9D83-EE48C762560E
0EF9ACF4-ED99-4840-80E7-B36418FEDC2D,OWNER_b670365c6629,512,B98D64BE-A24D-48A7-8B8F-EE7FC2A31572
D4648752-643B-4E91-BBDF-B60E3CB0D2AF,OWNER_0db51951d46c,1219,394FDAFA-B62D-4324-9689-EEA12A345E41
98D34F12-6EF4-44FD-93BD-0200B2587575,OWNER_865ee373c844,2019,041A556B-07A4-4075-ABCB-EEA30BEECBBC
79715C1B-58F9-8A4E-824E-AE4CCB33B2A7,OWNER_a6f58ea5429f,3398,242D17F4-C478-4239-B328-EEA8D80D8646
E25D2455-3E7B-4B2D-BE4E-9C7DC6706EEC,OWNER_14f64404bd7b,904,E3E7A0C8-4B29-403D-9391-EEAF9A4AB283
B6C8FDEB-9258-6443-90FA-D984EB77B7A4,OWNER_5268100d4d80,2915,E9F0BC91-64A0-43D2-B9FD-EEB395534F96
578E0E16-7F6A-48AD-88B6-916C953C7E79,OWNER_191ca5c6c455,1876,D47B35EB-B3DC-4E28-9F0E-EECC75F8379F
A85FF719-DAB2-441D-A18E-7638276BF738,OWNER_5ec9256149c5,156,02020003-0487-43A1-AB4F-EECF9E9C2EE8
91FC3ABB-D0A4-4A0B-B15B-784CA4B40282,OWNER_d1f65929ac41,877,59F34539-F5ED-4A08-BACD-EED6428B6DB0
F6456B0E-D584-489D-BC49-FA25732B58B4,OWNER_dfdb3e814354,1324,46DE06E2-20A8-4095-8ABC-EF5D006F7A50
734FBA62-417D-F54E-973B-1E2635899724,OWNER_1331506c3ad7,2982,3B57AF3A-E728-4703-84DA-EF5D96748A94
A4A49838-6AB7-48B0-B58A-4FCFD0B72888,OWNER_83223e0afbe5,3181,B1770D16-A511-499D-821F-EF61D257703F
A5644751-9E4E-4746-8945-54806D984C35,OWNER_ff15a8b5716b,685,05AA0CF5-6168-4562-A69E-EF7254FF6312
DB2ABD06-FFC1-4022-B4F5-3E7B8A6EC1AB,OWNER_469da077b7ee,1659,345461F6-09B7-4CCA-A50C-EFBD22354AE2
ED839AB6-791B-469D-A143-74B9ABB38A7E,OWNER_8bfa809563ee,2398,4D3B9CD3-3AAD-47BA-A9F8-EFF0CABA945E
29B3936D-8D58-4F87-B120-3330571679DF,OWNER_e0ef3c8aeb20,1884,EE30ADBD-8BD8-4720-A3B3-EFF8646FF4E6
A668515B-E336-4B47-88D5-9101BD07570B,OWNER_6cc2691f9b51,2686,2ADBD3B8-51B7-45BC-96F4-EFFDCE02ED26
F69A0FB3-959C-45D4-8B49-D11FB4CFC131,OWNER_19056760bc23,3112,4844BF99-DE1E-4588-B725-F00F4F24C5D7
482B0591-E6BA-425C-9FD3-ECFEE3891327,OWNER_ec235cfb8b96,3142,059B924E-5317-4B6C-A659-F0223E7932E0
FACBCAB1-0E93-463A-AA5A-E37A11595F3F,OWNER_7cfc37a66720,1278,896F5992-371F-41D2-9B1A-F028760E3F47
32E6894B-45B0-418A-9318-8B400DAF341D,OWNER_bd7a33c469fc,649,F593DF06-03DB-4583-8909-F032C1263E72
6C12F88B-D5E0-44C1-8A3F-824E94E95E82,OWNER_04c2686a2b31,2507,7130CD37-982F-43B9-84D0-F04D9F97EC2A
0252633A-232D-48DC-878C-79E5180FE3C4,OWNER_7efd2224555b,423,FE5CAFFB-D3E4-483F-985F-F08D92DC44EE
5422598B-EB2E-4708-9C60-95B1A032B8BB,OWNER_54c7651bf7ac,982,8261FE76-23BA-4818-BD49-F0C2E6344618
FDC75B74-FE96-4780-87B0-C7A32BB4533D,OWNER_4312d40714a9,2074,E641584B-F6A5-4960-9BC1-F0C90A8342F9
21193FBB-CAB0-4532-9946-0BF7B65A2C7F,OWNER_1dd25f9bc9a5,292,3A0DC738-19F6-4AC2-A17B-F0DA00DCF499
69A7AB15-5F6D-4E53-98BC-F93FD417FFE5,OWNER_cc574a39fc99,1405,D2D5D240-4E1A-4D30-B50B-F0E6B0B01665
DB7193D6-A80B-6349-B529-0754DA3E6A3B,OWNER_acfce1bac740,2830,69497658-481E-40CE-90DE-F0ED2B9BF4B6
0E224906-B9C8-4387-8202-0D831D5E34B3,OWNER_8a2861d70c28,1454,E370D8B6-DA89-4738-AC71-F0F00D483C5E
2FB651AD-63EE-40DA-8351-0DF7CF5A8C0D,OWNER_14f64404bd7b,902,FC4FEC43-64C5-4620-8784-F0F98E675323
E05B6247-94AC-4844-8E99-35DA5FEDA09A,OWNER_074d1ed216aa,1746,3E68F19C-4CB5-45AB-8130-F12E96ED881B
C63EB126-2553-9646-8CDE-CEE6295C70DD,OWNER_b5986d4762ea,3254,3349BF45-DE76-4B7B-91A6-F13A23A73C19
C37A418A-6BC6-44AD-8BB2-5A41F2B96681,OWNER_23e938c40aab,956,189A9878-BAA4-44E5-99AE-F162E69D08D7
2A1FF50E-5939-40E9-B3BE-00756054357F,OWNER_eee4d43895a0,1936,0F003866-0F4C-450C-91E8-F17D94BD0D50
E12271E7-2917-4F12-82B2-1437338C9A68,OWNER_3719314dd021,1664,5C76AAE7-1024-48A8-A628-F1902D306072
4944BF87-8C69-468C-862C-43C4A757640A,OWNER_18b7632e00ae,1988,E916260D-842F-4AD8-9EA2-F19236912EEF
B36216BC-1ECE-434C-ABF7-89187204F718,OWNER_9931e1888763,3905,D53A07BA-4DDD-4A4B-8FC5-F1A72B31E849
5A776DC0-47F8-465B-8FB3-BC3458AD82ED,OWNER_1aefa2024e90,2266,68400C63-850A-4C59-8EF2-F1B16950A6DE
54DAAF00-36E9-446E-86ED-777FB54807D2,OWNER_7f330bfa403d,705,DBA74271-D3C1-4ED3-81EA-F1B2BBFC3C19
82944BEA-BA76-4C02-B126-3F6ED7457308,OWNER_38cf3f20073c,116,DAECD762-9E97-4080-97C8-F1BAF3F21300
C59F4FF5-3D1C-614E-B172-C8AAD5F04070,OWNER_469041b45a18,3412,617E7F36-B6FC-4625-86FF-F1CA12F1CCDB
D95DE1F5-19D8-489C-A58F-262F1EC177BB,OWNER_9760604cc931,1919,B6D89D19-A992-443D-8027-F1CD4BF4B894
EEEEB0D2-5DA4-4533-881B-D454374B4BD4,OWNER_dfd9e66d1ba8,520,E59B93E8-C62F-404B-A94D-F1DC687E49B0
C9DF19E2-1001-0D42-B489-C8F4D38DBA56,OWNER_1888841b0814,3313,0BEB903F-1E70-4073-8C93-F1E92C376F45
63A36FCB-62B6-4AF6-8F41-A30C4EA70693,OWNER_5a1194f296d5,1852,C96B5BA7-7158-44C2-B475-F1EFFF443CC9
042DA083-C72C-4151-B101-4337F28F01DA,OWNER_14f64404bd7b,839,B2510990-0315-4CB3-BF0A-F20013A0C94B
56FCDC10-6986-43EF-908A-69A4D01CB802,OWNER_c6063ba79299,3638,2BD85DAA-99AD-4C50-8D2B-F2084CAA4176
AEF60323-1125-43A5-B4CB-F86B122AF254,OWNER_eb025b79223e,1376,81E731FA-3A3F-4ABD-B907-F2145CA37AB4
79707D05-C176-1D4B-8B2C-2A42C8A86AD9,OWNER_8158f22cd20b,3188,2AFDBBF7-72D6-4417-AB32-F21657698119
BD7ABB41-4D52-4FFD-88D0-B40AE23E3E0D,OWNER_81b88cb6c9d0,2164,A5EC4859-B47C-4E30-ACC4-F222A668B591
1D5A7BB1-7F70-4760-A5B5-02D2096822B1,OWNER_18f4a976a0cf,1670,82D66A10-564E-4EA8-8393-F2235B6D8C39
59D716C6-2673-41EB-987D-17EDA073716A,OWNER_c1987951b9b6,433,B79B90F4-587D-4931-BAC5-F26103EB0374
88D8CCB3-2BC8-46A4-AC53-989B7C2174A4,OWNER_256bb431cd96,197,C2E4B5BC-39E8-4059-B052-F26F9F9833B9
4C38C140-10BA-461B-92CE-0DD22CC4B5BB,OWNER_85aadb50d0bc,395,E65657A7-4F17-49D2-B86A-F277F3898159
0888AE70-E80B-C34D-BA82-EC1E322A722E,OWNER_2b109008e0db,2738,7BFB85F4-C962-41F1-ABE3-F284FF2A147E
37E46C51-7002-2A4F-984D-A692219BFF97,OWNER_b01235b7326f,2981,EDEECD9B-067A-484C-8AE6-F28E93AEA507
80AE598B-9517-4732-8494-4DBE2B2867E0,OWNER_4e33db93c7da,59,B8C9BF69-BED7-4FFF-8008-F29C5B76872B
774B3C6F-AD91-F746-8A02-C2C4BE401C54,OWNER_e60c16c9f3b8,3417,37C37681-C64F-4B21-98D1-F2B8FCED7944
CA9C5594-B21D-4D7F-89F3-652E677AD9DF,OWNER_49d3e3366717,1927,0A2598DE-8625-4683-9E1D-F2B9E0E3A208
D75D9FAB-4550-4344-B34D-CEA55CBD373D,OWNER_f1bc0334f58d,2252,1455B7B2-F182-49BF-AB49-F2E233F69C4E
F5766870-9776-46EC-BCE8-3605D103CBEE,OWNER_3a8b972a4a22,2544,B9CE0F95-0CEB-400D-B643-F2FB79E877A4
96DE8E79-B3EB-4D32-9057-67A5D963366F,OWNER_ab1562d357e9,1478,7C66D2EF-AC3E-4DC9-988D-F328161CA8C3
F7FD518E-9D0F-4B75-9709-F7D1C9B1A81E,OWNER_d5c3cd9215ae,3136,D28EE79B-A544-4DAF-8DD7-F3579D02C5F9
F1E6DC60-240E-48FC-B362-DE310933E31D,OWNER_641fb5e86289,828,F06D9342-AC10-4E1B-BF53-F39172B99B84
3A74918F-729A-447D-9555-7330A7372859,OWNER_a3daf43f8d6c,3558,E82BD47E-13B2-4660-8A5E-F3B26279741F
21642CD8-3FE6-7344-A834-BEA05C191AA9,OWNER_05986ebcd42c,3652,91ED35BB-F1FA-4A23-898F-F3DFA5AD6638
90C4B232-B88E-4C7F-BCF5-5520E888DE68,OWNER_4312d40714a9,2067,C98CEA3B-D4E3-43D8-A79F-F4101EEACE92
09F25D6E-6FC1-4AD0-876A-F595E25D086F,OWNER_aa1b1e744c8a,321,BAEAE51F-3887-4991-B61B-F424D3BFE5DB
7A9D4D98-CC9F-4996-B6A2-D680F978B91F,OWNER_df6376cde093,802,56F6EA59-835D-40E9-A751-F42C1AEB422A
0F7D4489-2B1E-204A-BD67-D4596B21CCC5,OWNER_f6a9955bc92c,2874,6DE05141-79F1-4293-A804-F456C7C4893C
ECE8BB38-B879-4B06-9558-5DDE176D6B49,OWNER_452a234814dc,3580,AE5EF553-0116-4E1B-8D75-F45C970F1327
3FAA92B0-636E-4B21-9055-D356EA688D6A,OWNER_fac9fc37e248,1451,9116AC37-B0FB-410A-9FAA-F4B46B62639F
845281C4-7897-4E26-A7D3-E837B99397EE,OWNER_8c634546b511,584,41D2D069-C46B-4B7C-A256-F4BFA4E7DF02
011C1D97-AABA-4A51-A317-5121E9E6B9A0,OWNER_b4fab72b915b,482,53F8FF73-C2F9-4962-B5E1-F4D6FDCFC3E2
813E41F0-9470-42A0-A49A-A79254F70BE7,OWNER_5e853defbba4,1721,1EB7D574-767A-490B-9B32-F4E3BE9147AA
4B780B66-0E14-43FD-A65F-DA31E00677C0,OWNER_ed66ff5332b3,35,05CEBD6B-98C3-42F0-890D-F4E5296460D8
2A6291F1-A119-4135-AEF5-E079D92A5CA7,OWNER_05419161a0f2,961,A6F2D1FD-F0AF-44C1-89A4-F5014AD9D0F1
8ED4BD64-F1FB-4651-970B-C07CF63FB946,OWNER_9f211f3a77d0,616,F73EA8C9-54DA-47EC-9636-F55533E2C23E
65BC2842-072F-418C-AD98-2CA162DEAE14,OWNER_7e478dec268d,1374,DC8613CF-811A-49DE-A35A-F5578C795CDA
8C078A9B-3B32-41C5-A3F7-AAB77A5A9285,OWNER_905558b29338,1275,DB570C14-F95D-49BB-AEC5-F55E2AA74DB0
1F0C5920-60AD-42A3-B3EF-72F5F274AA2F,OWNER_7a295f4e9237,2704,03B4DCB6-3411-416C-A8EC-F57113937EC3
EAB4C73C-0D72-C64E-8FCD-6EB881915047,OWNER_91a37e8c3ca4,2953,1C91D620-076B-46C3-98F2-F5720D4F3A98
562C9C91-7558-4ED8-8405-DF25D6CE1CB2,OWNER_02ced5a63d6a,478,9F1D8A8E-9867-43C1-AE1F-F57BEC29EDDD
C537164F-2708-453C-A0BF-78699742421F,OWNER_baac7f7735d2,3553,C6DBECF5-24E6-482B-B7FC-F58DCF9843EB
2CD9D86F-D7EF-4A81-85A6-49F2022E00E0,OWNER_04bf4a2eba45,583,5B06DB86-CE3D-48C2-9A4C-F5A60A46A6F8
D8FDE47F-837D-477F-AF8E-FAC97D45E933,OWNER_617a1f77f370,3653,BB13A244-95CE-4819-894C-F5BA32B2B05B
CE2CFF53-A52C-4ED2-9A70-4488552827F9,OWNER_b2b2fe8e7441,2130,071DBD17-417B-4A8F-8050-F5D4A74C1C7D
A655AC65-E0CC-49C3-A9FF-21173C908EFE,OWNER_722fd13d7a25,544,345C17B2-9FE8-45FD-8F0A-F5D4DD7332B9
0147F703-AE88-4283-B722-FED65C4622BE,OWNER_78565fad4c73,3479,66734676-974B-4507-BA4E-F61CE487CC61
87DEA92C-ED13-4184-B285-065A90FD900F,OWNER_38cf3f20073c,133,016A2CB9-C505-427C-B326-F626BE004D0E
F30895AF-625C-EE49-B91B-2EC8B502B635,OWNER_a6f58ea5429f,3399,CE638483-B47A-4997-90D3-F62DD67BF426
26E5D3B0-DDBE-AD44-B64A-236F0F5C62B3,OWNER_de32971e3650,2949,FF736CF4-AEEE-4417-AED9-F634B15D2B26
8A795724-C251-4077-ABEE-68D91CB46A70,OWNER_403b7a9c8f20,1906,724089AB-13DC-4B46-BF0F-F63874E20424
7928FF4C-7710-417A-8730-70E30DA67D46,OWNER_0ed11c831e2f,239,E03C5114-6C92-4129-847C-F639DA5BC536
3B20DDDC-14AE-40AC-94D1-67D48F8C0394,OWNER_7a81a397c94c,2565,2EF70435-93A4-4AE5-AD7A-F63F8F04D681
4EBEBD69-AAF9-4E29-BD28-4D4AF0E6A601,OWNER_4b84c83e1acb,1661,7C2F1FD5-1178-4FF7-B30F-F65449016E70
E52E10B7-A798-46C7-AFEA-C828080EB54E,OWNER_469da077b7ee,1641,CBA3978D-D2CE-4E72-A01B-F69EA36F4BDF
8648E935-637A-48CE-837D-5F2F4E6BCCD7,OWNER_e788bbabd6e6,3640,FEAE6FB5-83C4-46A2-AB39-F6B8CF629440
7F273BAA-81CE-4C70-9633-4C66746B7142,OWNER_cdd63d090319,1188,5DFF825A-C563-446B-B25B-F6C9546F798D
14CCF419-7258-43AD-BC26-62F7092651C1,OWNER_f13cb7207b19,261,DF081280-3BF3-4D74-BDE4-F6F0C57B2292
01731A8C-3BFE-4BE2-B43B-60DE0DCE3FA3,OWNER_b7955aebde83,1529,53B0A9D2-E7B8-43D9-91DD-F706C259D728
3AF37976-5751-46B5-8EEF-85330CBD0111,OWNER_1db27daa9fbe,763,83EEFFD0-7821-4643-9564-F70A69C3B0C5
BED27C4E-3BE6-4A96-AD45-BC6ECEFC1D63,OWNER_ce3ea818b219,2666,3002CA69-C759-483C-9F00-F72D4986EB3D
A4138337-87AD-4AB0-96ED-53362AC9DBFC,OWNER_e32c108fc3e3,662,1B36499C-EE10-4883-8D1E-F740CA94EF02
D13B043D-8F41-4D1B-8246-754A06DB5C52,OWNER_1775de5bb579,3517,FBFA362E-4090-4583-B799-F746185BAC2A
701F2FFB-327E-4DFD-9E17-3AF01706468E,OWNER_1fff5ccadd09,848,31C1BA5E-7E62-488E-A469-F74740112030
AC5DAAD0-BB4C-4FA2-8C33-BEFB0D3A9752,OWNER_e871ba9f607c,3025,302C0E86-02E6-43BC-A510-F755C8FDCF3D
79C7DCB7-F905-4611-BE41-16ED4D280470,OWNER_42c2f80b6a73,585,267D3466-0B7A-4874-BE4A-F75719E1C190
6BDCE86E-D780-4940-9172-B3CB232C5F98,OWNER_e32c787cc2c7,1003,8E50DAF7-56E4-40C1-95D2-F75A3CBC5347
785A6B4F-46F9-3D48-85AD-28734236E875,OWNER_a6f58ea5429f,3340,BD9631DF-9755-43F9-8BD2-F7705CC1CCFB
CE22C384-6E85-4C87-A43D-051BC4CA610F,OWNER_7083230dd7c8,2479,7C433BED-D3B8-4408-B5CC-F784E624ED50
6CDA05A8-EF7C-456F-93AD-21C56B2CEF54,OWNER_f4a2a2ddb9a5,1609,EE4947EA-CFAD-494B-AE50-F7A7903E6766
02AEB035-0F8E-4588-BDB1-7C58CC18C28E,OWNER_1bc8843fece6,1293,B524FC35-4EA1-4CE5-A160-F7ACD18A2FE0
E85BAD09-5981-4700-BCA9-452E469564C5,OWNER_b6f6e06f6837,53,748C1D10-E769-4EDD-A0F6-F7D827E7EBBB
E175407C-60FF-B046-B445-6167EE4C465B,OWNER_c097cf593730,2970,E940FC3E-73A4-44F7-8DA7-F7DCB632A237
EA751E91-0190-4383-A3E3-A01A13FACF7A,OWNER_eb1b8784b1b6,2356,21BAF0AF-DCC9-4DED-98E4-F7F807DBEAC3
4B9E557B-7A85-4E7E-B6F3-A737229C46C5,OWNER_49f8f782b74b,1582,191D02D6-1B44-46A0-B04E-F8111E3F6607
2AB032D1-1F6B-4241-B521-FDA032721846,OWNER_1d41642fe488,1056,CE8E8DCA-8235-4401-A25F-F81283CD8917
0A0A5963-9147-4BD9-B416-83CD613DDC92,OWNER_da640e13b60d,1023,2E941EC7-8A67-419B-9C33-F8325C7C5448
046DA096-B457-40AB-8528-879F8F2773CD,OWNER_ed66ff5332b3,888,C34E43CB-8778-4B54-A08E-F83FF34B6988
75B553B1-FD96-48D0-8C97-AD6B9D71A7FC,OWNER_6d8c545afffa,1248,C2C65BB9-7955-4A83-9F08-F85C26C75007
863E1EEE-36DB-4653-972F-633C6264C9BB,OWNER_6cc2691f9b51,2687,F59DAB59-39F2-46E9-A945-F876EFD4E7D2
3E1FC782-876A-B645-8430-0F8ACD34C6CF,OWNER_de32971e3650,3243,F94FD7AD-B892-4CC0-952A-F89A49B5DEB5
E23BE9A9-E6C9-5949-9CEF-AE2292E4B78F,OWNER_c6733495f98c,3288,95966213-3216-4C31-A64A-F8DB111706BA
BE62C436-6B03-5D43-B0A7-E18CD20DD028,OWNER_703e6c44d794,2996,94BBE627-2F52-484C-9C70-F8E48D6EA18F
3B971867-ABE4-4856-A320-E1ED0B9FFC43,OWNER_8bfd9684d124,3717,A7057ADE-A65D-4BD8-83FC-F8E617CB32B0
CF0733B3-A19B-49BA-B2F7-B0AAA8163A84,OWNER_e9a36841e94b,579,456FDEAD-22B1-4762-9954-F91786E01673
9C4171A1-399A-42A9-B4E5-6B13C6EE121B,OWNER_99794fe8000a,3584,1DC7DDBE-45CC-4E33-93DB-F92074652171
10766956-FDB6-442B-BF53-982957801BA6,OWNER_564051c978b2,1172,C4DF270B-9747-438B-8EA3-F92811ECE0CE
73B47AAA-AB4B-4F71-8808-A569890D8D43,OWNER_8b0052f20ffb,3150,71E43540-976D-4D23-BAE7-F92ACC1DBF36
26D94692-4BF2-6343-88F5-67D923520B3A,OWNER_c5ba687e3edb,2923,75D7BF56-8802-48B6-9EC5-F93A63A19FBC
B416646B-47F0-44E3-A723-2CFF5C6AA5C7,OWNER_cd4199945bed,2605,8E73F101-10F4-4F7E-AAB4-F943078FD332
49EF4721-D31F-4C87-B488-A80E6EEED3A3,OWNER_5abad4126738,320,4EACC76A-4C3B-4DBA-8D95-F96D98E30841
ADEC29F8-DA7F-4B08-A0C1-7E0B7E73D5E8,OWNER_469da077b7ee,2315,69F67DAF-64F6-4691-8F0D-F985121799AB
45397263-EEB3-41A8-BC66-4E17AD9F8B61,OWNER_b6efc55f50d0,1292,9BFBF355-C67E-4A62-AB64-F990B99BCF84
5F25B9BD-9B3E-4158-A61C-D09C9FDE985A,OWNER_1f5291816934,3107,284A6545-5717-45A6-A0D9-F9ACDD684A05
D49C2F6E-9931-48B2-9ECB-C9A92A06872E,OWNER_b6f6e06f6837,51,6ADA4F4B-31B4-4D61-BD57-F9B18DF11BC3
DBA7A011-852E-4BFC-92E6-DE35C1E80C91,OWNER_2d055d6b38be,552,201559A2-866A-4BEC-B846-F9B7D7D4D115
F0268E7C-E795-4091-842F-7C9CEFA07FD3,OWNER_05cc6aadb8ed,1968,C6A086B5-9F10-430F-839B-F9E4D7202783
977F9DEE-F19B-4D6B-ADD5-630D6C51374B,OWNER_9f211f3a77d0,4,796BAFDC-E50E-42CB-8C5D-F9EBEB414972
2F5793C3-2E5C-49B7-A61D-0BE56C899EC8,OWNER_31e15096e45e,68,1F1F5CE9-2122-4065-8634-F9FED846EDF9
40B9637B-14AC-498D-B890-7031DEF5D800,OWNER_469da077b7ee,2255,62289437-5E0B-4C33-BC1E-FA0A2B901F20
8DAF4048-8990-4511-90C9-134A51E92558,OWNER_9a83853cf110,2715,C9A2BC86-14B6-4010-B468-FA0C88674542
818AF736-EA57-4FFB-B864-7FA864133ABB,OWNER_4c0191596d4c,435,951CCDD3-B4BD-4677-B807-FA1483114605
C3428829-620D-4D48-B024-09BEC236609C,OWNER_89c307115106,3596,654C416E-7E62-48DF-85E6-FA47E16F2F6C
3B6961E8-930F-40FF-BD04-AD310D90B463,OWNER_469da077b7ee,1631,A1E57988-1633-446F-9B5F-FA793B3566F1
15D4C44F-4745-4D03-AD37-581D07A6B1D4,OWNER_d5dccedce061,2352,C47685A8-1641-4447-96AA-FA7ADEA7C91B
2CDC5A18-9578-4622-8FD1-3DD729894110,OWNER_e222fca7ec31,2220,258E44BF-BB04-4B17-BD16-FA84E453652C
176C44F9-6913-D546-BA07-4C17AC9E4507,OWNER_c5ba687e3edb,2930,F807ED5B-EF45-41CE-890E-FA91E44AAFF7
4A720F50-B9E6-477B-BBF2-D6EA01ABE667,OWNER_9bdf140f5f9e,2126,BA3E45A1-C3EE-4E13-8DC4-FA9201C244EE
B2F46A13-E770-5F46-A182-7309C639519F,OWNER_8ae4daaa99f6,2774,F40A9DDD-7056-4ED0-BD65-FAA031C3B184
BA130B1E-FC82-4B3D-93FC-3AAA0BDA2F26,OWNER_f7dfe174eb8b,1143,04A83D19-7E25-4F1E-87D5-FAA99BE52508
11516CA3-3142-4062-A28C-83A84DC76C54,OWNER_6fe9a68da0b4,1859,2F63CD47-9A2C-4D40-9752-FAC10DCA2AF7
89A9756F-B1CE-4C95-90F7-7DEE09D12F84,OWNER_dbfc26ac3085,714,D745FCE3-7C47-4D2E-804D-FAD942E7DCAB
1317E9C5-DC50-4053-8B61-E6A28E2450FB,OWNER_73d2db5ff9c0,38,BAB974BB-94A3-4664-9323-FAF5CAB6330D
1D015A6A-F272-4D3B-A6DA-DF607E661B63,OWNER_49d3e3366717,1922,4AC870F0-20A7-42C1-8261-FB2BFC4C15DF
2CE48C0D-6CF7-411C-B602-0B475A169DC0,OWNER_ff25543af3cd,451,18EC923A-D3EB-4ED3-B4C2-FB3DB82BA6C0
BCED9940-07A1-49E6-9A2C-82AAC43175E4,OWNER_bf5952fb09cd,337,4054FD7B-9A75-422E-A3F1-FB4AA94889C6
B495EBEA-010E-4B17-A3F5-52611BD2DDC4,OWNER_f5d0fe72e76f,171,34391E0B-22C6-4ECD-9306-FB52ABAD0F57
B12ABD25-F8A1-44BD-B9E4-842B3C4B32EC,OWNER_52a69503581a,1114,85576037-E3FB-4BEB-B0A6-FB6761F18744
6795D2AC-49A1-449E-905E-F21AF03C22C7,OWNER_be4eddbee51e,1860,7C9CF027-1C8A-46F0-AE4D-FB9DCEBF3FB6
15927C4D-7C30-46B5-8428-F3E656CA844A,OWNER_26ae04bb443d,2194,84EC9095-CE98-452C-9622-FBB1C92555A9
65C5AF8F-79B8-4AEC-BD9B-41FF96574EA6,OWNER_f13cb7207b19,259,00F41118-734D-44CC-9F6F-FBBD019C5684
FA8711B5-EF9A-4CA4-91C2-29224CAEF546,OWNER_df9e12ce9970,2064,15921581-CB7C-4C0C-AFCE-FBC5AA989674
373F358E-1524-417B-84A6-6680F384FF69,OWNER_9760604cc931,1918,AF22FD9C-0A7A-4C2E-8D74-FBCB7764A883
C845E522-6587-485C-B46A-B0C97FBB8D0A,OWNER_31e15096e45e,70,FBDD2349-BF20-419B-B195-FBD22A566CBA
8F516F6E-20AB-4A0F-A163-2692D35B85CB,OWNER_4b6a3eb03454,1202,C6929744-6C04-4F70-B69B-FBE695EB00C4
E7F65114-EBBA-4A89-BE68-96F2BF398DD4,OWNER_9127555b3259,266,6F587550-A2F5-442C-BEE7-FBFEBA8D67EB
D758D929-0E20-4E73-BB9F-45EE743666B5,OWNER_4312d40714a9,2078,C0929F73-FE47-48A4-A09E-FBFFF275FC80
1193A695-74C1-4313-8452-55B95A951978,OWNER_18b7632e00ae,1990,BC436513-331A-4E3E-A520-FC3AA7CE3CBD
DAD58929-2410-4744-9AC8-BD24D58238EF,OWNER_f819734ee092,3042,AA0B4E56-5132-4DBD-B7F7-FC3CF6FEF92F
7299FFA7-ED76-4DDC-AABC-1CF95B39E3B1,OWNER_9fdc2dad0eca,1307,EED58851-F948-45EB-99F8-FC4886772E75
9569ABF8-78D7-47D1-876F-86A8CE2FBAF9,OWNER_e41a716a7ee1,2203,DC0539BF-13CC-4076-8442-FC508AC8BA7A
8698AAB3-FA12-4EE5-AB2C-F1BBB03F48EC,OWNER_cd2eaf7c7b43,327,34573418-53EE-462B-B405-FC5928441B50
B2DBF40C-3757-4C08-8824-EA7E52D5BF90,OWNER_140b3cf71834,1272,E3350FDC-522D-406F-94D8-FC5FCCD09044
1B634339-6B4B-4B12-B7D8-D0AF55379B72,OWNER_fa79e04d7f81,779,52ED2688-7C47-4D28-8AF7-FC9A58E6921D
D7A4F180-2192-4BE7-BC7E-0EE130038068,OWNER_383a83460ba7,2262,439D4B89-41B8-48B7-BC37-FCB3FAA3D029
CFE0BF13-AC1A-431A-A77E-EE03E0C95D10,OWNER_57be7b90454a,1597,3FEA5F21-8DBA-4683-8FFB-FCC647366E6F
8B8FED0E-2C6A-4F8B-BE6F-9420FFA3F81D,OWNER_125e237ba9d9,2296,F445287D-2E90-40E9-8C8C-FCE803C5D040
0C650AE0-47DC-404A-911E-9B12CB6AFB78,OWNER_a6f58ea5429f,3396,7206A485-B42F-4171-9F0F-FCED605A69B3
B3DD8C12-1A51-0D49-A023-DA3A0858D65E,OWNER_7af757d8d9e3,3041,7CEA80A8-2451-49DA-97DA-FCF75C59E875
9A41E41B-A4FA-4E9A-BBCD-1368324F2826,OWNER_eda0c412d67a,1194,D01F9157-BF0F-4BB1-9671-FCFC10D8FCEF
76014890-663A-4AA4-B326-1631FE9CC29D,OWNER_a10ada9a9fb1,3126,D7A1FF16-1474-4E8B-A162-FD0913FD3362
B4F0849B-72AC-40E4-9E5E-35F74B848636,OWNER_8f499fb830ee,2268,63DA4A12-D9CF-4700-8F39-FD2A89576E68
B5C4E4B4-6097-4F24-B0C8-7561CA9537B7,OWNER_c5f6e7d5fc9e,3914,583EE0D3-73B6-4BD4-8D7A-FD4BC7F96122
0E40E003-C1AE-49C8-8003-3220142BF48D,OWNER_b9d424edb4ed,2660,0345D9EF-9C26-4B06-99A1-FD4EB5CA2D60
5AFC1F43-3928-43A6-8BFC-32767A207658,OWNER_bd7a33c469fc,23,9B4DB3AC-64D4-4E21-B07F-FD9EBE606312
C21A7862-A8D5-4F99-87DF-C32C217DDF25,OWNER_2e7bc50b6932,2633,2F2A69C9-8F2D-49B4-AD7E-FDA866FEA5A1
2B5235EC-2BFA-4918-9250-348C14B706F6,OWNER_d1d9ad415411,1545,B1187A03-4762-4A40-86BC-FDB0B4157D70
10825DA7-313D-4494-BD76-ACAAEFC7FC73,OWNER_f49b6f8e6f02,2626,E7F0E82B-A8D0-4477-8D37-FDBE6A1BC78F
12E4A003-2B86-4CFC-8494-1ADBB899D099,OWNER_6d8c545afffa,1239,04309338-B663-4E88-B654-FDE61E2D104A
0E145CEA-D510-BF49-A28A-445D674EE986,OWNER_d162fe0871d9,3350,08ED1C58-5D5F-47E5-A843-FDE62A251255
21121C32-B7C5-49AC-A87F-6760BEA50F51,OWNER_0e331b4faa77,1217,F7924F16-620D-4724-9432-FE11A1F21DAF
B03CDA58-7746-4F4D-A9FB-6272451DCE40,OWNER_24bd8fa98cd7,473,1E232D0E-06BF-4D2D-8D13-FE1EE3D66DB0
DE22841F-4D11-46FA-A7BA-DA48A2CE9047,OWNER_e222fca7ec31,2209,344214C3-83FA-4A2B-B4C0-FE27608F1F53
670464FA-6D25-4B9A-9D5C-5A187BF03DDC,OWNER_88c36e39eb1a,1427,9F14A38B-C69A-4EA6-932E-FE3D6C8FA1CD
DF0DA722-8878-425E-8D45-6683C1599433,OWNER_19056760bc23,3113,6EAE2BD4-0701-4F83-8981-FE50549B6440
9E538D45-3D07-439A-96E7-9A497ACDBD58,OWNER_56b108b15027,3952,9CAB008A-4399-4E04-80D7-FE601CB4928F
72FBE573-EEFB-C749-91CD-4CED83C06897,OWNER_725e0c50296a,2800,6862238C-631E-42FA-B02D-FE75FA96183D
A69EE90B-E13F-405E-8F79-EA9370F5D402,OWNER_43b98519a718,2374,AA0F2868-90A1-40B8-A025-FE7AF5A6DC5F
0CD31EB0-5F38-4C9D-967B-055ED12D0AA3,OWNER_9577950db4f6,2364,CE524DA9-BBC6-49A6-8E7E-FE8F62ECB842
D11ACF35-2B5D-444B-8090-18121839CF47,OWNER_1251e7848bec,2270,736F93F0-D5B8-476C-A55C-FE90807BA467
45AE51D1-B323-414D-B3FA-24A0FC89A098,OWNER_5bbaf3852eb0,2941,C1A0A32D-1D60-4E91-9E56-FE9489D8B309
0424C45F-E6C8-4E28-B382-3088960109A4,OWNER_f92c07f9955a,3158,025DC332-0E7C-48B9-A015-FE972A3E36F1
735EFDD8-739A-4756-BE6F-3A89CFE25693,OWNER_02c4e78156a4,1173,47663279-5F1D-41F9-B7D4-FE9B306163DB
02B30170-FBD8-4FD1-8B42-FE755196D3F6,OWNER_986aae836326,1812,04C45E39-6476-4458-8314-FEAE95F25C50
840EAE70-F7BE-40AC-B421-3C2B38C07DF2,OWNER_0e331b4faa77,1215,287B86AD-09F3-4ADC-8E4E-FEB8F1BD4DE0
11241E90-3C15-44E8-8FE4-B990E8D20E1C,OWNER_24ad01209026,2515,7D658A45-FBCF-42F7-9C2A-FEB95F416064
FEF4AA58-870C-4891-B88F-B73AEBE4D603,OWNER_d06c32c922d4,3383,9841751F-C17A-42E5-A98C-FECD55A30ACE
3664907E-D329-40B4-A4B0-F115220A0269,OWNER_5c27df12cc67,1515,E5A4DF30-CC8C-452F-A7A5-FED90FDA172E
D257CF4B-F741-442B-AE74-684F825F8EA8,OWNER_a59a948a84b4,550,5F0D4406-0020-4531-A76C-FF298B910D2A
3275E78F-7C56-4FB1-9456-F3665BA1CBC9,OWNER_65879291c4a7,251,A614A5C4-2589-4959-AAEB-FF2FFBE99627
5732C5B6-E35B-49DA-A5B4-151FCE0E73C1,OWNER_0ce3a4c4127d,2464,E74F3940-B615-4699-A371-FF530E2B2814
922F631A-51FD-4BDD-BF9F-5AB1919B40CC,OWNER_f9344adc92ad,3522,AEEE760F-F43C-4BED-AA7D-FF591955219C
DF27FB44-46BA-436E-985B-E1AA38BA29B0,OWNER_78fd5a5da6c5,2241,48FB66F8-9AB2-4023-82AB-FF78FB0D35B0
CE9FDA6D-A301-4783-9609-A07A6672B779,OWNER_6a7deab5c389,2295,1C5D6E28-F6CE-42EC-8CBC-FFB4743E97D8
7FE019E5-A2E2-43B4-8771-16581B149CA1,OWNER_171b12b60362,2355,E64C19A8-583A-4FB6-A02F-FFB5FE2920AB
43DF9D36-9111-40A1-A17D-E9C673647A4C,OWNER_b76840027bba,3677,2B911EFA-6EFB-44DC-BA7D-FFD555AF5824
4A4804F9-EDD4-334A-81DC-87D73C22FA40,OWNER_528b773f1a73,2773,EF5572E6-3461-480F-B517-FFEF98BF658E
2BE272BB-7951-49CA-BE4B-99AAEB09BA25,OWNER_77870ce3ce8f,1806,9781E34C-A2E7-4F33-891C-FFF9BEDF610F
873D8911-B6E7-451D-878B-0512B860610C,OWNER_278d75225d6e,1294,11DB7C20-359A-4429-B5DA-02F6665CA99C
A016DBFD-7595-486B-B8CC-04DFCB4CE2C9,OWNER_1925bb7ce880,878,5E0B4589-4575-45B7-AFBD-6171B1CD880D
97E7DC49-8131-4331-AF72-02586BEBD733,OWNER_5419411c6f24,1837,A62E2D95-00DC-4B26-B911-EA8378247BDF
