"WellID","WDBID","PointID","counter","ScreenTop","ScreenBottom","ScreenDescription","OBJECTID","GlobalID","SSMA_TimeStamp"
"FE36774A-DC89-4456-9F3F-BBE335133F71","36","UC-0019","0","60","100","","1316","D543F930-EB25-46D9-B42D-00044C9B4771","0x00000000002C4779"
"278069B0-1649-4D40-9892-390F17CB6750","33392","SM-0039","0","120","200","","768","E898A227-3C9A-4696-BE9E-002BE6F06EFA","0x00000000002C477A"
"45A9EB2E-5F3A-4F1D-95A1-9E31D5F53C14","155591","TB-0128","0","120","140","","1288","EF5EC170-2056-4C1C-B7EB-003322DBE052","0x00000000002C477B"
"DB86C570-B336-4D1B-BE7E-BBFD719CEA71","464","EB-459","0","360","370","","519","95A6FA53-1063-4814-99C4-003FD4A5CF0B","0x00000000002C477C"
"D0B771BA-AC4E-4244-B805-229B06B845A5","523","QU-136","0","308","338","","1010","F1729119-DA74-40A9-ADA0-00404D407847","0x00000000002C477D"
"737F3D89-07E0-43A7-A652-23FEB9C56B1A","","BC-0120","0","480","500","","5051","FD1F5F11-1D54-4640-B1BA-004F5E06C5A0","0x00000000002C477E"
"6B44930C-AB58-4842-8182-80287F8412BA","","AH-073","0","383","403","","1803","B48416FC-8C22-49F3-B71E-0057416C5108","0x00000000002C477F"
"5B187DD2-CDA3-44FE-ABDC-B5A6BDA915BE","","BC-0084","0","140","160","","5021","B33C61B0-45D6-4839-86A6-00697D3847D2","0x00000000002C4780"
"62AA881D-B624-4FA3-B3CF-2047EC87502C","235","EB-231","0","140","160","","290","8722F36C-AE42-460A-A2EB-00992E006676","0x00000000002C4781"
"28B3B3B2-7BBC-4672-8A34-6AF80E2C6EC2","379","QU-049","0","130","160","","960","27EC6226-24F6-46C8-915C-00AC86395271","0x00000000002C4782"
"6AE53A94-F44A-4E31-8E02-E3DBF098B5C5","","NM-04044","0","173","203","","5614","39AA898B-5082-CE4E-971E-00B33A238BF5","0x00000000002C4783"
"B0EB29F7-FF44-413E-97BE-55FDA158FCF8","329","EB-325","0","200","220","","401","E4E19618-AB8C-4078-A4A6-00E7712274EC","0x00000000002C4784"
"A4337B54-DBE6-45F8-B3B6-13DA810B1C98","","NM-00808","0","40","43","","3747","FD150E6A-F81E-4815-854B-00F533E0D1F2","0x00000000002C4785"
"28B7D825-573C-4EE9-AEE6-ABBB286F8AA8","375","QU-046","0","720","900","","959","6DAD5C94-AACE-49FD-98DD-01044E8D9D1E","0x00000000002C4786"
"242FE5C9-0221-4E7E-B0D8-7AFC1121A99D","","BC-0032","0","170","180","","3924","AF50E02F-6B35-41D1-9D8B-010EA3784F01","0x00000000002C4787"
"5F331D08-8606-4722-A31E-C5E65CDB3950","","SO-0217","0","3","18","","3221","7430EFC8-10E3-4D8E-A610-01118B7BE497","0x00000000002C4788"
"70437076-FF37-4849-9994-4E14F59BCA44","","AR-0177","0","10","27","","3731","6A2B028D-72A0-46EE-8C0E-011744B01B80","0x00000000002C4789"
"4FBCA007-2CBD-499E-A181-B06FA510448E","155495","TB-0047","0","260","300","","1245","4E2956E2-6157-4EA9-9A79-01186444BF64","0x00000000002C478A"
"BF6A29AB-4DA0-46B9-BF56-895008886D9A","","SO-0230","0","81","86","","3234","B9211D8A-1B56-4AFA-ADB4-0133ADC978D4","0x00000000002C478B"
"99900D7D-556F-4C3A-9323-4F86FDABAFD7","","NM-03691","0","118","158","","2827","5C3534EA-F1AF-43EB-9B12-0161D6A879C0","0x00000000002C478C"
"7D5B0A51-AA8E-48FB-A309-2CB6DF48463A","","AB-0057","0","320","330","","2602","51290C16-F89B-47F1-AD07-0182418A9106","0x00000000002C478D"
"F54ACA98-AD3C-45D6-9612-BC7F72365169","160","TV-140","0","220","260","","1071","07007449-3DBE-4DB1-9A75-018BC47ED10F","0x00000000002C478E"
"2F1F6B46-A00B-425A-9A16-B8133C142793","33310","EB-606","0","620","630","","655","E19A879F-164A-4252-8207-01BA2D7372FD","0x00000000002C478F"
"D3BAF60F-7277-4E00-959D-5347945584EF","","NM-26884","0","340","380","","4931","31339796-FE45-4B0B-95EF-01BF9160BB98","0x00000000002C4790"
"4F22631D-B2C5-4A94-A1E6-8007F6E93483","33315","EB-611","0","1190","1990","","660","6E7B36ED-6394-497F-83FC-01CAAD6D2F05","0x00000000002C4791"
"734F03B4-5D7A-44E7-B8DB-7AD16388F118","325","SM-0258","0","90","110","0.032"" slotted pvc","850","DE0218F6-96CD-4CEA-A8F8-01D366EBE317","0x00000000002C4792"
"8C6D9CAB-D786-418E-B55C-6DA4CA4C561C","33602","SM-0091","0","700","720","","808","12603E79-A0D3-4408-B7A4-01ED1E26BE73","0x00000000002C4793"
"232863A3-F0F3-4700-8629-AAA5BD77BA5F","223","EB-219","0","76","109","","279","6BC0E7D0-2F4F-467B-9D5C-01FF39C72EC2","0x00000000002C4794"
"F4494EB6-7EF8-47C5-BD0C-77675BA2C0EB","262","EB-258","0","191","205","","317","037DB147-0966-4E26-8911-020F35015011","0x00000000002C4795"
"EDAFFD0B-BEA0-4083-8F45-42667BFAAF93","170","TV-150","0","42","84","","1079","D88DE48F-2283-4C24-80B2-022397180B78","0x00000000002C4796"
"431BFF9C-5F28-4E55-8610-2AAE12484B10","","NM-24714","0","440","460","","3670","05191149-473E-4625-A906-024343550D43","0x00000000002C4797"
"8219F918-91FD-452D-8F7D-A193A135BBF5","400","EB-396","0","90","98","","454","B9DEA0E5-7CA7-4E74-AE5B-02464A1E29DF","0x00000000002C4798"
"FB0F0E87-DC74-4C57-9FCF-E0D553F8ED25","","NM-05562","0","240","260","","3877","78DAF18A-9015-4740-8F42-024A5E033A27","0x00000000002C4799"
"DD3326EE-5314-4524-BF96-19A6A296DAB6","","AH-096","0","262","302","","1783","7568C2E1-6F4A-4F47-B693-025793CDD68D","0x00000000002C479A"
"17503A46-1929-4B81-AEE3-BC9FBE80900C","","NM-03404","0","60","70","","2799","C0E19CE3-18CF-4CF8-84F9-02763EE8898A","0x00000000002C479B"
"F89CC8A9-DC0E-459B-8A56-B3DDA6DAC2B1","","AB-0252","0","","","","5763","951928AB-E6E1-4E34-AFA6-0278B084C3F1","0x00000000002CF39E"
"FA275572-7845-45D2-AC40-1B26B0BD44F8","277","EB-273","0","700","800","","332","FC72D3F3-3F44-42A5-B0E0-027E93601727","0x00000000002C479C"
"F162D6AB-BF4A-0947-9228-963552B72F04","","WL-0139","0","70","90","","5633","36C20AEC-9D68-B947-B2BE-029C036DCFC9","0x00000000002C479D"
"B3FFFFAF-8ABE-4D15-959C-297A1769AE95","","AR-0150","0","25","30","","3089","6C12DD19-7372-42B6-8BD9-02C9DAB927BE","0x00000000002C479E"
"1ACA981A-099B-4253-888E-6DB5E46EA3E5","","NM-24683","0","240","260","","3682","016398C3-0A3F-4B44-A570-02D53BAB8CE0","0x00000000002C479F"
"AF160015-5A00-4A11-BA32-3B97C746056C","232","TV-212","0","360","420","","1122","2552FB0C-B618-4C45-A74F-02D7058676AF","0x00000000002C47A0"
"B7417163-D9AE-4CBC-8FE3-189B94C53C6C","","SV-0131","0","342","362","","3437","63B6DAC0-A4E4-4F99-8E1D-02E1022578E4","0x00000000002C47A1"
"E828E96A-783C-4198-85D1-8CBA6B834CB6","364","EB-360","0","420","440","","429","3B2F8F3B-26FC-4BF8-BC0D-02E676DF69DD","0x00000000002C47A2"
"FF40E45E-2619-4B48-8489-75F0DBF48249","8768","BW-0946","876","99","399","kjhkhfj","5751","6961F656-9CAF-47D7-9BF5-02EBAE06C710","0x00000000002CF37E"
"708164B9-ED6B-4511-B761-E22CF29246F9","","NM-01139","0","147","167","","2788","624F34DA-43AD-4C6E-93C5-02EE6F1AF62B","0x00000000002C47A3"
"6DACD5E0-1FD9-F341-B675-860B1CAB4A94","","PC-023","0","90","100","","5330","63669677-20BD-3E43-BF81-02F352A74747","0x00000000002C47A4"
"1E4AB32D-CF65-4853-A454-0447CCB94916","355","QU-027","0","50","110","","1028","9B59D90C-277B-4E8F-B0AB-03074B83D7AC","0x00000000002C47A5"
"B203E3B5-8E93-4E65-A4E8-A2C889CA13D2","","AS-032","0","435","495","","1525","5EDF2F76-AE08-4617-B547-030D8EFB0833","0x00000000002C47A6"
"A590900F-DC41-4DCF-920E-052F077F4BD8","","BC-0101","0","220","240","","5037","B742086F-B5DA-4377-9AA6-03452865F873","0x00000000002C47A7"
"CC2A95D7-06BD-4949-B62E-3A37B84C8414","320","TV-279","0","80","140","","1187","BCB97F19-8D70-4B48-8737-036D2940BC61","0x00000000002C47A8"
"9A9BD5E8-102F-47E3-8CB1-4892CB7EEF74","282","EB-278","0","468","480","","339","58BE937B-184F-46B6-85A4-037FE3D9DB20","0x00000000002C47A9"
"2031F328-C80E-4670-B755-3EF8F529B003","","NM-05604","0","60","237","","4970","70774806-AB50-4170-9B64-03B761049F40","0x00000000002C47AA"
"84354BF9-80AF-4845-9922-FED592D0253F","","NM-27235","0","720","730","","4976","E368A330-4D15-48BE-8F86-03D5E140A361","0x00000000002C47AB"
"516BB706-F593-4D50-90C9-6D72BB0ACC80","","NM-26682","0","48","53","","3444","25C40EAF-E0A9-4C88-9F93-03DB57966840","0x00000000002C47AC"
"A91485BA-4C80-427D-AC2E-93D94C483889","","NM-27127","0","149","162","","5451","BAD56386-F3C5-2148-85D5-03EB950418B8","0x00000000002C47AD"
"157DE72B-6859-4195-92DD-516A5F34B4A9","37","EB-036","0","62","63","","39","0F4FF64C-7BC6-4040-8245-03F43F09D729","0x00000000002C47AE"
"6C9CC5CB-D292-4FBB-9AED-BBE172149483","189","EB-188","0","200","220","","236","45F63292-617A-40BA-AEC7-03F59467531A","0x00000000002C47AF"
"5BE85693-25A2-487B-A854-DFCC4C45DE16","33371","SM-0013","0","220","260","","761","4A143007-BDC8-4754-9F19-040EB389AEC3","0x00000000002C47B0"
"5A9A0FAA-6EB8-4469-9CE7-3E2D04321EFB","","SO-0224","0","42","47","","3228","D7C38885-2B1B-487E-939E-040F67C4D98B","0x00000000002C47B1"
"8A4D37E2-6B1A-4EF2-B304-7291F575F887","210","EB-209","0","238","260","","269","6C3822FC-FB61-45ED-AA05-041F60BD0229","0x00000000002C47B2"
"86BCFF71-F030-4D89-83DB-5A15746EE91E","129","EB-128","0","320","360","","162","241C12E4-EAE6-4B96-9551-04389F7F91B0","0x00000000002C47B3"
"2161E7F3-B426-4A0C-9CFE-603E68D8A2BC","","NM-01917","0","40","50","","5576","D1DAE437-A9D6-464F-B945-044C09F3DFF7","0x00000000002C47B4"
"78201E48-2E45-BC49-A914-E2DC2DB7C7BD","","PP-001","0","45","60","","5255","E4DF8CA9-EF4C-BD41-9B63-048F327FAF43","0x00000000002C47B5"
"504E5A15-6EC7-4F70-A5B1-1919B7CC26A1","","AB-0116","0","547","587","","2653","262AF6B7-DA8A-4625-8771-04B03AD68CE6","0x00000000002C47B6"
"B11962B2-91F9-4A76-82DF-2D89ECE8C0FC","","NM-26218","0","150","250","","3885","BD1FC4EA-661C-4406-9FEA-04CBB1034446","0x00000000002C47B7"
"88B02DD5-ADB7-0440-97CE-E6D10E68A372","","SV-0144","0","120","160","","5480","4A6370BA-2917-4B45-A949-04CE5614FBF5","0x00000000002C47B8"
"C2BECC25-FFF1-4080-904A-715C67E9EF12","","NM-25104","0","488","509","","3477","58C909DA-5183-4678-98F2-04D23AB47F3E","0x00000000002C47B9"
"0EA23243-8541-4F63-A9BA-7B4DD38648BA","","NM-04297","0","290","400","","3109","8DB6BA64-19D2-4CF6-9E1C-04F063437EFD","0x00000000002C47BA"
"FBA980C4-4631-44AA-9DAE-8A91A84FF2E4","","SV-0067","0","285","325","","3365","4A24BAFB-E590-4AF7-BAEA-04F4F1AD3427","0x00000000002C47BB"
"2C9A5BF3-1938-49DB-8790-48C05F079BB3","187","EB-186","0","240","260","","233","5AEF612B-7123-49F1-83AB-052F7DF7B234","0x00000000002C47BC"
"B7B3964A-BB9A-4F2B-AECB-A3FAE7B995CF","33384","SM-0030","0","395","455","","1231","351F0129-5611-4689-A020-0541ABA532CF","0x00000000002C47BD"
"6340CBCB-B03A-D749-8CA4-FB89FC28466D","","PC-003","0","160","200","","5311","23A39236-B9F1-9840-B692-05491E6FECAA","0x00000000002C47BE"
"BF63CBE6-1B60-40A2-9E6C-DF7FB3A3789A","110","EB-109","0","530","550","","137","7D65A1C7-3D27-484A-9157-05492279C487","0x00000000002C47BF"
"58686880-B818-4AFE-804F-E2A9485A1460","","NM-08418","0","251","236","","3898","6EA9FF6F-5CD3-42D3-95E9-055008A8BACA","0x00000000002C47C0"
"FAF88A70-EE70-45E0-88D5-9CAC483016EA","","SO-0232","0","5","20","","3236","6A4C1F01-B90E-437B-B95E-056C6A6FEFC5","0x00000000002C47C1"
"C6240761-073D-44C0-A5D0-C39CDB6B5664","291","TV-257","0","240","280","","1165","4403EFFF-5DFD-497F-AF0B-057E9A774ED2","0x00000000002C47C2"
"D23F1DBF-741C-42C5-959D-127AD9BBFD01","106","EB-105","0","594","854","","131","D6DA20C6-2A63-45BE-9C5D-05AA0D9F920B","0x00000000002C47C3"
"C4F8A31E-0E5B-46C7-96A3-3FA0CEFB4DE1","","NM-01407","0","260","300","","3042","F7FB1E40-BA9B-4666-9B6B-05AFD0E7832C","0x00000000002C47C4"
"3C817A61-9D90-41A7-909A-CD50BB8AD511","113","EB-112","0","360","420","","143","3D9F3F5A-CB6B-4A19-A3A2-05BEF0B36152","0x00000000002C47C5"
"468F5712-5402-4432-984E-A0BD78D69852","","NM-24995","0","355","395","","3568","45B045B5-FC48-462D-9F06-05CA8A851BF9","0x00000000002C47C6"
"FD8226A8-79F9-7147-A450-3D8175D3E36E","","NM-28281","0","60","100","","5434","69420649-3B8E-AC4F-B8C3-05CAD261C89E","0x00000000002C47C7"
"7D807F6A-417B-44F2-85BB-E70AFACBE49C","","QY-0858","0","150","160","","2996","6D1A8481-5CB8-49C9-B649-05CCF8DCC81B","0x00000000002C47C8"
"72786592-067E-4B58-BAE1-A429F4266B8E","568","GT-016","0","55","75","","1341","16A5666F-72C9-454F-9B22-05E121710B00","0x00000000002C47C9"
"274C4763-1114-4171-99EC-CD73D40C6F9F","","SO-0186","0","44","49","","3184","23B51920-D036-4143-AF77-05F3125393D2","0x00000000002C47CA"
"166601AB-666A-49D7-B1AE-92DB397A7465","98","EB-097","0","860","1000","","119","40B7522F-76B0-48B6-8E65-060B6C6463F5","0x00000000002C47CB"
"1AA2BF45-C129-4613-B936-5A56F211DF0C","","AB-0004","0","739","744","","2562","695666EC-AF5D-48E1-BF0E-06371FFA4ADF","0x00000000002C47CC"
"76D6FE6C-E471-41F8-A710-EF52239EE8B2","","NM-01094","0","200","210","","2805","8834DBB9-D81C-457E-BAF6-063799B2436A","0x00000000002C47CD"
"CA0E2632-0E2E-FF43-A404-1E306A700262","","PC-112","0","420","665","","5402","6D410DCC-4903-6A42-9B13-06947D6148BB","0x00000000002C47CE"
"4B49E285-7574-4C81-8F2E-6078DBACB077","","BC-0241","0","530","540","","3535","AB12DD28-BD60-489D-BA60-069E5071EB19","0x00000000002C47CF"
"B67F7B7A-806D-4D21-BF4D-56AD22F874A3","","QU-073","0","33","43","","2418","AD8166F0-9AF3-41C5-B4C1-06A1F33F324F","0x00000000002C47D0"
"A4D92C0D-87C7-4CCB-8754-D21CC93464A0","489","EB-480","0","500","1490","","561","06B9A1FB-798B-4FEB-BBC3-06BBF14F5ADE","0x00000000002C47D1"
"1AF2D0AB-15B6-4E2E-AF9B-394E068D6EE1","","NM-01465","0","88","89","","3061","7F19FEBC-1861-4EF1-9F40-06D5674009D2","0x00000000002C47D2"
"D45184E7-8CFB-294B-93CA-1BCAE8D02566","","WL-0273","0","240","300","","5704","F6A4B53D-C566-5341-B3FF-06DB7B37270A","0x00000000002C47D3"
"5B854F8C-E5DC-4421-A4CD-9D53362A4D60","","SV-0015","0","223","263","","5184","8697D97A-053A-B84C-AB4C-06F649210FFD","0x00000000002C47D4"
"42F0F524-7B4F-4C15-8C4A-85506E939B8C","","AS-046","0","320","720","","1534","94A5BCD0-6240-4202-8E04-06F756396C46","0x00000000002C47D5"
"695CF0C9-D248-414F-AE04-FA71A54F40E2","","QU-166","0","104","114","","2479","3D3DBE4C-E210-4CE7-84DC-0732CDD758DF","0x00000000002C47D6"
"6CAD0E35-DB67-4171-8079-40CDC9767E78","168","TV-148","0","80","100","","1077","62D6B4A0-D95B-4499-B34B-0735B533E836","0x00000000002C47D7"
"3E0615BF-72CF-476B-B863-D42CAB4A1A91","33375","SM-0037","0","42","82","","1227","5825BDA4-2D88-49AD-A2EE-0744B468037A","0x00000000002C47D8"
"534A22B2-175E-4366-BD74-4CBD0FF56366","155696","TB-0214","0","110","120","","1302","11E1C6E1-CC3C-4823-B112-07489AAF27DE","0x00000000002C47D9"
"11275315-7565-42FC-A199-ACB2DE7E4BDF","174","EB-173","0","600","620","","216","BE1E61CC-408D-409D-ACE5-077551D47372","0x00000000002C47DA"
"3C6D3722-C70E-439C-8DAD-1D55BF7FEA8C","","TC-277","0","284","337","","2144","650E2007-E62D-4E36-AA38-079DA8942377","0x00000000002C47DB"
"3DA77CC0-FC95-4C72-92DA-6F930AC03646","","NM-26968","0","220","240","","5104","5F516BB4-3606-4D88-9AD7-079E1F46DAF2","0x00000000002C47DC"
"1D338526-FB43-4F2C-A01C-165E281AFAE6","","CP-0024","0","340","400","","2938","9FAE4A47-5836-4BCF-87B5-07AEBF484C4E","0x00000000002C47DD"
"235C6784-87DE-4561-A569-33E6BF377724","","NM-26951","0","545","575","","5301","6E8FE508-97FF-1B45-8F18-07BD4065AC4C","0x00000000002C47DE"
"C3CD5B8B-FD05-4E79-A695-1C8BE35C66EC","","NM-04691","0","400","430","","3869","C32F0C8B-223A-4CC7-BF4B-07C08426E072","0x00000000002C47DF"
"8FA2DE80-5A81-4D64-A1B3-E8EEBAAFEF6E","","SV-0136","0","178","198","","5209","A21C2B9B-B3A1-1E44-A0A8-07D0BA94B601","0x00000000002C47E0"
"3B5C827D-9A3E-4089-991F-0490D183F2A1","","AS-063","0","640","670","","1551","F69A7CCB-C8A2-4842-80FB-07D711AD7F59","0x00000000002C47E1"
"6263F194-6528-446E-881A-0ACFB12BE6C7","","NM-09575","0","80","260","","5561","031E0B69-B268-6946-8873-07F9BF34349B","0x00000000002C47E2"
"4F21B887-3166-436A-BB7B-7C925A778A4C","","NM-00769","0","163","183","","2902","5E555319-B760-494D-A6D4-0801422860A5","0x00000000002C47E3"
"B7AA6B15-F0D8-A64D-95E9-A5D1C17519CC","","PP-057","0","178","218","","5282","5C3B41F4-26DF-7A4D-84C1-08023231D885","0x00000000002C47E4"
"DA1A0469-D8EA-443A-8E67-E5831D9676C5","262","TV-233","0","269","289","","1145","F32E6114-9946-466E-9465-0812A9CFDCF7","0x00000000002C47E5"
"B994C12E-5553-429F-BFE8-17CD6E1E385B","","NM-21081","0","25","45","","3814","C70EF96E-C4E0-481C-8449-0819BC0A5A88","0x00000000002C47E6"
"D8EB8ED1-106D-4F6B-B618-D59FF1B006D8","","AB-0195","0","760","1520","","2716","45F08402-DBCC-4B26-8D30-0823142D28DC","0x00000000002C47E7"
"7DA63F4F-C776-4A67-9B42-07E3A8198CBC","","SA-0134","0","154","214","","5686","615AABE0-DC45-E54A-82B9-082ABDC13FC2","0x00000000002C47E8"
"1B50EC1F-A312-4D25-B123-7ECBD470DBA2","","NM-06703","0","610","710","","3895","C8656610-B10D-49B6-BDF1-083FA11F3FFB","0x00000000002C47E9"
"5CF2D720-B0BB-4D2F-BF8E-B74E031BD14F","","BC-0161","0","125","145","","5133","4DC91290-9D0A-4C68-AAC9-0869403ED694","0x00000000002C47EA"
"603E5EB1-1390-4BE1-A715-B071D66F54A3","155732","TB-0227","0","0","105","","1305","F3DA7163-3D41-4C69-9E36-087CB307BD2D","0x00000000002C47EB"
"33BE5012-772A-48A0-8A79-C7B94B22802B","","TC-253","0","90","110","","2126","AB8364D5-BDAD-4E60-9D01-087E57DD7CB2","0x00000000002C47EC"
"A585755F-6617-4DCB-AF21-9232753876FA","","SO-0153","0","46","50","","3151","F4DC1E0F-FB37-4506-9B59-088C49656FD3","0x00000000002C47ED"
"B3D3A444-44D0-4C0D-BA3C-BB75AA97189F","","AH-060","0","540","580","","1747","696266BC-052F-41D0-BD93-08C9D8C40151","0x00000000002C47EE"
"AEC357D8-CDAA-491C-9DD0-66035EACD284","","NM-24673","0","230","252","","3687","C2C4F67C-E580-441B-B964-08D1A0D71E42","0x00000000002C47EF"
"8AEE9CB9-0D67-408E-B4F2-1BC4A4BA50DE","","TB-0310","0","100","160","","3126","7A84090D-1F3F-45CC-B49B-08D6CDA9CAE8","0x00000000002C47F0"
"1D26B8A0-EED3-4BBA-9F6C-4F77E2BA34B0","","NM-21280","0","80","100","","3821","B861DEE9-17E7-46FD-8FFD-0902E598A12E","0x00000000002C47F1"
"54A60E49-C54A-48C6-A0D3-892BD3FA8618","","TV-283","0","70","90","","3013","98FF645E-0D39-445E-8D6D-0906BC377E6B","0x00000000002C47F2"
"9E5669BE-9288-4884-A2F8-94E09030C4F1","155530","TB-0064","0","7","50","","1261","088A61FB-C13F-44E9-AD1F-091443D760BA","0x00000000002C47F3"
"593A6885-3589-4AFE-A5AF-3D89BB0DFC75","","SV-0056","0","200","240","","3354","CCBD6C40-A5E6-4223-8299-0924F746E26D","0x00000000002C47F4"
"E9DC18FC-5FAA-4C60-AE7C-1E5A013D7DAF","","NM-24951","0","410","435","","3587","66DA1C8D-AA3E-431A-BFCF-0964433905A7","0x00000000002C47F5"
"061E1499-17FC-46AA-A540-5D15C589F061","283","EB-279","0","395","415","","340","DDCB1BAA-F13E-4DA6-B84F-096D342CC113","0x00000000002C47F6"
"3FA5664A-99AC-4E1C-9895-54B33AD42B06","80","EB-079","0","540","560","","91","92A52578-80E7-43C8-B187-0976B88317D1","0x00000000002C47F7"
"876A4BBB-0C60-D944-9A2C-EE0D18337A83","","WL-0065","0","190","250","","5223","49D41B22-A4BD-894D-ACDF-097FCB5DF39B","0x00000000002C47F8"
"9D7BE9E9-F953-4738-8DBC-7F553258CCAF","33237","EB-522","0","50","65","","596","9EC9A918-E82A-4EC0-B6BF-09B780C0AD7F","0x00000000002C47F9"
"C195D791-7C9C-4CBB-B5A2-E5B640FEF927","","BC-0034","0","120","140","","4959","7536F49C-7F0B-4D88-AB13-09B799FBFE1D","0x00000000002C47FA"
"007A5201-BDD3-4643-B780-B22D56BBEA8B","","BC-0010","0","150","170","","3911","961BBDFC-218C-4A47-AF7B-09CCADF8C7D4","0x00000000002C47FB"
"B152162A-EBDD-394D-A1FB-1EB4549E5D9E","","PC-103","0","73","103","","5394","42AB75D0-5A23-9746-8277-09D72E4A1087","0x00000000002C47FC"
"6EE971B6-71DF-467C-996B-06E44A8BFBCD","444","EB-439","0","207","222","","502","0B58CAA5-C0E9-4AB8-BF8C-0A10C75BE2F1","0x00000000002C47FD"
"80274863-0F34-4491-8577-4BAF27AA4BD7","","NM-03338","0","81","86","","2819","E33C3E3F-E4E4-4455-9907-0A1F2D3B515A","0x00000000002C47FE"
"DE0F748F-3CAA-D149-BE24-9C06392C1FE4","","PC-101","0","664","674","","5393","9BC0BA5A-2263-0941-875F-0A33FFE32694","0x00000000002C47FF"
"E24588EC-06A2-4F9B-98F3-AAC30CBFC3BA","","SO-0150","0","3","13","","3148","AC057E88-07CB-4B40-BF6E-0A4C544E41E6","0x00000000002C4801"
"6C5D62D6-50C1-4AA6-A3A1-41215106165E","78869","SM-0234","0","160","180","","837","65E64E14-3C58-47AC-B6F5-0A5DCB35A500","0x00000000002C4802"
"1C25EDAD-0B30-4B82-A552-896F9AC94FFA","104","EB-103","0","106","108","","126","1CCABF41-037E-437C-8A88-0A7C2A3683E4","0x00000000002C4803"
"44139B9D-08A0-4C0B-9452-611A692333E5","490","EB-481","0","592","620","","564","B17C49D7-89D2-4269-AE35-0A9322154E57","0x00000000002C4804"
"674C1936-BE02-4870-BAA5-EBE76C457E0A","","NM-24850","0","127","137","","3630","5CC2E91B-1853-4D02-9403-0AA721CE56FD","0x00000000002C4805"
"D0F74F13-54DD-4D76-9B2E-DA379A0B5DFC","","TV-301","0","998.5","1039.5","","3002","6847459D-0130-4013-9C93-0AB000458F5F","0x00000000002C4806"
"4F771A6D-32FD-4247-B9C6-2EC84A078068","363","QU-034","0","50","90","","953","9C1A89EB-A612-4657-8BA9-0AB2869DCEFD","0x00000000002C4807"
"7543AF25-5AFA-42DE-B46F-424DC60227D0","406","HS-046","0","25","42","","1207","510B97BF-1E6A-42B4-98D3-0ACA40C2F412","0x00000000002C4808"
"90671ED0-8148-E24F-B3B3-27AEA061E191","","PP-063","0","84","104","","5250","464D39E2-D375-4744-88F3-0AF3D06A1B7A","0x00000000002C4809"
"EE18C300-8E5A-4193-8E1D-4AA3132A99FB","33364","EB-655","0","500","520","","697","70172278-A59D-4932-9803-0B170A6C8C07","0x00000000002C480A"
"479CBB00-4AB2-3C42-91FF-CD5F6AFD1685","","WL-0254","0","200","340","","5685","27CBEB55-8947-4949-9C84-0B2642F34EB7","0x00000000002C480B"
"584EED4A-1036-4C2E-8F95-6D3B59FE2190","","NM-01690","0","300","330","","3760","88A628FD-ECD7-4BF4-AD7B-0B2F8E1999D2","0x00000000002C480C"
"7FEE0937-B92F-412A-A3E2-562968C2CAAB","527","SA-0220","0","395","415","","878","C222AAA6-FC98-46FE-9391-0B58FF27480F","0x00000000002C480D"
"EC50AF10-9C26-42EE-B424-747433AD99FD","195","EB-194","0","148","183","","247","A86811E6-B9BB-4FEA-9438-0B94305EE7D7","0x00000000002C480E"
"F8E061AF-FED4-D34B-816B-74C6F7E7849E","","PC-069","0","184","234","","5369","3A4A6239-D5DE-8B43-B7CE-0B97A19DF8F2","0x00000000002C480F"
"B4154C7B-BB6A-44F9-B3A4-5DCC922C6435","","NM-00678","0","100","120","","2886","E434DAA2-0A1F-467B-AB2B-0B9C4F41FBC1","0x00000000002C4810"
"774D3F74-FB79-4585-A457-94DB8EB24095","","WL-0037","0","105","137","","4946","F127EF00-E757-4F21-B5EF-0BAE3AA3057A","0x00000000002C4811"
"CC3DB2A7-0C1D-4A89-80CB-00FD59008ED3","","AB-0199","0","388","428","","2720","B6D525CD-767A-470B-A520-0BC37E378CA2","0x00000000002C4812"
"BBADE39D-E5A8-4C71-BE1E-D511D94F18C7","464","SA-0175","0","545","574","","871","337E76A5-EF17-4E43-B885-0BC3D92573C7","0x00000000002C4813"
"CDAA06F1-2105-4812-B888-7AACB0A69F1F","","AR-0017","0","12","17","","2949","728336DC-D8B7-452A-B22C-0BCA43EE95BE","0x00000000002C4814"
"EDF64101-F495-4420-ADC9-C6C3D46BBA99","213","TV-193","0","180","200","","1111","C7FD6FE1-3D13-49D0-B05E-0BD8446E9961","0x00000000002C4815"
"414FD68A-E4B8-4B48-8664-591B7AFA6E8A","361","MG-033","0","418","438","","925","7590C2DF-3C48-4B8D-BF72-0BDAA76B5483","0x00000000002C4816"
"EE18C300-8E5A-4193-8E1D-4AA3132A99FB","33364","EB-655","0","560","580","","696","39809F3D-10E5-42AD-91E8-0BDD635B50E0","0x00000000002C4817"
"26BAE4B3-4F43-4A86-B20A-AD5D335E965F","","NM-25192","0","590","630","","3451","3DD66982-B177-4590-8F14-0BF1B686F3C3","0x00000000002C4818"
"B4B8F865-82AA-49C8-9384-2A79432DD0A1","407","HS-047","0","40","60","","1219","084E77D0-E6A7-43DA-8DE9-0C1BE9F2EA63","0x00000000002C4819"
"C6B814D3-5556-4B5F-99A2-C72BBB276054","","SV-0004","0","270","300","","3290","F973577B-35ED-4A25-86AE-0C27332EBD90","0x00000000002C481A"
"F759DABD-722F-4725-863A-19C245CD3389","94","EB-093","0","600","650","","115","B20851DA-0055-45A9-B8ED-0C42B926E9FD","0x00000000002C481B"
"6E0C9EDF-D43C-402E-8D33-414CF4A98BF9","","AH-100","0","400","440","","1787","7D8B7FC3-97BC-4DFC-986D-0C5179CCA24E","0x00000000002C481C"
"6796AE8B-9F19-4444-AB8D-ED5E75A4C09B","251","TV-227","0","145","185","","1137","52810C41-15C5-4944-849F-0C756015E687","0x00000000002C481D"
"50942C54-5673-854C-B457-E61FF092914D","","WL-0074","0","35","105","","5235","C7CD4366-6304-C14D-BE07-0C7C9F99827F","0x00000000002C481E"
"DC117459-3818-5242-B31E-6C5EDE346221","","WL-0085","0","145","165","","5436","D7C2AEBA-4424-FF46-AE50-0C86F48F3158","0x00000000002C481F"
"290EBC3F-1657-AF4D-A565-3CC61B455F26","","PC-122","0","240","270","","5414","225F4D59-2826-9D48-9BCE-0C950698919A","0x00000000002C4820"
"86B9A5EF-D527-400C-A233-959E666EBEF5","","NM-01669","0","252","445","","3757","8B752B15-86F4-414D-91C9-0C9DA536DE73","0x00000000002C4821"
"4AB1F999-A9CC-064F-BFE5-A898B616B848","","PC-022","0","310","320","","5329","156DBBD2-6199-254D-9207-0CA3B9B8F5C2","0x00000000002C4822"
"DC73E296-2CFF-401F-9D5B-340E63A2FF27","305","TV-269","0","60","109","","1175","07C8C4F7-04D5-417C-9B12-0CC437DFCA32","0x00000000002C4823"
"00D8FD85-376F-4DEA-A794-1680A41782DD","","AH-023","0","170","242","","1578","5951D945-C1D7-4158-A267-0CD02B1E92EE","0x00000000002C4824"
"905C87CF-7BEA-5C4F-AA9A-0406D6E216DC","","PC-094","0","575","595","","5385","F244DDDB-B679-D440-A7DE-0CD59EDE5B6F","0x00000000002C4825"
"2EA7A76F-36FE-4667-88B9-7226A0AC19B0","","QY-0630","0","33","85","","2985","47D5FC45-B5DC-4131-A997-0D05665C245F","0x00000000002C4826"
"FC72583A-2F30-4F70-906B-466A360A6B89","423","HS-007","0","290","320","","1215","E996A1F1-4C33-4CDA-9256-0D186C2C25D1","0x00000000002C4827"
"ED6370D2-C70B-4E0C-8A55-E413EA823241","","SV-0115","0","300","320","","3411","02BBCAAE-AF97-42CB-9934-0D21839221B8","0x00000000002C4828"
"A9A53B58-6A74-4264-B44C-7F683D7CCDB2","221","EB-217","0","50","90","","277","E90329FC-C717-4D3C-AE93-0D364C60F7AC","0x00000000002C4829"
"7C830C44-D087-463F-B0AD-68C23460B41F","207","TV-187","0","60","100","","1107","344A94B4-945E-47F9-82AD-0D80FA542F50","0x00000000002C482A"
"6679237F-9B1A-4FF3-96FA-21EC6A0D0681","42","UC-0026","0","74","134","","1320","FE93911B-2705-4862-A39E-0D8D356A008B","0x00000000002C482B"
"E0D0AD28-8EA7-4AEB-A4F7-B0F51CAB3B1E","","NM-24909","0","270","285","","3607","6D9D64C7-AE59-4CCE-B4AA-0DB4C29F5908","0x00000000002C482C"
"A642C6AE-6FC6-4211-B9B0-706B8EADCF7D","409","HS-049","0","30","41","","1220","5FD350E3-3A22-4726-9293-0DBFFD608D4B","0x00000000002C482D"
"29507D34-FAD9-48BE-95FD-1512970F5BB4","","AB-0191","0","980","1121","","2713","35B3DA6D-1BEE-4131-8668-0DC091702182","0x00000000002C482E"
"F94C64B2-7145-4DA3-A0CA-FE5F4BDDD582","","QU-165","0","92","152","","2472","3140EB56-9EA6-49B3-BA84-0DC9408D1650","0x00000000002C482F"
"883EA4B7-C0D4-4243-A762-FDAF352DC264","","WL-0107","0","280","360","","5443","50C93545-3F1A-0946-9533-0DC9F7E9E8A6","0x00000000002C4830"
"6E7DE45E-019C-43F2-9B39-A78A586E4F86","","NM-09236","0","117","297","","5550","BC9D5437-47D7-E84B-B9B9-0DEEC62D6D30","0x00000000002C4831"
"12072D9A-F6CF-4BFD-B8E2-C19012BDB2A2","33317","EB-612","0","116","218","","661","2A6DC731-CB62-4470-B204-0E12C36D2528","0x00000000002C4832"
"535B477D-EB5D-4838-A9F9-E61BBC32A93A","33677","SM-0152","0","715","735","","818","5CC808A3-9AA9-4951-B290-0E168B5C88A7","0x00000000002C4833"
"E9CA46EB-8A83-4498-9870-050358FBD316","475","EB-470","0","560","603","","545","A8963FAF-4579-4CEC-AB0B-0E16D8CC1503","0x00000000002C4834"
"D9F1E745-ED28-4CAA-B736-E06DC83958D0","","BC-0158","0","300","320","","5130","4C2813F4-6F0B-42E0-BA78-0E184A830296","0x00000000002C4835"
"AC9D7445-DFDE-F141-8161-AAEF80473E62","","PC-090","0","185","205","","5381","43BDE8AB-567C-2144-A670-0E1FEA11E27A","0x00000000002C4836"
"5D49E611-3C60-40E9-8A52-30E41718F1A2","","BC-0255","0","350","370","","3542","B08B785E-0EC0-483A-AD49-0E257E0CB55A","0x00000000002C4837"
"C8440178-5DCD-417A-B633-E500C10E490E","","NM-26898","0","95","105","","5291","5592FAE6-CE57-434E-9561-0E25E2213DEC","0x00000000002C4838"
"336B2BE4-A22D-4D58-903A-26A6512005E6","","AB-0124","0","538","598","","2660","1412221D-F9AE-491E-B7A9-0E2D193973C8","0x00000000002C4839"
"2E72A9FD-16C1-41E9-B2B7-C900FC90B68C","","BC-0197","0","580","600","","3520","85E968A5-543C-425A-8945-0E2EC2BB872A","0x00000000002C483A"
"F21BE53B-A436-4FC7-BD7B-512CBA209C3B","","AH-084","0","410","450","","1771","AE112B55-43D9-420A-91F7-0E33039F9E84","0x00000000002C483B"
"D3B9C597-3523-45B3-A3F9-D37325892305","231","TV-211","0","118","218","","1120","5823FDE7-FF72-420D-BE12-0E345C96D728","0x00000000002C483C"
"1D911F77-3214-47E3-80F0-3CF7D0BCEC20","","SV-0020","0","380","400","","3307","89CDFF6A-6422-4A00-82DD-0E36F2956B89","0x00000000002C483D"
"6DA0E858-B44B-2D49-AB93-83BF69D09550","","WL-0043","0","550","590","","5206","9D619417-8FBE-874A-859D-0E4E4E052AED","0x00000000002C483E"
"4C5AC031-6AD7-4EA8-B85A-34951FBC2144","159","TV-139","0","260","360","","1070","47D35A8D-3E9F-4974-B6D2-0E63511FF16C","0x00000000002C483F"
"C02FA93C-3396-F54A-97E9-47187C426A34","","DE-0007","0","460","520","","5658","B885E262-F4A8-9645-B77A-0EA445C120B8","0x00000000002C4840"
"CADAEA9C-171E-4D2D-98D3-C89198FCB66C","","NM-24998","0","111","113","","3564","2DED96A3-57F3-4F9F-ACC4-0EB40B0CA02C","0x00000000002C4841"
"1AE8C119-93BD-4177-92E9-3D857A44042C","","AH-081","0","440","480","","1809","C5D44438-C34A-46C4-93C7-0EC054930C32","0x00000000002C4842"
"123E2E23-905F-4C41-9878-D1C5C703BFEC","468","EB-463","0","526","567","","530","0A149219-6528-48DE-99BB-0EC11B5B26FF","0x00000000002C4843"
"979D5902-09A9-4548-8A07-4126BCAD7390","","NM-21345","0","280","300","","3828","34167ECA-10F9-45C6-BDE5-0EC54292CAA8","0x00000000002C4844"
"6AC8EC72-45B7-4B88-B85C-F8C8FF550D99","","TC-307","0","110","210","","3784","864F8562-3C19-44DB-BAD6-0ED42B1AA65E","0x00000000002C4845"
"71C26D08-EA61-EA4B-9787-A93CC0F3E003","","TC-441","0","20","240","","5236","E4188C55-60A6-CA40-B0AA-0EE8597C7ABA","0x00000000002C4846"
"4E8B3D85-4859-2E42-8F9A-B58644D6D80A","","PC-120","0","280","300","","5412","DC83168E-1B28-DE4C-B3E0-0F043D92FA0B","0x00000000002C4847"
"4EA7605B-0989-4DBD-92ED-F514A8326CA4","","NM-26912","0","130","180","","5058","E9A6145F-354F-4BFB-A22E-0F4BF9B577E1","0x00000000002C4848"
"7CC07B27-E4AF-4947-944D-B13E3081DAF8","203","TV-183","0","115","135","","1102","B613E2B6-0771-4774-A57C-0F708A8DDB09","0x00000000002C4849"
"54E161C8-8A96-4783-91F0-B97EFFF66126","520","QU-133","0","180","200","","1007","81AAE5BB-1E0E-4D6F-A5DD-0F729DB1FC6B","0x00000000002C484A"
"D38770C2-69D2-4A3E-A859-EE2DE0B8D8C3","33278","EB-574","0","80","100","","617","315CD590-0431-4709-A1D1-0F7CA8B6D622","0x00000000002C484B"
"2F48A67F-9652-4F3B-AD63-3574C4372039","363","EB-359","0","740","1310","","428","C42E4A2F-7357-4D28-AE60-0F89FF74FA89","0x00000000002C484C"
"B63D5298-C3AC-4CCF-9D16-4D3C38765DCA","","NM-05990","0","350","450","","3880","478CA0E8-F416-4B64-9CAD-0F8EED74C05A","0x00000000002C484D"
"F2EEA568-D34E-44A0-98B9-5353E796C7EB","","SO-0236","0","5","20","","3240","8B896E1B-FE5A-4F64-A64E-0F8F5B82C435","0x00000000002C484E"
"5579EA25-60A5-4D8E-85F8-4CE98A6BD728","","SO-0129","0","4","19","","3199","937DACA3-1241-4A67-B7B5-0F96542D28AE","0x00000000002C484F"
"EAA4E7DE-DD0D-4DB0-9C2A-CB17041E2DA3","82","EB-081","0","814","824","","97","FE28C329-EE8C-4A58-BB56-0F96B797345B","0x00000000002C4850"
"14E5E939-AF20-4F29-8659-B226976B8D45","124","EB-123","0","400","840","","158","0997D30D-D68E-457A-A4F0-0F9903C18C24","0x00000000002C4851"
"E34F58B6-6F16-4694-9477-235503BA8539","","NM-25000","0","106","108","","3562","6F53566A-B076-4AAE-81A9-0FA25441FB53","0x00000000002C4852"
"31F9725A-A0B6-7B42-93DD-01C98F00FB09","","PC-072","0","210","250","","5372","09250D74-D1BF-DE41-AC14-0FB0120BD62E","0x00000000002C4853"
"A05EB94C-A52C-4F33-B309-F7729C55AA32","","AH-075","0","197","237","","1762","E09D4B60-4A1D-47BA-A783-0FB49E1B1538","0x00000000002C4854"
"96FF477B-17C6-4553-B0FB-14A93EB4D0F9","38","EB-037","0","100","400","","40","5054C2BB-C6B3-481F-A77F-0FBF00BF0BE9","0x00000000002C4855"
"D38770C2-69D2-4A3E-A859-EE2DE0B8D8C3","33278","EB-574","0","460","480","","616","5CA0CAA0-A016-477F-9DC8-0FBFC8A0D7D7","0x00000000002C4856"
"5D87B0CD-BC3A-46A5-900B-483A951D4CF6","44","EB-043","0","200","420","","47","A962BD1D-125A-4883-9750-0FC605B15610","0x00000000002C4857"
"646CA437-8AB9-48C0-B9AA-594568EC9180","139","TV-119","0","60","150","","1057","03F86CFF-A0F5-4151-A1D5-0FCA5DC95E34","0x00000000002C4858"
"B7226734-74CD-4A85-BEE1-48BCF42DD2CE","","NM-23670","0","215","220","","3929","863B1172-C5B1-495F-B088-0FD30CB427C4","0x00000000002C4859"
"7A3BCE38-D499-48A5-81DE-01424B3BA651","","NM-25118","0","737","755","","3469","B87C6627-FC5A-4E84-B51D-0FE9241C079C","0x00000000002C485A"
"EC13ED1E-963E-4281-96E1-B1CFE1BF6874","374","EB-370","0","24","61","","255","5C99D82A-BC58-436B-A4B4-0FED686F69BC","0x00000000002C485B"
"A849B99A-833B-8048-AB29-230775DE986E","","WL-0260","0","60","201","","5687","55B4D6FA-5F8D-6647-BD60-0FF0CBFB3854","0x00000000002C485C"
"70F1A72F-247C-4AB9-88B4-043A5115C3BE","","SV-0057","0","160","180","","3356","166009CD-F54D-4B2A-8062-0FF8D5D2A38D","0x00000000002C485D"
"6DE4C486-2C06-F743-AEC6-37F701B9DE5C","","WL-0215","0","720","760","","5643","114FE213-2D65-FE46-8D0F-100033E24389","0x00000000002C485E"
"D4FAA561-3F86-4AAD-B9E5-A309A71808C8","","NM-21806","0","25","55","","3849","FB85AA85-7EB6-4056-8349-100832EAF668","0x00000000002C485F"
"1834161A-B39F-43BE-A9E6-5EA0B7DD7A25","473","EB-468","0","452","476","","539","A1FC2503-5FA4-49F4-B25A-100ED8988104","0x00000000002C4860"
"81738190-6AF9-413D-B1FF-8D0039454BDD","127","TV-107","0","868","935","","1041","45CB8570-E76E-4801-A992-1019BB84E338","0x00000000002C4861"
"79EAB1E1-C044-4A8D-9659-52C206251EA5","155745","TB-0240","0","50","120","","1309","BA1743E9-FEA5-44F8-A8A4-1029C7B34F44","0x00000000002C4862"
"7E2993DA-5E93-4250-AB48-47FA3452C0FF","","NM-26917","0","120","140","","5065","AAF26535-9B1A-48E7-97C2-1036882BD0B2","0x00000000002C4863"
"25111816-08D6-4225-85D3-78B4AD06A8DF","","SV-0053","0","400","425","","5190","9DC3C8D7-C3C8-5949-836D-104A57025558","0x00000000002C4864"
"1454670A-E015-403C-9DA0-7052F890C5BE","","NM-24577","0","246","258","","3736","D2CC1406-3B7C-4F6B-88B0-1052D8F9D093","0x00000000002C4865"
"C8A69133-BA97-434F-BDAA-87B87D642A6C","","AH-022","0","420","440","","1610","05D90B36-5F11-4EBC-BD7C-1059219EB90C","0x00000000002C4866"
"FCA6183F-E621-4011-8D65-50C352D14717","108","EB-107","0","600","640","","132","8AA57E25-F262-4BE0-ABF0-105C58251103","0x00000000002C4867"
"29862CBC-EB7C-4221-A3C3-7AA71947ABEE","33320","EB-615","0","720","740","","666","E45E7111-BC55-42B4-8496-1069B452E8CF","0x00000000002C4868"
"66D3735E-8DCC-4713-8F29-A47FE5A2E531","","NM-03415","0","139","144","","2810","4C1F31B0-C400-473C-A84A-1075C77A2920","0x00000000002C4869"
"B7FB9E45-AAD0-4E4B-8395-73B2E458648D","231","EB-227","0","390","410","","288","FADC27B9-2C69-412A-9F9F-1097A8B16172","0x00000000002C486A"
"C64F4C76-DABE-472F-8412-EBDAC107926C","","BC-0191","0","260","317","","5162","0E54E945-D2FD-42CB-AC4E-10ADFC6BD0EC","0x00000000002C486B"
"C6E14766-2EC4-9C4D-ADF6-D83DE86CEEBE","","WL-0071","0","353","793","","5225","A5DF5C8D-6ECA-0D41-8C0E-10D0C0F0F29A","0x00000000002C486C"
"6EE971B6-71DF-467C-996B-06E44A8BFBCD","444","EB-439","0","137","147","","501","4179BF89-955B-4B1F-B7A4-10FC4663C89B","0x00000000002C486D"
"212BAFA2-BE18-4D71-8ADB-F6C522F44B68","288","TV-254","0","150","210","","1161","418D4E6A-D1CE-4679-A54D-1106373CE0DC","0x00000000002C486E"
"9C8257EF-490B-4A19-8D18-11311700A3F2","205","EB-204","0","120","140","","268","004B0C2E-C6B9-431B-8690-11097DDDEEE8","0x00000000002C486F"
"422522D1-03D4-4BDA-A933-B8C30AD1BF9E","","QY-0375","0","75","220","","2969","106847B3-B6E8-4DE0-853C-1126C1B7469F","0x00000000002C4870"
"5990A71B-709B-4416-BA15-43F90E068E8C","","SV-0008","0","300","320","","3296","6559DA67-E2A2-41DA-AEC9-115C1AB520B1","0x00000000002C4871"
"9947E6E3-8AA2-4033-994E-D8E9DE6E41D4","","UC-0228","0","380","420","","2846","1C5E4C4E-5E2F-4DC6-AE50-117A65D724B6","0x00000000002C4872"
"8FB8EFC9-9E0B-4C70-A866-1ABD237EBD0A","","AH-088","0","430","470","","1775","387AA4F0-F9D4-4C5B-BFA3-11808773F0FD","0x00000000002C4873"
"B207BEC1-F4E8-4888-98C8-C330E417EE04","","AB-0144","0","670","990","","2678","4CDDC5E2-339E-4370-A55D-11808B3D0688","0x00000000002C4874"
"4A8EDE59-9E7E-4E11-A152-63DAC65FD9BA","51","EB-050","0","340","360","","54","59916E1A-E390-4647-A47D-1190C10662C6","0x00000000002C4875"
"52AFC297-7F11-4DD7-AD5D-DF719D77F614","91","EB-090","0","200","480","","109","D514124E-7534-48C4-98F1-119C9FA25F2D","0x00000000002C4876"
"73E15E3F-DB69-424A-910E-4C77AEE1B264","83","EB-082","0","816","896","","98","0A3286A5-23A9-48FC-9C34-119F047F04DE","0x00000000002C4877"
"41C38F67-43B4-4A49-A2C1-7A28AA9CCF37","","BC-0131","0","340","360","","5112","5289AB77-A9A1-4730-95D8-11A9342ECDDC","0x00000000002C4878"
"1E9356B0-EA4C-4C72-8610-CD645F2D5C69","","AB-0131","0","353","603","","2665","CA9673AF-48FC-4C53-BD32-11D3DF5D9034","0x00000000002C4879"
"F690649A-1CCB-4640-9DD0-5F0461173695","","NM-25042","0","720","747","","3500","21A95564-3C9F-4343-9C03-11DEFAF63DFA","0x00000000002C487A"
"F470DBB8-0ACD-4C37-A207-B042696E3E8F","33285","EB-581","0","520","580","","627","4A06E82F-9C9E-4F41-BF4F-11E2F3110777","0x00000000002C487B"
"CA7C76AD-9D10-4756-86E6-D06BF36DE390","","AB-0094","0","150","160","","2634","36892E09-60B0-4777-885D-11E73CC2B649","0x00000000002C487C"
"0930A01B-CADA-489D-83B8-D3369404985C","33730","SM-0201","0","880","940","","830","84177CFE-AA89-4D2D-9FAC-11F25742A8E7","0x00000000002C487D"
"2539CF6E-0B5D-4B85-8F80-4A0451049B8D","","AB-0127","0","13","23","","2663","E64478D0-219B-4F58-B438-11F89805FD63","0x00000000002C487E"
"6D1717E3-5051-49D9-8FE5-F91B18B6D3E4","33286","EB-582","0","300","314","","628","FBF34EDF-85E2-4285-8D06-1212C8F6F055","0x00000000002C487F"
"3997B311-CF10-D44D-95B9-964AF2A490B6","","WL-0044","0","567","630","","5177","7CE54265-9696-D04F-8C10-125B99F58B29","0x00000000002C4880"
"6CA02302-78C3-4A5F-9947-6F6905EB177E","33339","EB-634","0","1100","1130","","682","664F9002-477F-49F3-B806-127A88B4D704","0x00000000002C4881"
"02154D83-CA58-4AD8-8E5A-EA9D7722B1B0","","NM-26950","0","340","370","","5296","82E37467-1443-0E42-A4C1-128EF3C91F1D","0x00000000002C4882"
"8B31C5AE-23E4-4F4F-BF63-23068CA9ACB4","47","EB-046","0","80","260","","50","3EE3F528-5E74-46FB-8988-12AC0417A08C","0x00000000002C4883"
"D3B9C597-3523-45B3-A3F9-D37325892305","231","TV-211","0","588","668","","1121","58594950-4401-408B-B382-12ACC3D0A392","0x00000000002C4884"
"1F31744D-B89E-3C45-8B52-DCF8BE344AF3","","WL-0060","0","240","260","","5203","ACF7AD08-5CDB-584E-AAEB-12C019CFE450","0x00000000002C4885"
"EC1304E4-C5E0-4E6F-8D7C-E5B3FD10A430","","QY-0766","0","130","140","","2993","8446AE11-15C3-473B-BB8E-12CA2B7EC667","0x00000000002C4886"
"4D210BF5-B0AA-41E7-AF3D-DDE5527C1A77","","NM-23288","0","220","240","","3282","43FB844A-D88D-4430-9693-12EA8BCCA7B7","0x00000000002C4887"
"0354B21A-7687-4171-BB06-E24E3014C23C","","TV-295","0","651","672","","2555","C6F657F2-AAC4-4A12-8191-13034B86F6D6","0x00000000002C4888"
"42B6B151-FFEF-4004-8D18-FC49C75F1B2D","33268","EB-548","0","385","465","","605","51A28F89-4B9C-427D-B77B-131F369FF047","0x00000000002C4889"
"127D9B8E-40C0-44E0-A72D-DBCEA8749B6A","","NM-21509","0","7.5","17.5","","3843","D50D890B-5294-4DCD-A2A0-135CFCC550BF","0x00000000002C488A"
"21AE72A7-9D6E-4AFA-9151-8BA7AF20F8AF","","AB-0231","0","260","320","","2745","59520182-5278-43E2-93BF-137FFA640D5B","0x00000000002C488B"
"E828E96A-783C-4198-85D1-8CBA6B834CB6","364","EB-360","0","360","380","","430","79997461-1A85-4F44-AE07-138A58464A98","0x00000000002C488C"
"CAD2B4D7-149E-4E8F-9409-C691B927D5C5","69","EB-068","0","255","271","","81","CAB2B667-AD82-43D4-8283-139C9ADED4FA","0x00000000002C488D"
"62B48770-E350-48F7-946F-22C9CDE61D7F","33275","EB-572","0","397","420","","613","3BC799FE-89EC-44F0-B570-139F988A4125","0x00000000002C488E"
"D687B428-3EA1-458F-BC95-C468DF60B13F","","SV-0078","0","370","390","","3373","B03C3873-5FF4-43E0-9D77-13B4A7750DE9","0x00000000002C488F"
"D2BD7756-DD55-410F-9EB3-E7907B499936","33354","SM-0035","0","165","185","","1223","6628B2BD-FAE7-4238-9F92-140EA304F3CF","0x00000000002C4890"
"3D73E5D3-D73B-497E-8C31-3FB65D83BD46","","EB-692","0","600","800","","5461","6A828E3B-6CD0-8F4A-9FCA-1418F95376DA","0x00000000002C4891"
"9FF21A50-2B94-E444-99C4-51934D9DB9AF","","PC-030","0","80","100","","5337","9E85A8BF-06AE-7F42-A178-1422414FFE5C","0x00000000002C4892"
"5C02C604-9C9B-4CE8-ABF8-E6AB59518A33","521","QU-134","0","195","225","","1008","97FBF5A3-F087-4CED-A879-1431BBACE696","0x00000000002C4893"
"100939E3-0DD1-41D2-8F2F-C61443B26B5D","483","EB-434","0","215","248","","493","770198CA-F17D-4675-984D-14443C553F57","0x00000000002C4894"
"06F465FC-B484-49EA-A9DC-9D26BF776969","33354","EB-646","0","504","514","","695","3CCE2924-2D48-4CAD-8887-144BE6E13BE5","0x00000000002C4895"
"E1EA5EAC-49B5-485C-B360-D516A63ECB30","","AR-0001","0","11","31","","2946","597A4D09-D812-435D-B72A-145F8BECB2F8","0x00000000002C4896"
"A835D321-E889-B34C-BFEE-EF038744F99C","","LC-038","0","166","186","","5428","53C65636-530B-5443-A669-1463D241C0B8","0x00000000002C4897"
"136276F6-C6B5-4E40-8103-70D8880866E6","96","EB-095","0","297","302","","117","6A28EEBD-B2FA-4057-B25F-146B6861A1A4","0x00000000002C4898"
"6B8E54C3-0D29-D042-9369-E8ABDCEF0541","","NM-28307","0","80","100","","5494","CB7410B7-225F-E44C-B287-146E134A31A8","0x00000000002C4899"
"FF79EEEC-AC7F-4858-9819-3EA175D0F10D","176","EB-175","0","770","870","","217","095AC223-E56D-4F5F-9397-147D1A56C410","0x00000000002C489A"
"52936F3A-E1C7-4279-8150-1506B570CC91","","NM-01582","0","36","46","","3441","5333F222-C0BC-4B74-8A78-149BB8079295","0x00000000002C489B"
"477A4688-C218-49C6-9B8D-A48888769403","","AB-0190","0","1139","1179","","2712","61035720-50AC-4E47-8678-14B50C222153","0x00000000002C489C"
"8E01FD70-D8CE-4233-9285-40CE5B55BBF4","237","TV-217","0","1492","1655","","1126","F6EC1413-E84E-4F3F-948C-14D74BC36B25","0x00000000002C489D"
"4A3F5FA6-B3B9-487C-8EAE-6D8B338CF2AD","","BC-0110","0","300","320","","5044","786300FC-E0B4-4263-848F-14F815F8C184","0x00000000002C489E"
"4EFA6847-0C70-4817-8DAB-FD789B4AFAB7","","QY-0427","0","128","140","","2971","2513BEDD-5C02-4945-AFDC-14F871DF9C4F","0x00000000002C489F"
"675DAE2C-C151-7745-99D1-DA7B15F77F78","","WL-0051","0","100","140","","5179","92F4944D-AD05-4240-B431-1522E89B373F","0x00000000002C48A0"
"E8B0D391-328C-42C0-9426-20D03C32B6D3","405","QU-070","0","163","183","","1001","41CF50F4-8EC3-4CDD-AE0E-155D124ACFC0","0x00000000002C48A1"
"B776EC35-ECDF-4C09-98E5-B5370A23B63C","","SV-0025","0","75","95","","3316","625DF9D2-26BE-4C5D-8335-156E1A7EA4A5","0x00000000002C48A2"
"5B7DD296-A8FA-416E-AA61-43034D2523AB","","NM-23363","0","345","365","","5201","0D813C3F-A28B-7543-A549-15797759D047","0x00000000002C48A3"
"72786592-067E-4B58-BAE1-A429F4266B8E","568","GT-016","0","25","45","","1340","0517D247-2B79-463D-8647-1582733E3A9C","0x00000000002C48A4"
"3D1EB175-F205-41F7-B163-1724878BC3DE","211","TV-191","0","760","920","","1109","445C5D48-E367-438C-B700-15A38BD76A61","0x00000000002C48A5"
"45C5CD4E-989D-4939-B928-9C4EC7A27F37","33250","EB-509","0","80","120","","588","35517C2C-9B67-4384-8DB9-15A8595AFED8","0x00000000002C48A6"
"4A3F5FA6-B3B9-487C-8EAE-6D8B338CF2AD","","BC-0110","0","260","280","","5043","6741995C-754C-4CAA-B772-15ABF7F51B5E","0x00000000002C48A7"
"F034F55B-EF1A-4CEC-AFEE-88CAE3C3470D","142","TV-122","0","100","160","","1059","4D003E02-69DD-43EC-B2BE-15D21EBB0D64","0x00000000002C48A8"
"8D2AB2E2-15E6-45D5-8A3C-D8F5D169185E","","BC-0126","0","340","360","","5107","C555A4B3-A2BD-407B-B7EB-1615D400D3B8","0x00000000002C48A9"
"FEBA2C3F-832A-4B53-B4B0-CF7F6689B6C5","","SV-0118","0","340","360","","3417","B773ED28-CC70-4D76-A77B-162281A467F6","0x00000000002C48AA"
"D35AFAEF-5C58-4F09-B49D-174555D41786","","NM-01654","0","169","335","","3754","3F830E78-17B7-4500-8035-16365ACC6CC6","0x00000000002C48AB"
"2B9FDFDF-493D-471E-932B-AFD865F8A0FB","30","EB-029","0","70","","","33","5432E59B-3DA4-4434-AB01-163A641929AB","0x00000000002C48AC"
"891AD311-D404-476A-92A8-1C73C9162ED7","","QY-0452","0","65","185","","2974","28E4D792-6766-4FE8-80D5-163CC9BD1D05","0x00000000002C48AD"
"32A34362-95D8-46DD-9F9B-FCA6BE46EC38","","SV-0050","0","320","340","","3348","B0B22982-6A02-4149-9E3D-16427E5232BA","0x00000000002C48AE"
"1102ED7B-8D83-486A-B0F6-D93618546859","","AB-0205","0","269","279","","2725","C94C8A13-43B1-4C47-8329-16547277AA25","0x00000000002C48AF"
"66D4E6F5-844D-4C06-9EAD-CE561E9151D5","387","QU-057","0","150","190","","965","CC1A4D1B-DD0E-4EF9-A434-1656258C0948","0x00000000002C48B0"
"151A3F37-FC1A-4675-A19F-179A55DDF2FC","","NM-04366","0","85","165","","3111","4EA38E2A-38C0-4D6E-94A5-16703653EFB6","0x00000000002C48B1"
"AD10F4FE-528A-448B-952A-0895603C465D","","TB-0084","0","235","275","PVC with 0.032 inch slots","5517","2D369BEA-2E78-F745-AC67-168B5C59305E","0x00000000002C48B2"
"15DFA01C-56CC-4987-A682-015F41FC4CC7","","AR-0099","0","18","23","","3021","159D4DCA-1E44-41B3-A249-168B9A741ABC","0x00000000002C48B3"
"02D4CC66-3B9B-475B-B2F8-095D6D1945EB","","NM-01254","0","621","622","","3073","E0D55A51-89C6-41F7-98AA-16A017EAFB33","0x00000000002C48B4"
"90E46C50-5010-46F5-9AA0-A98F57413030","","CP-0031","0","100","120","","2941","8BE0EB64-5465-4698-A334-16A61D2A9DAF","0x00000000002C48B5"
"2F8CD42C-75B3-4482-B39E-45DC4D729110","99","EB-098","0","680","700","","120","85E7CA05-5B59-4B66-ACFF-16BC61325C6B","0x00000000002C48B6"
"C8CB8F7B-E3A8-4B61-9DA6-59D4E350F7E3","172","TV-152","0","997","1187","","1081","F9C1D13A-2E6D-4B29-B96B-16BD1E2CEC21","0x00000000002C48B7"
"CE23A336-0B6F-48BA-B64C-98C49F60330F","191","EB-190","0","260","280","","241","1079322F-3FB4-45F3-A539-16C6C136042F","0x00000000002C48B8"
"2AEA2BD9-100D-4E1C-9D8A-DF3D1757B29B","443","HS-061","0","49","69","","1208","1F27C83F-4281-441C-9DAC-16D31B8E3927","0x00000000002C48B9"
"DD07335E-2480-44AD-A7A3-8F9A02A10313","","NM-26883","0","515","535","","3933","98A17A57-1B9D-439D-AF6C-16EEA01E39EE","0x00000000002C48BA"
"B4154C7B-BB6A-44F9-B3A4-5DCC922C6435","","NM-00678","0","40","80","","2885","FF26BA35-2156-408C-9450-16F7B19BABD2","0x00000000002C48BB"
"B2DCA77F-32D1-4E9A-8E79-EE323F022A27","258","TV-231","0","151","191","","1141","746EAFFB-EBF6-40C8-BFBA-16F9F6264E4B","0x00000000002C48BC"
"811C768B-B682-4683-BAC7-277FF0184C47","","BC-0260","0","365","385","","3549","B98D5137-3E9F-4BF5-BC34-17117687062B","0x00000000002C48BD"
"6DBD9931-353B-4960-B0D4-00FBC21135A5","","NM-24770","0","71","74","","3649","C9F8F9A9-40C9-4917-BBA8-17120A2B17B4","0x00000000002C48BE"
"9488EFF2-AA28-E743-9C70-3695D767C548","","PC-059","0","20","40","","5361","80BDAD2B-0467-7A4F-A82A-171D8233EC78","0x00000000002C48BF"
"257ECA6C-62C4-4E47-8ED5-77B2E7D1A6BE","179","EB-178","0","180","190","","220","5661F823-AD9D-4968-9182-1729A4AE3DC1","0x00000000002C48C0"
"45C3BF3E-BFC7-4585-9B53-C8B5B986793C","","BC-0146","0","718","758","","5119","149EB995-11D5-42F0-A516-173C65C6E84C","0x00000000002C48C1"
"D8DBCE6F-5429-4831-B2F6-281604C486EE","","TC-268","0","220","251","","2139","F327B040-06C5-4C6F-8901-173D24601F72","0x00000000002C48C2"
"E53C72C4-816F-4ABB-A9AA-21595BE820A9","","NM-21483","0","280","320","","3842","9BD90954-7D1B-43D4-BB9E-1747C97D0231","0x00000000002C48C3"
"56257F1B-CF6A-426F-A4EE-C1AE3AA86878","","BC-0452","0","455","555","","5767","57190DD1-5799-4481-87EE-17608DDDA65A","0x00000000002CF3A8"
"002001DD-5E06-4B9F-BE88-815E51D8ED13","","AB-0228","0","486","506","","2742","24C49571-77B7-49D2-86A4-176251FA23AE","0x00000000002C48C4"
"58794B9E-328A-4F49-A9FD-0314C178CFCB","","PP-023","0","65","105","","5263","41414D6B-19DC-884E-A464-176CF8288464","0x00000000002C48C5"
"74CC7281-11A8-410B-9B79-480B471A8F56","","SV-0089","0","230","250","","3385","6E04479C-9C4C-4056-A28D-176FFD5F270B","0x00000000002C48C6"
"DD16ECB6-AE7C-4F28-A935-E8CEF42F0512","","NM-25236","0","405","422","","3449","43697954-4E50-4C8F-A8BD-177BDF41BCB0","0x00000000002C48C7"
"0C6ACD57-0ECF-40F2-8DED-99E6D37B1029","306","TV-270","0","360","400","","1176","553DADF2-C23F-4420-8C36-1784195A99B6","0x00000000002C48C8"
"31BBF475-2DC2-4A86-B990-27EE15714604","","AB-0170","0","312","984","","2697","29E90535-2CE8-4BBA-9820-178690E6764F","0x00000000002C48C9"
"62A2A4E6-FC69-4D54-9BC7-F6B943F741CB","","NM-01405","0","230","270","","3041","10A829A0-B32F-4CB4-A4DB-17C0F97F6134","0x00000000002C48CA"
"97918FBC-CE75-284F-9B29-E61D89D9CDE2","","PP-069","0","80","100","","5254","BBAA5599-04A8-E946-9F04-17C6F2774A67","0x00000000002C48CB"
"EA80F27A-28D0-4CF2-AB7E-2BFD286B57C9","484","EB-455","0","232","246","","516","62D9EDAB-1F36-4940-961B-17E9A9D35414","0x00000000002C48CC"
"7EB0B0C1-B05B-4717-B7F7-89D0CCEACC11","","SV-0102","0","160","200","","5219","AAE4216D-2FF3-6645-B796-17F87141BC25","0x00000000002C48CD"
"257ECA6C-62C4-4E47-8ED5-77B2E7D1A6BE","179","EB-178","0","277","302","","221","96F489B0-01E3-4F6D-89D9-180162D05463","0x00000000002C48CE"
"05260CA7-BE68-4FAD-83F0-79A5A622B70D","","NM-21287","0","160","165","","3824","65DD6333-D4AB-4D79-905B-180E6F3130FD","0x00000000002C48CF"
"5F8D0B2A-02E9-4793-9238-935CB23CB587","","NM-24656","0","344","374","","3697","1C620E98-C2F1-4425-B4A1-1845E1E765B5","0x00000000002C48D0"
"E0A3159A-FA07-4741-946D-9270AB926544","","SV-0113","0","320","360","","3410","1DA0CA07-8FEE-4FAE-9237-18557905F7BA","0x00000000002C48D1"
"5B6B497F-6B19-9544-834F-A9006621E9C4","","PP-068","0","12","34","","5286","EA91E61D-A67A-F043-BF1C-1858C83B6C3D","0x00000000002C48D2"
"C50EE55B-6033-4764-AF6F-1E677A0FF7C8","","NM-04102","0","188","208","","5617","46481225-773D-334C-AB63-1890D3682F74","0x00000000002C48D3"
"D60C817E-0197-4702-B557-67A5C7F79B63","280","TV-246","0","325","380","","1156","59902426-1EF6-422B-9814-18A0AC460743","0x00000000002C48D4"
"3DBB8C92-D45C-4191-8BDB-E33BAFF25F01","","AB-0213","0","318","323","","2733","69D60922-2F71-4129-81AA-18AFA2C2652B","0x00000000002C48D5"
"E1259146-372D-4E15-8F27-51BCF13A0E2A","","NM-09841","0","71","105","","4974","7259D909-D1B0-456E-AE1A-18E3BD2DF5CF","0x00000000002C48D6"
"42B2794D-CAA9-4E1A-AABD-A619806D4D8F","","AB-0248","0","23","99","","5755","9394CB4C-F5D1-4FB3-BED7-18E8E9C4F63E","0x00000000002CF386"
"B1D5D0E0-AC77-49B1-8390-8E97DA541AAB","","NM-00376","0","70","130","","2873","27396F92-CF39-4FBC-923A-18ED6CA260CC","0x00000000002C48D7"
"29DAB3F4-2540-41FD-95D9-A4C99650DCDA","350","MG-022","0","120","160","","916","E831A8D2-1160-483A-94BA-18EEB690789F","0x00000000002C48D8"
"217FE465-49F5-E44D-BFE1-460AB83C8CBC","","PC-010","0","410","430","","5317","4BDBB8C7-F5D0-A747-8732-18F361DB0461","0x00000000002C48D9"
"1E27D229-81CE-40DF-8EF6-1F0C58A2DE53","","NM-03409","0","528","1056","","2826","958722ED-59A1-422D-8164-18F3DC63878B","0x00000000002C48DA"
"0B917E9D-8BFE-4AE2-8B63-5443A6E24B34","33382","EB-671","0","660","680","","718","E3ED4030-3B7A-40A9-88FD-190565179075","0x00000000002C48DB"
"30A04A76-0676-4484-80EA-120679068D1E","","NM-24747","0","109","112","","3654","607135E2-4F68-481A-B570-190EEB709639","0x00000000002C48DC"
"7F1ED6C5-1A63-4FE4-B414-451837B8E16C","184","EB-183","0","400","540","","228","4D02BEC5-C268-47A5-A0B8-191765A9E817","0x00000000002C48DD"
"DDEDB57F-2707-4E88-A111-553D167A5A78","79","EB-078","0","345","365","","89","CDC21EC4-0AE1-41C1-96F3-191E62B8346C","0x00000000002C48DE"
"AD583087-0B9D-5A4A-A59A-57790003637B","","WL-0169","0","35","43","","5519","1D4B49BC-FAFF-734E-80EA-192162A7206B","0x00000000002C48DF"
"947F716C-94AE-462D-99B2-9835742750CA","169","EB-168","0","660","680","","207","3A927843-EBD2-4D8B-9FAE-19263E38960A","0x00000000002C48E0"
"DC390227-1D0A-4079-B2C6-7E476BA327DA","","AS-048","0","132","152","","1536","64AF07ED-71F5-4D2B-A59E-193200605BD5","0x00000000002C48E1"
"A9073F78-12B7-445E-BDDA-F94189E4C606","","AH-106","0","200","250","","1793","31227212-359B-4D3D-958B-195B2125436F","0x00000000002C48E2"
"A492D44A-7093-4C93-AC50-EE9A92E2EF87","","AB-0090","0","468","996","","2630","C6DD63C6-B153-46E3-BF63-1986709EF07B","0x00000000002C48E3"
"E5EA95E3-F425-445E-BB7B-0423CE6DFEBC","","AB-0091","0","1200","1240","","2631","90E6487C-685B-4E36-A074-19881C2BBA18","0x00000000002C48E4"
"E82AF49D-4D17-4C8E-A7FE-4B63AC1D45AF","","AB-0189","0","510","530","","2711","39A9DA51-9122-4F73-B841-19A1F2352312","0x00000000002C48E5"
"5BD98BA7-83F6-49C2-8FA3-56EDA4FDCB68","","SO-0142","0","6","21","","3140","C903BECB-E72A-41FE-9C48-19AA1EA47A79","0x00000000002C48E6"
"6E65D15A-A8BC-41E4-8304-C20373D91187","","AB-0125","0","200","380","","2661","7BE79ECE-499F-4014-9FAC-19BF998B00C6","0x00000000002C48E7"
"62B26ACD-52A6-4BE8-ACB4-84E866C80CC1","","NM-01461","0","384","387","","3059","1E9FB652-9EE5-450D-9279-19D48192D5EF","0x00000000002C48E8"
"90EA93CF-C524-4242-B849-A07A9967DF4B","365","EB-361","0","460","500","","431","ACDBAA16-14E8-4F27-9AE7-19F3495592B4","0x00000000002C48E9"
"4582E02C-BBCB-4C5D-AE8A-D40420FC8452","33309","EB-605","0","1220","1230","","652","1FA35FB2-F490-4BA6-9396-1A15A47EF74D","0x00000000002C48EA"
"5E8D80B4-E64B-4253-811E-86EABF85B6F2","","AS-058","0","880","960","","1546","B75CBEA4-FD4F-47C2-A0EA-1A186FAC9A2D","0x00000000002C48EB"
"29085EEB-755D-4C1B-8352-EDD6236E5811","","BC-0055","0","120","160","","4991","CDF04E9A-6EC2-4B8B-8405-1A28D5BC902E","0x00000000002C48EC"
"92CD908B-4951-164E-A026-A062F59B2D7A","","PC-132","0","415","455","","5418","3C1110D5-D5F0-4145-BCA3-1A4E9E654285","0x00000000002C48ED"
"20A036FB-CE3A-45AF-A5AC-18B4560AB554","33360","SM-0011","0","330","390","","754","C17A18F3-018F-4693-AF8E-1A58A4857989","0x00000000002C48EE"
"9F55CC74-B98F-45F0-90A5-F8413FE3A5F9","","NM-21426","0","380","440","","3838","02BACFDE-4A7E-4C69-B8E0-1A6146D7DF10","0x00000000002C48EF"
"42D7A3BF-1AEB-4246-BD66-5A2D0DB1FA08","33352","EB-644","0","640","650","","692","160F5E0B-1486-49B7-83E0-1A66E4D6F7E0","0x00000000002C48F0"
"997398C7-A2DE-44D8-B309-A8480C673D13","","AH-031","0","440","460","","1586","E1463725-DE39-4963-B3AE-1A96A5A06606","0x00000000002C48F1"
"10DCACDE-8891-4171-8762-14C60D69A208","","SO-0163","0","6","16","","3161","6434458D-23DB-4A8B-BEB0-1AA385D99EDD","0x00000000002C48F2"
"A16601B1-9811-447C-92B3-449F22CABBF5","","NM-25154","0","180","190","","3455","9EB87C02-F8BE-43E7-B99A-1AB41CE267EA","0x00000000002C48F3"
"9DED229F-C373-4CD9-A453-D296E90BAE7D","","AB-0070","0","238","258","","2613","7E6F7E52-F709-47C7-A6E1-1AC0444EEF39","0x00000000002C48F4"
"1C38AC91-89BC-4620-A917-357BBE9333F5","","BC-0225","0","15","90","","3523","0ABBF95F-6FF2-4D39-AEE2-1AC396B677BC","0x00000000002C48F5"
"7F9D0FC6-CD41-44E1-919C-457D8ABEC415","","SO-0231","0","37","62","","3235","6E60D097-4A08-4FEB-B9D2-1AF2951664D8","0x00000000002C48F6"
"5D60A341-18D6-4300-A4FD-9867A256ECFC","","NM-24645","0","320","340","","3702","37B558FE-6188-4280-8C13-1B04E409AD6E","0x00000000002C48F7"
"DC27B8FB-8A04-42F2-8FFE-9DA2683135BA","","TC-212","0","389","419","","2108","C3D399A9-5AC6-4FEA-8377-1B17BF0F2E49","0x00000000002C48F8"
"E20E7213-8035-C347-9C1F-4CB410861850","","WL-0304","0","280","300","","5739","23EB5200-D8FE-804F-A6EC-1B2A710B2F33","0x00000000002C48F9"
"6D4B1875-3E61-F14A-9B1F-7EA9CE54DBC5","","WL-0264","0","388","428","","5698","9FBE6BAC-C536-534E-BC26-1B2F8BC46CB3","0x00000000002C48FA"
"29862CBC-EB7C-4221-A3C3-7AA71947ABEE","33320","EB-615","0","860","880","","665","7FBE13D0-0AA2-45F2-95C8-1B55A33E9A3C","0x00000000002C48FB"
"CFEC69FD-11DC-4179-AA8D-10F7D8BB7C6E","33331","EB-626","0","1650","1670","","674","7F004E05-52E1-4FFD-BE0C-1B72C06D8DBB","0x00000000002C48FC"
"1CE2CBAF-0007-401B-BA1B-17534F9539A2","","BC-0099","0","13","33","","5036","0088B56D-49B5-44FB-B7E3-1B784CFBA14F","0x00000000002C48FD"
"C7068373-794F-4F01-9468-35C16722DCF0","","NM-27028","0","210","230","","2943","7CA60414-5025-421D-8F0D-1B7C28A92F90","0x00000000002C48FE"
"A9A53B58-6A74-4264-B44C-7F683D7CCDB2","221","EB-217","0","260","300","","275","53DE0BB6-CE38-4908-ACF4-1B7E2860F7EA","0x00000000002C48FF"
"24225621-5F19-4182-B488-9E07078C34BF","155675","TB-0170","0","42","84","","1296","EAFCC5A0-3F2C-44DC-90F5-1B80D78CDC58","0x00000000002C4901"
"7F5D0092-7C02-264B-9243-A46FDD3F64B9","","WL-0096","0","230","170","","5439","31B4A0A2-11D7-B34D-AEC6-1B88110F392C","0x00000000002C4902"
"D198891C-388C-4B33-9AE4-6108DC53E2F5","","SV-0055","0","460","500","","3353","81D8CFFB-709D-4D2A-9C7F-1B9BA8085BE6","0x00000000002C4903"
"1E4B5314-8689-49AF-8BCC-88939D74C6FF","","AH-040","0","506","546","","1595","EB72C58E-0FA5-4CFC-909A-1BA040173D25","0x00000000002C4904"
"01C02972-D703-447A-8D53-4CA477DF358A","","TB-0309","0","180","215","","3130","894C4247-8916-4732-B70D-1BE95379AD28","0x00000000002C4905"
"2199C56B-FD4D-4633-9CC4-AD8A4CEAF080","136","EB-135","0","73","112","","168","26881CA9-CDA7-4FB0-8A4B-1C4244165DB4","0x00000000002C4906"
"A6D35286-68B9-4F6A-BC67-1877EF0563E7","408","EB-404","0","70","85","","460","01D4C0B6-F2B8-4261-83E9-1C4D17F9E71D","0x00000000002C4907"
"0B95575E-AEC4-4A33-96FF-9C7F7F5EEB9F","","NM-03353","0","25","65","","2787","6FC3DB46-A883-4B51-A0C6-1C53CA1E6279","0x00000000002C4908"
"37FF03CD-E2DF-4659-AA83-07A47C37CCB9","","SO-0155","0","30","49","","3153","A419F721-ADC4-4E0C-A6A7-1C9407A05C46","0x00000000002C4909"
"71BEF70A-822E-47BF-BAB0-34B9FC9A5BFA","","WL-0015","0","205","245","","3797","90463856-71E0-4592-8F65-1CA6A13C84A7","0x00000000002C490A"
"F90A5E9E-9681-4D61-B283-E9DA5EBA5927","33389","EB-677","0","210","290","","729","99573CC0-5C66-49CB-A3C8-1CCE917DB543","0x00000000002C490B"
"5ABDAA04-94AF-4DAE-8DA3-44A19BC5A942","527","QU-140","0","40","70","","1014","6A5E4E16-AC49-43F7-9FAF-1CEA6AEBA5A7","0x00000000002C490C"
"4422AA20-925C-4F69-80F1-06FAF3BACB90","","AB-0194","0","598","638","","2715","9652E9B4-4B69-4F46-86F4-1D236857BD25","0x00000000002C490D"
"38BCD2A8-E17F-44AB-99E2-CB1A74AB73DF","155537","TB-0074","0","280","340","","1263","6075AF59-9164-462D-9947-1D41E6032D53","0x00000000002C490E"
"BEBB94CB-ACBE-4FEE-A877-681FB198AB3F","","SO-0164","0","44","50","","3162","CFF4D5A7-21AF-4D99-BA07-1D67D6398BE1","0x00000000002C490F"
"C81C6EF4-5BA9-4F06-AA91-DAF817EE7B90","","BC-0041","0","215","255","","4966","807C1DCB-5225-4C31-A971-1D6C9B4933B8","0x00000000002C4910"
"FFB30470-DB28-4EA1-BBDD-07814CDB9AF7","33514","SM-0069","0","570","590","","792","7DBF40CF-EA55-4165-9D4A-1D8D569BD612","0x00000000002C4911"
"FAB722E2-63BD-46EC-95C5-4A1D5E91A228","333","JM-034","0","20","40","","895","E3E961AD-7243-4FBF-A73B-1D939B5B3FC0","0x00000000002C4912"
"98F4D9DF-7D79-574E-B214-1C147FB470DE","","WL-0151","0","13","28","","5499","7F5E5991-83CC-2A4B-B089-1D9D38D73996","0x00000000002C4913"
"87C80A49-FE0A-467B-A161-D6CEF746A18C","","AB-0061","0","449","500","","2606","1BF28EB2-E3FB-4612-93BE-1DBF37445079","0x00000000002C4914"
"58C71FA8-C1E7-4A28-836B-95070877077D","","AS-039","0","105","145","","1527","861ED553-1FE6-4CBC-8C2E-1DBF3F3BE4B3","0x00000000002C4915"
"2CC7A368-8E48-4AD1-BA5D-C930BF18BF7B","","NM-01326","0","145","185","","5492","BA569BCB-D2CC-D942-84F6-1DE0BB650AE0","0x00000000002C4916"
"443DFBED-612F-4FCC-9644-E2B35B8E14AB","450","EB-445","0","1100","1160","","508","BB831EFE-245C-411A-8D52-1DF12342B4D9","0x00000000002C4917"
"58686880-B818-4AFE-804F-E2A9485A1460","","NM-08418","0","211","191","","3899","0BBDAE73-5CFE-4929-8D54-1DFF8B2F81BA","0x00000000002C4918"
"FAD8675A-BCEF-4668-99F6-A9828E743342","","NM-00517","0","70","82","","4952","8B2D7BB3-BD12-4A3B-BB48-1E01711DB8A2","0x00000000002C4919"
"00746B65-39DF-4018-9A4B-C90277A1DD22","33340","EB-635","0","770","790","","683","9E61B485-C80A-486E-A417-1E047A9AF23E","0x00000000002C491A"
"D8BE78C1-95CD-494F-8932-FCB1A8FBDA3E","244","TV-224","0","60","105","","1134","B9AB41DE-E5D1-4343-884E-1E12A2FC0D09","0x00000000002C491B"
"D1BAD03F-7A13-4835-A1F5-BB3BE38FFA97","131","TV-111","0","80","125","","1047","801DAD49-0BEF-496B-AC42-1E21ACD48E77","0x00000000002C491C"
"224F61BA-85E9-44E3-9B63-8B7C5A91DB32","109","EB-108","0","860","880","","135","7A62535C-9E16-4CD8-99DE-1E232A29E98E","0x00000000002C491D"
"3736EFC8-40D5-4476-8D94-8844B3D0F606","","AS-065","0","220","320","","1552","96500387-296F-4EC1-AEF6-1E4AD0C72CDD","0x00000000002C491E"
"26670F65-4B3C-4C0C-AD77-A8A34DCCEE6D","","SV-0076","0","330","345","","3372","D252FE7C-6582-4930-B6FB-1E777857C846","0x00000000002C491F"
"947783E9-BE3D-4B3F-A4E0-33A53321A185","","NM-24855","0","180","240","","3629","BCA54B13-D88B-423F-9567-1EABF72E03F0","0x00000000002C4920"
"FBF0E520-4521-4529-85DD-03CC008819C1","","AH-001","0","250","290","","1559","21FE8987-C865-4025-8835-1EB7D0176AAE","0x00000000002C4921"
"A604B13C-03DC-4906-AEB5-ADF7C6417B5B","396","HS-036","0","31","41","","1204","663CF87F-60CE-45D5-983B-1EBA35CE8A10","0x00000000002C4922"
"80DC027B-FCC8-4DCC-8B24-7692FB763B50","","NM-25149","0","560","680","","3771","959F5CDB-6CC0-4F1D-8160-1ECE16CF1488","0x00000000002C4923"
"A1A7BACE-A3B3-BD4A-BBE4-5B9B3C60FC25","","WL-0290","0","220","260","","5741","BE713254-BF5A-AE47-B417-1ECF2987946D","0x00000000002C4924"
"87807B52-743B-498B-9ABC-F0BCF1906727","479","EB-474","0","370","450","","551","B255042E-8367-4208-B080-1ED23DCC5D2E","0x00000000002C4925"
"E595E3B7-6E0A-4789-A8A2-3BC0F3DF57E2","","SV-0082","0","450","600","","3376","9E568C4B-6507-446B-A61B-1EDD848ACC8E","0x00000000002C4926"
"AFC8450A-FB1C-4797-B628-E83AB1DCC4B1","","NM-05335","0","200","400","","3875","C0F83F54-2C5A-4728-BB37-1EDDB89C4ECA","0x00000000002C4927"
"AB57B1EC-7F92-46DE-8473-107BA50239EC","","NM-00774","0","1132","1152","","3746","F22A1628-1CD5-407B-B23B-1EEAA63D369E","0x00000000002C4928"
"4BA9013F-ECE2-427D-804F-274F62CFCD39","155605","TB-0142","0","235","395","","1291","F46C65A7-AA5C-4696-9D3F-1EFD2E428A27","0x00000000002C4929"
"5EDB6835-18B5-463E-B68A-B0CD9E756601","476","EB-471","0","400","650","","548","FE6A12F9-5E49-42D8-87AA-1F14C26B4606","0x00000000002C492A"
"ED853387-9ABA-40B0-9562-516A514DDF94","","NM-01422","0","260","300","","3051","67077175-26C8-4876-8E31-1F1A8E43660F","0x00000000002C492B"
"633D1848-972D-4E3E-B44F-40CECB00C95D","","QY-0831","0","208","238","","2994","33556AEA-28B5-4E1F-B5E0-1F3372B1E28B","0x00000000002C492C"
"DAB6981F-AC34-48A1-9C2A-0B1B12676ADB","","BC-0183","0","460","500","","5153","5B1DDD95-9AD0-4093-8197-1F47C4BF2248","0x00000000002C492D"
"07F95EB3-9F71-4669-87E5-36A1B1D2543A","","SO-0154","0","78","83","","3152","C1803982-B5AD-4550-BD29-1F504EE34FB1","0x00000000002C492E"
"B4E804E6-090A-2342-95F1-47E466C2D96A","","NM-28327","0","345","425","","5507","77010CB6-2CA9-2A49-B775-1F59FD1895D8","0x00000000002C492F"
"3F7A8623-7F65-450C-BF5C-0E947915EB4C","","EB-161","0","826","837","","2928","F93A7C57-1B08-4FA9-BA72-1F5A18D38DE2","0x00000000002C4930"
"42D7A3BF-1AEB-4246-BD66-5A2D0DB1FA08","33352","EB-644","0","680","690","","694","F977ED15-A73C-45C2-A604-1F5D6A40AACB","0x00000000002C4931"
"097C7F91-1901-43AA-8474-2A4D4D5D6376","","NM-09220","0","150","170","","5545","FC9C0749-8915-9A4A-A96A-1F62CF788BA3","0x00000000002C4932"
"2B405217-9FCB-47F3-9C6A-612D38AA93A7","33221","EB-535","0","280","300","","603","5BB93798-FCDD-40E4-AC3D-1F6EA0315A1C","0x00000000002C4933"
"2965025B-5E04-42F1-9206-2A4F85F186FF","","TV-296","0","487","508","","2556","CDCB40AD-B762-4B86-8F20-1F846D619BC7","0x00000000002C4934"
"89F0B0F4-9519-5B4D-BA0F-ABF3E898B5BE","","WL-0244","0","438","480","Open, uncased hole; limestone","5671","80A95D43-377B-0849-A539-1F84F0849ECA","0x00000000002C4935"
"986F1540-2614-304A-B531-334B0CA99A99","","WL-0293","0","300","340","","5738","4494AF61-D985-5042-A6A0-1F9064062EE6","0x00000000002C4936"
"3E26FD1B-4980-4203-BC67-F34A4A84162D","","NM-24888","0","387","407","","3615","E1A5ECF5-1125-4AD1-8FA9-1F96BA2C0F71","0x00000000002C4937"
"32881328-21DE-4364-B995-9437E1B5BE06","","AB-0118","0","238","258","","2654","9F0D155E-DAF2-414C-BF3A-1FCB1280CD7D","0x00000000002C4938"
"B7319EF0-609C-4642-9327-A67E3AFDACD5","126","TV-106","0","870","970","","1040","8BDB9F60-5CBB-4413-AED1-1FCD917A3496","0x00000000002C4939"
"8D2AB2E2-15E6-45D5-8A3C-D8F5D169185E","","BC-0126","0","300","320","","5106","0BE4CE7D-CD06-4DBF-9CBF-1FEEFB1264D3","0x00000000002C493A"
"4CFD5DC3-7019-4837-BC20-D1BFEA4D12D8","193","EB-192","0","59","80","","244","67E79650-DE0E-4376-BD8F-1FF0CB8DD730","0x00000000002C493B"
"94B77BFD-6AD3-47BF-93B7-11DBD4FD9888","33230","EB-528","0","399","409","","601","71A4822A-1C15-4F82-B638-1FF934F695FD","0x00000000002C493C"
"313A5EFF-4A33-4B13-A4D4-AF7ABF530E23","278","TV-244","0","280","320","","1154","67CEDEB7-0769-4E9B-ACFA-1FFF821609B8","0x00000000002C493D"
"19CE73CF-1DB7-4788-AE4C-D7861BF3ED22","302","TV-267","0","142","182","","1173","F03D7C9F-B79E-42E4-9876-2005836A5CF8","0x00000000002C493E"
"53134CCA-0930-4A5F-A266-BB89AA4FF53D","","TC-278","0","120","225","","2145","6E65470E-7E40-4F45-AF6E-201608EFBFCA","0x00000000002C493F"
"436946E3-7DAA-41F8-A293-9E57D9242ECF","456","EB-451","0","160","280","","514","B4C12017-E1C9-4097-B82C-2035E879AF85","0x00000000002C4940"
"8B3F762A-28F5-4A43-9957-BA335963A4EC","322","EB-318","0","160","210","","393","DCA16696-0645-42EC-AAB7-203600FF0C97","0x00000000002C4941"
"D307FC09-D9CE-4444-B57D-86B011B3F750","","AR-0048","0","24","38","","3272","25E2A375-BDE3-4FA6-B075-2036DA04EAAC","0x00000000002C4942"
"B5277BED-C9BA-4368-8437-595573FA5968","","NM-24352","0","425","445","","3597","A4E5D37D-5A0C-4776-A87E-2039B0766422","0x00000000002C4943"
"159A53D7-7C80-4778-AA46-E4FFB0BE2D92","346","MG-018","0","315","355","","913","F51F5630-4FEC-405E-997C-2054F1C44ADA","0x00000000002C4944"
"C128C35C-CC53-4BE5-90EA-28E344E6A4B0","","AB-0134","0","620","1436","","2668","ED0E4AD2-95A2-4233-9C92-206105F0F258","0x00000000002C4945"
"2F8CD42C-75B3-4482-B39E-45DC4D729110","99","EB-098","0","800","820","","122","2516783F-FE91-4B0C-905E-207BA5D6FDB1","0x00000000002C4946"
"D2946F22-6F90-4F48-B43A-A4BAE87BF64A","331","EB-327","0","260","280","","406","7B53059F-332A-4E4F-AE72-20A7F059456B","0x00000000002C4947"
"3330E028-C342-C94A-B1C0-021ADB5D8292","","PP-028","0","49","84","","5241","010966EE-081C-654F-B21C-20BA9CE6556E","0x00000000002C4948"
"40A535F7-46D7-4259-888A-C228DC836081","","SO-0125","0","4","19","","3264","A4611D0F-145A-43E6-86DF-20F9160824B5","0x00000000002C4949"
"6E5776AB-D8AE-44A7-94F0-60558A29B8A4","258","EB-254","0","120","140","","311","D5BAFF07-112C-4FA9-A281-21006723F160","0x00000000002C494A"
"4339E67D-4125-4429-ACA7-4915641569AA","","SV-0100","0","55","115","","3399","1410241F-D7F2-4757-83F4-2103ACC0B725","0x00000000002C494B"
"7BEA4149-AA27-4C36-882C-27F00332977C","","AB-0207","0","260","900","","2727","A3EBD8C6-2183-4DAA-A709-210C56032E65","0x00000000002C494C"
"333EA482-7A9C-45FE-897F-452790B6A87F","402","TC-240","0","391","410","","971","F9227C9C-E18E-49C6-9996-2110D245E653","0x00000000002C494D"
"5D74F5EE-EF4E-4370-9FDC-97CADE904D68","33273","EB-570","0","261","301","","611","EB48CABD-E142-4217-826F-213DEACF6E40","0x00000000002C494E"
"BF9361F7-AE1C-4A1B-BC8B-C9A89E37CEFF","345","MG-017","0","97","237","","910","D1E1559C-08F9-4899-BA86-21420AFD7DBB","0x00000000002C494F"
"1D6C6E64-2218-4E6C-A356-412F1FD94EE1","173","EB-172","0","353","433","","213","3A3B7734-69A0-4FA9-8BF6-214FAB46B5E2","0x00000000002C4950"
"E2B61038-C6BC-4BE4-A7E9-DBA92F5C6F57","","NM-26942","0","55","65","","5083","C3B74F29-AFE5-4BDC-B9B1-215221015432","0x00000000002C4951"
"30C782DE-46D8-45C3-8E5B-D95488B7D589","","TC-227","0","202","228","","2113","B939A1D0-917F-4619-8B6E-21548146D927","0x00000000002C4952"
"B4154C7B-BB6A-44F9-B3A4-5DCC922C6435","","NM-00678","0","140","160","","2887","042F01A7-A6E3-4B53-ADB8-215634D58361","0x00000000002C4953"
"16B29A11-530B-4290-BD4B-2322B12EEDB4","","AS-002","0","250","350","","1498","4B8D3C1E-5541-4A87-9F5C-216DB7C1A95F","0x00000000002C4954"
"763BD9F6-29BB-43AF-8995-6A33046423C0","33290","EB-587","0","900","940","","631","5293784B-52DE-4F0A-AFD9-216E5A611D7B","0x00000000002C4955"
"FAB7FBDA-7C26-49F1-9102-DAFC459A8953","","NM-24761","0","320","340","","3651","DD0C0C14-76FD-4272-A047-2190E70C6403","0x00000000002C4956"
"80AED9B1-91D1-4080-8AC0-5CD080925CB3","","NM-00586","0","185","415","","4953","BB141205-E689-4ADD-83DC-21C1E4EE4BD1","0x00000000002C4957"
"DF1CC0C3-D167-401F-95B7-6A3239392985","","NM-21368","0","160","200","","3832","B6A80343-1191-4487-BDB4-21C4F4C02EA6","0x00000000002C4958"
"41415409-352D-42ED-B777-A5DD41A37A1A","","NM-01428","0","320","350","","3053","8B58A51B-040D-42E6-9E34-21E11CBA643B","0x00000000002C4959"
"961018AD-7217-4C2C-93E7-73255B884DB8","271","TV-237","0","1040","1240","","1171","1DB10D90-88CA-4017-B7FC-21F088415C2C","0x00000000002C495A"
"753B4E10-A71E-4ADD-BE67-7E2DE5200739","","TC-209","0","355","400","","2107","9BF6BFC2-D9D6-4728-BDFD-2212565C19B6","0x00000000002C495B"
"8CA771AC-3742-4049-AE87-45545C0D6322","","NM-24877","0","220","225","","3623","5587AD36-3534-4631-BB6A-222243A7C5A8","0x00000000002C495C"
"9295A19B-840A-49C5-B167-29001573F0F3","395","EB-391","0","200","220","","447","AF3DB3A5-1A25-44C6-961C-2227A1B4BC5C","0x00000000002C495D"
"B684F7FD-8B3C-4368-8E2A-F00ED3322BCB","","NM-09228","0","313","318","","5548","15CCB20B-09E1-A943-A9F4-223792DE964C","0x00000000002C495E"
"EFD6103C-D9D7-44B3-A61F-D80C076DCA2F","","NM-00979","0","200","210","","2915","81BAC2C5-F7D1-48B6-8C66-2248AF1B6038","0x00000000002C495F"
"0105A5AC-62B3-4579-96B3-5A22BC345ACC","","TC-247","0","760","800","","2124","A174F898-E556-44C3-80D1-2278693D646A","0x00000000002C4960"
"1E2A64C4-66E4-451F-B978-60720B8AE3B7","","AB-0074","0","1330","1335","","2615","A83D453C-5579-4C8F-B8C2-2279FE0A28BC","0x00000000002C4961"
"34E83A96-0621-DD45-801A-5ABEBD5568B8","","PC-095","0","120","130","","5386","CA0D4E51-B092-D04D-BA6E-228823B4A94D","0x00000000002C4962"
"AEFA1FE1-80A4-4807-99EE-1E8BA8700AEA","227","TV-207","0","540","598","","1118","5D6F9B6A-152A-45EA-969C-228CAF81278E","0x00000000002C4963"
"7CAF47CF-C522-4E8C-AFBA-FDDEB05DD251","","AS-0003","0","","","","5773","3DB1CA8E-3512-49BD-A91A-22AA08B1D129","0x00000000002CF3D3"
"4183CE7A-4531-4D45-9E41-595C7C3B1B4A","33321","EB-616","0","220","240","","667","71CC3BB1-DD2F-41C2-820D-22B40583F77D","0x00000000002C4964"
"FFD86B05-2DA1-45D3-AEEC-B2D1FE6516EB","","NM-00841","0","123","138","","5514","BDB99E03-F16E-124E-BD38-22CC8F032ED8","0x00000000002C4965"
"65F87DBD-925D-4F4F-B65F-E1B96CFADD0A","","NM-02067","0","100","425","","5579","E7979FCB-766D-A542-A084-22D239A9B074","0x00000000002C4966"
"557596A7-4F27-4133-8C52-E69693781A63","","SO-0254","0","4","18","","3258","D6FD35E2-EEE8-4312-A001-22DB7D8BDED1","0x00000000002C4967"
"AC4B0227-A5B9-4EE1-A418-01597DA8616E","181","EB-180","0","140","360","","223","3875BC27-8817-440A-9365-22E8F407BF27","0x00000000002C4968"
"E5A35F37-E8C3-44BA-A049-FC3558B28285","447","EB-442","0","400","500","","506","7E555303-894C-4258-9661-2303851AD418","0x00000000002C4969"
"69CFDF01-5C06-4B38-9BCE-F5F7B5CF46CE","159","EB-158","0","620","640","","192","6FD2709D-BFE2-46D8-98EE-23297B13EF63","0x00000000002C496A"
"305F1805-B9BC-4056-9662-0B662CDF4A48","","NM-04004","0","371","390","","3103","CC7F9D20-ACDC-467F-938A-233F012562A6","0x00000000002C496B"
"304BFFBB-EDE3-4E74-949A-C20488B9D59A","235","TV-215","0","380","420","","1124","AAE965EA-2375-439D-8418-2350E14D08A7","0x00000000002C496C"
"7A2A578D-60B0-48AB-BAD0-0F3419BF05F5","","NM-24927","0","200","214","","3592","7FE24148-BBE4-4B7E-94D3-2354196FD4F0","0x00000000002C496D"
"025F5773-1F5A-4156-83E1-9F944918DFDB","339","EB-335","0","100","120","","416","4F877234-A343-4634-B423-235AAD647DC0","0x00000000002C496E"
"D2488F76-834A-4271-B507-294FF5417E2B","334","MG-006","0","180","200","","931","DBC725C2-711C-4FA2-9F86-23787C6D9CB8","0x00000000002C496F"
"81738190-6AF9-413D-B1FF-8D0039454BDD","127","TV-107","0","932","955","","1042","39AD81F3-3A2D-47A0-BACD-238F4251B55F","0x00000000002C4970"
"DD605C91-5DA8-4E48-8069-F031258938B1","","NM-23561","0","620","660","","5294","72F3C0DB-7194-F04F-A74D-23A5F464DAD9","0x00000000002C4971"
"9B1C9776-1C1C-430F-83C8-9EFC31228E35","","WL-0028","0","80","160","PVC with 0.032 inch slots","5582","C55B91F4-F898-3046-80C3-23B18A711D1C","0x00000000002C4972"
"5EBAD076-05F1-4023-9B2B-AC3317B61DBE","","QY-0727","0","90","110","","2992","A7563D29-DB7B-4F70-8F9B-23BF72BA9F52","0x00000000002C4973"
"3D73E5D3-D73B-497E-8C31-3FB65D83BD46","33411","EB-692","0","158","161","","743","EB8F8C32-A7FD-4AFE-BD79-23C6B7679650","0x00000000002C4974"
"E19746E8-4A1F-4E8F-B8F5-6A61F74ED9E6","","SO-0252","0","3","18","","3256","C26890FD-C69D-4E29-AA2F-23E3AAC355F2","0x00000000002C4975"
"B4154C7B-BB6A-44F9-B3A4-5DCC922C6435","","NM-00678","0","200","220","","2889","FC045633-188B-490C-88F5-23E6F0543EBA","0x00000000002C4976"
"BCEBE61D-54C6-41CA-AD73-D25013572A06","","NM-24735","0","376","383","","3657","73B6FE40-B7F1-4812-A557-23F6E480D2C6","0x00000000002C4977"
"C84E0BD1-9CA4-4852-A7D5-494B65562DCB","33280","EB-576","0","350","360","","620","132E117C-271C-491C-BD51-23FB233B9C5F","0x00000000002C4978"
"7708C711-A9ED-4882-93C3-F71C2F36E97F","","BC-0135","0","350","400","","5116","49029374-E3C3-43B0-9420-242EC4995576","0x00000000002C4979"
"0A8CB448-197A-4ECB-8ED3-F432BFE4EB1D","","BC-0159","0","203","303","","5131","C111B4F4-9EAE-4E85-BBC5-247C22838FA7","0x00000000002C497A"
"96D8581C-153D-4167-8A9C-58E872E76A07","556","GT-004","0","105","145","","1336","4D434230-F22F-4EF2-A79E-2490EFD3B69B","0x00000000002C497B"
"B7C34321-B52C-4AC6-8F15-57EA486C222C","342","MG-014","0","140","160","","908","3F98A324-8DE7-4AB9-B399-24A2F870AA1B","0x00000000002C497C"
"6147404E-7937-43CD-9A85-E43D82054748","230","EB-226","0","105","125","","287","BA4A84EC-3D7E-4928-B021-24BE7E749505","0x00000000002C497D"
"0BAB943E-235F-4ABC-B75E-79A26C4B703B","","NM-25134","0","594","657","","3459","0BF718F9-3BBE-4B1A-A70B-24DED3773D47","0x00000000002C497E"
"E00A34B2-D9DD-42D4-B6DA-C4D1BDB5E009","","NM-23243","0","280","300","","3279","4EA7EFCC-C6FC-4C63-B491-24E08467B65C","0x00000000002C497F"
"D469E53A-4DEC-4F2F-9C3F-C7DBEF89DCA7","","AH-030","0","250","290","","1585","5834D3A0-4DB7-4424-B521-24F0A3D5DA22","0x00000000002C4980"
"5ED4A54B-48E7-434B-96FD-F2B0B20581FB","","AB-0075","0","805","810","","2616","D5799822-FDD8-4F01-BDC6-24F78CEFAB0C","0x00000000002C4981"
"987BE814-8097-4FBD-89D6-0DDB08EE2E9E","","BC-0166","0","280","380","","3277","39E7AD69-71C6-4EE0-9A49-24FB4ED5AEE3","0x00000000002C4982"
"72E8B8B0-DFD2-0D44-90CA-C34B3717B7B2","","PC-066","0","65","105","","5367","30BE92A6-698B-7341-B4C4-24FD35667D5C","0x00000000002C4983"
"D8B8600D-3832-E441-ABE8-EE907064112C","","PP-027","0","72","102","","5268","C4E762B5-0DCA-5742-B967-2500CE5ADDE2","0x00000000002C4984"
"8593D20C-9F5B-45DA-BF3C-2687D37C4443","33323","EB-618","0","560","620","","671","5024AB3E-3479-476D-BDA5-250BB4003D71","0x00000000002C4985"
"AE9DF9AC-F659-B845-B69E-DE3B5FE8121C","","WL-0182","0","440","465","","5525","37BCF43E-417B-764B-96A1-25149109F539","0x00000000002C4986"
"0ED294CC-F9D7-4F54-872E-F680B6FFF95F","497","EB-488","0","1000","1980","","576","4138E085-602F-42ED-9A74-251D88FD3CF7","0x00000000002C4987"
"9A55E877-B723-4762-B27C-3662F486F6A9","304","EB-300","0","280","290","","375","4465FCB1-FF5E-44EF-83B8-252AF49A65E7","0x00000000002C4988"
"39472FC2-A760-405D-A7E7-A0447A8CC40C","","UC-0215","0","115","135","","2835","2B1E7CD7-3C07-4C3C-80AD-252C1A168820","0x00000000002C4989"
"F0DE4527-9104-4ACA-A88A-7DAA7DC1D722","215","TV-195","0","360","420","","1112","D35922A9-35D4-444C-BAD9-2537263A9AF0","0x00000000002C498A"
"428A8CCE-66CB-8149-AC2C-4E6360E9BBA9","","WL-0285","0","10","805","Open, uncased hole","5725","53F5C97E-876B-8C49-9FBE-25651150A4CE","0x00000000002C498B"
"7B1DF3D2-3D71-4964-92D8-29A9F66EB5AC","","AR-0170","0","36","41","","3094","300C5F3E-8E23-4BC5-81A0-2569E9021CDF","0x00000000002C498C"
"19F9E43E-3988-40EC-B7AA-3BDD0CBD67F7","33666","SM-0141","0","500","540","","813","93A31A6E-F511-4F26-A8DB-257E343AD2C7","0x00000000002C498D"
"8BDC2319-14B9-4713-B07F-B70D815C9173","","WL-0016","0","120","140","","5747","9EE32694-D3AE-0846-B274-25BDA5453D21","0x00000000002C498E"
"FC4984FD-88D5-46B6-ABFC-30D05AC77DF6","","AB-0183","0","1298","1303","","2707","3391E3D6-5391-43A6-955B-25C289675FEB","0x00000000002C498F"
"54408B5A-999B-4E66-BE6D-7B6DBDBDECF4","33359","SM-0034","0","280","300","","1225","F32F12E8-D50C-414F-B084-25CF88753EDE","0x00000000002C4990"
"CC1FFE95-A922-41D1-9A9A-BED961ABDC97","226","EB-222","0","160","220","","283","3A1BF9C6-5D14-4217-8D49-25E6F67A65D8","0x00000000002C4991"
"52F7C8FE-C1DB-4667-AA32-A44C59B1C196","","NM-24584","0","200","400","","3734","20B4A828-B4E8-4514-98C7-260841FD2646","0x00000000002C4992"
"50C7D3AA-ACA4-4DC2-A74E-F25FE10201DD","","SO-0227","0","5","20","","3231","66FF8BD1-B7F5-45DF-B98B-264063E171AA","0x00000000002C4993"
"DD3EFD24-AB0C-441A-8793-5F7A01DAE69D","","NM-01585","0","36","44","","3068","181EB751-8DD4-416A-AF92-264F0A3F9BA0","0x00000000002C4994"
"1E6F6A6F-0887-44DF-96D2-D2909DBA94B3","","NM-25025","0","520","540","","3504","52AC72A8-1BF4-447C-956D-26745F561967","0x00000000002C4995"
"62DB1073-CC08-4092-A199-F6ED554DED90","","AH-107","0","410","510","","1794","5431BA65-9B6C-45BA-A9F7-26A1AB719267","0x00000000002C4996"
"093C4B93-A8B0-4A1F-88C9-C94D1722B752","6","EB-005","0","260","270","","11","B7751205-B565-450D-9D7E-26B0BCE1F734","0x00000000002C4997"
"98FE67F3-5401-4817-9DC5-FE33B92D0833","","BW-0947","0","","","","5760","1A419E29-9CC3-4222-AE58-26B190521E8C","0x00000000002CF395"
"4136DCE5-3EF7-4CA6-A179-8E00A24139B8","137","EB-136","0","800","860","","169","EF6E9E10-D67C-4CD4-B50A-26B4751CFB25","0x00000000002C4998"
"37D9985B-CFE1-4CD2-9756-BF65DE51E8C3","","SV-0075","0","420","440","","5193","0A254B50-F3F2-964D-BDEF-26C7BDC62213","0x00000000002C4999"
"14F2FE2A-1C23-409D-AC34-A2387F629524","33376","EB-665","0","610","1330","","711","DEAC6E67-3985-4713-91A0-2702AF809BEC","0x00000000002C499A"
"CA712584-4262-4341-82D9-45C50059BF7A","","PP-049","0","17","22","","5277","9F81167C-41A5-8048-BE6E-2716C031B56E","0x00000000002C499B"
"C632CA7E-677F-4997-BF0E-EC34F203B86A","","SV-0011","0","200","250","","3298","0C700D40-7E59-482D-8B11-272C87D8AADC","0x00000000002C499C"
"584EED4A-1036-4C2E-8F95-6D3B59FE2190","","NM-01690","0","200","220","","3759","2DC972A7-30F9-40C5-8AB1-2733657A7E65","0x00000000002C499D"
"850CEA1E-44D2-49B1-9D8A-E630FFFBD2A8","357","MG-029","0","160","200","","933","F88059B1-E4CD-43B6-A6E4-275AA283FA3E","0x00000000002C499E"
"7861C9FE-31E0-4F94-9A94-CD658867C9DA","","AB-0177","0","182","212","","2701","1DA09F6F-12E4-46C9-9E78-27648238EF26","0x00000000002C499F"
"5AB74A95-0BC2-4785-A0C6-52F6A2CCAE1E","","BC-0094","0","115","125","","5032","856236EC-7246-49B0-A29C-2778F3013790","0x00000000002C49A0"
"F33F5359-793B-4B92-A932-E8688F21F244","","QY-0676","0","78","122","","2986","404C361C-CF91-46BD-A9C5-27C138ADF4BD","0x00000000002C49A1"
"AF7133DF-39CF-4AD4-A763-79FEAAE754F0","","NM-25138","0","567","631","","3458","371131E1-98E9-4AF3-8708-27C5334E28F1","0x00000000002C49A2"
"A1E2467E-E725-4CDC-A704-8A644889831E","","SO-0260","0","48","53","","3270","EAA7DDA2-B20F-4035-B8E4-27E0644EEAF9","0x00000000002C49A3"
"D5393BC1-A821-4D54-B1EF-A5C9C1F8EEB1","98","UC-0133","0","200","220","","1333","52F589C6-5378-488F-BA4E-27ECC34285C5","0x00000000002C49A4"
"81D73012-3E44-4D80-822E-177BD18E2A65","155504","TB-0051","0","220","240","","1253","D65CBF93-5A52-4C27-9261-27FB961454B3","0x00000000002C49A5"
"903C1C48-FACE-458F-897F-F489E5629484","154","EB-153","0","322","352","","186","38F63A5A-EC83-4BB3-8AE4-27FDE6318ABF","0x00000000002C49A6"
"D615FB8B-1004-4EF2-A52F-0ECB591D78AA","515","QU-128","0","80","150","","1003","E442BC7B-0FB7-4130-B9AB-2805FDB088BB","0x00000000002C49A7"
"2A6F3CCD-624B-49B3-9077-C838639C3C97","","NM-26891","0","342","349","","4938","5AC65B02-1F3D-4062-B51B-283DD65F7270","0x00000000002C49A8"
"8BAA85CB-F598-4D3B-9FB1-06087EE91F19","114","EB-113","0","190","210","","144","348BA427-1CAA-4418-A20F-284D26AEC587","0x00000000002C49A9"
"4AD3C7EE-CB23-5549-B1EC-51E47AAE5293","","DE-0028","0","150","199","","5666","BA274FE8-6D9A-5540-A7CB-2855FF7B826D","0x00000000002C49AA"
"11D756F5-E58F-4056-948F-55181FAE3E1B","35","EB-034","0","200","400","","35","73B81B9C-1805-44C8-8439-285A74342199","0x00000000002C49AB"
"4F21B887-3166-436A-BB7B-7C925A778A4C","","NM-00769","0","203","223","","2903","C29FC8EB-D1C5-462D-8D4C-285E4D717AE2","0x00000000002C49AC"
"FEB5F265-DB3F-43B7-87A1-30C00A429D95","297","EB-293","0","102","340","","368","315E89E8-4A91-4432-97EE-286E6B6AE051","0x00000000002C49AD"
"7E2A9F45-DF74-4615-AE2E-7796024B0183","","EB-697","0","440","445","","2931","71592272-5975-4E06-B1D6-288FDAEB9272","0x00000000002C49AE"
"AFCDE4E8-1CCA-2540-AADC-D2152C2BD2E2","","WL-0185","0","260","300","","5527","928A8CF2-0CF1-9545-8675-289667119CEE","0x00000000002C49AF"
"A5C28CA7-4840-424E-B01C-E9D81D21B843","","NM-24777","0","83","86","","3646","AEF67B75-46D8-414B-9E22-289899FE7CCD","0x00000000002C49B0"
"B0EB29F7-FF44-413E-97BE-55FDA158FCF8","329","EB-325","0","260","280","","402","BB8DC8ED-65A5-403E-A814-289D50F1868C","0x00000000002C49B1"
"AF05D0D1-92CD-4F7B-B990-73206B541B74","","SV-0084","0","680","720","","5218","4DB70233-031C-D542-8C21-28A0791BB5E8","0x00000000002C49B2"
"37974A2E-E300-404C-88B5-DDE224D792E9","","AB-0041","0","144","950","","2589","09B77F28-C397-416A-A58C-28A201BCEB63","0x00000000002C49B3"
"887F2CB8-CA3D-451E-8606-6B6D9C516635","","SO-0192","0","45","50","","3190","40E61460-1F50-4166-A608-28A9C640F5C4","0x00000000002C49B4"
"6C718DF8-AD16-4B88-AD3B-FEDA331B4DCF","","NM-24963","0","1580","1610","","3766","62DEBE4A-2856-4C22-987B-28A9E47C400A","0x00000000002C49B5"
"9DB76F69-3416-43DB-9FA0-D9A08C904CEB","","SO-0256","0","72","76","","3260","5847B284-4293-4159-B734-28CD0AC32E9E","0x00000000002C49B6"
"E0014D4B-7CA6-4A0B-B227-77CCCA7334B6","308","TV-272","0","1927","2088","","1178","430BD5E9-0325-4748-8F0C-28E0475F3B18","0x00000000002C49B7"
"8AB18943-0986-4F2F-8335-490097A5906C","","BC-0162","0","220","240","","5136","52384E5E-12EF-4B8F-BC18-28F9C2CE304E","0x00000000002C49B8"
"9F152C84-1DF7-497B-949B-284D061CE84C","","WL-0036","0","460","480","","3892","EB425DAE-B6C9-4ED0-91C2-2906819EC50A","0x00000000002C49B9"
"31BEC324-DB5B-C34B-928D-2A080B8751EC","","PC-036","0","240","260","","5340","C9EFB76B-030A-4D48-8457-291A46BDC0A8","0x00000000002C49BA"
"EF1DE39F-C9C5-40BA-A452-0DD4268AEBE5","","QY-0526","0","170","180","","2982","8E5915CD-1F2D-410C-A932-291F454772CF","0x00000000002C49BB"
"00EF311B-B7A0-4F84-84E2-804A9949B804","477","EB-472","0","320","400","","549","4249E42B-6F71-45C7-9ABA-2929AEB2622A","0x00000000002C49BC"
"D6A2AA58-745F-40C7-9FB5-2A9DBD201A5E","","QU-171","0","30","60","","2528","4EAD7C40-E24D-483C-A37E-297E132AD5CE","0x00000000002C49BD"
"8C6D9CAB-D786-418E-B55C-6DA4CA4C561C","33602","SM-0091","0","580","600","","806","B888AD7E-9209-4A37-9DEF-2988CB758E32","0x00000000002C49BE"
"28D6AE51-4CC2-42BC-A3CA-0FBD02141245","","UC-0231","0","128","178","","2848","7C4BF29E-1EC6-4099-AEDE-299867AAED5A","0x00000000002C49BF"
"31AA34E7-2945-BA44-AD10-11F1F89418A0","","PP-015","0","80","225","","5260","CFBF4AD4-C4B7-2643-A277-29A5595CC13B","0x00000000002C49C0"
"F924F08B-FF4F-4A28-A293-5D85D5706983","","NM-01232","0","439","445","","2791","4B333234-1635-4BED-9D39-29C5391E83AC","0x00000000002C49C1"
"155DA370-8629-6042-A9B9-85A13537FECC","","AR-0232","0","7","19","","5473","3B8146B4-0B6B-044E-8AF1-29E76EEA7F8C","0x00000000002C49C2"
"6C718DF8-AD16-4B88-AD3B-FEDA331B4DCF","","NM-24963","0","1500","1510","","3764","28080351-992B-45A2-801C-2A031B0808DD","0x00000000002C49C3"
"D5C219E6-C96E-8A46-A669-7E353224F761","","NM-28439","0","104","144","","5640","57682384-61FC-284E-9CD2-2A1407B19545","0x00000000002C49C4"
"5AB9112F-2A7B-418C-97F4-B648E6F4F591","332","EB-328","0","410","510","","407","DE3962DB-1F3D-41D1-BBA8-2A365CE8B82B","0x00000000002C49C5"
"E7C1504C-0EB5-4BBD-99A9-D15AF8D7FE67","","BC-0117","0","300","320","","5709","28831A75-8F95-3744-A6F4-2A3A486A93A3","0x00000000002C49C6"
"D0355A77-10FB-4EC5-831D-5F6A3D1B9E97","","AH-028","0","405","455","","1583","692CDEA1-D5F9-4F19-B6FD-2A476B152E75","0x00000000002C49C7"
"05085AE9-C0EF-42FA-8680-A13B6B0232E0","","AR-0142","0","4","18","","3087","96D49253-C29A-4400-B071-2A4F5CADB317","0x00000000002C49C8"
"A9DB31CE-F447-4C60-8456-D63D5B978635","","AB-0037","0","1557","1562","","2585","6050116A-F0F5-4176-8509-2A65748F3DCC","0x00000000002C49C9"
"0F4239EE-5169-3D4C-B316-27EAD208D940","","PC-042","0","75","85","","5345","B7C4997D-767A-3B43-869C-2A787B790A28","0x00000000002C49CA"
"C90A7F2E-0A7F-4F91-8E80-063A1FD62612","33584","SM-0075","0","100","176","","794","541A888F-F033-481E-9033-2A7B72832981","0x00000000002C49CB"
"3F7A8623-7F65-450C-BF5C-0E947915EB4C","","EB-161","0","585","597","","2923","6DF362FE-DA16-4026-ABAA-2AA45C1082C8","0x00000000002C49CC"
"B79C83EA-69A3-4190-9BAC-FC167B847694","","TC-257","0","126","136","","2130","56375254-B1E2-4D6D-8D8E-2AC2783703E2","0x00000000002C49CD"
"16ADC913-5001-45AB-9427-741C5806E8C8","323","EB-319","0","160","200","","394","C5194F9D-3414-4659-A9EF-2AD8ED47373B","0x00000000002C49CE"
"62E3D68E-FAC5-400D-AC30-28B5969FF139","","NM-24720","0","55","75","","3667","9C41EE8D-DEF4-440E-9B17-2ADCC945395F","0x00000000002C49CF"
"D8E51D45-F13B-406A-8A5C-16BBCD71D583","","AS-042","0","260","335","","1529","A8C6619F-FA7C-428B-B428-2ADF18B84986","0x00000000002C49D0"
"8CD63BE4-2F86-4218-A1C4-450BB8E27B1E","224","EB-220","0","125","161","","281","448A1312-CA66-47B6-8FAB-2ADF9674A400","0x00000000002C49D1"
"C64F4C76-DABE-472F-8412-EBDAC107926C","","BC-0191","0","180","220","","5161","FEAA9624-F5AC-4A91-9EC6-2AF9EE8690A6","0x00000000002C49D2"
"F690649A-1CCB-4640-9DD0-5F0461173695","","NM-25042","0","646","670","","3499","F1D6B1AB-1FA9-4D86-8261-2B4F10D553F9","0x00000000002C49D3"
"D5B3A458-57D9-4692-AE31-B4A6229C52B6","","BC-0176","0","320","380","","5145","8518E4CD-CF02-4AAD-954B-2B6DC9C95D4E","0x00000000002C49D4"
"C891790B-4A0C-4EAC-9920-6D993DBE260E","293","EB-289","0","470","490","","357","797D357C-AA99-4D28-929E-2B6EE420B293","0x00000000002C49D5"
"7EB2F7E6-EC6D-4BCE-AEB7-1196F4F1BEDB","190","EB-189","0","450","470","","239","63FF0DA5-A6BD-42D1-B1EC-2B810548307E","0x00000000002C49D6"
"8F8FEE46-BEE5-4470-AF64-498CE6330ABF","319","TV-278","0","820","940","","1186","9BF06090-0F24-44C2-8988-2B812561D515","0x00000000002C49D7"
"2C07C3E2-A75A-4D47-842F-0B309B866F7A","","AH-046","0","426","446","","1600","CC2FBA33-ACED-41A2-B8D0-2B974A7F913E","0x00000000002C49D8"
"EE498D9D-1A3E-4E00-A4FD-93F1D93671A9","","NM-24972","0","324","364","","3582","AF22FEB9-998A-4502-B8BD-2B9E784095C9","0x00000000002C49D9"
"5646FF49-5636-4EAF-9403-0391527C8DFF","470","EB-465","0","168","189","","534","4BE9F83D-97BD-4084-96B6-2BB7CDFEC0FC","0x00000000002C49DA"
"BA82F126-886F-2A40-BB18-6A89851B0D2A","","PP-020","0","25","150","","5261","8FABFEEA-8D4C-344D-8497-2BC4516223B1","0x00000000002C49DB"
"BEF3835A-D9B9-498E-9769-F3F35AC941E9","309","JM-010","0","70","100","","889","20B11FD6-4C07-4FBE-AD36-2BD24C476B81","0x00000000002C49DC"
"8CD7158C-576B-4C70-9320-1D2033D2408E","","NM-26953","0","160","180","","5092","DD0A782E-7321-4BA5-A541-2BDDF95B2049","0x00000000002C49DD"
"55C6D250-4373-EE45-99D3-BDE75C966F43","","PC-065","0","143","163","","5366","11C89F20-96D2-B44A-A891-2BE719683CA2","0x00000000002C49DE"
"584EED4A-1036-4C2E-8F95-6D3B59FE2190","","NM-01690","0","96","135","","3758","6161D46E-14CE-4318-BCA6-2C2DBC72553D","0x00000000002C49DF"
"6048D387-73DE-42CC-A7EC-4B5C45C3A472","","BC-0081","0","280","320","","5018","FE124EEA-1A7A-43DB-ABF2-2C2F32E594BC","0x00000000002C49E0"
"1597656D-26DD-4CD8-98B5-36C83465B40D","","NM-01268","0","650","1351","","2802","83DD02AA-9442-4D80-B1D9-2C39796ED1B1","0x00000000002C49E1"
"088FC453-9974-4721-8E44-DA951A47AC71","196","EB-195","0","350","440","","248","80212F15-5DAA-40B4-91A6-2C40EA0705FC","0x00000000002C49E2"
"96EBCCF8-8B7B-4466-BD6F-CC6096825AAE","","SV-0068","0","300","360","","3367","FF94BF05-3482-4D91-A0F1-2C41EDF9071D","0x00000000002C49E3"
"DB13F090-F799-4F2A-902D-9B16435F5963","","AB-0098","0","637","657","","2638","BDC02FA4-009A-4A00-8AE8-2C4AC7FD9F12","0x00000000002C49E4"
"257B498A-3E94-4B2D-8CA2-A2E61BED93FC","","SO-0149","0","44","49","","3147","14335A17-16F7-49B6-B540-2C4F1656BC2F","0x00000000002C49E5"
"0B4E6471-C21D-7B47-A890-FE22DEED35A8","","PP-046","0","20","65","","5275","10F0C7C8-D5E0-CE42-8EB5-2C5E6082EF37","0x00000000002C49E6"
"C4B87C88-6031-4B23-8EE5-CCAAB261FC1C","155786","TB-0245","0","479","979","","1312","7BA6FA8B-CE08-4B2D-95A7-2C71E1E0637B","0x00000000002C49E7"
"C8B7A42D-4CA1-49CB-B2A9-49ECF47FE780","93","EB-092","0","770","780","","112","919D7554-A54D-4E10-84A8-2C89F301EEAD","0x00000000002C49E8"
"0FEF9BE5-916B-453D-909F-1AFBD0F70A44","","NM-25001","0","130","160","","3556","4F40BAA3-83AD-4CFB-A76C-2C9400D51157","0x00000000002C49E9"
"5887722F-5099-4C78-9D66-65651DD6039A","315","EB-311","0","15","20","","387","F9FA8451-3965-47DC-91AF-2C9AF7622D6E","0x00000000002C49EA"
"A65B26F9-E384-4F09-905B-DB05C9299103","123","EB-122","0","1000","1980","","157","AF5E9213-A889-4070-927B-2CBA73EE4837","0x00000000002C49EB"
"8AFE6D4A-FE48-4D3D-95BD-EEF08AF495EE","","AH-003","0","360","440","","1560","E4B5763B-0B90-4FA3-A336-2CC8079419E5","0x00000000002C49EC"
"B9FF894C-09D7-445A-A82D-A86BB936A0F4","478","EB-473","0","355","435","","550","D44F5457-0B37-4927-9D53-2CCECBFEB5EF","0x00000000002C49ED"
"E5F9CECC-13F6-4D9E-B852-E0585EBDA7D8","33361","SM-0010","0","305","345","","755","B175BDE9-1D6C-4968-8CC1-2CEBB03F79DB","0x00000000002C49EE"
"DC53D4DC-BD13-40DE-BC98-9AB8E3112FF3","38","UC-0022","0","324","364","","1317","8634483F-8778-4D43-BF7B-2CEE98323151","0x00000000002C49EF"
"E4D5D841-A11C-46B1-9E59-FEE4E77A1BAC","","NM-25109","0","453","470","","3475","0ED654DE-537B-44AF-AB94-2CF471B3308D","0x00000000002C49F0"
"F40CA763-AADF-4112-8623-16C1CB0B3531","","TC-308","0","147","231","","3787","1E42F2EE-5FFC-4093-8C78-2CF581DC79CA","0x00000000002C49F1"
"96C46EE1-D82D-4DF7-80AE-E476E0FD3099","188","TV-168","0","30","50","","1092","F2D3E025-A77D-40C6-BAC3-2CF8DE2FAAAB","0x00000000002C49F2"
"A7CB04EE-0F6D-4805-ABF8-6F9BA7447B6E","","AB-0040","0","204","924","","2588","3FBA7C90-D2F6-4311-AFE3-2D01ABB67A4C","0x00000000002C49F3"
"4D6F02A4-3A41-4DBC-A038-6CBB31AF9DE8","","SA-0200","0","85","125","","2865","94929A5B-5047-4768-9F09-2D1E84EAB18B","0x00000000002C49F4"
"BF63CBE6-1B60-40A2-9E6C-DF7FB3A3789A","110","EB-109","0","490","510","","136","33450A06-7DF4-4842-AEC8-2D2107D481D3","0x00000000002C49F5"
"EE065009-5660-4B47-8EAF-EB2FED64EB70","","NM-26900","0","320","360","","5289","B80F3E6C-5526-2041-82A6-2D268BAEED54","0x00000000002C49F6"
"6DB4AABC-3470-F348-BAD6-24B9A06F0A9E","","PP-052","0","80","100","","5280","5CAB45D8-268E-1944-99AA-2D2C3B412001","0x00000000002C49F7"
"4B9B311E-C064-46A2-ACFC-FAC77F50BA30","","SO-0141","0","46","50","","3139","607F9455-13E5-4AFC-B5DB-2D3338DA67F0","0x00000000002C49F8"
"A79AB6CE-C0B3-495C-8255-91ECEC4C3ED4","471","SA-0183","0","768","917","","872","82AFEC84-8C5F-4B6D-8E2C-2D34410D8B7F","0x00000000002C49F9"
"B1A94055-BD10-4099-A4DF-281E7D349B84","524","QU-137","0","8","28","","1011","C00C528A-3567-49D1-9819-2D49898CD8DA","0x00000000002C49FA"
"E7A84A09-59B0-4A6B-B80E-2381ABA0A836","","AB-0121","0","350","800","","2657","FE65A814-6CB9-4FD2-B9D0-2D509DCD70CF","0x00000000002C49FB"
"3000BBF1-5FD6-4F18-A19F-0D6A162E777E","","NM-01414","0","428","433","","3043","FFB8F3D9-C8A0-4198-A734-2D76D4B4FB77","0x00000000002C49FC"
"69CFDF01-5C06-4B38-9BCE-F5F7B5CF46CE","159","EB-158","0","660","680","","193","9CD2CBFB-57A9-4CC3-8A93-2D770C916BDA","0x00000000002C49FD"
"EA782DFF-3548-4A2D-8737-41B4540688CB","","SV-0032","0","206","366","","3328","10A27E07-C611-4D74-A258-2D78CA589A7D","0x00000000002C49FE"
"37D2F7F6-42CC-4646-884F-47BD40B0C6C0","155690","TB-0208","0","265","285","","1299","6D930235-DE54-438C-B6FE-2DDE58DD763A","0x00000000002C49FF"
"44BA4158-FDE1-4DEA-B87A-4F2B6DDDAA54","","AB-0079","0","19","81","","2620","7781BE7D-0E17-47F8-B26F-2DEA07EC5E46","0x00000000002C4A01"
"A56E349C-6F26-4E79-9B29-5420984A8723","","AB-0201","0","356","690","","2722","F7346A85-4E60-4EAD-B35B-2E0AC71AB17C","0x00000000002C4A02"
"42758397-AAC2-419F-8A55-7590E7E03F42","155500","TB-0054","0","195","345","","1249","A523DAF7-0983-46C3-96AA-2E30623B1F16","0x00000000002C4A03"
"B2BE8439-DB2C-BC42-8369-E7A5A6AAA2C1","","PC-047","0","155","165","","5349","7B8DFF39-12DB-1749-B75A-2E57F4C4F065","0x00000000002C4A04"
"FF5FD78A-934E-40DA-B8CA-F894C161CAB2","","NM-25125","0","146","206","","3462","FD57C3D1-9FC4-4B5A-8F8A-2E5B837FD27D","0x00000000002C4A05"
"A9779C27-58A6-7B45-85E4-0CB26B0554F5","","PP-026","0","190","200","","5267","403F15DA-5415-B84E-8E37-2E5D6BD2DBEA","0x00000000002C4A06"
"DC390227-1D0A-4079-B2C6-7E476BA327DA","","AS-048","0","292","352","","1537","A2090E4C-4FE0-4FA9-BA8F-2ED9BB292F9E","0x00000000002C4A07"
"457D11A6-8A7D-4C39-94E6-34A383D2DA34","","NM-24881","0","430","600","","3619","5DEF8380-581E-4B8B-A7E7-2EE47178AE22","0x00000000002C4A08"
"B8432F4A-00A4-45B3-81A4-A3A00040AFDE","","AH-080","0","440","480","","1807","C6B07B5F-3A93-4C5F-9DB4-2EF1CEB5BFF2","0x00000000002C4A09"
"84564F7D-C815-4D56-949C-1DB2976A11D0","265","EB-261","0","49","59","","320","A14E188F-C9CD-49DF-8E44-2EF6EA7D0906","0x00000000002C4A0A"
"6DC26BE2-1CCA-AF49-B96F-AE89F66C9E11","","WL-0278","0","260","300","","5715","D325A97E-8CCF-2A4E-AA99-2EF979E5616D","0x00000000002C4A0B"
"440B48C0-E557-49C5-B3B2-EF1A1DC70DF3","33350","EB-642","0","1054","1204","","691","DF1DA5BB-E1E9-4895-B7E6-2F1430D93165","0x00000000002C4A0C"
"516BE5DD-0953-4089-B8E9-E1B7B1D84CDF","","SA-0076","0","267","282","Steel with torch cut slots","5626","62D175B5-F9A2-B54A-9285-2F15916474F8","0x00000000002C4A0D"
"6F3B3BFF-048F-4653-AA86-BB2D1A84EEC9","","SO-0204","0","7","22","","3208","D6AF15AE-4012-4243-B7BB-2F3450A9FE02","0x00000000002C4A0E"
"2D619D7F-E6A4-4942-8830-593B1A10787F","","NM-01356","0","190","230","","3031","153F289C-808D-431D-8899-2F3C7AD46C5E","0x00000000002C4A0F"
"1FFE2C9F-F7C5-4F5B-ABBC-4790A142651E","33394","EB-680","0","345","385","","732","4BDCCC9D-932F-4F7D-8965-2F4B61D245DA","0x00000000002C4A10"
"F6907F3C-0C96-42BC-ABB6-C6FC64C8147C","","NM-09552","0","18","253","","5558","693088D6-08EB-044F-986E-2F6E6FA19F2C","0x00000000002C4A11"
"EB6E931C-9849-4B7E-9C80-062A6FC960A7","427","SA-0142","0","56","66","","865","BD4CAFE9-E19A-4564-BAEF-2F6FBF4E9A90","0x00000000002C4A12"
"D7847537-F652-4F3B-B03E-54D24487C178","","NM-04415","0","410","510","","3112","41406736-AD40-4F22-9322-2F952DA76037","0x00000000002C4A13"
"71FDF3B9-9D3D-4116-8158-01216F42253F","","QY-0104","0","202","220","","2957","EFCC4E88-F57E-4CF2-907C-2F9D1FE50819","0x00000000002C4A14"
"D453A953-67BB-4165-99E2-F4E2EC7775AC","78890","SM-0247","0","300","420","","845","2C075901-8FD7-479E-93A1-2FB02D5AF6DD","0x00000000002C4A15"
"B6C284F8-7D35-4633-A53F-9F10759CEFF4","","QU-074","0","115","144","","2422","FDA6D7A8-86DD-48BA-BB4F-2FC63FA5AB61","0x00000000002C4A16"
"EFF0CA9F-5D67-4505-954A-0BD51A108125","","TV-294","0","833","854","","2554","13A683CA-2E35-4D60-BF1D-2FD30E53F03D","0x00000000002C4A17"
"737F3D89-07E0-43A7-A652-23FEB9C56B1A","","BC-0120","0","340","360","","5049","FCA50EC6-82C7-4550-B1ED-2FD3ED39B234","0x00000000002C4A18"
"A560E989-ACA3-460A-A6E2-E8E4DC6931AD","","AB-0099","0","337","352","","2639","1D621FD4-D8F6-474B-95D4-30146210EF46","0x00000000002C4A19"
"339014D5-FA74-421B-B8A2-C73BAEDBBAD1","","AH-032","0","380","420","","1587","DF82F25D-D321-4519-A75B-301DFEA14695","0x00000000002C4A1A"
"542C2E3A-593D-40CF-9432-112709297D4D","","SO-0172","0","4","19","","3170","15F30455-3560-4621-BFCB-30210FF47E59","0x00000000002C4A1B"
"54362B85-74CC-4E32-B7B6-03CF975EED27","321","EB-317","0","140","200","","392","707043D4-0051-493C-ABFB-303448664B83","0x00000000002C4A1C"
"4073BFAE-BC86-3C40-9B14-5F829FADD1B3","","PP-065","0","80","140","","5252","9F11DDC6-FD8B-C941-8D03-303AA2E0519A","0x00000000002C4A1D"
"24A16BDC-1011-453C-8DB1-283200CA5360","33356","SM-0026","0","40","60","","751","CAD4E975-6686-4FF1-A55C-303B8919FA0B","0x00000000002C4A1E"
"BC6086BF-D0E0-403A-A0E6-FF4608FC836A","","NM-24649","0","240","280","","3700","794BBACA-7ADA-4D1F-A1F5-303E6D75AD89","0x00000000002C4A1F"
"F364719F-217D-46AC-8529-BED09F3FEC34","","TC-234","0","600","645","","2115","5985ADA9-638C-4B72-913F-30522696516D","0x00000000002C4A20"
"8AC1472D-5528-4D0A-86B4-ECB7838E0DA3","","AS-014","0","183","343","","1509","175773A8-98A4-4667-A95B-3059F94BE3D3","0x00000000002C4A21"
"0278BEFA-E6EE-4464-AC0B-D7C4FDFB85FB","33400","SM-0047","0","175","235","","773","DCFA1C09-1E0A-4E01-A914-30683A215178","0x00000000002C4A22"
"18F0091D-A51E-4CE0-B34A-51A3AA699801","150","EB-149","0","388","448","","182","BA0D0E88-0B00-405A-BD60-306AD2894AEA","0x00000000002C4A23"
"03C2902A-FB1B-4845-AD47-BA7AF509E6A1","","TC-255","0","100","120","","2128","4A6B3BED-9EDB-4D49-B550-306C31E00E03","0x00000000002C4A24"
"5646FF49-5636-4EAF-9403-0391527C8DFF","470","EB-465","0","68","108","","536","D036BA71-397C-4F4C-B645-30718413052D","0x00000000002C4A25"
"23CFD01F-CC66-4B3E-8B0F-A91901AACD0D","","SO-0148","0","5","20","","3146","D3E1AFA4-9D6B-46F5-A861-3073EF361C7D","0x00000000002C4A26"
"8F91784E-17E8-4B1E-A560-EDF1155DE394","195","TV-175","0","140","160","","1098","DD259251-FCF5-4EB6-8F63-307867826F21","0x00000000002C4A27"
"1834161A-B39F-43BE-A9E6-5EA0B7DD7A25","473","EB-468","0","188","380","","540","CD35DE62-D034-489B-8974-308733D86BDC","0x00000000002C4A28"
"76EBA621-6542-4C95-8B36-7753271A12E2","","NM-00643","0","105","231","","5721","001F29C2-0FEE-D448-AA2C-309B1CD5BF17","0x00000000002C4A29"
"E4197729-3CDF-417A-8812-7A4ACA74293F","33368","SM-0018","0","20","40","","760","C1E5248A-A79F-4FCC-93AB-309E0DA1EAD5","0x00000000002C4A2A"
"2BB9A7EB-28AE-44A0-A86A-8564FC3B6629","","NM-26939","0","370","390","","5081","E6CA48E6-38AC-4C27-9B05-30A4E1D87E07","0x00000000002C4A2B"
"5C4268B7-F7DD-49D6-B30A-A6729D6D6C95","165","EB-164","0","375","415","","199","17E2F175-C190-4CD1-B107-30B13D52A1F1","0x00000000002C4A2C"
"9E91B5F4-38D4-44BF-80F4-B952BAF71C37","","SV-0027","0","220","240","","3318","0A213B4F-B0B9-4A06-82B7-30BE77260996","0x00000000002C4A2D"
"8C075EE1-FF00-4334-851B-0576FFFB58DE","370","QU-041","0","80","130","","957","D979BAFA-9C00-4EE7-8B60-30BEF960FCF4","0x00000000002C4A2E"
"CC2DC842-6903-4F1E-970B-545C9BBBBC12","","AH-079","0","360","400","","1766","76E9B2D2-4CE0-4FD6-BA62-30C6942EA20B","0x00000000002C4A2F"
"DE2BB1A9-404A-4895-8075-A89491C30BAF","","UC-0224","0","140","160","","2842","DD4B62D9-A5BC-40E8-AD01-30C6C284F83A","0x00000000002C4A30"
"E7510FE3-A2C3-4E50-8496-B553194CE346","167","EB-166","0","580","720","","205","479F2CE3-0103-4809-8CEA-30C7F509D293","0x00000000002C4A31"
"242FE5C9-0221-4E7E-B0D8-7AFC1121A99D","","BC-0032","0","200","210","","3925","AD650188-F7E0-474C-926B-30CCD00F86AA","0x00000000002C4A32"
"14C813C7-576B-44BC-8B3D-0AFA1853847A","57","EB-056","0","240","260","","65","20C5DD1C-F4E7-4A88-ACA7-30EC252DAEBB","0x00000000002C4A33"
"1D911F77-3214-47E3-80F0-3CF7D0BCEC20","","SV-0020","0","160","180","","3304","5FA08379-70CC-44B9-B6F2-311FC318B769","0x00000000002C4A34"
"6B9F1BDD-99B7-4723-BAC2-EAC922FBFEBC","","SV-0112","0","350","390","","5199","A94A42EB-DF56-C74A-81B1-312C87EED3AE","0x00000000002C4A35"
"368E8E8C-3B88-4D22-88F3-D7DB9930B520","","AR-0042","0","17","37","","3722","BDB4BD91-4774-4B4C-B6E0-313C98B71439","0x00000000002C4A36"
"87E2E657-DEDD-47B1-898B-2B2C94D92EC2","236","EB-232","0","300","600","","291","0CFC5712-B8F1-45CF-9201-3165ACC63BC7","0x00000000002C4A37"
"57B7D3AD-0797-4C84-8604-7BCAD67F80D7","","BC-0026","0","80","125","","3921","EF1CF3C1-4767-40A5-824F-316C9EEC941C","0x00000000002C4A38"
"D687B428-3EA1-458F-BC95-C468DF60B13F","","SV-0078","0","430","450","","3374","FA6E025B-CAE9-4A3F-80F8-318EF444BD18","0x00000000002C4A39"
"3CF1696D-0641-48AB-9B77-A53562FB63BC","","NM-24985","0","140","160","","3574","9BBC2E75-F7C3-447A-B574-319E07744333","0x00000000002C4A3A"
"84D95D5E-487F-4C1A-AA38-A6358E89F0AE","","TC-221","0","906","1005","","2111","DE1005EB-BA4B-451A-9C54-31C408463B8B","0x00000000002C4A3B"
"AB0C5885-62A0-9442-92C9-1F537F376670","","WL-0073","0","140","220","","5234","DE7CB502-6557-8D42-A1B1-31C95FABEA1D","0x00000000002C4A3C"
"AD2F5B50-E5D2-4FDD-8498-0BFB3A04E4F6","","SO-0182","0","44","49","","3180","ABBD6DC3-ECA9-463F-A277-31EACB03B9C0","0x00000000002C4A3D"
"8B96274A-69D5-4B57-A520-DF576CF38B16","","AR-0049","0","45","49","","3723","E324E710-1C7A-4A6A-9D2D-31EB76540701","0x00000000002C4A3E"
"3EDB971E-947C-4ACC-AD17-9E0A3B99FEEE","","NM-24654","0","215","235","","3698","E2D37CF2-8035-4BA2-B973-3206A39F1BE5","0x00000000002C4A3F"
"2C07C3E2-A75A-4D47-842F-0B309B866F7A","","AH-046","0","466","506","","1614","9788C67C-8447-4B6A-B120-3209281A4239","0x00000000002C4A40"
"CC02774C-CF5A-455D-884F-D001AC1839CA","","BC-0103","0","140","180","","5040","71D88584-6766-43D9-ABD1-320AC07A4C5E","0x00000000002C4A41"
"CC8E0EA1-540F-401F-8F6E-B4BFCB4C716E","133","EB-132","0","60","90","","165","09DDC7EA-DD07-40D3-A156-322BCB6D9A87","0x00000000002C4A42"
"ED33259B-3637-4D8E-8EE0-5C8A50F858DD","356","JM-057","0","340","400","","897","B612E6FB-F2EF-4CA5-BF18-323544A669CD","0x00000000002C4A43"
"1A00EFEB-846F-427F-A5E0-13E68C472321","396","EB-392","0","160","200","","450","965F71E8-5FF0-46CE-96FF-324FD274FA66","0x00000000002C4A44"
"3E55FF2D-A11E-42E7-9934-40EA05B858BF","155728","TB-0223","0","0","21","","1304","26661B7B-3AD6-4D59-AA34-3268E91079C5","0x00000000002C4A45"
"C61B55A0-972E-4B6D-B753-08F9A691C8DE","","AH-082","0","400","460","","1769","E0B6AD96-3206-4AEB-ABD5-3285B43FA874","0x00000000002C4A46"
"46B0D481-0EAA-42DE-96C9-E308CEC075FB","33369","SM-0028","0","60","120","","1226","9A815EB9-6901-4518-B5E5-32930BE4C8E0","0x00000000002C4A47"
"F690649A-1CCB-4640-9DD0-5F0461173695","","NM-25042","0","595","620","","3498","7C8A0FB8-864C-43DD-AADA-329BF3520E32","0x00000000002C4A48"
"13CFC0ED-7858-49BD-8F3A-C47DD7E43D9D","153","EB-152","0","341","361","","185","E0A8B99C-AECD-47E5-9678-32B4D54063C9","0x00000000002C4A49"
"F95681EA-A2AC-46BC-8EAA-C64C5CF75380","","WL-0031","0","720","780","","3928","A9393EDD-DD7C-42D1-A4D3-32B996DB10E6","0x00000000002C4A4A"
"B8F4E068-92D1-48D4-B060-1086D86E1314","","NM-25167","0","160","170","","3454","8977F527-C67C-4479-AFD6-32DDC7B4C06F","0x00000000002C4A4B"
"E1BD348B-6371-4543-B575-A3E0C9EBF13E","","NM-10282","0","25","75","","3904","9244845F-0909-41EA-92AB-32F387EAC29A","0x00000000002C4A4C"
"54408B5A-999B-4E66-BE6D-7B6DBDBDECF4","33359","SM-0034","0","220","260","","1224","E4787EE2-1092-4D48-B885-3316314A7DB8","0x00000000002C4A4D"
"8D660B61-2761-4B62-8B4D-133B16D4604C","403","QU-068","0","25","45","","999","CE9F38A6-8D6D-479B-A383-331D86764BE6","0x00000000002C4A4E"
"9EED881F-F005-46BA-B62F-4981950004F9","325","TV-284","0","17","47","","1190","AB1BB5C6-B248-4286-A758-33470B6AF254","0x00000000002C4A4F"
"6248C619-F9DE-224D-ABD4-3B1258C7CB8E","","PP-042","0","62","82","","5272","E6D28082-3468-844D-8B40-335BD8A58D51","0x00000000002C4A50"
"20B3FBFB-3D47-4664-B0F7-A9E281151C8F","","WL-0361","0","550","560","","5758","EDF872F1-6C1A-4D0D-ADE7-33617B8A2D22","0x00000000002CF38F"
"F2FDECFD-7792-4849-A060-99CF04ABBB97","","SO-0180","0","44","49","","3178","1EA63B83-5D36-4913-9B63-33AB6456DD43","0x00000000002C4A51"
"6D643383-C560-4877-B1A5-DFE4BF9CE2EA","","AB-0112","0","172","177","","2650","459B2410-BD05-455C-BA47-33B09AE19D02","0x00000000002C4A52"
"8D7FD4A0-EB0F-405E-99CB-8D942420BB97","","NM-24625","0","137","157","","3708","476E5991-1FCC-457B-80E6-33BF09F5BAEB","0x00000000002C4A53"
"493C52D0-EA0C-4A24-863E-1694A933C326","","AH-097","0","220","250","","1784","ED85E4AB-56C5-4176-B410-33D39C1822CB","0x00000000002C4A54"
"405D7B0A-1A4B-400C-BB13-F4734CB35C17","33405","EB-687","0","681","696","","738","B746638E-D527-4040-9CEC-33D6080A7390","0x00000000002C4A55"
"86C295E6-0A31-480F-AC12-6CCCF3AFAA39","","TC-286","0","280","300","","2151","CDF41B1B-8E4A-479B-89F6-33D94D76B8A8","0x00000000002C4A56"
"704CC789-37BD-4A62-8459-85DE8F850725","","AH-098","0","420","440","","1785","53B6B981-7A5E-42EE-954F-33E86EBD91C6","0x00000000002C4A57"
"239A301D-55BE-46D2-BC16-A45C7A10A2C6","","AB-0141","0","1343","1721","","2675","A5EADDFB-230A-4ACA-A406-34120DEE7EF1","0x00000000002C4A58"
"99995CFA-24D8-410B-ADA7-DEF1FCC686AF","133","TV-113","0","127","142","","1050","23E535ED-6408-4A6D-9EA9-3416E062FACD","0x00000000002C4A59"
"38B8E177-45F7-4386-836B-18EDF204CB2F","325","EB-321","0","140","180","","396","1132CF97-921F-476D-8217-341CCE6B9E2A","0x00000000002C4A5A"
"B8CE0D97-116B-4F7B-AF0D-B317C2E4AE1B","117","EB-116","0","260","310","","147","D31512DC-BB06-4796-A715-343BBACB284C","0x00000000002C4A5B"
"4B578FC3-88D5-4328-AD8A-6BD6BC32DA2F","302","EB-298","0","2400","2430","","373","82E6A160-E451-4956-9DC1-34601D088948","0x00000000002C4A5C"
"72786592-067E-4B58-BAE1-A429F4266B8E","568","GT-016","0","155","175","","1343","19B60F94-BD17-440F-8B2D-348A5060FE07","0x00000000002C4A5D"
"2428FFE6-25C2-41D8-9829-52CFE96CD5D8","","NM-01362","0","640","660","","3034","0E95B6F5-5F78-4A6D-A541-349724E443F2","0x00000000002C4A5E"
"9A305408-2CC5-428B-971E-81C730F5A4FD","","NM-21881","0","135","155","","3864","0EF23E85-9FD6-43D2-9E03-34B8867560B5","0x00000000002C4A5F"
"F125567F-FF2F-ED42-A1EE-82CFA26A6612","","PC-045","0","355","365","","5347","52EEE0BA-BED7-3A4F-A31D-34BB724F14B7","0x00000000002C4A60"
"DB91B5FD-4209-4439-8316-487208009C00","","BC-0175","0","280","325","","5144","42F6A4CE-B8B4-407F-8E28-34C82CAD6627","0x00000000002C4A61"
"C2DD74B2-C8F3-4F29-AE2E-FB899EBA1EC7","547","SA-0319","0","0","150","","883","F4B3EAD6-CBC2-491F-A161-34C9A849CE16","0x00000000002C4A62"
"37FE135D-C730-490B-89A8-04D7F710A50F","","AB-0218","0","348","368","","2737","E8A90FE2-0289-40BA-986F-34F2BC42A0D0","0x00000000002C4A63"
"EEA1D69E-D4EF-4942-B58E-838A51230DC0","","PC-113","0","586","596","","5403","3D8E315F-79D7-3E4E-8059-34F6D77CF7F3","0x00000000002C4A64"
"29B9390C-2CD9-4656-A8D8-305E977C3221","112","EB-111","0","250","550","","142","78F6B8CF-62BD-41A2-9CC3-34F818A1A745","0x00000000002C4A65"
"99C942BB-7148-42EC-8FEF-39F40B967FEB","48","EB-047","0","170","210","","51","C24449CE-F638-4CF7-8365-3520334C0BFF","0x00000000002C4A66"
"491EE5C2-F7F7-41B0-93F9-C493A0128BCC","","BC-0179","0","580","600","","5147","804360EC-077B-4D46-AC1C-3552CA652423","0x00000000002C4A67"
"09E36C43-B8BD-4712-B8B8-BD62691E476C","","SV-0021","0","160","180","","3309","4CD57103-40AC-4C0F-9596-3557E48E44A5","0x00000000002C4A68"
"AE1D46E9-C7D5-CD43-A783-E80C7BE3DB9D","","PC-053","0","76","88","","5355","05A271E6-6D6D-5049-ADAC-355846C745F2","0x00000000002C4A69"
"306121EF-3FE1-430C-80E7-DDC310E6CD8C","","NM-04362","0","94","140","","5620","45D6011B-203F-9445-A618-35607830BB12","0x00000000002C4A6A"
"754E9FC9-5579-41FD-86C2-28402BCFA849","62","EB-061","0","300","320","","73","109B9D7B-3C5D-40AF-80E0-356647E6F30A","0x00000000002C4A6B"
"59118FEB-1B87-4569-AB26-2319E9F4C855","427","EB-422","0","260","300","","479","31217909-4459-4091-8202-357A78C91042","0x00000000002C4A6C"
"24B83C28-E8A5-431C-8D9C-AC236908DFDC","","NM-00758","0","360","380","","2899","7FFE4748-E851-48F2-BD9E-3585E3A0AEF0","0x00000000002C4A6D"
"370DFF6C-A326-4761-A5D7-D7B92378AADB","","AR-0078","0","11","19","","3113","6FA57146-BC60-472C-AF69-3589A100B637","0x00000000002C4A6E"
"E88E5A46-A70C-4FA5-B757-806BB20BD6B2","423","QU-088","0","117","137","","989","DD0B87BC-2F6C-4AE7-83B9-358A5097A8B0","0x00000000002C4A6F"
"C45F987E-FDD2-48F7-9026-AA072E872957","33383","SM-0014","0","390","430","","763","75963971-1552-405F-983B-35AEF1689770","0x00000000002C4A70"
"7714BA90-203F-4BDF-915D-E22380EB5986","","NM-04042","0","320","360","","3104","B412076B-D6C5-4BCD-BEE1-35BBC6873A02","0x00000000002C4A71"
"414FD68A-E4B8-4B48-8664-591B7AFA6E8A","361","MG-033","0","318","338","","924","09B44872-2CD1-4D7B-B006-35D7893E871C","0x00000000002C4A72"
"9054A5A3-5ADE-41C2-8F92-B50D8200DB25","33386","SM-0009","0","370","436","","765","8A03E4B8-658A-41DA-B6EC-35F16E40168D","0x00000000002C4A73"
"3BAA4A2A-74A6-498B-802C-23231BA1E03C","33296","EB-594","0","820","840","","637","2EEC6491-D9C7-4017-A2A6-35F374A23455","0x00000000002C4A74"
"DD3C8A09-7622-40FB-B8AE-6F207580ED93","434","QU-099","0","94","124","","982","005706A3-4AC6-4155-9BD8-360494DACAE3","0x00000000002C4A75"
"FC525CD4-05B7-43D3-A391-3A449E3AE0A0","123","TV-103","0","930","970","","1038","322EDC19-6E40-4B8B-93FE-361792175022","0x00000000002C4A76"
"5CF2D720-B0BB-4D2F-BF8E-B74E031BD14F","","BC-0161","0","265","285","","5135","36BC241D-F162-4BAE-8571-361B2A56310B","0x00000000002C4A77"
"62B4526F-3579-40AE-8AE7-79BECCAEDE5E","","BC-0190","0","360","400","","5160","9DE8CC9A-475B-4CA2-9452-363A99635CAA","0x00000000002C4A78"
"0CDB83C2-EF29-4A49-93FC-1B2D383EFF1C","","SA-0034","0","218","234","Steel with torch cut slots","5625","8E18593D-11F5-BF46-8848-363EF422BE48","0x00000000002C4A79"
"8EA85C21-0764-4E30-8E61-D1B8B89CED74","77","EB-076","0","195","200","","86","129EC4C7-FA07-4AE9-9FD7-36438C93D388","0x00000000002C4A7A"
"DDCA1BF9-6D11-4931-B74A-FB3105FC5461","","SA-0231","0","30","450","Open, uncased hole","5627","F4F4CF9D-223F-9644-86CB-3657B05C8301","0x00000000002C4A7B"
"09A2D42E-345F-4861-9220-ADA51250BAB7","","WL-0003","0","485","565","","3783","515B2B76-7D9D-4512-8FC2-3660A83E5E02","0x00000000002C4A7C"
"8E71A202-B87F-4335-AF9B-11E5DC5A97CB","","NM-24906","0","200","214","","3611","C5E6CA2B-B959-4A9C-93A7-367DA6CCA190","0x00000000002C4A7D"
"F2971670-0B8A-449A-9D8E-7087726C57B2","","NM-01305","0","300","320","","4949","5DA60D88-A2BD-415D-A6CF-369D969834DE","0x00000000002C4A7E"
"1238C2CA-71BB-417B-8E78-293DC81809BA","","NM-24716","0","125","165","","3668","6391CE9B-42BD-494F-BEA1-36A6EA85F3B5","0x00000000002C4A7F"
"499A69FA-31AE-43CF-B3BE-19E9058B8AB8","335","EB-331","0","250","270","","410","EFF78E3F-B8A6-4D3E-9672-36AE5C31326C","0x00000000002C4A80"
"4D26D501-9177-4252-BE72-71E783BDA208","","NM-23689","0","200","230","","5299","BA84C3F2-80DB-F74C-9151-36CC46B4D2CD","0x00000000002C4A81"
"34F34989-344A-497B-BA3B-E1DEC44D0005","","AH-014","0","258","288","","1571","A8D0F22D-0D6F-4C02-9756-36E7AE95AD33","0x00000000002C4A82"
"1E6F6A6F-0887-44DF-96D2-D2909DBA94B3","","NM-25025","0","640","660","","3507","914B2EC5-FDD9-4EB8-8E96-372060EE3803","0x00000000002C4A83"
"A6178514-379F-E942-9E6C-5FC9DF1CB08A","","WL-0156","0","740","760","","5711","C8C16506-73CF-744A-9B55-375962885DB8","0x00000000002C4A84"
"4316FB1A-CE3C-45A4-9DB9-1C7AAB584285","13","EB-012","0","71","616","","21","D40932B1-60FD-4680-B560-375FC54D5D21","0x00000000002C4A85"
"99ABA3A9-4E90-454F-98EE-450D81410852","375","EB-371","0","959","980","","257","1DBC3AD8-D419-4FB5-AD16-376ADEDC8C92","0x00000000002C4A86"
"BA175B9F-D083-4213-B675-1C1031201697","33287","EB-584","0","640","760","","629","04DB2C97-C36F-4D3E-82FB-3798C48F8342","0x00000000002C4A87"
"8A73AD94-51F0-4A34-87CB-27684552C933","289","TV-255","0","220","286","","1163","8DC3A577-1F15-452E-BCC5-379AFC073B45","0x00000000002C4A88"
"A2272646-2CA9-40C8-B7A5-B8970463F0BA","","SO-0144","0","5","20","","3142","E21888EA-8430-4769-9B5C-37BC230CC0B4","0x00000000002C4A89"
"9D9D4C0E-7013-433F-B530-955123D270A5","","CP-0018","0","310","330","","2937","D7D295AF-9C42-4A6D-9E2B-37C1E57F7525","0x00000000002C4A8A"
"D59C2B2A-09C9-E743-B736-684189A525D2","","PC-109","0","380","423","","5399","15BB2A2D-50AD-8743-9CD4-37C3B7A059FC","0x00000000002C4A8B"
"ED6370D2-C70B-4E0C-8A55-E413EA823241","","SV-0115","0","340","360","","3412","F92EDF71-FBFA-466B-99B5-37C69B45CEAA","0x00000000002C4A8C"
"0ED294CC-F9D7-4F54-872E-F680B6FFF95F","497","EB-488","0","450","980","","575","6AB2415D-8827-4037-8B86-37D573003502","0x00000000002C4A8D"
"E30D5AE2-93B9-4410-9566-064D7688FC3F","","BC-0155","0","410","420","","5127","5D52BEFA-93EA-45F0-8923-37DB629B7F24","0x00000000002C4A8E"
"7DC28D1E-F7D8-40C3-8A2D-533FF947B9BC","","SV-0010","0","180","200","","5477","C7B5BABC-FE4B-9947-BCB0-37F34693E94E","0x00000000002C4A8F"
"25C31FFD-78A7-DA46-AD9C-3B5060C33394","","PC-025","0","200","220","","5335","004DA361-27E5-6F4B-995C-381B44267C07","0x00000000002C4A90"
"8FC5E2B3-36EF-4C0C-8126-14A23B825EFE","466","EB-461","0","600","620","","523","26EF797A-AF0C-4CDD-81A1-3822C37D9A96","0x00000000002C4A91"
"DC5EEA96-25EF-4B06-8B13-9750907494CE","178","EB-177","0","620","680","","219","E5D82474-CF79-487E-8F08-382DBB5316EF","0x00000000002C4A92"
"7747FFD3-82DB-49F8-BF24-0554F6B4C31D","","SV-0022","0","120","140","","3311","4DD7AA51-CB35-4404-BEAB-3876A24AAED2","0x00000000002C4A93"
"AC8CE285-9A72-4F11-B684-846EFE3AEAEA","","SO-0201","0","46","50","","3205","40B70FE2-0242-4C09-B923-387C8514E4BB","0x00000000002C4A94"
"6E1DC921-5C50-4837-9C37-99B9032B369C","156","TV-136","0","82","122","","1069","A1378192-5B47-4B8E-9259-38ACBC338C79","0x00000000002C4A95"
"C891790B-4A0C-4EAC-9920-6D993DBE260E","293","EB-289","0","530","550","","356","B2C51973-9738-489A-95CB-38B9CE392279","0x00000000002C4A96"
"315C03F1-DCF8-0E42-804F-1782DA3E76CE","","PC-091","0","155","175","","5382","2A008D87-AC6A-5848-8B53-39274104D922","0x00000000002C4A97"
"E4CB746F-DB84-40F1-9D6C-40691FEC4846","33363","SM-0005","0","355","375","","759","670739FA-60D1-4ADD-B2FA-395FC415D4DC","0x00000000002C4A98"
"8303A031-117C-4ADC-9AD6-AF896B1512F1","358","MG-030","0","380","420","PVC","921","3C788C12-05F0-4D58-9407-39715504F9CA","0x00000000002C4A99"
"E1259146-372D-4E15-8F27-51BCF13A0E2A","","NM-09841","0","15","55","","4973","4876BB18-B446-44A2-8335-397DD882A176","0x00000000002C4A9A"
"064618C5-6F03-44B5-A37F-A553D3B5776A","","TC-281","0","75","225","","2147","6BE253B0-BA22-470D-B641-397ED1FF37B5","0x00000000002C4A9B"
"3AE580C0-372F-4A4E-A896-29FD43CA2A7A","","NM-26341","0","351","540","","3793","BE1F54B4-BEBD-4B4F-9D59-397EF40C04AD","0x00000000002C4A9C"
"6C37A693-EBE0-4A41-8111-FA9523FE08EC","33421","SM-0063","0","50","100","","784","C39A12CB-252B-4F40-A348-39B43A449D39","0x00000000002C4A9D"
"8FC5E2B3-36EF-4C0C-8126-14A23B825EFE","466","EB-461","0","480","500","","522","DCFEFD7B-06E1-4655-838D-39BF168A531E","0x00000000002C4A9E"
"F8DF7FF0-45EF-43F1-8995-E240E3B167A2","33377","EB-666","0","430","450","","712","C0E9FB02-420F-4C40-B65D-39C5A372246E","0x00000000002C4A9F"
"157C9C0D-3D8D-42BF-823C-02FDD79BB18B","61","EB-060","0","640","682","","72","F4A5C329-3BAC-4584-B005-39D6C99A118E","0x00000000002C4AA0"
"C5531CFD-4CA4-4F7F-A7BA-6E90D3FB5A3F","33318","EB-613","0","130","150","","662","1268ED27-4557-4633-B3A6-39E84D95FBA8","0x00000000002C4AA1"
"52F6EA5F-7F9F-4F68-BE73-0C9C96C4BBA6","78856","SM-0220","0","750","800","","834","7C2C6047-9C1E-4E60-B332-39E894B82147","0x00000000002C4AA2"
"DD53B4AC-14F0-44D0-96A6-21AFACEAD07E","","TC-300","0","80","160","","3785","39360CCB-512A-4CD0-B7AE-39F3F8F0D5C7","0x00000000002C4AA3"
"2E41D15C-2BB9-B749-BCBA-BF706CBD5DC0","","NM-28312","0","160","180","","5496","E5D0E5D8-54D2-B949-A354-3A004C1EDC5E","0x00000000002C4AA4"
"EE59990C-4B10-4CF8-B440-42072097C841","166","EB-165","0","605","645","","202","9F664F1A-8906-4680-BA71-3A14AEC749DD","0x00000000002C4AA5"
"C56711DB-87E6-4D33-A0EB-A18D3BC4ABB8","","NM-00540","0","93","183","","2882","F206C83D-FAD7-4917-BF7C-3A40DE5BB596","0x00000000002C4AA6"
"57E7D507-44CB-46CD-8787-69F356DDEC32","","BC-0264","0","420","440","","3553","057B52B4-CB4C-4079-9ECC-3A47AFA589A7","0x00000000002C4AA7"
"053381E0-E223-488E-85FC-802FB4825530","","TC-285","0","35","50","","2150","91CE8FCB-EAF3-454A-A512-3A55EB3CF15B","0x00000000002C4AA8"
"BD9ACDEA-B25E-41EA-9502-9FDEC652B332","495","EB-486","0","320","1000","","571","58337D84-3BF2-4279-B897-3A66D896B017","0x00000000002C4AA9"
"31C9FFA8-001E-4C25-BFA5-CD2F7143FF7A","380","EB-376","0","300","500","","437","4EB9D881-3EA1-4C87-BEC2-3A8B005C7D80","0x00000000002C4AAA"
"7BA81734-6FA7-493C-955F-3806FF6D6B4A","","NM-02234","0","100","160","","5600","15E0E4B7-D38D-F845-BCE4-3A8D8EE00545","0x00000000002C4AAB"
"8A6C3BC7-A2E5-4296-81AC-B6E3C36AC383","","AS-013","0","520","560","","1508","D684CFD1-5F6B-49CE-AD84-3A90E4D6A1FF","0x00000000002C4AAC"
"B469738A-CE5E-4296-A01B-01AB75F6A67B","","SO-0259","0","50","54","","3263","4C959965-C34D-4C8B-89DE-3A91A22EA14C","0x00000000002C4AAD"
"9327B2E2-9A3D-43AD-A74A-53ED27658923","","AS-023","0","48","99","","1516","16766E39-1EB0-4367-8626-3A99150B150F","0x00000000002C4AAE"
"082EF381-99D5-4F30-A56C-2F8CD532A7E8","327","EB-323","0","160","220","","398","20931B3C-9892-484B-9568-3ABE390BCB2B","0x00000000002C4AAF"
"E4A5D4B0-93C2-114D-B976-393806C5003F","","PP-033","0","30","63","","5269","E8845D14-6260-4944-A097-3AEA6A202CFB","0x00000000002C4AB0"
"FB659F74-0FA2-41D9-9879-C017A25E8B38","","HS-002","0","5","25","","5591","41F0548B-9595-0D40-8171-3AF17E63D6B8","0x00000000002C4AB1"
"C3C64092-15B9-40F6-B990-B6D1F7EDCED3","","SV-0085","0","170","210","","3378","C275BC2D-2E3D-44C1-B021-3AF4787535EE","0x00000000002C4AB2"
"62B48770-E350-48F7-946F-22C9CDE61D7F","33275","EB-572","0","351","374","","612","26392C77-F1DC-4CCF-AA3C-3AF71809A100","0x00000000002C4AB3"
"FC7E4AAE-13F8-4F36-86CA-5F5EB3BABDB5","420","QU-085","0","370","400","","991","920C78EF-98D0-461A-98E1-3AFAF95FE7AD","0x00000000002C4AB4"
"5C39E4E5-EEAC-42F7-932C-86B59B753FC8","125","EB-124","0","230","260","","159","728C5023-B32E-43E3-B3BB-3B3D429613EE","0x00000000002C4AB5"
"90EAAB5D-E5DB-473D-AFE1-FACA4494BA6E","320","EB-316","0","60","80","","390","8172DE1E-1379-45A9-9B0E-3B6B7BD1854E","0x00000000002C4AB6"
"30CECBB1-59DC-4E69-A646-9E0C7AFAAF9C","33351","SM-0019","0","175","235","","747","DD704D5E-C6E7-4E8A-9723-3B7C7D97A8F9","0x00000000002C4AB7"
"3B953B75-431F-4C87-BB45-1A44D6BE2034","","SV-0041","0","80","100","","3337","04993048-0673-4122-B787-3B8C48A3319C","0x00000000002C4AB8"
"C34ECABD-01B6-49C2-B326-FDDADA3D8B70","","QU-121","0","170","270","","3857","4D19C779-FDC2-4810-A1A4-3B9115FA0E25","0x00000000002C4AB9"
"58E20FE7-0197-409C-83BC-818C7D1FD9BF","","AB-0258","0","","","","5775","B23A8272-54CE-4BCD-9552-3BA40904ABDE","0x00000000002CF3DC"
"1AF2D0AB-15B6-4E2E-AF9B-394E068D6EE1","","NM-01465","0","70","72","","3060","5FECEE3F-6E02-4A4C-B677-3BA410953724","0x00000000002C4ABA"
"FB2A3D11-8177-4946-B73C-18D75041A413","255","EB-251","0","294","310","","306","9F7D491E-F8EE-4A76-95CA-3BA910C3EBDA","0x00000000002C4ABB"
"ABB00A9A-0D9D-4B30-9C1F-D78B3AAF239F","467","EB-462","0","490","510","","526","726B8C7C-27B6-4BC2-81CC-3BB72A82B039","0x00000000002C4ABC"
"26381C4B-7A36-4503-BF36-16A94F7A74DA","","BC-0077","0","370","420","","5012","7B1319C1-9A23-4E7C-9447-3BC631263B6D","0x00000000002C4ABD"
"2C30E109-6981-E145-B62E-AA9438063A66","","AR-0217","0","299","339","","5467","13725821-053E-CB47-A468-3BDA47EDEA95","0x00000000002C4ABE"
"A87F3520-59CD-444D-AB70-DF825EB664A5","","NM-08133","0","116","218","","5536","331F07E3-1DCF-C44C-B117-3BF51573A37D","0x00000000002C4ABF"
"61752AA0-E5C1-490F-9CAA-2CD3CF63EFA9","33294","EB-592","0","720","780","","635","FAEC5DA6-78A6-4F08-9AD4-3C094C404287","0x00000000002C4AC0"
"1271ACF3-913D-49C6-886F-41B6429789EC","227","EB-223","0","60","70","","285","69017CFD-2F43-49B0-B59D-3C1AF81B2595","0x00000000002C4AC1"
"6390F9B3-2548-41FA-8571-E6850712A06E","","BC-0104","0","160","200","","5041","F7804360-09F4-4BF1-8FB4-3C1F184E821A","0x00000000002C4AC2"
"0B734823-1B8B-0447-8E98-C2FF763B3CD9","","SV-0145","0","300","320","","5481","B25342DB-B478-AD4E-9BC5-3C66A9539ABE","0x00000000002C4AC3"
"037D0E4E-DC00-4734-9012-9CF9518C1E27","","NM-09485","0","65","251","","5554","48574539-1643-8A44-BA36-3C698033BBEF","0x00000000002C4AC4"
"1F46B412-6C00-0D44-8F34-139851AC94A9","","TC-434","0","140","200","","5303","99584828-2AAF-8F45-A294-3C6DE036C3B2","0x00000000002C4AC5"
"E7201AE5-878B-463E-9B9F-7B53CDA5693A","499","EB-490","0","400","980","","579","E0D90D25-FA15-4398-8FAC-3C744D1034EC","0x00000000002C4AC6"
"B83AA625-4EAE-45A9-BC06-43F1534FBEFA","","SO-0169","0","4","19","","3167","D4C3740F-F5C0-4063-A181-3C8301855B64","0x00000000002C4AC7"
"A0489AD1-2219-4B92-A923-E8AC0CDAC1D8","33279","EB-575","0","500","550","","618","5DB489A4-7EFA-4938-8F77-3C92A7907D77","0x00000000002C4AC8"
"B7AED25F-9378-46B3-8CCA-9CDA9A95D694","287","TV-253","0","840","1020","","1160","F9DC5BCF-7A1F-4E77-A0D8-3CC4C23CD66E","0x00000000002C4AC9"
"1CD0AE7D-50C8-4770-8305-FB4F1940F0C0","","NM-26614","0","662","680","","5719","456A4340-1C89-FC4C-9CB1-3CDD9F22B3B4","0x00000000002C4ACA"
"24F485E5-5982-4308-A60B-11EB91747A11","","NM-02481","0","190","410","","5609","8CCC4B89-E445-4D4C-A3BF-3CE3F71C9E0E","0x00000000002C4ACB"
"D9A776D4-C5DB-4AB0-8D4E-FDE281056265","","BC-0200","0","400","600","","5708","D4A33D80-5A93-264B-A97F-3CE7E71A69A8","0x00000000002C4ACC"
"499A69FA-31AE-43CF-B3BE-19E9058B8AB8","335","EB-331","0","350","390","","411","7A1D1DC2-63E0-4561-B516-3CF368BEB793","0x00000000002C4ACD"
"0EDE5117-5049-490A-8078-C7A5D04FCC6F","","BC-0005","0","260","280","","3890","DDCB108F-8867-4C17-ADE2-3CF6C9A313E3","0x00000000002C4ACE"
"B39C83E5-2746-4F76-B022-FBC680122A3C","","SV-0133","0","220","240","","3438","AC64A68D-0A6D-4D0D-89BD-3D0F39904A50","0x00000000002C4ACF"
"F7B77FC1-25EE-44EC-84F0-FB9AB4F883B4","","BC-0074","0","185","205","","5006","5B969F02-3583-4630-9E59-3D23FE3EC7DA","0x00000000002C4AD0"
"6E62C120-5D9B-442E-8C2D-0BE775D0B318","","AR-0190","0","39","44","","3617","087F70F9-DB55-4732-929F-3D3EF55B85D6","0x00000000002C4AD1"
"C8E96D55-EF54-5D40-A4E4-3FCCDC25BE36","","WL-0262","0","455","475","","5693","438965F4-9059-E34A-92EE-3D4D253A5CA7","0x00000000002C4AD2"
"B9F2B76F-43DB-4072-AC96-904615278421","33704","SM-0178","0","500","640","","827","61F44C1D-FA80-4201-9E2D-3D6640E7400C","0x00000000002C4AD3"
"0C1AF535-E21C-4A10-9098-A3DF5296C0F2","350","EB-346","0","185","365","","423","33896951-E1F8-43F2-BB78-3D6A73BEFD8A","0x00000000002C4AD4"
"9971779A-62F3-4F34-8F04-0448B58631D0","","AH-063","0","334","374","","1750","444B06FE-C5A6-40BB-A1C3-3D9C63AC0590","0x00000000002C4AD5"
"DDA0B3B2-8FE6-4DFC-BFF1-86248E05D8BD","","NM-26748","0","50","70","","3808","2770637A-6C3E-46D1-96DF-3DA596BED50A","0x00000000002C4AD6"
"63B64292-852D-48DF-A2C4-F82F1E29E105","","SO-0223","0","5","20","","3227","FE43E392-60B7-4D6A-AE25-3DB39184885D","0x00000000002C4AD7"
"CE19E13E-7A96-409C-9ACD-3A2F22A73918","421","SA-0135","0","160","220","","861","9CF929F1-F61F-4201-AC35-3DE04E1B7141","0x00000000002C4AD8"
"DE35ECC6-FC41-47BC-8719-C9008C7D39F1","","SO-0235","0","44","49","","3239","6DC0FD1C-B624-41A8-A2CD-3E1ADF7C7B1D","0x00000000002C4AD9"
"433E117D-DEA5-4048-9162-CAEC2756E2E2","","SV-0005","0","260","280","","3292","FCB09BCC-AB3C-424B-8433-3E20F80A867B","0x00000000002C4ADA"
"7BD0735B-8F22-4E9B-9C18-FCF710B21C4D","3","EB-002","0","330","370","","3","B2343C91-4160-4B61-B391-3E2BD1E66E4C","0x00000000002C4ADB"
"06D05C4C-3F0D-466B-A4E1-4A862526CDE9","","AR-0211","0","24","44","","3569","32711537-0E5E-46CF-9B31-3E4FFDE41B8D","0x00000000002C4ADC"
"4C37CC7A-2C09-4A1B-A016-B8DB14B3B8BC","","NM-26792","0","180","220","","3442","A735A372-AEE7-4E71-B0ED-3E6C56EFA4FB","0x00000000002C4ADD"
"1717DA5E-8190-F94A-9342-F61B99457906","","PP-048","0","57","92","","5276","DAC75DF8-9D8A-5F4C-82FE-3E7C43607A11","0x00000000002C4ADE"
"D4202A98-68CD-4ECA-BFBB-C30DA7A423B1","33696","SM-0171","0","1478","1598","","823","1B803D79-F3B3-4D39-98C5-3E8D0B136C61","0x00000000002C4ADF"
"14FEF7C6-8F7B-4514-B0AF-D5DB0DE8EB9F","","NM-25074","0","1970","1980","","3768","6991E913-45E4-4FD4-B0C2-3E924E5CE4E4","0x00000000002C4AE0"
"34213F94-18BF-4292-9667-2FDF531BC255","","AH-072","0","630","690","","1759","F2E2A35D-D0B0-4288-A545-3EA7DECA38D1","0x00000000002C4AE1"
"7AF4F6AA-ABA1-4F50-BF6D-371DBA98FB24","","TV-291","0","75","100","","2551","AE07791E-2B63-49F7-8DDB-3EE94753B509","0x00000000002C4AE2"
"947F716C-94AE-462D-99B2-9835742750CA","169","EB-168","0","700","720","","208","B9C34049-72F7-4568-8A81-3EEF53AEDC81","0x00000000002C4AE3"
"A09BFFCE-396F-43BB-9025-A7DB1317221C","33679","SM-0153","0","102","122","","820","DB9ED7DB-B5E7-4029-9096-3EF4979E4EE2","0x00000000002C4AE4"
"100939E3-0DD1-41D2-8F2F-C61443B26B5D","483","EB-434","0","175","196","","495","F79F75A8-B9EA-4B19-9C98-3EF8B8FA414E","0x00000000002C4AE5"
"F77B7259-9C40-491C-A111-0191815D9FA4","","BC-0263","0","180","200","","3550","AB9AF1EB-BFF3-4FB8-BC9A-3EFD0604A12F","0x00000000002C4AE6"
"41C38F67-43B4-4A49-A2C1-7A28AA9CCF37","","BC-0131","0","210","220","","5111","7C4E905B-F7B0-4A31-9C65-3F07835B7F19","0x00000000002C4AE7"
"7EB0BD84-C776-4BBE-84D6-255F27B6EE37","","AH-078","0","340","360","","1765","7FE6820E-53AE-4857-9B87-3F25A1CB4E8E","0x00000000002C4AE8"
"63F4EF3A-FF4C-49A0-ADF1-F58425FFB348","459","EB-454","0","205","225","","515","4B1DADF6-07FE-4BE8-AE05-3F41E168DE57","0x00000000002C4AE9"
"A5554656-F218-4539-B976-2E5874FE5E62","33592","SM-0083","0","270","360","","803","10001179-7238-42C4-B4A1-3F6EB6BE5B6F","0x00000000002C4AEA"
"FFB30470-DB28-4EA1-BBDD-07814CDB9AF7","33514","SM-0069","0","510","530","","790","EB608206-2595-49AC-A0E6-3F6F4811FA88","0x00000000002C4AEB"
"1E6F6A6F-0887-44DF-96D2-D2909DBA94B3","","NM-25025","0","680","700","","3508","3DA70388-A2EA-4084-93CF-3F8C0689D2D1","0x00000000002C4AEC"
"535B477D-EB5D-4838-A9F9-E61BBC32A93A","33677","SM-0152","0","755","775","","819","98B88F5D-805B-4866-996A-3F9D4D9CCC8C","0x00000000002C4AED"
"75378B10-6204-4DC6-9436-1CACF16E3134","201","TV-181","0","90","150","","1100","D4F1F9D1-B08A-4758-8111-3FB52864D9F5","0x00000000002C4AEE"
"F0CF9D47-12F0-9940-A6C2-264C4495F2D7","","PC-073","0","158","198","","5373","735BD7B8-F1FD-014F-8B78-3FC30C9E9115","0x00000000002C4AEF"
"A9870C59-CE7A-4A71-A4BD-1E8A868E130A","155467","TB-0007","0","185","285","","1240","F42FFC8E-3F27-4EDF-A465-3FCAEC081096","0x00000000002C4AF0"
"7C52C21B-4DA2-454B-9A7A-933A01E26C75","","TC-272","0","232","272","","2142","3D0840F7-63D5-4DA5-9AAA-3FCD9BF96B6D","0x00000000002C4AF1"
"0754A95C-2531-4BE1-9726-AB8EDACFE1B5","203","EB-202","0","50","68","","264","ED3BC2BE-127B-4BB0-B554-3FE1E0A37A02","0x00000000002C4AF2"
"491EE5C2-F7F7-41B0-93F9-C493A0128BCC","","BC-0179","0","540","560","","5148","388A0B24-E5C7-4782-ABCB-3FE848986F54","0x00000000002C4AF3"
"B7CF0BAB-96C8-419D-914E-488D7A20EC12","","AB-0069","0","295","300","","2612","0B55BA4C-B09C-4A1E-8D06-3FFDA4EAE6E9","0x00000000002C4AF4"
"01B04DF7-D684-4D31-9216-615C57941E58","311","TV-275","0","1929","2010","","1181","4F8D8DF1-7D3A-4D56-B322-40056D16D145","0x00000000002C4AF5"
"DF538368-A7D3-4AFE-987B-8A5C2C011AE6","402","MG-041","0","75","135","","936","835B2CFF-3B4A-4301-B9D3-400CA2969F2B","0x00000000002C4AF6"
"69EDA5BD-5599-48D7-B298-B8D8A2E24C05","280","EB-276","0","226","720","","337","C015D22B-9E83-4F97-A6DB-4020625EF806","0x00000000002C4AF7"
"7BD0735B-8F22-4E9B-9C18-FCF710B21C4D","3","EB-002","0","90","130","","2","ABD08728-B059-491D-A688-4031480E3F88","0x00000000002C4AF8"
"05D8C371-4B1F-43FB-938B-D3358C9D559C","","SV-0052","0","380","400","","3351","21B04AC4-095B-4E27-8E44-4032A3D98E57","0x00000000002C4AF9"
"A83C0F27-91A4-4020-BBE2-8A5D9BD0DBBD","135","TV-115","0","190","200","","1052","DDF2B228-C046-496D-929D-4065F9ECB1DC","0x00000000002C4AFA"
"7A3BCE38-D499-48A5-81DE-01424B3BA651","","NM-25118","0","622","647","","3468","0888D7ED-677B-4166-A062-407634D024CB","0x00000000002C4AFB"
"E4E1F7F1-05FC-460C-A067-B3652924DB16","432","EB-427","0","188","228","","486","96DEA007-DFF0-4340-A3C4-409DD8554036","0x00000000002C4AFC"
"BC0A85EB-6987-48D3-822A-773D18647088","","NM-02444","0","45","100","","5607","7086AD85-5EA2-414F-937B-40AAC668C8B7","0x00000000002C4AFD"
"7F62EB6D-007A-DF4D-B68A-3D3B7CDC4D8B","","PP-066","0","20","77","","5285","80B19251-E5F7-E34A-96C9-40B723DF7855","0x00000000002C4AFE"
"1CD6DD61-F663-49FA-8B24-8115AFDB4EAF","277","TV-243","0","100","138","","1152","E0E3F928-6C22-4A79-B3C6-40DAE180BA06","0x00000000002C4AFF"
"9EE90E14-2A29-43D0-AF9D-16CA3EE8ED08","","NM-25112","0","556","576","","3472","02C6EB4B-69D7-4CBB-8C2A-40DBA35A07D0","0x00000000002C4B01"
"79029F10-44E4-499A-96C5-2DEFE5C265A3","","BC-0078","0","165","205","","5013","961E2802-9C62-4430-B6AB-40E6AF0F5F17","0x00000000002C4B02"
"BD8BD3CB-BBA7-4335-9F3A-12C793E69D9E","","NM-25041","0","180","196","","3501","752048A5-C10B-4719-A4C0-40FAB9B4AD98","0x00000000002C4B03"
"75311C0A-3ECF-4EBA-8AD1-930225E90D41","","NM-04049","0","80","230","","5616","414050FA-D24B-9345-9C3D-41023D11CCEA","0x00000000002C4B04"
"597E3268-E453-422F-A0F5-1D12C4AA5654","155473","TB-0008","0","260","380","","1242","69E04137-48FA-4C49-AC60-410D90BB08F9","0x00000000002C4B05"
"40F14B6F-1501-416D-87BC-D3856AFFCDA2","232","EB-228","0","100","130","","289","EE9C4789-A6B5-462D-8E71-410F3A434F05","0x00000000002C4B06"
"522F79D0-F820-4C66-9EF4-ABCF1307BFF3","394","EB-390","0","450","460","","446","8FE6D18C-7CA7-429B-9FED-411ACAA76201","0x00000000002C4B07"
"007D543A-1A75-4C95-9AC9-3E3B4108D751","155590","TB-0127","0","120","140","","1286","836D6152-AD8D-4B34-8216-411D59F8A3F4","0x00000000002C4B08"
"07789AD7-E778-4445-BE37-459387CBE25C","","AR-0215","0","280","300","","3599","4B047BF7-906D-4B92-988E-411DF16CB1C8","0x00000000002C4B09"
"1AE8C119-93BD-4177-92E9-3D857A44042C","","AH-081","0","380","420","","1768","9A7652EE-B4DD-4904-89EB-41284376C99F","0x00000000002C4B0A"
"9C43EC08-86D5-44EE-8FCA-8F63CC39BEB3","139","EB-138","0","700","720","","172","FB644059-01FB-4344-906E-4146D6D14405","0x00000000002C4B0B"
"BFC3FF86-DD42-DA49-86A6-B37E11562D79","","PB-0029","0","200","220","","5653","58A87311-BF30-2043-9013-4173CA3E549A","0x00000000002C4B0C"
"313A5EFF-4A33-4B13-A4D4-AF7ABF530E23","278","TV-244","0","240","260","","1153","B32203F1-AD5E-43CF-81C3-418452DF0B83","0x00000000002C4B0D"
"FD9B530C-F292-4FC5-91CC-BA6168610A2C","","WL-0014","0","100","160","","3796","19B7F962-D794-400C-AD9A-4193ECD6A1C6","0x00000000002C4B0E"
"8A57F12A-325A-4963-A16B-C154B0B6CBA4","","NM-21282","0","300","360","","3823","CFB7DBA0-53B3-43BA-B5B5-41AF6FEE0FBE","0x00000000002C4B0F"
"D2E77F9F-4F09-495B-AB5E-7679BDEAD790","","TC-421","0","73","124","","5304","70FD82DD-DE17-884A-A460-41BF85AB9E09","0x00000000002C4B10"
"F39B93BF-1F00-46E6-8954-DC3C31A4E444","397","EB-393","0","160","180","","451","071E1BEF-6F2B-470C-B5BA-41CF88524C03","0x00000000002C4B11"
"4DF72F6D-12F6-E440-9964-15E6351EEF28","","WL-0109","0","110","130","","5446","2583C487-0A6C-124C-A6BD-41F9A6940AAE","0x00000000002C4B12"
"9CF78787-C7B4-2F46-A48A-57EE4785B4A5","","WL-0092","0","154","194","","5437","AC67584D-6130-3C45-81A7-4231DFED8916","0x00000000002C4B13"
"D1C94DBE-E3A2-4875-BEA1-DDE3BCFE71D9","241","EB-237","0","253","271","","293","4447A1AD-1848-4E52-8CA0-42371941C6DE","0x00000000002C4B14"
"58686880-B818-4AFE-804F-E2A9485A1460","","NM-08418","0","171","151","","3900","FF40A4DC-1733-43A8-B853-423F88D8578C","0x00000000002C4B15"
"081D9680-C624-3C40-8FA0-5A4C7B57D831","","NM-28309","0","170","185","","5495","77625626-1662-A94A-99C4-4246550B4998","0x00000000002C4B16"
"73DAFC32-0133-46FE-B6F5-DB6D09F0A0EE","","SO-0145","0","46","51","","3143","E1FF1F51-2192-4485-B407-4262FBA66B45","0x00000000002C4B17"
"6BB2F36F-20F7-43B8-8DE3-49C2BA8D6DEC","155585","TB-0122","0","80","100","","1284","C034A415-17FA-4BA6-BBC7-427D8EE9EA48","0x00000000002C4B18"
"6EA7707B-FE6A-48E1-A85E-1609030F9D2C","54","EB-053","0","220","240","","59","DBA89EAA-EAE5-41C6-9F78-429D2AB8438E","0x00000000002C4B19"
"D4CB27B1-DD38-49A6-83B6-AA5AE175EC13","33419","SM-0061","0","80","140","","782","887FFBAC-F2DA-4989-BDF3-42A5B7B0FED8","0x00000000002C4B1A"
"10BD81E6-6A3E-4DBB-9084-EACA9BA833DA","","NM-24918","0","180","200","","3602","6E61A8CB-6D95-4DE4-9B4F-42ADCB4D4D67","0x00000000002C4B1B"
"A5D33A02-06C7-45F4-9922-FE3C7A9D66E6","","AB-0007","0","1078","1272","","2564","E2337136-2D0B-4D20-8DB9-42D044F6C764","0x00000000002C4B1C"
"9004E24B-BA30-450E-91A7-F1CF0161BD2E","389","QU-059","0","52","82","","968","E6FA288E-8743-4C6F-AAF4-42D9AB47E761","0x00000000002C4B1D"
"1271ACF3-913D-49C6-886F-41B6429789EC","227","EB-223","0","80","95","","286","9AB547EC-85D3-4B79-B43D-42ED525388A5","0x00000000002C4B1E"
"211C62CB-693A-4739-939F-A7134DC554FB","435","EB-430","0","290","340","","489","C24B3815-5A14-4EC0-890D-42F66FBC246D","0x00000000002C4B1F"
"E0207CE2-3298-4F52-8902-CA47B40BA8A0","436","QU-104","0","340","390","","973","4892F733-E6D0-4DE9-AC59-431B6A686DA5","0x00000000002C4B20"
"09334F4A-0308-45BB-98CE-FDA331146DAC","206","TV-186","0","240","280","","1106","FD1D9739-D822-443A-9429-431D01C1C76B","0x00000000002C4B21"
"9C6735ED-1D23-49D4-B582-86A50FA9437F","","SO-0143","0","47","51","","3141","FF6139CF-6610-4A2D-A9FB-432594DC1F82","0x00000000002C4B22"
"E34F58B6-6F16-4694-9477-235503BA8539","","NM-25000","0","77","78","","3559","EE94F95D-FCC4-4D8C-81AB-4347868F7AD9","0x00000000002C4B23"
"1779AA40-E7CA-49A8-B829-310FE95429AE","266","EB-262","0","260","270","","321","7034CEDB-A206-42EE-86B0-4380B75E1A6B","0x00000000002C4B24"
"8E01FD70-D8CE-4233-9285-40CE5B55BBF4","237","TV-217","0","1995","2003","","1169","3D873D20-27E9-453D-9B49-43B009AC8583","0x00000000002C4B25"
"4F92A0F3-2D25-409C-8E91-0DEFCA8CCECE","285","EB-281","0","195","235","","342","F470F6A0-6D96-44FC-8376-43BC876673A3","0x00000000002C4B26"
"8D7FD4A0-EB0F-405E-99CB-8D942420BB97","","NM-24625","0","97","117","","3709","D5FB6288-A45A-4D79-A6DE-43C607C429EA","0x00000000002C4B27"
"5F84813F-8F0C-4F58-A428-542607D94A9F","","TC-244","0","630","690","","2121","AE583947-573C-46CC-BA59-43CFB0B96BBF","0x00000000002C4B28"
"FA4C66B5-1D3F-4D50-90B1-8FE816A2641F","311","JM-012","0","60","200","","891","AB1FD2F5-C5A5-443C-B631-43CFC9BAE2A0","0x00000000002C4B29"
"6A135F49-4BA9-4FF7-8B58-0A69C3F97E0D","440","EB-435","0","160","200","","496","2BDAC824-1D2D-46E8-BEC8-43D180BB9D1C","0x00000000002C4B2A"
"EE59990C-4B10-4CF8-B440-42072097C841","166","EB-165","0","665","685","","203","3DBE72ED-96D2-4626-8C18-43D8CE2246F2","0x00000000002C4B2B"
"49AAF19E-E11B-4E63-8A68-790D75AA5FEF","76","EB-075","0","243","560","","84","0426E8B6-0D9F-440E-9655-43DBFE379A47","0x00000000002C4B2C"
"52AFC297-7F11-4DD7-AD5D-DF719D77F614","91","EB-090","0","500","900","","110","A3350EDD-EF3E-47BF-BD3F-43DE3F29FA70","0x00000000002C4B2D"
"5D770379-C431-48A4-860E-F352529901FE","","TV-157","0","162","217","PVC with slots","3016","B076BF3E-A66F-4880-AE63-43EAA85A9940","0x00000000002C4B2E"
"45ABB132-4241-4D9A-81C1-A1D5EE3B2B6F","","AB-0008","0","1242","1294","","2565","0E3133D3-4F19-48F2-9DF7-43EF134AB80C","0x00000000002C4B2F"
"AC90BA0E-F85D-4EEA-95CD-CC6F3869976C","","AS-053","0","141","641","","1541","DC367FBA-287A-46C3-A763-43F031FE0C45","0x00000000002C4B30"
"25E61981-1059-413F-8943-F62481746779","","AR-0057","0","44","49","","3006","7D4834AF-7F00-4740-81FF-43F41AD5688B","0x00000000002C4B31"
"CE6F7B6A-FC7C-4A8A-8414-604A249C6E31","","AS-007","0","240","280","","1502","7DFCF464-518E-44D0-B44B-43F52A649FAE","0x00000000002C4B32"
"4183CE7A-4531-4D45-9E41-595C7C3B1B4A","33321","EB-616","0","390","410","","669","E724AF25-4769-432C-9DFB-43FF4834E853","0x00000000002C4B33"
"7E320DD7-910C-4DBD-AAB1-F06DE6C6E5BD","","SO-0197","0","44","49","","3195","B23F950B-74A1-472C-BD2A-4410087F8A6B","0x00000000002C4B34"
"C8F10454-8708-4D59-B121-0D6BC7626BE1","7","EB-006","0","340","360","","13","E9CB2D02-64B2-48FC-AEE6-442156B375FC","0x00000000002C4B35"
"0B917E9D-8BFE-4AE2-8B63-5443A6E24B34","33382","EB-671","0","600","620","","720","FE5D0E4F-C3C8-4551-A557-4425A09D5C7A","0x00000000002C4B36"
"78201E48-2E45-BC49-A914-E2DC2DB7C7BD","","PP-001","0","83","118","","5256","7FAFDFD2-71B6-6648-A78C-44263AEF9E92","0x00000000002C4B37"
"A8531394-4FB2-4563-8CB1-A0269283F9E8","","AH-086","0","180","260","","1773","EEDEF813-38F5-4C3A-AEA9-44415A0C5558","0x00000000002C4B38"
"007A5201-BDD3-4643-B780-B22D56BBEA8B","","BC-0010","0","250","270","","3912","AC73528A-7615-4DCC-9630-44672A9208F0","0x00000000002C4B39"
"416AA393-878C-49E6-AF1E-D3373989A79A","","SV-0046","0","540","560","","3344","EC83BC24-4823-4968-B098-44756049F7C0","0x00000000002C4B3A"
"DCCD9BA8-E761-4F0B-9BEE-2F8ED5137298","","AB-0046","0","15","20","","2594","1FA931FE-26AB-48C6-9AD1-4483C9086C09","0x00000000002C4B3B"
"99A6949F-F754-4BFB-B7EA-3F2E5E7B6934","","BC-0240","0","150","170","","3534","AE7F3103-0434-411C-B56E-4484E86800AD","0x00000000002C4B3C"
"1B1E0E49-C65B-4EDC-B1A4-E3EE6C0D025C","","AB-0085","0","380","1000","","2625","512B0FB8-38B9-44D3-8F5A-449DF21CB8C0","0x00000000002C4B3D"
"7BA81734-6FA7-493C-955F-3806FF6D6B4A","","NM-02234","0","260","505","","5601","332DFE4E-88DF-A148-AD28-44B97FE8F269","0x00000000002C4B3E"
"D7883CE8-5A42-40E3-8EAA-2D26CB1C171F","289","EB-285","0","637","658","","347","28B30A51-5A89-4645-B964-44BB387331F8","0x00000000002C4B3F"
"7C04F593-EDCB-43C3-A11F-7CBB468315F4","","BC-0184","0","300","400","","5154","F5EB5B73-7C0F-409A-B54D-44C016E02BEB","0x00000000002C4B40"
"5F0ABE9D-E20D-4328-ACAF-8B4342EBE2B2","","NM-21315","0","180","200","","3826","D3917DEE-840B-4D3B-A662-44CBEE5A9E53","0x00000000002C4B41"
"BC0A6E6E-AC2D-4CDE-9D5B-B6AB1446096A","155578","TB-0115","0","150","190","","1280","FD7E4D1C-874F-4A3F-BE50-45114824E673","0x00000000002C4B42"
"C8A4D9D3-0A08-4212-A8BD-A0877B6E6E4A","5","EB-004","0","319","359","","8","C87D71F6-9955-45AD-9E62-451247D5BB05","0x00000000002C4B43"
"1766FC2D-BDEF-4F78-8010-604BE914E21B","","NM-05938","0","290","340","","3879","15AE6336-2602-42EF-94DD-45197E08BA1B","0x00000000002C4B44"
"40D71B05-07CF-402E-84A8-4F11CC033A49","","QY-0501","0","190","208","","2979","6C4C40D0-36C6-450B-BC0E-4528328E5670","0x00000000002C4B45"
"221491BB-EE7F-4A0B-859A-C5EE6E1DF0AB","448","SA-0163","0","15","50","","869","DB830C82-3CAA-4627-B2D3-45422CE70F2C","0x00000000002C4B46"
"16DC3A3A-1DAB-4013-860F-A1E8CFBC003C","","SV-0117","0","380","420","","3416","EE028986-CBB8-4325-82CC-4560B62909ED","0x00000000002C4B47"
"6C718DF8-AD16-4B88-AD3B-FEDA331B4DCF","","NM-24963","0","1540","1550","","3765","4E1802ED-C2C6-4776-982C-456524099692","0x00000000002C4B48"
"7A49FE18-AABC-4598-8591-4D3AE3CDAE7D","","AS-057","0","440","490","","1545","799D9F6E-9302-479B-851E-4566C4549194","0x00000000002C4B49"
"B4154C7B-BB6A-44F9-B3A4-5DCC922C6435","","NM-00678","0","180","200","","2888","F044F3F2-95D5-4B8A-B1DF-456F77596328","0x00000000002C4B4A"
"278B9205-9813-4427-8651-B48358A9B78A","","AB-0212","0","422","427","","2732","BB9987BE-6C4A-40F4-B09F-45749AE276BE","0x00000000002C4B4B"
"8BE21899-E0DA-4EBE-A109-58944449C538","","SO-0196","0","3","18","","3194","EF26E0F7-A462-44D5-A829-458BA1ECFB5A","0x00000000002C4B4C"
"8BC524D4-B300-40D4-BB4A-35D0C256B035","","AH-042","0","456","496","","1596","99DF7828-9D9E-4423-92BC-459BAF379481","0x00000000002C4B4D"
"264C6233-A761-46C1-B246-D1241C300CAA","","AB-0078","0","320","360","","2619","8DA0D422-552F-4084-B636-459BCA9FD544","0x00000000002C4B4E"
"6795D6DE-88AC-4BCE-876B-5A4FDEAF1AF9","","SO-0216","0","44","48","","3220","2F671D00-1FC2-48BA-8924-45B837EDB8C9","0x00000000002C4B4F"
"FD8F6C4A-6E88-49E6-85A5-C0E19D588403","292","EB-288","0","500","1700","","355","C94EF723-841A-473D-ABFF-45E4A226EBA8","0x00000000002C4B50"
"D52A7CA9-049C-F94E-B3E7-2B4FBFD42B9C","","PC-007","0","195","205","","5315","02D9619F-54DE-7F4C-859F-45E7FB9E7A40","0x00000000002C4B51"
"FB72447F-32E7-4AE4-AB1B-CCE42D96051F","","WL-0024","0","390","400","","3855","BA92E5FA-5981-43A8-9EDC-45FFD7A153AC","0x00000000002C4B52"
"BB192E60-8F54-4030-B40D-19EC70F27A4A","201","EB-200","0","219","261","","263","96421999-7593-4D3D-9EA7-460A4727A061","0x00000000002C4B53"
"19E45BD0-C740-4932-A5CD-967D1AA14D87","33238","EB-520","0","185","212","","593","469A0AAC-6684-4B7E-A058-46157ABFA55C","0x00000000002C4B54"
"5B82C24E-E20B-4214-AEFE-F7B758B0E056","","NM-01504","0","560","580","","3067","576FB9BA-D24F-497B-B81B-461BF45B263B","0x00000000002C4B55"
"20D9BF24-6799-4141-9F7D-2A5B628FBB5B","155556","TB-0093","0","86","116","","1271","B956FD41-0FE6-4CBA-8393-4664ABD15209","0x00000000002C4B56"
"7242424B-FFD9-459D-A191-4E0F6B0E8C82","","QY-0101","0","40","240","","2956","A7EB7820-1C94-4262-9FEE-4667F79FC86F","0x00000000002C4B57"
"9A8CC3B9-E4B8-43C5-A2B2-F5962F8C442A","473","SA-0185","0","62","72","","873","8240DA1B-A758-4425-A7B5-4671FD28356E","0x00000000002C4B58"
"A74828B3-6D67-7545-9395-7AC1AEEDE1A2","","PC-099","0","400","420","","5391","AA91A277-6805-DC45-9EA4-46BA9FF5091E","0x00000000002C4B59"
"4E5A318A-2C00-4351-8FFA-CDE4F776298C","246","EB-242","0","100","120","","298","F6721628-24B4-4122-8FC8-46CE7CD0FA4E","0x00000000002C4B5A"
"C69F11DA-5B6E-40C6-8CCA-B2C42B6D9F27","296","EB-292","0","583","603","","365","37C6BA2D-E2CC-4D83-B570-46DD1A9AF5DB","0x00000000002C4B5B"
"E2A2425E-77F2-4EBD-A6BC-DA2CA77D94B7","328","EB-324","0","200","220","","399","35DEE3A8-62B7-47E1-89A2-46EA41B23C16","0x00000000002C4B5C"
"E21645C8-3145-482E-A26C-73E8AE694F1C","33254","EB-505","0","71","90","","582","CBA2CD69-618A-406C-A3C1-46F48BA41A0E","0x00000000002C4B5D"
"BB54E0F7-2C08-4A76-A30D-F4BB03A6FEB3","43","EB-042","0","310","397","","46","1B3D91D4-AE84-469E-8542-4700D63DC9AE","0x00000000002C4B5E"
"093CDAAB-AD2A-44B4-B1D9-B80783155E09","","NM-01691","0","135","165","","3761","BAE7FD12-C5BE-420F-AEEC-47143A4CC32A","0x00000000002C4B5F"
"373BC325-13B9-7048-B282-08683EDFBF31","","NM-28328","0","160","240","","5508","222A0644-0EAA-3D42-8BA4-471806CA7B1D","0x00000000002C4B60"
"2FCFDC75-E9AE-4C11-807B-B913953DC7B6","","AR-0155","0","53","58","","3091","24FC1CCD-3E88-442F-8E8C-4720DBB62E76","0x00000000002C4B61"
"48405FAA-FF66-4360-B870-73B03B3878F2","388","QU-058","0","100","135","","966","D937FD7D-555B-4733-B3EE-4726D9B8A0D8","0x00000000002C4B62"
"414FD68A-E4B8-4B48-8664-591B7AFA6E8A","361","MG-033","0","718","738","","928","24DB0A90-0151-4A08-A4B6-4742CAD85EEC","0x00000000002C4B63"
"89474C19-F335-4BFB-96C8-12797097C06D","","SO-0135","0","4","19","","3133","CAF88F6D-52A3-4D49-AC48-475705C8ADD0","0x00000000002C4B64"
"9295A19B-840A-49C5-B167-29001573F0F3","395","EB-391","0","280","300","","449","DF1A4B1C-5711-4D5B-92C5-4762368332A8","0x00000000002C4B65"
"FED6000D-1A66-41A9-AD76-E6AE40D578B0","","AS-004","0","20","50","","1500","C1513A67-D2E0-4732-BB47-47685825A0DC","0x00000000002C4B66"
"B7C34321-B52C-4AC6-8F15-57EA486C222C","342","MG-014","0","100","120","","907","1A1D1623-28BC-42CA-93CD-479F714163A0","0x00000000002C4B67"
"32C6B27C-67FF-4B82-8B9B-15583834E259","395","SA-0117","0","330","350","","859","5940B29A-DB75-4A6E-A2C8-479FC1909CD7","0x00000000002C4B68"
"0D1721E0-605C-42BE-9299-E548AD795C87","","QY-0484","0","54","60","","2975","92184FC9-0FA1-4D7F-8A26-47A06FB0E91F","0x00000000002C4B69"
"28C02290-B1E2-4261-ACAF-8A28236A0AB6","493","EB-484","0","698","1400","","568","BE823C15-C55A-4A1E-B071-47D8409B55FC","0x00000000002C4B6A"
"DAD9EF2B-50CE-49E7-BABB-2FEF94546362","197","EB-196","0","600","700","","260","69BBDCD3-B9A2-45FE-9CC3-47E0F2DC5FC0","0x00000000002C4B6B"
"D46D5E52-4E6F-41B1-B5FD-94EAFF79C9F5","","NM-26958","0","157","162","","5094","C504055C-DA37-4AB9-87BE-47E95DFF7FA9","0x00000000002C4B6C"
"9A305408-2CC5-428B-971E-81C730F5A4FD","","NM-21881","0","90","110","","3863","86A71BF0-7907-4773-8994-480A519B09A3","0x00000000002C4B6D"
"093C4B93-A8B0-4A1F-88C9-C94D1722B752","6","EB-005","0","570","590","","12","E8D50120-D4DF-49C4-8FE5-480EADEF448F","0x00000000002C4B6E"
"CA92C5E0-D26C-4CF0-A7EB-2F8E221AE93A","194","EB-193","0","300","340","","246","F8983D8E-1DC3-44A5-863A-4821201C328D","0x00000000002C4B6F"
"1E7DF248-40B4-4930-8EA9-555C9DE02C21","543","QU-156","0","140","200","","1032","B4EB81CB-8CD4-408E-A3CD-48216BADCC9F","0x00000000002C4B70"
"CF718A38-F680-4A5D-8C53-B8D381694FD8","","AR-0072","0","16","21","","3012","F5755A6F-D6D3-4C02-827E-483D449B003B","0x00000000002C4B71"
"9E41A1DE-91DA-4A3A-88D4-F3CF225A6D4D","301","QU-002","0","196","300","","941","96B244F4-6EAE-4D38-9096-483F2409A677","0x00000000002C4B72"
"40947317-B4BB-4223-A6F2-650B7B3D447D","323","SA-0017","0","390","412","","853","2552A9B9-BCF7-43FA-B250-48478194B8F2","0x00000000002C4B73"
"AAEC5359-863A-4D4F-BD3D-93E342BB33CD","","BC-0080","0","440","460","","5016","97BC3D7E-B5DC-4E83-B387-4850C6BA1EC9","0x00000000002C4B74"
"9EE90E14-2A29-43D0-AF9D-16CA3EE8ED08","","NM-25112","0","467","487","","3471","968BBB0B-DE6C-421A-88D9-48791B5AECEE","0x00000000002C4B75"
"E4CB746F-DB84-40F1-9D6C-40691FEC4846","33363","SM-0005","0","315","335","","758","2B509158-2A8B-49E9-9313-488C614B4B81","0x00000000002C4B76"
"657FD03F-6DAA-40FD-80CD-8EB49138B836","33299","EB-597","0","740","760","","643","46B11068-D919-4CCD-9F08-488D8B58008A","0x00000000002C4B77"
"1D96DE47-603C-46DE-8085-0DBB3F90C87F","","NM-24876","0","100","120","","3624","1ECE9124-7E21-44B2-9693-488FE43635BD","0x00000000002C4B78"
"840E2C8E-FA6A-41D1-942D-A32AB02E3443","","NM-26797","0","4470","4507","","2870","A336213D-98D2-4922-AB04-48CCEF67E49D","0x00000000002C4B79"
"CED18E8E-F882-4313-BE95-F6D73E461487","","AR-0206","0","17","22","","3098","C3A21137-5832-4C0E-8A3C-48CD6A9C7D2F","0x00000000002C4B7A"
"A83C0F27-91A4-4020-BBE2-8A5D9BD0DBBD","135","TV-115","0","540","600","","1053","A74903D0-F5AA-4CB8-95A8-48E03765EE44","0x00000000002C4B7B"
"42670C0B-8612-4E7D-8C38-42EF61962568","","NM-24742","0","219","234","","3656","93ADBCFA-A504-4885-9C72-48F06AF9676A","0x00000000002C4B7C"
"CF459F91-D1FE-754E-ADF9-05F1159756C1","","PC-102","0","758","798","","5487","EDEEC8C2-9482-514A-8A64-48F5B421F52A","0x00000000002C4B7D"
"65BB0D83-DF19-40AA-BA7D-8F4774437188","33378","EB-667","0","680","1360","","713","1C4E071A-D602-4CE7-B84A-490EEFB6BF08","0x00000000002C4B7E"
"1E1356DE-B861-4CD2-B09A-C3158FC1E121","121","EB-120","0","620","700","","153","27E3CDFA-1ACE-4259-8A6A-49399E9A21D9","0x00000000002C4B7F"
"3F9CF305-22BE-4BF0-A132-636CDA5CA933","","NM-01826","0","95","110","","5570","7E8E71DE-F85D-2F4B-9547-49726EC7600E","0x00000000002C4B80"
"71FDBA14-5DE0-40F7-B00E-FEECE7B6CC68","239","TV-219","0","978","1058","","1130","FFD7090B-DA39-448C-B28A-498159077E16","0x00000000002C4B81"
"D53F1357-EAA3-4003-857A-C10FB1374BCF","","TV-293","0","1096","1117","","2553","BCB7D1C5-A0C6-40E1-88E3-49828A0ACD90","0x00000000002C4B82"
"022892E1-AEB4-401C-9C08-7BCDE929FF9D","","AH-108","0","510","530","","1815","24544721-C594-42CF-8F2A-498CA44F9B88","0x00000000002C4B83"
"2822D158-1432-48B9-91D0-DDA7AB449300","","BC-0087","0","320","340","","5026","E71700EF-7786-4700-8796-498D1A6D0A17","0x00000000002C4B84"
"2F18CDDF-49EC-404A-BDBA-3F425B0707FD","","NM-00722","0","200","453","","3743","053D8DA5-4A92-4D71-9B64-4996AAB888C9","0x00000000002C4B85"
"47292BAC-7327-D24E-8BA6-BA2BD219A1B0","","PC-043","0","240","280","","5346","D30B11E4-877E-F143-9CE2-4997E9D8F3DD","0x00000000002C4B86"
"7B0F6026-8CAA-4C2C-96D4-9DDC6054C1E2","","SO-0179","0","4","19","","3177","E4512E5B-574C-42F0-AD73-4999F834E77E","0x00000000002C4B87"
"F81312D7-BAB1-4F90-8821-45F0B637B6CC","","AR-0061","0","0","49","","3008","AC561E45-0320-4F71-924C-499E53BDBC21","0x00000000002C4B88"
"7BD3B17B-5FDE-4447-A737-DD240C70086D","430","QU-095","0","80","100","","997","669C62DF-6A40-4CC1-8B2F-49A550FF017F","0x00000000002C4B89"
"18B08CCB-E2CA-4D7F-9443-E4FE29E4DA74","338","MG-010","0","220","270","","938","A42C32B0-1326-4CCC-8019-49A94AFC74C3","0x00000000002C4B8A"
"AB21F78C-D08F-4771-8B95-23812CBB5115","","SO-0213","0","15","20","","3217","D8400089-80F8-41C4-87DD-49B1CDE6EE37","0x00000000002C4B8B"
"955D015A-0685-4427-B059-CCDC03B4E9CA","","NM-25075","0","1996","2006","","3770","9D1B53FB-05A8-4097-A23F-49B81B2BA9D7","0x00000000002C4B8C"
"C0B37CB8-8A76-42A7-BD83-B2BE6A380D8C","","BC-0097","0","225","245","","5034","6AF35E61-8C4F-443D-907F-49C950AC1FAF","0x00000000002C4B8D"
"2E6083D6-531E-4641-9BDB-EEE193C6192C","111","EB-110","0","620","640","","141","F28C681E-8FCC-4384-B9E6-49D425101137","0x00000000002C4B8E"
"B40ED306-464D-4E50-9A6C-EDC465B6347E","","NM-24910","0","149","189","","3606","49A2CDBB-40B5-40EB-9C43-49DC73A927C1","0x00000000002C4B8F"
"BEF4CAA2-D507-A14B-B0B8-65E824F21A88","","PC-106","0","470","530","","5396","C521DECC-EE92-8E45-8E37-49EEFEC2EE40","0x00000000002C4B90"
"D498D196-2459-4D5C-8E91-8CAA9E2E16AC","","AB-0161","0","1295","1300","","2689","495D8177-1ACE-4B7F-87F1-4A1010D28C2B","0x00000000002C4B91"
"875B354D-2206-C144-8633-19452D122562","","PP-067","0","120","180","","5253","AEE44B4B-FC3E-394D-AA4F-4A23157BBA41","0x00000000002C4B92"
"F0F57C66-5699-E742-8124-ED7D7927CDC9","","PC-084","0","495","515","","5380","D4BD94D0-8DCD-B648-97C0-4A2DB276BBF5","0x00000000002C4B93"
"B6F74FE6-D890-4FF7-BC94-96387D2EA3D7","","AB-0081","0","340","350","","2622","03586B42-CDBF-4871-BF10-4A37388904D7","0x00000000002C4B94"
"243EE710-4122-4985-AAD5-C26D15CCC786","169","TV-149","0","515","575","","1078","9C5429BA-867B-4DE4-9108-4A404732D47D","0x00000000002C4B95"
"A658996E-E089-4FC8-94C8-49F6751E8C66","78893","SM-0250","0","620","760","","848","38278B09-5CBC-45B0-A6C6-4A4154188265","0x00000000002C4B96"
"E75BEB4C-ABB5-4010-8137-8006B541923E","","NM-26906","0","300","320","","5298","38B1772F-7E02-C449-B20E-4A4E3D12EC91","0x00000000002C4B97"
"16353A9C-407B-420D-A353-558B159B9DC0","567","GT-015","0","20","60","","1339","21D152B6-0A0A-4251-938B-4A4F98A802C7","0x00000000002C4B98"
"79C9FD1C-2D98-4880-9119-9722D99CA785","","QY-0443","0","230","250","","2973","2C219DD7-31A9-46F0-9326-4A6FE0727FCC","0x00000000002C4B99"
"DA6F34D3-8280-4805-90DC-9EDF96049404","","AH-026","0","370","410","","1581","1BE03B14-429A-4840-874B-4A8148C75006","0x00000000002C4B9A"
"B8F4E068-92D1-48D4-B060-1086D86E1314","","NM-25167","0","130","140","","3453","9EC2E09C-F9E2-44FB-B0FF-4AA9ACA46A98","0x00000000002C4B9B"
"59E5EBA4-0613-4F38-8CF0-15E698632500","146","TV-126","0","350","420","","1063","3F329C14-2792-446C-A9E3-4AAB2973B8DD","0x00000000002C4B9C"
"E7C1504C-0EB5-4BBD-99A9-D15AF8D7FE67","","BC-0117","0","380","400","","5710","4131BD07-290C-7B43-8715-4AAEAACFDE9D","0x00000000002C4B9D"
"FCAFD5E8-1D67-4AF3-9978-1636F8F44D34","145","TV-125","0","240","280","","1062","CCD3F86C-7448-49C8-B960-4ADF170225F0","0x00000000002C4B9E"
"BEE0A6DD-C3F1-FC42-9CA1-F804435106C5","","SA-0240","0","207","227","","5171","01CD4A13-452F-114D-BEFA-4B17A4FCDDCF","0x00000000002C4B9F"
"BA94223A-F15C-45F6-9696-FDFD2BEEA28F","","AH-083","0","680","760","","1770","27456194-5530-4DF3-AB04-4B17E594FD2A","0x00000000002C4BA0"
"C659B658-FE77-439F-BC29-C6A00CB0A93F","343","MG-015","0","150","210","","909","F3526C5D-55EE-494D-8A1C-4B3BCDFFFBB0","0x00000000002C4BA1"
"9C3C002C-E029-F740-B1D3-9C6A2DCD7DB6","","WL-0232","0","90","100","","5649","800219A3-EE81-694E-A654-4B47686459E2","0x00000000002C4BA2"
"1137F8E7-77F0-4D7C-A30F-2DBD7001A3F7","","NM-01308","0","222","252","","3028","D94F0CF5-C250-43E2-B910-4B504EFE4614","0x00000000002C4BA3"
"B71238E7-E584-4AEA-93E8-5C22B4900223","545","QU-158","0","195","245","","1031","1EB2B30C-CCB4-4BF3-919B-4B8C943441D0","0x00000000002C4BA4"
"32E3F628-7194-4633-8FB3-AE5526D1F4DC","","CP-0032","0","388","408","","2944","4E7330A8-4437-4550-8321-4BAE153978A3","0x00000000002C4BA5"
"5CDD496B-4587-A64D-99CF-0902689F69F8","","PC-019","0","545","560","","5324","1B087FFE-A72F-0E46-9702-4BC4FDC5CD0A","0x00000000002C4BA6"
"018BBCFB-195C-4F44-A015-801800B83385","171","TV-151","0","140","160","","1080","AB65201C-B518-408A-89B9-4BCDCD9895BB","0x00000000002C4BA7"
"01295A2A-73C9-4AAC-BF71-8ACB39A0CF6A","","SO-0207","0","18","34","","3211","DEEB1223-5F80-4D85-86A2-4BF93B923885","0x00000000002C4BA8"
"A55598E3-6BC3-4986-94DD-24A81489FEA8","526","QU-139","0","101","121","","1013","C76652FB-5731-495A-A4EC-4C0048A11B62","0x00000000002C4BA9"
"7F0415DA-BD05-41B3-AF17-862ED09D44B1","33308","EB-604","0","410","1210","","651","3F4A25FE-8FD2-4258-816C-4C0B0AD14631","0x00000000002C4BAA"
"8DF6F307-9984-4019-9D59-02235593802E","","NM-21323","0","220","230","","3827","2BD88956-A7AE-4119-B461-4C0CD5F92943","0x00000000002C4BAB"
"1F35D782-6499-4C3A-81D8-69DB38B4D00D","","NM-25013","0","160","199","","3512","451F3943-86F0-4404-A8F3-4C15D0373AEB","0x00000000002C4BAC"
"0CA8688D-A8EC-45E6-8B4C-195997199CB2","","AB-0105","0","1580","1620","","2643","15F66387-1273-4A99-95FD-4C1DCC89FA51","0x00000000002C4BAD"
"CAE5BCB7-A6E3-4BCC-AFB8-5B66A1C69824","","SO-0167","0","4","19","","3165","4C9D1C80-3469-4919-8DE4-4C27B826C7B1","0x00000000002C4BAE"
"788BC404-A8F7-1442-9CF0-6ADE0D05E0B3","","PC-125","0","270","310","","5415","8E82E28F-3EBB-7749-B9E3-4C2FB19E31EA","0x00000000002C4BAF"
"F04ECDC7-43E3-4807-936E-F37025CDC06E","","NM-26915","0","40","60","","5061","BFF44EFE-AD6C-4EAE-91A6-4C3D256C3E05","0x00000000002C4BB0"
"84354BF9-80AF-4845-9922-FED592D0253F","","NM-27235","0","955","1075","","4981","0EEE273C-3C7F-463F-98DE-4C3F9346C569","0x00000000002C4BB1"
"68970E56-18C2-4559-B155-46AA5FA63C6D","211","EB-210","0","240","275","","270","D8BBF3B5-9383-4D6D-AD6A-4C603FACF8C7","0x00000000002C4BB2"
"C8A4D9D3-0A08-4212-A8BD-A0877B6E6E4A","5","EB-004","0","396","436","","7","E636D59D-346B-447C-8F87-4C77C0A99BBF","0x00000000002C4BB3"
"CEA20197-E4C7-BF4A-BCF3-C7D7F8675EC2","","WL-0168","0","22","43","","5518","37B95DE3-CD56-5B40-874F-4C88C15070DB","0x00000000002C4BB4"
"F06BE847-7C89-4CE7-BF7A-AA528ECCD0A6","","NM-24710","0","282","283","","3673","2AF62DF5-710C-4EA8-AC11-4C9901843568","0x00000000002C4BB5"
"E9CA46EB-8A83-4498-9870-050358FBD316","475","EB-470","0","670","770","","547","F4E9DD42-1754-4BC2-AF16-4C9902DFE025","0x00000000002C4BB6"
"ABADE2DF-2500-4477-A049-D01FD0246A4D","33357","SM-0025","0","460","480","","752","117D07B2-822E-484F-B28C-4CA9188451CD","0x00000000002C4BB7"
"01D8B2D7-01BB-47C1-AF10-E568D9F0BDCE","","NM-03961","0","265","509","","5613","0230204A-56E9-4544-A65D-4CC7ADEDA8E8","0x00000000002C4BB8"
"EE59990C-4B10-4CF8-B440-42072097C841","166","EB-165","0","705","725","","204","E2A22A09-56DA-4CE9-B414-4CCB7278A147","0x00000000002C4BB9"
"492A2701-19BD-4A61-ABAA-D6EB674C136A","","AH-052","0","469","500","","1615","8021754C-605F-4EF8-87A6-4CFEF06ADB3B","0x00000000002C4BBA"
"EA7262F2-F8A8-4EAB-B657-6CD00E050065","328","TV-286","0","1095","1200","","1194","3DFB53A9-0B3B-4D51-B852-4D0EFC8703BB","0x00000000002C4BBB"
"DD897F76-810E-41F1-BE23-E66375A98384","416","EB-412","0","330","350","","472","65DC7B22-79CA-485B-9BF1-4D244C4ABB52","0x00000000002C4BBC"
"5C4268B7-F7DD-49D6-B30A-A6729D6D6C95","165","EB-164","0","455","475","","200","31CD8C4D-A1C9-40F2-A347-4D2B9EA86029","0x00000000002C4BBD"
"F0219900-AF3C-49B7-8D6F-E835168AD422","522","SA-0216","0","320","360","","877","0B48FB55-B02E-4CC0-AC4D-4D3D8C3DFAC8","0x00000000002C4BBE"
"955D015A-0685-4427-B059-CCDC03B4E9CA","","NM-25075","0","1958","1980","","3769","5FD75F13-FFFE-4C9F-A413-4D57DE825704","0x00000000002C4BBF"
"A7F6B888-63A5-4CDB-BDEE-575C5E4BBB82","392","QU-062","0","40","80","","969","ADEEDE42-8754-4643-9392-4D7098B647DB","0x00000000002C4BC0"
"D2025870-979C-3542-9501-0BA1A42B07FF","","WL-0133","0","85","105","","5594","0344075A-FD31-534E-8B90-4D723EE3B746","0x00000000002C4BC1"
"65872C87-A93D-4CFD-9A7F-EB52C1BD40AA","","NM-27196","0","178","203","","2919","F440390F-649F-4D95-A780-4D7889AA3E20","0x00000000002C4BC2"
"55C124FC-D9CC-4379-B601-521502AC288C","","WL-0025","0","680","760","","3860","8375E091-A1B0-489A-81CB-4D805576DB75","0x00000000002C4BC3"
"65E7806F-E100-4643-B44A-E7BA5CC3C355","","AB-0215","0","143","163","","2735","9C27C30A-97D8-4A19-A5D8-4DA60B382CB4","0x00000000002C4BC4"
"D7883CE8-5A42-40E3-8EAA-2D26CB1C171F","289","EB-285","0","677","737","","348","DC6FFB8D-9478-4B89-B107-4DE256BA94DA","0x00000000002C4BC5"
"83F4DD09-58B3-4E4D-A94F-4765FC4FE296","430","EB-425","0","253","293","","484","4A1C0E95-EC96-423C-8A79-4DEAE1734C01","0x00000000002C4BC6"
"6D615E27-E392-438B-A481-E32CAE1FD782","","SV-0018","0","340","360","","3302","8FCBDD57-BFF8-40C0-9513-4DEB808B2594","0x00000000002C4BC7"
"87B85737-CA3B-4D18-AA96-E28A2A7E1C91","","BW-0939","0","90","190","","3117","18743070-E4A7-4265-ACE4-4E0C8451D722","0x00000000002C4BC8"
"70F1A72F-247C-4AB9-88B4-043A5115C3BE","","SV-0057","0","220","240","","3357","DE769F8E-1FC0-4991-9D18-4E1B0BCF2CD8","0x00000000002C4BC9"
"331D0168-5361-3946-B680-9F24DAB34C08","","WL-0114","0","98","118","","5522","E5A90E5C-64FA-814D-96A1-4E1E20428473","0x00000000002C4BCA"
"4E9EA706-2B76-4989-8392-525F895F8707","","AB-0152","0","224","249","","2683","0701516B-81CC-4A74-9965-4E5C8A060069","0x00000000002C4BCB"
"C8F10454-8708-4D59-B121-0D6BC7626BE1","7","EB-006","0","220","260","","14","CC229D0D-76DD-4DE8-9D82-4E7CD2E154A9","0x00000000002C4BCC"
"DAD6EFD7-54FA-481E-855A-B19F6E8D2859","","NM-24787","0","200","220","","3641","77005A86-1529-49E1-A9C2-4E86925ED676","0x00000000002C4BCD"
"EE59990C-4B10-4CF8-B440-42072097C841","","EB-165","0","765","805","","3856","5CB21C51-DF60-4C55-8C1C-4E96D966968E","0x00000000002C4BCE"
"C0B9F619-8642-4984-B51B-60614D62EDEF","","SV-0017","0","460","480","","3301","DA6A07AF-206D-49AD-BE5F-4E9B8CA01BB3","0x00000000002C4BCF"
"93623FB5-D068-4378-B1DB-8F7DCA13F961","","NM-26941","0","200","220","","5082","D4ADC765-FBBC-4F54-ADA6-4E9E601D5D03","0x00000000002C4BD0"
"B1C2B354-13DD-41B9-B258-85315C16055F","192","EB-191","0","115","155","","242","81A74BE9-FAF7-4E73-8036-4EB325296A98","0x00000000002C4BD1"
"21512060-80B8-400C-AF86-AF595197B3A3","","NM-24930","0","200","600","","3591","2C5D450A-797D-4572-BC10-4EB480CA2B21","0x00000000002C4BD2"
"4AB50E5A-C174-4BDC-AA8D-831A6251BD1E","33379","SM-0033","0","60","80","","1230","D143A5D2-7B60-4626-ABC7-4EC39E04219D","0x00000000002C4BD3"
"F164F5C9-34CC-4EB9-814F-6967F3ED04F7","309","TV-273","0","253","291","","1179","EC8998B5-CA51-4C73-8DBD-4EDF12215032","0x00000000002C4BD4"
"A9BA22BA-CA56-4B6E-8588-4A3EC1F49ACD","","BC-0043","0","460","580","","4982","D20874DB-76B3-42CC-81BD-4F1B172ABC2B","0x00000000002C4BD5"
"39872B45-444B-48CF-9012-CEA4AA9F43DC","","SO-0208","0","54","58","","3212","31BAE366-AEB2-461C-B25A-4F56932A5343","0x00000000002C4BD6"
"19DA6FF9-E2B6-47AC-8424-988665A80B78","155558","TB-0095","0","90","130","","1273","96256DDD-C5C0-484F-923C-4F5BBC9253E4","0x00000000002C4BD7"
"763BD9F6-29BB-43AF-8995-6A33046423C0","33290","EB-587","0","400","560","","630","6667BC6B-6876-4CFC-9E9E-4F66F71CCA29","0x00000000002C4BD8"
"9EE9511A-00E3-EB44-A902-11466FC1672A","","WL-0160","0","103","125","","5506","6FE89584-96B6-2647-8A3F-4F6B88080663","0x00000000002C4BD9"
"AA39A968-BC8F-4B89-847D-A6F3A1BFF113","","SO-0189","0","7","21","","3187","EC089B69-BF4E-4A77-82DD-4F9083A00ED6","0x00000000002C4BDA"
"DB866EFF-5D23-4BF4-9DCF-FBF38B4D87F7","","NM-01327","0","275","315","","3029","DEF99BDB-166C-4330-A606-4FA1764293E7","0x00000000002C4BDB"
"5F8A26E7-0A48-48D3-A899-F67768B4C2AA","","NM-07014","0","79","105","","5535","FB2AE1C5-7E7E-F742-A022-4FAE94C28737","0x00000000002C4BDC"
"3DEE3C86-B660-4C75-8590-1D99EE986943","","NM-04555","0","200","600","","5621","01D2A1BC-8414-3343-8F63-4FB76CC975E9","0x00000000002C4BDD"
"1DABC31A-2277-4BA2-BCDC-BD3D111EDE49","120","TV-100","0","880","1000","","1034","A84F3910-5390-4CB3-A7C7-4FCFEA48542E","0x00000000002C4BDE"
"605850BB-3EC1-4731-9B23-1B64A4A3DC49","33508","SM-0064","0","170","190","","786","0910DC2D-E94F-4A8E-A0CA-4FEEC69DE15A","0x00000000002C4BDF"
"3F7A8623-7F65-450C-BF5C-0E947915EB4C","","EB-161","0","783","795","","2927","48B19596-5CC4-45E4-B554-501CA0DF2B66","0x00000000002C4BE0"
"3F7A8623-7F65-450C-BF5C-0E947915EB4C","","EB-161","0","669","679","","2925","6DB6122C-06C7-4F83-9EE5-5022FF248A94","0x00000000002C4BE1"
"F1E81124-2A22-411B-84D6-43844F662175","","NM-09605","0","160","170","","5564","23074C5D-B1A3-B048-BBAA-503DDB4110E1","0x00000000002C4BE2"
"06AFC187-C2F7-42EE-B1A9-96282D45DBFE","302","JM-003","0","385","405","","886","7980B427-FA0E-4D0C-8B7D-50570FF78250","0x00000000002C4BE3"
"6F13A594-2B74-401C-AA0F-DF3E5FB8B8F2","67","EB-066","0","380","725","","80","33EAF067-2673-4DEF-BF18-506F1F38181A","0x00000000002C4BE4"
"8F3D70B5-94F2-DA49-A703-54A419A00777","","PC-001","0","425","475","","5420","BEFC52FE-0504-7B4F-8749-5075793B0C73","0x00000000002C4BE5"
"7FC70621-56C6-4F19-9C7E-146A7C4223F6","155692","TB-0210","0","380","440","","1301","E7DC2D5B-9FCE-490B-A8AA-5075ED3A2B8B","0x00000000002C4BE6"
"A9DAAB5B-4414-4AD9-8505-9D277A073457","424","QU-089","0","235","255","","992","8425354E-B04B-4D6C-8037-5093B7876AF1","0x00000000002C4BE7"
"0E761567-EC5E-475A-9FB3-B70CD1E2A0B7","","AS-049","0","720","840","","1538","8FEBB30B-B044-4F6A-A515-50B36FF8F6B0","0x00000000002C4BE8"
"22D6B04E-16C5-4730-B017-BDF9BB09BF5E","","AR-0088","0","25","30","","3020","1E63F28F-7179-481B-AC46-50C769227166","0x00000000002C4BE9"
"C891790B-4A0C-4EAC-9920-6D993DBE260E","293","EB-289","0","430","450","","358","07A0DCF9-B169-4DFB-BF74-50D980D40CD7","0x00000000002C4BEA"
"861A1C5E-DC50-418E-8605-17F43B0F79C6","276","TV-242","0","340","380","","1151","A7BD7808-EC28-40B2-9F5E-50DF87172907","0x00000000002C4BEB"
"224F61BA-85E9-44E3-9B63-8B7C5A91DB32","109","EB-108","0","680","700","","133","1A823212-E63F-421B-BC35-50FF3AAC353D","0x00000000002C4BEC"
"0EC29B79-20BA-44A3-9245-8A73CC69B4C9","","AB-0178","0","420","490","","2702","2EE8A9E1-2DF1-4266-9EF4-51027F4C3281","0x00000000002C4BED"
"159A53D7-7C80-4778-AA46-E4FFB0BE2D92","346","MG-018","0","275","295","","912","AC3443A8-66B3-40CE-ABD6-510B994B98E4","0x00000000002C4BEE"
"E380BF44-5D90-43AE-9CA5-8C014C525CB5","33386","EB-675","0","350","670","","724","49FFEECE-1CDD-45A4-B7B2-512A66BB3914","0x00000000002C4BEF"
"7C789338-8B54-AB45-AF08-7F8518DE68B8","","MG-045","0","60","90","","5723","C170DAEA-4DF5-2B49-A47B-51458EA47610","0x00000000002C4BF0"
"132F2C7B-DA8D-41D3-9099-7CB03365D0EF","","QY-0717","0","60","80","","2990","87AE6110-B02B-45FF-89DC-51470EE4AE50","0x00000000002C4BF1"
"BB545DC2-EBF3-B540-9336-B1B7A389479E","","WL-0268","0","280","300","","5702","717D1D94-DFD3-E146-AF65-51491DACE4C1","0x00000000002C4BF2"
"3FA5664A-99AC-4E1C-9895-54B33AD42B06","80","EB-079","0","460","480","","92","28A63DB0-19B2-4333-91D3-5168A615A8B8","0x00000000002C4BF3"
"6DBD9931-353B-4960-B0D4-00FBC21135A5","","NM-24770","0","99","102","","3650","8F67C19C-128D-4503-B22D-519871CDD05E","0x00000000002C4BF4"
"FA02397D-7E6D-ED48-B843-AB487B117799","","WL-0177","0","188","300","","5523","DCD8E6C9-CE71-5544-A8CD-51A44046D366","0x00000000002C4BF5"
"4E38883A-3185-4550-AE56-DA8AAE235BF9","","NM-01387","0","189","220","","3039","0022D4C1-3633-4A65-95AA-51B2B649EF4A","0x00000000002C4BF6"
"050EFC23-A3B2-4876-AC2D-124333C2A37C","352","JM-053","0","245","285","","898","AB47D40E-BCAB-462B-AA6C-51E4345F8547","0x00000000002C4BF7"
"8501E2D2-593B-43A8-965C-7266F26218F9","","NM-24351","0","145","185","","3598","AF1DB095-B915-4EF3-9E8A-51FE7477B0EC","0x00000000002C4BF8"
"14455931-52C9-4CD5-B033-B246A6F21B08","367","EB-363","0","145","160","","433","27696227-7B4A-4BB2-B1E9-52347E4ACFF6","0x00000000002C4BF9"
"99218CFB-8C26-4396-8EC7-B8807A8DC5DC","","QU-004","0","295","500","","5515","8E26A526-9055-154D-8677-523E00328FA1","0x00000000002C4BFA"
"5B187DD2-CDA3-44FE-ABDC-B5A6BDA915BE","","BC-0084","0","100","120","","5020","2741F328-12CD-4A91-A215-524B54187B7F","0x00000000002C4BFB"
"553033D0-CCD1-9643-B248-858314ADF6FA","","PC-021","0","160","170","","5328","DB4D81DD-95B2-E344-8637-52554FA19DC9","0x00000000002C4BFC"
"A0E19530-8EA1-4E42-A2A4-FF18E3CA33EE","","AS-043","0","300","400","","1530","CE801B61-FC97-4BC6-8EE9-5261AF663791","0x00000000002C4BFD"
"1A0FFDFE-AE57-254F-938A-C7CAA9E9987C","","WL-0066","0","462","522","","5224","EE27C007-0340-5149-B4D7-52697B775958","0x00000000002C4BFE"
"764C1F48-FB1F-41F1-BECA-A794C606B023","","SO-0253","0","50","54","","3257","514D65C6-9A9F-4B66-B6BE-526B47FA52A5","0x00000000002C4BFF"
"596E59FE-6FBB-45CC-B836-3F4DB6AB5A25","","BC-0196","0","540","560","","3517","BAC7D25D-1BF9-47A6-B094-527BE848105E","0x00000000002C4C01"
"F837B5C6-C0CF-46A8-86B8-3060CF323B94","78861","SM-0223","0","480","600","","835","57871120-B8B3-4398-ADD2-52886A7D800E","0x00000000002C4C02"
"0671E5E7-4957-D64B-8CAC-FD27618BA5C9","","PC-070","0","140","200","","5370","9083C35B-7676-6A49-BA08-5298C8D3E03E","0x00000000002C4C03"
"E22EF00E-EEDE-4700-8F54-D87718F9722A","","SV-0097","0","345","365","","3394","2FFBC874-A451-4CEC-9229-52B34D555D95","0x00000000002C4C04"
"AAE1FB9B-5083-4700-B834-26E6EF05791F","256","EB-252","0","144","160","","307","85726427-7127-4CF6-80B8-52BD9EED5E47","0x00000000002C4C05"
"D821423F-71BA-40A2-BE4B-2C661532EDA0","","AB-0176","0","312","352","","2700","F5328008-A054-44EE-AD46-52CD740A1055","0x00000000002C4C06"
"49C23C84-BAFC-479B-A803-BF31898487AB","","AH-070","0","360","380","","1757","9F7B0854-3A34-4F8A-AFB3-52D6A59D5F9F","0x00000000002C4C07"
"AEC6D612-2CA0-46C6-9ED3-E95DDB22D4AF","33336","EB-631","0","820","840","","679","DE744F4E-8CDE-4A09-BA35-52E17A1DEE88","0x00000000002C4C08"
"1CE430B2-E537-4E97-9473-829038F3E24B","","QY-0687","0","57","91","","2988","8D71BD34-58B1-426C-B4FC-5318DD7434CE","0x00000000002C4C09"
"41415409-352D-42ED-B777-A5DD41A37A1A","","NM-01428","0","100","120","","3054","1BC338C7-4339-4FF4-B136-531C8272CF08","0x00000000002C4C0A"
"7D0BF420-9A22-433E-AD7B-9152D3DCE841","","BC-0165","0","320","340","","5678","56D6967A-AC62-6144-88AF-5326CB68DD6E","0x00000000002C4C0B"
"46C562ED-6673-44B3-90DD-CAB902EBBA7C","","SV-0101","0","160","200","","5195","03022F8D-7FD0-4044-B815-5341D5948E5F","0x00000000002C4C0C"
"9F152C84-1DF7-497B-949B-284D061CE84C","","WL-0036","0","500","520","","3893","B3B8E368-A0ED-44F1-9D5A-535F0B609440","0x00000000002C4C0D"
"EAC0870C-3A69-9542-ADA9-FB93D442E3CB","","NM-28274","0","315","355","","5432","AE07E06E-C721-954F-8EAB-53830C626B39","0x00000000002C4C0E"
"6AE7B2EB-F41D-4BA3-914B-4609D5163583","360","EB-356","0","690","890","","425","7442AB9D-8E68-4F90-AB40-5386A8FDC1EB","0x00000000002C4C0F"
"CA712584-4262-4341-82D9-45C50059BF7A","","PP-049","0","115","170","","5278","FB753A17-16DB-6F45-8D78-53936A0FCDD0","0x00000000002C4C10"
"A121EF8C-0A6C-44FA-AA59-B25141D678AD","","NM-24878","0","65","85","","3622","86BAFB28-110B-4144-9393-53A16CC166C6","0x00000000002C4C11"
"D626DBEC-E55B-604C-86D4-82E74F55D5AF","","WL-0125","0","140","200","","5479","A560A49C-1D43-EA43-913C-53A724453083","0x00000000002C4C12"
"29543F86-B25F-41CF-B4B9-22A4BE2EA46F","458","SA-0173","0","680","718","","870","A1A0948C-CEF3-4A6D-BB9E-53D704486699","0x00000000002C4C13"
"D094736C-39A8-466B-B2E9-D05CD71C62A0","","NM-25151","0","248","330","","3457","F37F4702-A7DD-4B5C-A575-53E42082E4FD","0x00000000002C4C14"
"D81F94B1-1D06-4865-8607-589437E68AE1","","BC-0064","0","240","260","","4996","A0A9CFC1-A82B-41F5-8FAC-5402DB8A47AE","0x00000000002C4C15"
"8A0C95FA-9049-41A2-8B61-5B725C78548C","578","SA-0077","0","295","357","","884","177497AC-D0A2-463E-89D9-542AEAF93C94","0x00000000002C4C16"
"F81501AF-929E-4C89-8FB7-FA0591C562BF","","BC-0229","0","340","360","","3527","33A93026-96D7-4C73-A19E-542AEE1E6048","0x00000000002C4C17"
"1D911F77-3214-47E3-80F0-3CF7D0BCEC20","","SV-0020","0","280","300","","3306","68CEEA14-D82B-4C94-9C0E-54310A71D5B1","0x00000000002C4C18"
"BBEE0C57-7537-4610-B5A5-984E8F0F86C1","","NM-03416","0","539","544","","2809","1E7878D8-287F-4F64-96F6-5431ED6EBD6A","0x00000000002C4C19"
"ABB00A9A-0D9D-4B30-9C1F-D78B3AAF239F","467","EB-462","0","590","630","","525","65E83944-3C6A-4F4F-8FCE-54359CD54EDC","0x00000000002C4C1A"
"D2AC50DB-6EEF-4BB3-AE60-E7F74084C64C","33334","EB-629","0","1900","1920","","677","32E7A497-33F4-4FE4-8B76-543AA7BA1B50","0x00000000002C4C1B"
"670A6268-399A-4802-8513-7F68119A639E","","AB-0111","0","558","563","","2649","51B284EA-5872-4C11-940E-5448AA418021","0x00000000002C4C1C"
"F39B93BF-1F00-46E6-8954-DC3C31A4E444","397","EB-393","0","110","130","","452","B657C08E-7193-4CA8-9B98-54746FDA4A09","0x00000000002C4C1D"
"F56C1C92-8B89-4F6E-9014-13C9571509EA","","BC-0044","0","200","240","","4983","DA624CFC-AB92-4842-A1F3-549D50F793FD","0x00000000002C4C1E"
"D280B1ED-7E66-4C89-934D-B1F497C07426","","NM-26457","0","18","22","","3445","F32E45A0-AA4E-4CA7-815F-54FDADC95AEA","0x00000000002C4C1F"
"F7F714FE-E8B5-4889-8BA7-8F4C670CF730","","BC-0163","0","65","85","","5137","ADF47D67-0E9A-48F5-B92E-5500F9A68220","0x00000000002C4C20"
"86BCFF71-F030-4D89-83DB-5A15746EE91E","129","EB-128","0","380","400","","161","7E06657C-A55A-4FAC-BB0E-5512907E0B43","0x00000000002C4C21"
"C267CAD7-8FAF-4486-8EB4-C0E6ACE95332","","NM-24950","0","354","366","","3588","FA1DAB81-4E4D-4E1D-88AB-551937FA48DF","0x00000000002C4C22"
"E19F92B3-E89F-4721-AE2F-C6521B5FACD5","434","HS-018","0","20","30","","1202","DD407BBC-8C79-404E-953E-552222A78070","0x00000000002C4C23"
"340060E3-01EE-4089-93DB-E6EBE7654B07","414","HS-054","0","20","40","","1218","8EB817BE-4F03-4979-8A29-553E4F5C7984","0x00000000002C4C24"
"E7BCDA89-89F7-41C6-AB73-9B5CF492582C","","SV-0054","0","305","420","","3352","FAC27A49-8D51-417C-99F7-554E6D229EFD","0x00000000002C4C25"
"407EB28E-28B4-4E56-855A-BDBE4C612515","121","TV-101","0","380","450","","1035","E5376702-EB2E-431E-86BD-55657F972605","0x00000000002C4C26"
"C2CF2FB6-A781-4215-B11D-A301FEE86800","","AS-031","0","340","380","","1524","4667F546-71A3-48B0-9E56-556CB48E4B9F","0x00000000002C4C27"
"9A2F4456-2BB4-4F4E-8882-40FFEB170C17","","NM-26925","0","460","500","","5072","6476E7F2-E2B8-4E97-8392-556D83BE9519","0x00000000002C4C28"
"2331157A-4158-DB47-BB90-EC502DA4652C","","PC-105","0","186","196","","5395","3469D0DA-3B41-8648-A84B-557A634EDED6","0x00000000002C4C29"
"F1486D6B-1DDA-4E0C-9DE3-60B1651361BC","406","SA-0129","0","520","580","","860","D86FF09D-7335-471A-9AFB-557B16D07DDF","0x00000000002C4C2A"
"E5A14DD4-96B8-4188-B3A9-A6DA859C6606","","QY-0961","0","20","40","","2998","A12537FA-5CDE-4750-86F5-558AC6AEFD9B","0x00000000002C4C2B"
"695CF0C9-D248-414F-AE04-FA71A54F40E2","","QU-166","0","120","132","","2480","A29016FD-B72C-4078-AFB5-559255B293F6","0x00000000002C4C2C"
"C95944B7-5088-4FC4-A822-E3630A7588C4","","AH-104","0","420","480","","1791","7C3E7345-A188-415E-AB54-55A8A24B9AB9","0x00000000002C4C2D"
"16841242-88B3-4F10-A097-066B5E10D576","261","EB-257","0","50","65","","314","356CEBEE-14E3-478A-8A2D-55C2B2B3481A","0x00000000002C4C2E"
"FE5288EC-67B0-C04A-A017-E13ED52965AB","","TC-424","0","120","160","","5233","254E1780-4838-EC42-9A0A-55C3AD4EB456","0x00000000002C4C2F"
"B76F88F1-F9A6-4AE3-B711-CD15E384D2B8","","NM-24875","0","150","164","","3626","E01127E7-5334-4028-9EB3-560071FE95D7","0x00000000002C4C30"
"393A9FC5-9D01-4651-A223-1520E3DC8531","","QY-0135","0","120","160","","2961","ADC5E666-20D3-403D-BD5A-56225D0FCA70","0x00000000002C4C31"
"5D7E37D5-68D2-49E1-B4AB-C4270A69AD19","","AS-026","0","140","650","","1519","DE8D1F0E-230E-4CB4-853E-5642B7B144AB","0x00000000002C4C32"
"9FB946EB-BA11-423D-80B9-5D3E80D33A7F","","NM-25089","0","584","594","","3481","C526EB60-B184-4012-A72D-5648F79BBE55","0x00000000002C4C33"
"3A3B1BF7-5BEE-412A-A852-F4AEA4207A42","","TB-0203","0","101","103","Steel with torch cut slots","5638","F6BED2D1-33F7-9A49-B1C0-56712AB82F68","0x00000000002C4C34"
"38306B6E-B07F-4DBA-9189-00EAE4C9D0A5","","SV-0140","0","320","400","","5215","9BF383DC-4256-0549-A8C2-567F9166FEF6","0x00000000002C4C35"
"8A8CD4F2-1342-421E-B0A2-82D3FCABE3D4","","TB-0316","0","260","320","","3129","B52013D4-781C-4FCC-9EFF-568395C89F26","0x00000000002C4C36"
"CE9630D3-E10D-4971-8872-203BF39D5746","155755","TB-0211","0","140","160","","1311","46288957-1498-40D0-B1EC-568912E94C11","0x00000000002C4C37"
"D2025870-979C-3542-9501-0BA1A42B07FF","","WL-0133","0","65","75","","5593","08271463-21E9-8A44-A42D-568ABFB6F352","0x00000000002C4C38"
"16BC1C68-17E2-4640-B126-75CA3BB83D40","","AB-0096","0","278","582","","2636","893A23A4-2ECF-4A01-9CE8-568CDCF6D2E8","0x00000000002C4C39"
"FE35E603-ABB5-44BF-BEDA-D4DAACA1FC79","","TC-422","0","180","250","","5227","A72401DD-461A-2046-BBC0-569047C96C6A","0x00000000002C4C3A"
"B9F602F1-34D8-486B-8613-57986BE3567B","396","MG-035","0","380","420","","929","F1924813-352F-4CF9-8B5A-56A14D98197D","0x00000000002C4C3B"
"413E3FA2-53D8-49C2-8F9A-DCCFA7944A6D","78884","SM-0242","0","583","625","","844","D6F53726-805A-42B3-84F5-56B4B62B12E3","0x00000000002C4C3C"
"7E4845EC-878B-452F-A296-2A9F8CDF6CAC","","NM-03917","0","650","690","","3102","7CC1915A-9500-4418-83D0-56D7F2AADEC1","0x00000000002C4C3D"
"B704162F-BA34-46C2-85F4-51821A4EEF58","33233","EB-525","0","274","294","","600","76A9C9A4-7D1E-4A6C-8832-56E921AA9D11","0x00000000002C4C3E"
"7A8403BA-ACE4-4209-9C86-7830852F6DBE","","UC-0211","0","560","580","","2860","8380A261-A59A-4E5A-9CD1-56ED2970997E","0x00000000002C4C3F"
"8FF40080-AAD9-4D33-860D-19AC9F64C256","","NM-26713","0","80","100","","3805","AE6BA939-72E6-4C4F-9103-570103D73CB4","0x00000000002C4C40"
"737F3D89-07E0-43A7-A652-23FEB9C56B1A","","BC-0120","0","680","700","","5053","D7490F57-1659-4EAB-81DD-570C0E648198","0x00000000002C4C41"
"9E3C5FBC-C85B-4491-9812-B59D283CA253","352","MG-024","0","70","100","","918","5B3A7FAC-D71C-49F3-8C29-57334BB62D36","0x00000000002C4C42"
"7FC8A456-3ADF-40ED-AAA9-8AC5DA36ADFC","337","MG-009","0","160","200","","932","DDEB13A9-75A3-409C-8B30-573873FBA838","0x00000000002C4C43"
"CB518566-CB8F-4625-8678-2F0157F4F921","","NM-03337","0","144","149","","2818","A30E2D56-EE20-410E-8198-5741095156D4","0x00000000002C4C44"
"3CE62C1F-E860-2E49-AF7E-5226124C4315","","AR-0233","0","70","84","","5474","44E64290-30DF-8448-919D-575A2755A07C","0x00000000002C4C45"
"75EF7F3D-F10A-4972-9F61-3C9F13DBF15B","329","TV-287","0","340","420","","1195","EC9C9F51-2CDF-4B4B-BC17-577D4D971D2E","0x00000000002C4C46"
"77F2CE12-913A-4B6A-ADD8-3B0771A7CDFE","","NM-25046","0","65","290","","3496","2549F67B-3A37-405C-868B-5785FEFB93CF","0x00000000002C4C47"
"A096ADF9-BCC5-409C-9376-3F175CBC079E","144","EB-143","0","63","73","","177","AA8B71AB-EF43-43EF-B576-57A34BBE9A17","0x00000000002C4C48"
"D221EF5D-AB92-4C93-B999-C772D86179D6","","NM-04977","0","241","301","","3872","18BEBA8E-44E3-4C6D-BEDC-57B289C9DA62","0x00000000002C4C49"
"8BDC2319-14B9-4713-B07F-B70D815C9173","","WL-0016","0","200","240","","5748","34EB49A3-1AB0-2D49-8B70-57BD156B748F","0x00000000002C4C4A"
"A0E45379-30EF-430D-A9D8-55FAA0457273","","SV-0007","0","280","300","","3295","CA9E8E7A-39F7-4582-AF73-57C2053C9155","0x00000000002C4C4B"
"0C084AC7-9143-4FAA-930F-01249DE13188","33406","EB-688","0","600","800","","739","5592951E-6014-4026-8393-57C642574868","0x00000000002C4C4C"
"C1B9B27F-977D-4EAC-9FAE-AF1DCD08C85D","33301","EB-599","0","510","580","","646","6CC57A0A-7CD8-4EE0-8533-57D6821CD060","0x00000000002C4C4D"
"A1BDA7AB-912A-45A6-8D40-5EAB9BFF6DB8","","NM-25011","0","95","101","","3514","81986F6D-47E0-46ED-AD60-57E43D680C83","0x00000000002C4C4E"
"7F6F8534-E484-4072-B2C8-B22664A92FE9","155581","TB-0118","0","120","160","","1283","91B125E6-4960-4323-891C-57FF30A09536","0x00000000002C4C4F"
"2EA8E09C-585A-485A-973B-6A8396B746CB","","TC-282","0","80","223","","2148","498A81C5-4E6E-40B3-88DA-58135C59D531","0x00000000002C4C50"
"2561F89C-D4BB-457B-993A-AA827C6DE323","","AH-045","0","240","280","","1613","C2D0BF9C-E405-4ACF-8179-582D521534D3","0x00000000002C4C51"
"A37938B8-5A92-4A9D-A90B-4C93BF924000","","AR-0019","0","63","68","","2950","3180A4FF-6528-431B-AAF4-5834213EDC2C","0x00000000002C4C52"
"1134C047-2BBF-4DEB-B41F-2C58CCC4E1D8","33319","EB-614","0","65","90","","663","DC287E26-8CE4-4F02-AE20-583683430F1E","0x00000000002C4C53"
"18E4F21E-EB64-4C89-AD3E-9F495230A4F3","","AR-0120","0","10","29","","3081","96507772-89BC-411D-81B3-585937908067","0x00000000002C4C54"
"62B48770-E350-48F7-946F-22C9CDE61D7F","33275","EB-572","0","604","627","","614","2770ADAC-EBB5-40C0-A23C-58670B011435","0x00000000002C4C55"
"08F5959B-7159-4B0C-A9EF-9E6755847BB7","161","EB-160","0","306","344","","194","D8E38D6D-DB40-4E14-8382-58822427C046","0x00000000002C4C56"
"405D7B0A-1A4B-400C-BB13-F4734CB35C17","33405","EB-687","0","597","618","","736","4ACB978C-8665-4150-9A4F-58871D90741D","0x00000000002C4C57"
"FF5812D0-6E96-40BF-B3F1-5FE12D576BA2","","SV-0135","0","320","340","","5208","A4BBA875-94EB-C54B-B8EB-588735C4AB41","0x00000000002C4C58"
"FCF3C0A0-20CB-46E0-9229-AC3C7EC64476","","NM-26966","0","340","360","","5102","87ABC0DE-83D1-4DB9-8847-588D2DB44578","0x00000000002C4C59"
"DE776257-C20A-4273-A3E2-41DE86FEA70B","41","UC-0025","0","215","255","","1319","40BC49B5-6D34-4E90-A3CB-5890EBBB04EE","0x00000000002C4C5A"
"2428FFE6-25C2-41D8-9829-52CFE96CD5D8","","NM-01362","0","580","600","","3033","B9A54AA9-1E0A-49A4-B48E-5891B629B814","0x00000000002C4C5B"
"9E91B5F4-38D4-44BF-80F4-B952BAF71C37","","SV-0027","0","280","300","","3319","2AFCF4B4-37D3-497E-AF04-5898C4BAD310","0x00000000002C4C5C"
"B838F8EC-55CB-4216-BA6E-9CFE92360F39","","AB-0251","0","","","","5762","90A3C544-D83E-48D2-9D6A-58CE10DBCB76","0x00000000002CF39B"
"F942A094-EEA6-4253-8925-B2B70C8799DF","","NM-26795","0","4199","4695","","2867","9B5A544F-853C-428A-AAC8-58D036BFBB3C","0x00000000002C4C5D"
"2794010E-7B99-4160-A584-EB7BEC616759","","SV-0043","0","160","180","","3341","ECF858FA-A4C3-4E07-A747-58D790C9C2D6","0x00000000002C4C5E"
"7764FBE4-CAE5-4A2A-9F89-BB89F8444E89","105","EB-104","0","725","765","","130","879719FF-5842-4E52-A8A2-58DF900F7962","0x00000000002C4C5F"
"0134B68E-1224-48B0-AC20-EA19E9F887E2","274","TV-240","0","120","200","","1150","1C993C72-B2B6-4E04-B09B-58E850E9847F","0x00000000002C4C60"
"CB560093-DDCD-9146-A4A7-AED094293DFA","","WL-0053","0","160","240","","5180","22A54438-43EE-D347-952B-58F3952962D7","0x00000000002C4C61"
"DABEFA06-30E4-4B8E-ADDD-4300AE16EB9B","","SO-0151","0","40","44","","3149","755C5514-96B1-4143-8B1B-591DC1D0B67D","0x00000000002C4C62"
"7A53F750-88CB-4DA3-A51B-B7E1590D27DF","","TB-0314","0","130","200","","3127","EEA0172A-A135-47F9-B876-593EBBF02FEF","0x00000000002C4C63"
"DDD471E0-105B-478F-855C-28DDD55D6491","188","EB-187","0","140","200","","234","605CFEB7-4F3A-4E2C-A891-595AFD88BDE0","0x00000000002C4C64"
"CE79978A-CB17-436F-824A-700E1CD8ED06","","SV-0119","0","275","295","","3419","774BF660-4CE8-4D8B-968A-595B0A6D3591","0x00000000002C4C65"
"403461AC-B811-4318-870E-FABFCA3BA2A0","","AS-056","0","580","740","","1544","5AF9D532-4164-42E8-AA83-59606D3BDD9C","0x00000000002C4C66"
"46E80756-D6C7-4E0C-AD87-BF409D271E2E","","SO-0127","0","76","81","","3266","286C1DFD-D4CB-41BE-86FB-59679AD33956","0x00000000002C4C67"
"1F14ADBD-21C8-4CC1-A302-1BADBF51A4FF","","SV-0058","0","300","340","","3359","D8CE426C-B5C4-4672-B07E-596AA48990A4","0x00000000002C4C68"
"D19E9E6D-4183-4FA1-A502-6734DA210FE5","205","TV-185","0","120","180","","1105","A632DCE2-49FA-4209-8BD2-596B87C57E72","0x00000000002C4C69"
"26AEF32E-3F3F-404F-8874-72CDA68ECF4B","333","EB-329","0","100","132","","408","19B35485-A687-49CA-9134-5980F69E97DA","0x00000000002C4C6A"
"B684F7FD-8B3C-4368-8E2A-F00ED3322BCB","","NM-09228","0","281","286","","5547","73F54FFF-D622-D04C-8996-5992B00D8DD2","0x00000000002C4C6B"
"41278440-F05D-4088-93B6-A09AAEAA1DAB","","QY-0153","0","201","366","","2963","87D8C3D1-4D20-4C43-8458-5997ED7234A7","0x00000000002C4C6C"
"25DB2BDF-DA18-42D4-BDD6-60337CC31D01","155564","TB-0101","0","60","100","","1274","676DBE4D-C54D-4879-A55C-59A167CF2B25","0x00000000002C4C6D"
"D5159AA1-0AEE-4123-960E-094E98A8C54F","33343","EB-638","0","900","920","","686","5AAF4071-4CBF-4056-A27B-59AA3A962081","0x00000000002C4C6E"
"F03026C9-619E-40AB-AC2E-5A2F4AC65D23","143","EB-142","0","69","99","","176","59EECC32-F549-4309-8212-59BD8D8E3EB9","0x00000000002C4C6F"
"01535DFB-D713-244F-A9A1-E04B9ED102DD","","WL-0286","0","216","218","","5731","118C77E8-4188-AB46-8E11-59E589E9C0F2","0x00000000002C4C70"
"CD3B6B48-E44F-469D-B05F-9255C68E6E0E","","SV-0063","0","305","325","","3363","FB926269-E527-4B3A-9643-59E5C5E56304","0x00000000002C4C71"
"5E82DE32-F500-414B-B64A-44B7F8404364","","WL-0309","0","200","240","","5743","9F91CDD5-B374-F94C-9376-59E63D12ED84","0x00000000002C4C72"
"640291C2-5B1E-4807-87FC-8FBDE6CFF54F","","SO-0237","0","44","50","","3241","317A3134-3CA5-43D0-8EBC-59E7F2054A25","0x00000000002C4C73"
"D5393BC1-A821-4D54-B1EF-A5C9C1F8EEB1","98","UC-0133","0","120","140","","1328","72BBD2C3-5C50-4994-9A73-59F0AE213E94","0x00000000002C4C74"
"DD2B3214-1342-467A-A1A1-9AE9A22BFF96","","SV-0035","0","265","285","","3330","06C8FBFC-27C0-45B4-A701-5A036C5A8F8A","0x00000000002C4C75"
"DD26E788-4C8D-7A4E-B638-367A18AE64EC","","BC-0333","0","150","190","","5488","461E11C8-4B08-8541-8D8F-5A0572917B28","0x00000000002C4C76"
"342C7132-9BFE-4FD5-BD86-43C027E1F774","","AH-099","0","435","475","","1786","102305A3-BAAD-496F-A9CA-5A1D1BB4B2DC","0x00000000002C4C77"
"6188B6BB-6FD3-456C-81CA-C75017676C9B","","NM-26885","0","555","570","","4932","34C57304-1F39-4814-90C6-5A287138CA12","0x00000000002C4C78"
"C3CD5B8B-FD05-4E79-A695-1C8BE35C66EC","","NM-04691","0","510","590","","3870","A96CA381-1F8E-43B3-AEAF-5A3698A76D71","0x00000000002C4C79"
"09AF00A7-4AE6-4A81-8DE6-885C6C88D62B","155","EB-154","0","310","340","","187","4F14ADFE-0C17-4602-BBD6-5A455D181AF7","0x00000000002C4C7A"
"AAF57725-FD59-AC4D-9F1D-48E00E6D79D5","","PC-077","0","640","660","","5375","DC4E85C2-6994-6E40-A4E5-5A484D6951B5","0x00000000002C4C7B"
"15434E3C-06AA-4133-8074-67E5EF235624","","SV-0107","0","340","350","","3405","93754025-EF85-494F-95DD-5A4DDBB976D1","0x00000000002C4C7C"
"B2841326-F31C-4431-AEBB-CE9970C65C82","","AR-0161","0","16","28","","3092","D7454548-D24C-4FEE-9A2F-5A4E4F312432","0x00000000002C4C7D"
"DC04A343-5C2C-4C75-B9C3-A93195DCDC30","","NM-26798","0","4278","4285","","2871","6267F325-E9E8-48E9-A5D3-5A564217B5B0","0x00000000002C4C7E"
"84D25B30-0305-4F08-A913-7EAD0EB6FB4F","134","TV-114","0","340","380","","1051","A4E62FBF-B72A-4C69-B6FD-5A6738C94F43","0x00000000002C4C7F"
"7A34736F-0182-40AE-A684-8196750AF52C","","SV-0062","0","380","400","","5191","1F0EFC5A-DBA5-D944-B6A4-5A78F8864E76","0x00000000002C4C80"
"87D69615-1091-4C8D-9AD5-DB0149DC9A58","474","EB-469","0","500","580","","542","73EB5911-101E-427E-9BAB-5A8DD60409A9","0x00000000002C4C81"
"405D7B0A-1A4B-400C-BB13-F4734CB35C17","33405","EB-687","0","639","660","","737","819EB836-9110-4297-8B41-5AA15C05A06B","0x00000000002C4C82"
"4E5A318A-2C00-4351-8FFA-CDE4F776298C","246","EB-242","0","140","160","","299","9C088930-CDAF-41E6-8DC3-5AAB37CD46ED","0x00000000002C4C83"
"E63D3D8F-C471-4699-92A2-45BAC2E1814E","","NM-01417","0","89","88","","3044","33DEBE32-A894-4FF7-9318-5AB1E977D47F","0x00000000002C4C84"
"46F5509D-8265-4E4B-8435-6F4AE91D9386","","NM-08300","0","17","67","","3897","DD4FB1E9-0A6A-47A8-B4E2-5AE31ABB6487","0x00000000002C4C85"
"B7ECF8B7-D787-404A-9DE4-6FF476505226","","WL-0080","0","800","880","","5309","2A367147-56C2-3F4C-91D5-5AE61043D19E","0x00000000002C4C86"
"EBE4DB65-A86C-4489-9E33-07822DEC524E","","WL-0002","0","516","558","","3782","3B32A8AA-6541-42AA-ACDC-5AFEDABA9621","0x00000000002C4C87"
"2D948341-9A3A-4251-9059-8DCC94C47A7B","","AH-056","0","300","340","","1743","CDCFD01C-C7AF-4EBC-BAE8-5B0D9F94262E","0x00000000002C4C88"
"074AAE55-96F8-4B63-BD3E-7941C75C1FEC","","NM-24974","0","513","530","","3579","5A74419C-5CD7-4D4F-A3C3-5B233E4F6890","0x00000000002C4C89"
"7A404602-DBCD-A54A-B728-C497FA4BEE59","","WL-0259","0","203","303","","5689","71784B1D-D8F5-CF46-8830-5B3042D3971D","0x00000000002C4C8A"
"44139B9D-08A0-4C0B-9452-611A692333E5","490","EB-481","0","572","584","","563","51AE2D0B-AE47-4259-8B4B-5B54A376004A","0x00000000002C4C8B"
"88B40E3B-F3D3-4420-A72C-C48D28EE5D3C","","AH-015","0","197","237","","1572","8422F672-7C60-471F-9520-5B79D537D57A","0x00000000002C4C8C"
"F11D917D-E65F-43BC-8F11-4E04F8848245","","AS-055","0","260","360","","1543","387285D6-1CC6-4922-9BB2-5B7F8C728ED7","0x00000000002C4C8D"
"749023C7-B845-4C93-9901-40A805C01448","78903","SM-0252","0","120","160","","1234","D08F56B6-1A27-4889-8B63-5B8894B20EE0","0x00000000002C4C8E"
"E9DCDE3E-A7CF-4BD5-8EBA-0FD547FDEC84","","TC-254","0","100","110","","2127","32D1F2E8-EF43-4121-83E1-5B9EE502CF99","0x00000000002C4C8F"
"406319A6-57F5-4120-82FA-7BF5EF5A82A3","78904","SM-0253","0","80","100","","1236","F6A6E6D9-91BE-4126-8D48-5BB78F8AC120","0x00000000002C4C90"
"3DC9AB28-7925-4DA7-870C-B5FB7A5B7E24","","NM-26886","0","110","120","","4935","45A562CE-DE53-457A-910C-5BC95FA3EA7B","0x00000000002C4C91"
"76794085-9CE7-43A0-9533-92F69B185D43","185","EB-184","0","740","800","","229","19A5C7EA-91C7-4A57-861A-5BCCC265C460","0x00000000002C4C92"
"DFF43368-11D6-42A2-BAE2-F7B84A0AF411","48","UC-0032","0","147","207","","1323","BC87E6C9-59B2-453F-A19A-5BD291146696","0x00000000002C4C93"
"C8E96D55-EF54-5D40-A4E4-3FCCDC25BE36","","WL-0262","0","619","639","","5697","DD7FA58F-A95A-3849-96A8-5BDDD3474E27","0x00000000002C4C94"
"6D931C14-6C35-5040-A648-7E872035D0CB","","WL-0137","0","114","154","","5485","AF24AAC2-D0CB-5D4A-A63C-5BEE72ECA5ED","0x00000000002C4C95"
"E5040DF2-ABED-4C7E-A377-7FC8DA116D7A","","QY-0373","0","270","280","","2968","B9A77F53-80BB-4C5C-9830-5BF262463B5E","0x00000000002C4C96"
"D10DEE59-C413-43D9-B810-3830FA084771","","NM-24694","0","288","328","","3678","B75AD111-F74C-41F5-B73E-5BFB3E8BA52D","0x00000000002C4C97"
"6880CB99-6AA2-4852-853C-F1C700089594","","NM-26931","0","550","590","","5076","E7A31DD3-4B9B-40C5-916D-5C08E587D47B","0x00000000002C4C98"
"2B91114E-5B80-49EF-AE75-ABA1CB187389","","AH-065","0","40","80","","1752","F46860B8-0E90-4183-BE56-5C108F2F0E36","0x00000000002C4C99"
"4F1D47F5-0FEE-45CB-89B1-CAE7050554D9","","NM-03342","0","500","510","","2813","0AAAECEC-9FB9-4E2E-B4B1-5C1D9BF26300","0x00000000002C4C9A"
"E27869B8-7DD9-4565-ABD9-F7A0B244598A","","SA-0228","0","200","380","","2921","832C22D5-FD1B-4AB8-94B7-5C611C46F148","0x00000000002C4C9B"
"24D64431-3340-4C81-8876-04E86D60AF7F","","BC-0054","0","340","360","","4989","EC352AD9-3F80-4130-B374-5C70A188C0A7","0x00000000002C4C9C"
"29862CBC-EB7C-4221-A3C3-7AA71947ABEE","33320","EB-615","0","800","820","","664","79144F25-9974-44EF-AE2A-5C728C091581","0x00000000002C4C9D"
"82A76022-3804-41A5-8A04-65F5E01C0AEC","","BC-0185","0","400","475","","5155","D987FBE9-6FF8-4417-9330-5C7BB64974CB","0x00000000002C4C9E"
"954BD430-CB2A-431A-BB41-E01686F9FDE2","","SV-0065","0","190","220","","3325","A3C5A3B1-3FA6-4630-A0DC-5C7E7B1CA96D","0x00000000002C4C9F"
"4BD27758-E0A0-42D2-A05F-BA8C1E03B472","328","LJ-004","0","250","260","","900","9FF83F54-E763-4FAD-B859-5C8BC71F7C90","0x00000000002C4CA0"
"27401634-B7A4-4637-A957-CAD10D5D0B1B","","AB-0109","0","972","978","","2647","E31476C7-C985-4532-8FC0-5C8EF75415DD","0x00000000002C4CA1"
"B4154C7B-BB6A-44F9-B3A4-5DCC922C6435","","NM-00678","0","320","340","","2892","7265185B-CE3C-436F-B882-5C9DBF589E45","0x00000000002C4CA2"
"84354BF9-80AF-4845-9922-FED592D0253F","","NM-27235","0","785","900","","4980","62FAE900-57AA-4019-A7A0-5CCED0551AFE","0x00000000002C4CA3"
"F04ECDC7-43E3-4807-936E-F37025CDC06E","","NM-26915","0","120","180","","5063","03C10B13-04B3-4D7D-9DAB-5CCF15BFA8E9","0x00000000002C4CA4"
"4A9E07F8-0261-4F73-82F3-793C2E3A2FB1","","SV-0023","0","205","245","","3312","CD67FCB3-000F-449F-A6A9-5CD212AFC0BA","0x00000000002C4CA5"
"DEF3FE84-BBB3-496A-B62B-D64FF5A85736","455","EB-450","0","101","111","","513","E8E4CEE2-0167-44ED-84EB-5CFD6357EED4","0x00000000002C4CA6"
"10A4EA87-7F15-4A9C-AFA4-456D7C9DF4B6","326","TV-285","0","900","1120","","1193","52AA4D86-A9D0-4E67-9265-5D05014578FB","0x00000000002C4CA7"
"8AE89BC9-F764-4A16-97F1-17DF93A895CF","","BC-0037","0","580","600","","4962","6D2D7296-50C9-41FF-9AFF-5D0513136EC4","0x00000000002C4CA8"
"3DC7B592-1637-4E0E-9C39-0448428783A6","","NM-01176","0","577","597","","2811","DB93C488-60B0-4140-8818-5D256D2B0073","0x00000000002C4CA9"
"CD3F05B9-1EA9-4499-B1E0-98431BDA941A","234","TV-214","0","540","580","","1123","C7C55AB5-0651-4D11-BB77-5D3411916A3B","0x00000000002C4CAA"
"5949B24B-5044-4434-8EF6-8571B50268DA","","MG-038","0","115","130","Steel with torch cut slots","5622","E162D180-1243-7D49-AABE-5D37932077A0","0x00000000002C4CAB"
"52758432-6AB8-42CC-91FA-104B0135A90E","182","EB-181","0","505","525","","224","BBADC4F0-F516-4B41-A782-5D3C71284A98","0x00000000002C4CAC"
"CD8421E0-887A-4D0A-B51E-FF63EED54EEE","","NM-23653","0","65","75","","5169","7746F79B-0557-4681-A2A3-5D5508E093C1","0x00000000002C4CAD"
"11E56D6E-39FF-4166-AD80-E2102D2BECFA","","AH-029","0","270","310","","1584","C33C28B8-F50E-48FE-833F-5D5CD1D24C45","0x00000000002C4CAE"
"A4337B54-DBE6-45F8-B3B6-13DA810B1C98","","NM-00808","0","148","183","","3750","70032D1E-FC42-4F45-8A41-5D7709147314","0x00000000002C4CAF"
"B25A1601-1195-44FA-A335-A15199078853","517","QU-130","0","87","145","","1005","CC265130-789C-4E78-9C28-5D780D29260E","0x00000000002C4CB0"
"6D558A37-D2F6-4C11-BD4B-31742716C96C","244","EB-240","0","430","600","","296","35D3EDFA-33EA-442E-AE8E-5D96F96FC9BD","0x00000000002C4CB1"
"F7B77FC1-25EE-44EC-84F0-FB9AB4F883B4","","BC-0074","0","265","305","","5007","8343D76F-0FB9-40B6-B025-5DACEBEEF3D3","0x00000000002C4CB2"
"BE193094-0967-984C-BDD9-E22E30CA18CF","","LC-039","0","215","235","","5448","C5470A3F-9AB7-4848-AA99-5DAF09B02667","0x00000000002C4CB3"
"0ADF171C-AA10-4836-A11A-9100E31D7BBD","","NM-01873","0","178","205","","5596","1E933458-6181-C14D-AD46-5DB73D1AEEF1","0x00000000002C4CB4"
"1D332888-83F5-4193-8321-D7E56F4053CE","155671","TB-0166","0","0","153","","1293","2990DFED-B469-4F3E-997A-5DFECE4853A4","0x00000000002C4CB5"
"129E3113-9AAE-496B-8180-EA4CE8E1BCB4","","NM-00770","0","385","405","","2905","842D7482-91AC-4188-B8DD-5E3AD09A4D1D","0x00000000002C4CB6"
"68501C92-FB96-4DC2-90F8-D582748D32F6","","NM-02040","0","80","198","","5578","C94A9E07-1305-254F-97B4-5E5015E7FAB8","0x00000000002C4CB7"
"C8F10454-8708-4D59-B121-0D6BC7626BE1","7","EB-006","0","300","320","","15","6495E983-495F-4915-A464-5E5AB4D99FD8","0x00000000002C4CB8"
"0376A0BA-FFBC-4410-A53E-EE271E898108","","NM-00270","0","65","85","","3867","1B1D2B01-7079-4572-8AAC-5E73077857E3","0x00000000002C4CB9"
"D0F74F13-54DD-4D76-9B2E-DA379A0B5DFC","","TV-301","0","1101.800048828125","1122.300048828125","","3003","33482CA3-3156-4F5C-9128-5E7379537175","0x00000000002C4CBA"
"FAAAB1E3-F8D6-4FB2-B148-7C6747E33EA6","","AH-024","0","410","450","","1579","F3607972-882E-4E6B-858A-5E7904320667","0x00000000002C4CBB"
"D5B492FB-F7AD-40CD-8193-FC3DF4362FE5","115","EB-114","0","280","320","","145","C0378BB5-B287-44ED-BA65-5E92E40C1D2D","0x00000000002C4CBC"
"B4154C7B-BB6A-44F9-B3A4-5DCC922C6435","","NM-00678","0","420","440","","2894","0316DE4D-BDB6-4B86-A61E-5E9B7930D120","0x00000000002C4CBD"
"5E67791E-3D83-4537-9D16-736E813F69A3","","AS-024","0","60","100","","1517","A591029F-9085-41FE-8024-5EB5AF9692F3","0x00000000002C4CBE"
"B706394F-FA52-409A-95FE-08B294DE49EF","257","TV-230","0","1220","1400","","1140","ABBAF93D-99B1-4824-8FA3-5EDDEE3AECA9","0x00000000002C4CBF"
"9CA6E19A-51BE-41B3-B001-911E38297881","33344","EB-639","0","691","711","","687","CDC0C2EF-B53E-4A07-86A7-5F02EEA9DB23","0x00000000002C4CC0"
"9E749DCF-E197-D74B-8043-7CA869D29ABB","","PP-044","0","80","120","","5273","57C7A8AD-C7F1-EA40-87D8-5F22025A6B9E","0x00000000002C4CC1"
"DB7FBE3C-D626-4B03-9C99-DA77F6DC09C6","","NM-03405","0","135","145","","2798","53E81B60-AB28-47D9-91B1-5F37B7BA623C","0x00000000002C4CC2"
"2447FCAE-0511-410E-A22F-89458CEC85A5","","AR-0089","0","10","32","","3726","1D0F62E4-050F-4328-9730-5F54E140C718","0x00000000002C4CC3"
"398135A3-3693-4828-A711-84F2E00E5BF0","33664","SM-0139","0","359","380","","812","B2C14CCE-61A2-4D73-98FD-5F70E591C072","0x00000000002C4CC4"
"7A3BCE38-D499-48A5-81DE-01424B3BA651","","NM-25118","0","478","490","","3467","AF1A061C-8FE2-477C-B88B-5FA4DF6CD6D7","0x00000000002C4CC5"
"6AC1520B-27C3-4E85-AE6E-BBC7D740DC3A","","NM-26892","0","350","370","","5297","722160B4-7AAC-FC46-944D-5FC92015889F","0x00000000002C4CC6"
"17BA7965-9F5C-4DE0-8DC2-1136F276E38E","66","EB-065","0","680","705","","78","F58FD5B0-BF55-4ABD-9FF3-5FD19E42848F","0x00000000002C4CC7"
"AFD8F3F0-EE0D-48EE-B941-07A39472BCB5","","BC-0134","0","380","400","","5114","004EE51C-9643-4F4B-AE40-5FD8C05B7A52","0x00000000002C4CC8"
"6BDA5929-F7BC-4BF8-8EE8-2839B18F5C92","33387","SM-0008","0","190","250","","766","54230CF7-B7ED-4B8E-AB9A-5FE9EECAF81C","0x00000000002C4CC9"
"47AC0596-11F2-594D-9C55-3F9F787D2AC1","","MG-046","0","80","100","","5724","B2456E32-2BD7-274A-AD5B-5FF375E5CED4","0x00000000002C4CCA"
"22A24CD7-88EC-4160-A929-E3B567044D28","","BC-0003","0","285","305","","3888","501E21B1-B6FD-4B25-87D0-5FF5EE042BC5","0x00000000002C4CCB"
"77ABBC03-F156-4DD9-BEDB-9A3E96C5D282","26","EB-025","0","160","200","","32","21809220-5E72-412E-BF18-5FF9CF48A272","0x00000000002C4CCC"
"0D4B6D59-4E1F-4812-BD4E-24613A24C73D","525","QU-138","0","80","100","","1012","CA660993-9082-4189-80D3-6018CA87EE18","0x00000000002C4CCD"
"E12D70A1-7BC0-4D56-97F7-0ED08FEADB73","494","EB-485","0","380","900","","569","3145BA63-360A-4935-99C2-601E2714A993","0x00000000002C4CCE"
"C5A605AD-87C7-4E43-81B4-C2840DE5B5C0","356","MG-028","0","215","275","","920","90E5DA45-51A1-4418-A4BC-604DCC466675","0x00000000002C4CCF"
"91C03B03-82EB-414F-8941-06DC3B6B4EEF","","AB-0054","0","43","83","","2600","B6F6ACEC-8ACA-44AB-868E-6055DF42CF85","0x00000000002C4CD0"
"1A2EDBB6-645A-4D60-ABF5-DDCA10E71E51","","SO-0152","0","5","20","","3150","D69B146F-4F6A-4E9D-B926-6073F843BB99","0x00000000002C4CD1"
"793C222B-B014-4E18-BBE2-6323910DE867","","BC-0001","0","340","360","","3908","597FD452-A6E1-4312-908A-607A7371C163","0x00000000002C4CD2"
"372AECE7-3E84-4A52-984F-6BCF3D130EE2","","AB-0224","0","125","135","","2740","FE941F78-E431-4F96-AE24-609993881C06","0x00000000002C4CD3"
"DAAFC632-9B77-48B2-A1E0-7FA5A9362691","","NM-26895","0","80","100","","4940","FDD721FA-F8C4-405F-8EA3-60AC0C3B3D42","0x00000000002C4CD4"
"F6FA758B-D7E3-4C20-B9D2-A76A73240062","","SV-0028","0","355","375","","3322","02ACF811-07FE-4F67-ACF9-60BB5A8AD3BE","0x00000000002C4CD5"
"3D73E5D3-D73B-497E-8C31-3FB65D83BD46","","EB-692","0","354","365","","5458","0EF343E5-8E63-CE45-B160-60DCA2D81166","0x00000000002C4CD6"
"6A667A3F-00BA-4B9A-B583-B0A9D979F982","","NM-26933","0","320","400","","5078","A75F8737-F23C-4EA0-92D5-60FB9F802913","0x00000000002C4CD7"
"16841242-88B3-4F10-A097-066B5E10D576","261","EB-257","0","115","125","","315","392390DC-AF57-43BF-97A3-6115B3BCAE23","0x00000000002C4CD8"
"182B21D5-9AAE-4CE5-9E9B-E2D0701229A0","","AH-034","0","510","550","","1589","B056D97A-AC42-41E6-821F-611602A8A8F0","0x00000000002C4CD9"
"65865CEB-7AA6-45E4-A24F-7F98EB8C00BC","","BC-0147","0","660","680","","3503","F8A0C635-5AE6-46BB-8774-6118DC09DF1C","0x00000000002C4CDA"
"96A863A3-17BB-4FCE-9D74-D4EDB27A6889","","NM-03386","0","85","90","","2796","E91F1018-C327-46BA-971B-612F451EA284","0x00000000002C4CDB"
"9FF9A71A-6C8B-427D-970D-AE74379A0E58","220","EB-216","0","240","300","","274","59661102-C010-4D4A-9DEF-61427A0E0E94","0x00000000002C4CDC"
"62F4D19E-D247-448B-8BDD-E1264EAA465A","","UC-0225","0","437","497","","2843","A30485B6-FF0C-4D55-95DB-6147116C2EF3","0x00000000002C4CDD"
"49C23C84-BAFC-479B-A803-BF31898487AB","","AH-070","0","400","460","","1801","BFD1FCD3-527D-46D6-BB77-61611F80E22D","0x00000000002C4CDE"
"6EE7149C-3CB3-47F0-8945-26EF772956E3","33388","EB-676","0","165","195","","725","67C9F25A-2481-4F3E-8396-6175A303A996","0x00000000002C4CDF"
"C1B37312-A053-4AAC-B04E-288E19E0A149","208","TV-188","0","335","395","","1108","356964A3-A6F0-406F-87C6-6175D3679B99","0x00000000002C4CE0"
"BD5C3931-E3D5-4177-9809-E2184CF8A37A","","AB-0060","0","590","590","","2605","EA292CB9-DFFB-42D0-AADF-618713E6931A","0x00000000002C4CE1"
"1271ACF3-913D-49C6-886F-41B6429789EC","227","EB-223","0","40","50","","284","A037A6A4-6C6D-45EF-90C8-619EF3A556D6","0x00000000002C4CE2"
"1E6F6A6F-0887-44DF-96D2-D2909DBA94B3","","NM-25025","0","560","580","","3505","1D51A394-CED4-48B8-A1E0-619F6D8763D9","0x00000000002C4CE3"
"B2E3A41E-B4B0-4501-96E7-4D965E363F52","518","SA-0212","0","265","295","","876","F5DDA259-7BFD-479B-B976-61C6B820625C","0x00000000002C4CE4"
"77B3C9F7-52A1-45DE-BA48-2B52D69F4505","","SO-0242","0","44","49","","3246","9BFA8CC8-DC35-48BD-B4E6-61C75C73C3AB","0x00000000002C4CE5"
"EC063552-924C-44E2-8DD0-86643708EC8C","87","EB-086","0","686","707","","105","8539F738-C678-4D27-890B-61CEEAA653F0","0x00000000002C4CE6"
"5BD00CE6-03F2-4813-8839-693062722283","","AB-0058","0","350","950","","2603","9104707E-826E-4BC8-83F6-61E336C98AD2","0x00000000002C4CE7"
"C9A19155-7C72-4350-9FB5-AD8D1F71462E","","AB-0216","0","405","1353","","2736","2791159A-F26B-4201-B7B0-61E71B151508","0x00000000002C4CE8"
"6DA1FA3A-D711-48EA-B089-72C6B641E49E","","AR-0051","0","41","49","","3724","989403F0-7EDA-4356-BC0C-6204B2A3D2AF","0x00000000002C4CE9"
"99ABA3A9-4E90-454F-98EE-450D81410852","375","EB-371","0","545","671","","258","2475B693-5C09-419E-9D69-620FD6C6ED66","0x00000000002C4CEA"
"BBAEAAAD-4B4E-492B-9E2C-CBB5C1011F87","","NM-21305","0","80","155","","3825","3ED5ACAA-200D-4A0D-8E43-6219E26F4615","0x00000000002C4CEB"
"027C2AA2-93EE-42E5-9540-1D4C8D7448F0","","NM-09729","0","127","646","","5567","FDFA5EF0-EC05-EE48-9D81-623A93ABE28B","0x00000000002C4CEC"
"12AB37CB-8434-4F77-8C92-A3EB9AC0C27A","","NM-03420","0","710","790","","2824","52B5C027-C6D7-408C-B124-624A88CD6735","0x00000000002C4CED"
"ADC4ADFA-3524-40BF-852D-9ED7A468025A","","LC-034","0","1","6","","1474","9F8456CB-7E46-45BD-8DFA-624C42037030","0x00000000002C4CEE"
"1DB12462-3B2C-442A-BAD9-EB5EF28DA3FE","312","EB-308","0","73","103","","382","ED10B91D-7D06-4A26-B55C-624F0BEBC682","0x00000000002C4CEF"
"ECFB449A-EB11-4041-9783-2D78BA3A8570","","SV-0139","0","180","200","","5213","217873CF-B31A-ED49-97D1-62553504A1B8","0x00000000002C4CF0"
"40CE82AD-AD5A-440D-A1A2-93B6B0274B00","540","QU-153","0","255","260","","1025","A4F8E5ED-ECFE-4309-8297-626103B3ADAD","0x00000000002C4CF1"
"FE5AB852-119B-42DD-9E82-8A2A0DD8D8DE","","SO-0185","0","4","18","","3183","621C01AD-9701-41EA-BC2F-62664D9B49FB","0x00000000002C4CF2"
"0A2B5BCA-9A46-F748-951E-8D459E346C00","","TC-430","0","225","265","","5429","CCD2BBD5-7059-EB4A-9207-6273D956EFB2","0x00000000002C4CF3"
"E456D47C-EAB1-4293-BDB0-F40FED022F63","","AR-0021","0","44","49","","2951","E1EFB0FB-50EF-44CA-AA5E-628CD309B30D","0x00000000002C4CF4"
"3D73E5D3-D73B-497E-8C31-3FB65D83BD46","","EB-692","0","215","234","","5456","2BAAC746-1B88-9E4F-B46E-6294C2551003","0x00000000002C4CF5"
"785D06F8-A8EB-431C-8A46-4E722976F087","109","UC-0137","0","122","142","","1330","9922C533-9A95-4C99-8EBF-62A932ED8278","0x00000000002C4CF6"
"416AA393-878C-49E6-AF1E-D3373989A79A","","SV-0046","0","500","520","","3343","B92FBC0A-5629-466B-AA0D-62B71ABD5C39","0x00000000002C4CF7"
"3051FD9F-29D8-4644-AA5F-0D8F08AE4B6E","217","TV-197","0","240","300","","1114","315F8E07-4F04-4B45-9280-62F53F68D466","0x00000000002C4CF8"
"439A8980-AC17-41AD-83D0-D7E98A2EC165","","NM-03394","0","138","143","","2792","432B1C73-867C-4F9E-BB9E-630E90BBD326","0x00000000002C4CF9"
"83217159-DE2A-45CD-99BC-163BBEF1855F","","AS-050","0","520","725","","1539","A6D510B8-590D-48C8-A832-63403BBD0099","0x00000000002C4CFA"
"C0B37CB8-8A76-42A7-BD83-B2BE6A380D8C","","BC-0097","0","185","205","","5033","F8F391F1-FB58-4811-9B72-634E0A77F780","0x00000000002C4CFB"
"5E020A7E-AAC0-4995-9462-3CA18261E7BF","405","EB-401","0","130","146","","458","86D0381C-3C91-478D-83B4-63689E269C0F","0x00000000002C4CFC"
"C8B7A42D-4CA1-49CB-B2A9-49ECF47FE780","93","EB-092","0","843","853","","113","DF93788D-FAF7-420F-854B-63695854A3D8","0x00000000002C4CFD"
"1A80BC2A-D656-4F0F-9A03-1AD1CEF6AA00","","SV-0108","0","400","420","","3406","BFDCFEE5-355F-466F-B219-6395B9950F60","0x00000000002C4CFE"
"42A1A2D7-004E-44BB-AAC7-DD9A799DAB86","33701","SM-0175","0","420","600","","826","06778490-03B9-474F-B2A3-63A21BB10A5F","0x00000000002C4CFF"
"2561F89C-D4BB-457B-993A-AA827C6DE323","","AH-045","0","120","150","","1599","23F8A0AC-82B4-4F4F-AD73-63D14903EAEF","0x00000000002C4D01"
"EA29D87E-998B-473E-81E3-D965EF4556BA","","AB-0009","0","26","31","","2566","42BB7F57-4552-4B32-98D7-63E54966D3EF","0x00000000002C4D02"
"73C78A49-304B-423B-91CC-6C10EEB3FFBA","101","EB-100","0","210","250","","124","239FB8B6-9811-4DCB-8562-63EC9D9F0D65","0x00000000002C4D03"
"0B84DE07-7972-C148-8233-33EE9C414DB8","","PC-093","0","500","520","","5384","4764E5F3-98BC-D04A-A1DF-63F955A562B0","0x00000000002C4D04"
"BFC9E418-0E1B-469E-9427-512D545B0122","","TC-262","0","160","200","","2135","908FBD4A-1537-4E90-8B79-63FE47C869A8","0x00000000002C4D05"
"167DADC4-A723-4E82-A004-B48C9D036F8B","539","QU-152","0","88","92","","1024","81173B31-1800-43D5-97FF-640987A5F069","0x00000000002C4D06"
"97FA7911-CDBE-4D56-BABF-27C98CC75BAB","","AB-0016","0","150","504","","2571","300AC671-1206-4B28-A1B7-640A32C8916B","0x00000000002C4D07"
"04E42A82-C823-4BC0-8B13-0BBF77CBCB40","","NM-00392","0","74","150","","2877","BD5376FF-827C-48A4-A85E-640C91058CAF","0x00000000002C4D08"
"55FB9FCE-1AB2-48E2-A774-5250C1E4B2F2","245","EB-241","0","26","46","","297","2C6C7CCB-69DB-43F8-8F9B-640E012219D1","0x00000000002C4D09"
"760A8F36-A093-4B8D-9B46-29D954EF815E","","AB-0210","0","1085","1090","","2730","3BEF4059-2D18-421A-82B6-641B8C3638A7","0x00000000002C4D0A"
"12C9924B-E92D-4B0F-B8EF-E4B8F24550B8","","NM-05638","0","175","297","","5587","39B4AD06-2EE4-CB45-B765-642E971281B7","0x00000000002C4D0B"
"C8E96D55-EF54-5D40-A4E4-3FCCDC25BE36","","WL-0262","0","578","598","","5696","5AF7DB2A-073B-FE4C-B901-64390EDC3623","0x00000000002C4D0C"
"51B3C27A-C2A2-4FE2-A9C8-3D3B4184788A","376","EB-372","0","520","700","","259","5C4279DC-042F-4800-A854-643CBBEF2421","0x00000000002C4D0D"
"165D246A-8DC7-4B3E-9F5B-B2714B694590","","NM-01466","0","16","56","","3064","DFD01565-130D-4E73-8C7E-644D8C08D802","0x00000000002C4D0E"
"8C3CE6DB-D00E-4D97-886F-8BD4E215F385","436","EB-431","0","240","380","","490","94973E5C-69FB-4095-8853-646528E1271D","0x00000000002C4D0F"
"00E87924-0B3B-4A16-AC33-656BDB682E10","56","EB-055","0","160","300","","63","88045497-3A2F-4131-8EDC-647640FA1FC5","0x00000000002C4D10"
"1E902016-17A9-4935-AA10-2B9033B2986F","","SO-0147","0","44","49","","3145","DDDD39FB-973C-4139-816F-6491A3B6548F","0x00000000002C4D11"
"845840A9-0F62-4F9D-B644-7E4AAB0184B3","","NM-09291","0","27","67","","3901","7CFBCC86-827F-49A8-B39F-64A02BBC28E2","0x00000000002C4D12"
"25C7C7DF-BC59-4D56-B9DD-512DCCD2676A","341","EB-337","0","1045","1065","","418","55B89C64-A7FA-44CE-ACF4-64A82FA9F2FB","0x00000000002C4D13"
"BA035273-FAE2-4531-AF2C-4BAB46DB32C2","","NM-25073","0","342","357","","3487","36842FDA-2A97-4F22-9636-64AB80CFF41C","0x00000000002C4D14"
"3FE0B58F-7985-4A45-8658-92CEDBC3540B","","TC-275","0","264","304","","2143","52A69B03-E9D1-4999-A0BD-64C2D86DEE10","0x00000000002C4D15"
"5184D03E-5C19-4080-98FB-0E78770809FD","445","EB-440","0","365","400","","505","301FE4DC-ACFD-40D7-A86C-64DCB33EE32D","0x00000000002C4D16"
"1752AB79-4EBC-4376-9AC1-33ABD62CE6E4","","NM-00388","0","195","215","","2875","B5F72772-97F5-4F2C-B1E8-650C97F0EB6F","0x00000000002C4D17"
"FCA93F0D-A2CE-49B3-A8AB-960A468DB55C","","NM-04469","0","160","495","","4967","87397677-D70C-4435-9D95-6513A2D7F095","0x00000000002C4D18"
"5324E172-C046-43BF-9715-8F5A38C7DACF","","NM-01245","0","200","280","","3025","A8B7ADFC-46CD-4357-B5C3-651A556B08B5","0x00000000002C4D19"
"4C36AC62-0942-4F2E-838F-A3B0E42209A5","","SV-0130","0","120","200","","3434","5476B8ED-D910-4745-BD51-651FB879179F","0x00000000002C4D1A"
"23DE5FCF-6F80-490B-9661-A857D3DFEFDF","","NM-24907","0","140","190","","3610","2A6B6AC2-63C3-4763-8EFA-653D5495A090","0x00000000002C4D1B"
"FB0912EF-BA2F-4990-8DF4-0958F548D775","","NM-23353","0","200","220","","3286","801CA3B2-4300-4185-B4E5-6549BA63D5CE","0x00000000002C4D1C"
"30F7BE92-AD36-4489-ABDF-5BED9E66E7A0","","NM-26725","0","30","35","","3443","335A8F0B-A2AE-4D1F-8C8A-654EA8FD82A2","0x00000000002C4D1D"
"DB86C570-B336-4D1B-BE7E-BBFD719CEA71","464","EB-459","0","460","470","","520","3625B99E-4532-4A93-8137-657045762FF8","0x00000000002C4D1E"
"A5F8CAE0-2715-4E23-828C-B52A5B129646","140","EB-139","0","1051","1211","","173","5A9466B9-9837-4921-8315-6578284ACA78","0x00000000002C4D1F"
"0EFF0C51-2A6A-47EC-97B3-92306B85493B","331","TV-289","0","920","980","","1198","E4FE756E-9B8E-4C9F-A087-657E7452CAB2","0x00000000002C4D20"
"ABF4FFEC-792E-4ED5-A842-BAA630DF9C6C","","TC-316","0","267","422","Steel with torch cut slots","5636","6E18744A-A974-5446-834B-6581A8D07221","0x00000000002C4D21"
"074AAE55-96F8-4B63-BD3E-7941C75C1FEC","","NM-24974","0","460","470","","3578","5434065C-C0C7-4448-9181-658EF95E9422","0x00000000002C4D22"
"4E96B9C6-F28A-4592-9618-C8939DBB6A0D","33298","EB-596","0","495","515","","639","278C9CF1-561B-4629-A396-658F4CACBD25","0x00000000002C4D23"
"E07200D1-CF59-7B4C-B118-33B0C036B0AE","","PC-040","0","80","140","","5343","B5EC1E65-CEEB-5646-B9A3-6593F67E8446","0x00000000002C4D24"
"4066B186-A04C-0F40-8CA2-4A16D0E8F9C0","","WL-0236","0","260","300","","5657","0925E9C1-7D32-1D40-8C57-659B5B4B1FE5","0x00000000002C4D25"
"CD5039BC-10DC-455A-9660-86316D32DC9B","","TC-220","0","402","422","","2110","BFBF4940-A0CD-4153-B589-65B27BF6A3A5","0x00000000002C4D26"
"9EED881F-F005-46BA-B62F-4981950004F9","325","TV-284","0","97","117","","1191","68E6A19E-4259-4EB5-B407-65B757E6CD67","0x00000000002C4D27"
"C09BE371-87B0-4E1D-B5EF-29D3BC14640D","","NM-24646","0","240","280","","3701","91E5B2F4-73B8-41EE-BAA6-65D3BE2BDC31","0x00000000002C4D28"
"BEE0A6DD-C3F1-FC42-9CA1-F804435106C5","","SA-0240","0","147","167","","5170","C7D55DAC-B4CE-5542-93AF-65DDAA772667","0x00000000002C4D29"
"87D69615-1091-4C8D-9AD5-DB0149DC9A58","474","EB-469","0","280","360","","544","BB3D8B8F-3930-4A5A-8937-65E187D5C4BD","0x00000000002C4D2A"
"402BB88C-BA7B-4FD5-BAE3-2D626831976C","33674","SM-0149","0","400","460","","816","E554371A-0F0D-485F-9ADA-65E73C2455E4","0x00000000002C4D2B"
"C48FE185-B0AF-4FB5-8990-B752232C5F30","","NM-24830","0","360","390","","3633","8C25C66A-78DF-4DAF-AD82-65EC80F76AFC","0x00000000002C4D2C"
"B4154C7B-BB6A-44F9-B3A4-5DCC922C6435","","NM-00678","0","280","300","","2891","AE8172D0-040A-44E8-80A7-661B63D28F96","0x00000000002C4D2D"
"DC575242-9F50-486F-90C9-6836723E077C","","HS-114","0","160","240","","2906","967AB9FF-3AF1-41FF-8B9C-6629A686AE42","0x00000000002C4D2E"
"A5242681-F7DD-4B09-9389-AADB2B13C48D","221","TV-201","0","200","260","","1117","A8F60939-36D6-43D8-8273-6650C804BBCD","0x00000000002C4D2F"
"0B09EF6C-47B0-4820-880B-09E80B1575B7","78894","SM-0251","0","90","155","","1233","DCA7C34B-0738-498C-8786-665DAC55E9E5","0x00000000002C4D30"
"32B0F43A-C595-4D67-8EE8-77FE0A119BEB","130","TV-110","0","278","298","","1046","59E73F4B-2F4A-4981-A03E-6672C6BE6043","0x00000000002C4D31"
"C1AE76E3-2A26-4802-805F-9D1D4CA233EE","4","EB-003","0","540","620","","6","A86782F7-44A6-4F1A-891E-6680640D7B55","0x00000000002C4D32"
"1B5EF445-8D12-4A7F-8BF6-8F385083527C","","BC-0172","0","370","390","","5142","044853C0-0347-412A-8980-668AD1BD9D62","0x00000000002C4D33"
"CFFBDDA0-3E50-4728-885B-11E1A8BD4239","180","EB-179","0","329","580","","222","F862E506-774B-4FB7-B9C8-66954C46C203","0x00000000002C4D34"
"C8551EEB-1173-4265-94D4-EC72EEF01936","","BC-0136","0","382","402","","5118","CF61E6B3-34C9-4892-97A2-66BDB7B2390A","0x00000000002C4D35"
"3660B54C-6AE2-4983-AD44-5300187EC08F","","AB-0155","0","65","100","","2684","AE99D880-7A34-4743-AF42-66CA477DB36E","0x00000000002C4D36"
"AAEC5359-863A-4D4F-BD3D-93E342BB33CD","","BC-0080","0","480","500","","5017","FEFA58F4-59BA-4C24-BF5A-66D3300DC9D9","0x00000000002C4D37"
"80C7ABE0-F226-493D-8D97-B65704392F61","204","TV-184","0","175","220","","1104","D800FFC6-D7A8-45C2-8370-66E5B1E9C666","0x00000000002C4D38"
"B4977AFE-6B58-439F-A9D8-BD1B4693FF96","","SA-0042","0","365","400","","3131","CA597B75-F067-4AF9-B932-66E7583DD6B3","0x00000000002C4D39"
"5F621C62-A7C1-794D-8B1E-DB1C976DF7C9","","AR-0231","0","17","23","","5472","F3F293DD-BAA2-6C41-BF3E-66EF153DBA18","0x00000000002C4D3A"
"D892AF2C-D47E-4796-8F88-91CF79983289","","NM-25485","0","4586","5681","","3774","A825D39F-DA86-4BE0-B07D-670851BD4010","0x00000000002C4D3B"
"D04EB6C0-BEF6-463A-96C7-B828B4DF10BF","","BC-0198","0","560","600","","5707","5ED0C814-582C-B644-8C59-6722B8BAF65E","0x00000000002C4D3C"
"F4BE5065-EEE5-4E04-8F31-BC8EFCE1679E","341","MG-013","0","40","200","","906","538CD07E-E50F-4D6C-B391-6733EE0B1B15","0x00000000002C4D3D"
"49B2103A-6D90-4D0B-AE13-1C6057331FBC","","AB-0067","0","148","228","","2610","7BEE994F-B609-416C-9924-673A4BFA988C","0x00000000002C4D3E"
"5A8846C4-F0C0-49D6-A02F-249BCA3C37B3","","AB-0053","0","552","572","","2599","64300CBE-3F56-404A-A0B0-674B43233F2E","0x00000000002C4D3F"
"636EC399-01E6-4C9B-81B6-D33503BE21B1","","AR-0193","0","6","18","","3099","02D1E534-FA47-456A-B0DA-674EAAB676B5","0x00000000002C4D40"
"D876B281-2D00-45F1-AB57-EA32200ECE06","216","EB-212","0","390","410","","272","272948D0-2FCD-4FEE-A720-6751BFB2458B","0x00000000002C4D41"
"94B0ABBC-0549-CB48-93A4-3F8A9332630B","","PC-026","0","360","420","","5336","357085ED-976F-B746-B79A-6757B2FB62DC","0x00000000002C4D42"
"1AF2D0AB-15B6-4E2E-AF9B-394E068D6EE1","","NM-01465","0","94","96","","3062","173B81BD-8CFA-4784-9812-6758DF932BDB","0x00000000002C4D43"
"26B247AC-C2B3-4C19-B29F-BD1C3F00F0CB","","BC-0181","0","360","420","","5152","99863E9F-2A7B-476A-9572-67781EA9B64D","0x00000000002C4D44"
"E0207CE2-3298-4F52-8902-CA47B40BA8A0","436","QU-104","0","260","280","","972","2C060F38-81C5-49A9-89D7-67AAC18AB2D3","0x00000000002C4D45"
"770D27F7-B56E-4B38-86C3-0DE711F3769D","","NM-26924","0","275","295","","5071","BDA15992-AA20-4583-9C18-67AE44BAFD84","0x00000000002C4D46"
"5D2B647F-1535-45C1-BC70-853B62FC5345","","AS-018","0","43","59","","1512","71A3DC94-99D7-4EE9-B4FF-67B801648896","0x00000000002C4D47"
"B4C24A76-DA08-428C-BCA4-AEA01D7504D4","","SO-0211","0","54","58","","3215","25573372-4C07-4C82-9F24-67B80A3C0ED7","0x00000000002C4D48"
"0D1A565D-8000-4A82-B0A3-2066148F75BD","155531","TB-0065","0","13","33","","1262","1750D58E-7937-4011-ADB3-67DBA822FE59","0x00000000002C4D49"
"ECFB449A-EB11-4041-9783-2D78BA3A8570","","SV-0139","0","240","260","","5214","D6606747-B42A-E944-AD00-67F57D1B3695","0x00000000002C4D4A"
"8EA85C21-0764-4E30-8E61-D1B8B89CED74","77","EB-076","0","394","399","","87","8B4758C0-334C-4625-AF8D-68013FB39309","0x00000000002C4D4B"
"B81493CE-D7D4-4A12-B113-FE1A508A55F3","","AB-0123","0","1183","1188","","2659","1C65EC67-E929-46D0-AEF8-683CE678A04F","0x00000000002C4D4C"
"82264529-D2E0-4AA5-A8F7-DD5551646E49","","SV-0051","0","440","480","","3349","374A60EC-D289-4B80-80F9-683D3C818371","0x00000000002C4D4D"
"99B0A4F9-22D0-4357-AC4F-CE7437FA3245","","NM-01444","0","452","492","","3057","A057A2D4-8EB1-4FDB-AE6E-685116F24EAE","0x00000000002C4D4E"
"255E9A26-8380-3747-B476-6757007AD92E","","DE-0024","0","200","505","","5665","28CFB99C-C0B5-5D41-846C-685E136D94A0","0x00000000002C4D4F"
"6ABA4D60-A680-41A9-A646-68C2E0E57267","","AH-087","0","640","720","","1774","9260663B-2420-4F6E-8B64-6866BFC8BBE3","0x00000000002C4D50"
"AA18785D-4E96-4D2C-82F9-9CBF36860484","443","EB-438","0","540","580","","500","E3908456-6FF4-4E81-A01E-686CE2F94D11","0x00000000002C4D51"
"147DC72F-91C7-421F-B834-66670674434F","33239","EB-519","0","220","260","","592","D92074CF-DA3F-4B96-8075-6880F2DB38C6","0x00000000002C4D52"
"740EE87F-3C57-452E-B30A-2B60A095D94E","","NM-00523","0","200","350","","2881","80396073-4B09-4098-B4B7-68848AA149D9","0x00000000002C4D53"
"BD564B40-9BB8-4654-AF84-11A5A47A3A52","","AH-005","0","450","500","","1562","53BC2D5D-57A0-4CCE-ADE3-6894CB05F859","0x00000000002C4D54"
"8DDD756B-01F4-47F8-8CA4-1EB49F357165","","TC-245","0","400","430","","2122","FB1FEBBC-154D-443C-930E-689762097792","0x00000000002C4D55"
"B31EFF4C-6A0D-4644-B214-61F2F23D87B5","155596","TB-0133","0","63","123","","1289","630CC18C-24B8-4D0F-8CED-6897868C3B72","0x00000000002C4D56"
"8A50A235-B354-E94D-9A93-D0E6061743BD","","WL-0287","0","220","240","","5735","4EB2FB86-2F15-5242-B4A5-68AA974A3D95","0x00000000002C4D57"
"D892AF2C-D47E-4796-8F88-91CF79983289","","NM-25485","0","5515","5642","","3777","7AF8B276-D746-4AAD-BF89-68B012B17342","0x00000000002C4D58"
"53896C70-E6F2-41EE-878D-8C3B98E0675E","","UC-0234","0","98","138","","2851","ED083943-2CD1-494B-B7BE-68C708F13511","0x00000000002C4D59"
"98BFD868-957E-400C-AC31-4D976923EE1E","","SO-0228","0","44","49","","3232","4CA3E699-CFB2-435A-856A-68D356988006","0x00000000002C4D5A"
"3505A607-825A-446D-986D-777E53FBAABD","","AB-0035","0","479","1184","","2583","4B32308D-A71E-459C-A614-68DA45C9012F","0x00000000002C4D5B"
"17580E68-CB56-41E9-808F-2CF190C75749","246","TV-226","0","63","103","","1136","5D2CAAAC-9909-4F20-893B-68DDE0EE8CAA","0x00000000002C4D5C"
"2794010E-7B99-4160-A584-EB7BEC616759","","SV-0043","0","140","160","","3340","1FAE78A4-88CA-4793-8AE4-68F96DE31B17","0x00000000002C4D5D"
"84354BF9-80AF-4845-9922-FED592D0253F","","NM-27235","0","845","855","","4979","566B71F5-C13D-4855-BCFE-6902D73F7D5F","0x00000000002C4D5E"
"BFA6C20C-3716-4776-9CE9-C19CEA4E5740","149","TV-129","0","380","400","","1066","75209A14-49C0-4286-BDDD-690B29EE87B6","0x00000000002C4D5F"
"4FD357BB-B73A-4991-97A3-0602B5717134","","NM-02242","0","60","395","","5602","9E3C45EC-6940-E74C-9AD9-6918FD0217E8","0x00000000002C4D60"
"CD197744-7CBB-4061-9C1B-10A1891DD8CD","","AB-0247","0","0","2","","5754","D12FDA77-4147-42EB-888A-6936256E131D","0x00000000002CF383"
"737F3D89-07E0-43A7-A652-23FEB9C56B1A","","BC-0120","0","380","400","","5050","072B2085-4838-457C-85C1-69474B06D947","0x00000000002C4D61"
"0D8494BB-4278-4EB3-922E-15231A993A68","","QY-1014","0","16","19","","3001","DE680232-8170-4B09-9DF0-6951870285A0","0x00000000002C4D62"
"4329F623-23DE-4250-AE43-98F8C0AA4951","","NM-21467","0","9.5","19.5","","3841","230EAA3E-804E-46B1-AC20-69551BDE6592","0x00000000002C4D63"
"3598844A-B591-4E43-B1F1-8A338637FA4D","","NM-24960","0","460","505","","3586","22C840F7-2E72-4D2D-B182-6956A79930C2","0x00000000002C4D64"
"A273CDCD-CEFA-469C-9950-B936FBC5938B","216","TV-196","0","350","450","PVC","1113","BD71F2D0-B6F3-415C-BBA9-695A629029B3","0x00000000002C4D65"
"46709F07-CA7E-41D8-9D9C-69E8ACA81005","","AS-021","0","100","140","","1515","EBBBEBC0-FAC9-41E0-93DD-6994C3E0278B","0x00000000002C4D66"
"3327432B-163C-4729-8344-E032C807C73B","78846","SM-0218","0","705","810","","833","20FBB6A9-70EF-451E-BBB7-699952EF5865","0x00000000002C4D67"
"519A6B34-2AC8-49EF-B055-01F241307AA9","155466","TB-0006","0","360","420","","1239","45CCA246-F615-46A3-89F4-69B85B6BB5D8","0x00000000002C4D68"
"952B4D0C-560F-4C12-90CC-F98B85E5D227","","NM-26340","0","201","245","","3790","1C997715-9841-460E-B3DF-69C1B276B82F","0x00000000002C4D69"
"FEA411D6-E407-4130-9FC9-C652C6080493","","AH-051","0","600","640","","1605","1DF6E3B9-A6BD-400F-87A9-69C459E04502","0x00000000002C4D6A"
"E57FC35D-E822-4541-9A27-657645A971BF","","AS-069","0","43","63","","1556","71A077E1-7B3B-498C-83CA-69D50B7E14C3","0x00000000002C4D6B"
"0ADF171C-AA10-4836-A11A-9100E31D7BBD","","NM-01873","0","40","60","","5595","6CC34127-BF02-7040-A997-69D71F156F7B","0x00000000002C4D6C"
"DB5B0FFC-D6DC-4F0B-88FB-FF70D4A30CA8","","NM-00367","0","192","242","","5720","6C99736A-824D-AA46-B63C-69ED5C98A1E5","0x00000000002C4D6D"
"D465DE28-CBD0-4138-A41E-4A8D50C23984","","SV-0125","0","340","360","","3426","24E8F37D-ADDA-45E2-AA34-69F41D4C2B2F","0x00000000002C4D6E"
"9DF001FA-1D52-4CC7-B319-A6F080925A3B","","AB-0092","0","810","830","","2632","E5E0D8EF-16FC-4C92-B773-69F5FCC7E282","0x00000000002C4D6F"
"4E96B9C6-F28A-4592-9618-C8939DBB6A0D","33298","EB-596","0","525","545","","640","D02B69AA-B261-46FB-B45B-69F9E539FB97","0x00000000002C4D70"
"C84936AA-2FAD-492E-AC04-B50D3B723970","","AH-091","0","380","410","","1778","97225D15-8B0B-451B-9BAE-6A024C85566E","0x00000000002C4D71"
"BE09A1F3-2965-8D4F-AB23-88407C02D4AB","","PC-079","0","180","190","","5377","68E74F0D-C440-5E46-9895-6A2ED51D6BC5","0x00000000002C4D72"
"B225809C-B52A-4BFA-8C23-9267A432E115","421","QU-086","0","419","429","","990","0CA2E204-2A6B-4B07-85F5-6A581C9B0A20","0x00000000002C4D73"
"ADC6A6DA-4CF4-E847-941E-8702DBEB6BF7","","WL-0249","0","355","415","","5684","8C301AD5-D7DD-3B41-878A-6A62F59A3037","0x00000000002C4D74"
"2E6706B5-29D0-4F9B-84E9-06B17C18BADD","","NM-01287","0","248","288","","3027","DE229086-0F2C-42BE-81CF-6A74E6114B5B","0x00000000002C4D75"
"423CF3AF-D4EE-4F9A-BF09-1536C0299895","","SV-0094","0","223","263","","3390","24FC981C-4072-4AF3-867C-6A7E5405D2DD","0x00000000002C4D76"
"46763D47-82D7-7741-9BF3-EDF8B8A3F6B7","","PC-098","0","280","300","","5389","893C24B1-05E9-1047-85E1-6A97D4CDDE1A","0x00000000002C4D77"
"3116308A-2A7D-4D2E-B386-B2FD45F0A81E","","AB-0101","0","1020","1040","","2641","D200ABD4-D0C0-4980-8F35-6AA4042A8DE9","0x00000000002C4D78"
"A18C9AF6-4225-45AA-8D6B-C7427E37E791","290","EB-286","0","390","410","","350","1E9B6F98-2DC9-4DDF-AC9B-6AA66DAC9C65","0x00000000002C4D79"
"46FC6401-1A6E-4475-A4F1-86493E531830","","NM-00707","0","35","92","","3742","9572AB89-740C-4E25-9159-6AC72CF88930","0x00000000002C4D7A"
"6BA7ED4C-9D0C-2F45-B757-94546AEFBB94","","PC-034","0","280","300","","5339","FF85E62D-B40C-704C-B811-6AF2925A59DB","0x00000000002C4D7B"
"B10EC250-21CF-FF4B-8F63-88ED3CF87E53","","AR-0230","0","50","55","","5475","9BAA4837-7EE6-9D4F-BDDF-6B11D225277A","0x00000000002C4D7C"
"9211C90B-8D32-4CAF-8153-70E84AA711D2","173","TV-153","0","140","200","","1082","57A6ED20-5F81-4F53-AB96-6B2BB60D6A0C","0x00000000002C4D7D"
"4FF7ECB3-871E-AA4A-99AD-E016F2E73060","","DE-0013","0","382","405","","5663","61E97E79-B305-D843-8C1C-6B407A06C5AD","0x00000000002C4D7E"
"FBA980C4-4631-44AA-9DAE-8A91A84FF2E4","","SV-0067","0","260","270","","3366","2CA240E0-55E1-4FC5-BBD6-6B743F0948CE","0x00000000002C4D7F"
"4D888923-8C44-1746-9CCD-AF83EFA8511E","","NM-28329","0","170","200","","5510","72221887-E25F-044A-ACF3-6B7E4F7B6B8B","0x00000000002C4D80"
"5887722F-5099-4C78-9D66-65651DD6039A","315","EB-311","0","160","180","","389","B6FDBA0F-3A53-449E-913B-6B82F877E75A","0x00000000002C4D81"
"F8363797-A77C-4073-B7E7-79888B8EDE6C","33663","SM-0138","0","393","433","","810","43AFCB39-435A-420A-8962-6B83EE3424CF","0x00000000002C4D82"
"6166FD4A-3F63-4C0C-A204-7459BF492C3B","","AB-0102","0","600","700","","2642","0116B1F9-CFAD-45E5-A89D-6B869FC81631","0x00000000002C4D83"
"E22FC976-E0BA-41E9-A5B0-A6635224ED43","","NM-26893","0","85","95","","5290","AD6FF5CB-B2EF-6242-B109-6B8A7887C367","0x00000000002C4D84"
"FB337129-63A6-4595-818E-A227FA68F34D","384","SA-0072","0","250","270","","857","BAAF948C-3AD1-4A50-8EFF-6B989B6FF08F","0x00000000002C4D85"
"DDEDB57F-2707-4E88-A111-553D167A5A78","79","EB-078","0","305","325","","90","59F24092-D727-4017-9284-6BA1C1B9B2A9","0x00000000002C4D86"
"2BE78C50-586E-4887-A892-2CEFE5CDEC94","122","TV-102","0","360","440","","1036","FD1BC9BF-8366-4A3A-A1AD-6BD0FCBB7B6F","0x00000000002C4D87"
"5B488110-6504-4240-9B46-A6EEF752B8DA","","NM-02351","0","268","383","","5605","B24F73D8-75CF-574E-B5D2-6BE47CBA4E1B","0x00000000002C4D88"
"228295D2-EB06-43AC-87F5-8237B4538791","","NM-24893","0","336","356","","3614","8D2A75A5-1DF1-4122-8B39-6C1921D981CA","0x00000000002C4D89"
"A599A9DC-B09A-47D0-BEC1-35F05BD93C8B","","NM-05786","0","200","400","","3878","93C04F74-5467-4571-9166-6C313BD90139","0x00000000002C4D8A"
"9A4EA48C-4B31-4212-869C-A2AC11F94E17","212","EB-211","0","160","200","","271","7DF55E28-A483-4DA2-B73C-6C3A9AA09248","0x00000000002C4D8B"
"6067725C-5576-4EBB-AF45-B78E391F5DAE","","AB-0005","0","388","433","","2563","1AB7C223-DDC8-4A76-ABD8-6C5D0CB4E8CB","0x00000000002C4D8C"
"FD320FCB-2B3E-4B1D-943B-710CE83FF1EC","383","QU-053","0","45","71","","963","EA617BFA-5280-4DF2-A7FD-6C697AE1B236","0x00000000002C4D8D"
"BA29DE6E-974B-44ED-BAD2-B4E6242E40DB","120","EB-119","0","400","700","","152","07AB9479-6311-438E-AED4-6C8C3693DA4F","0x00000000002C4D8E"
"97B354D1-F535-4CEC-BF06-47DEEA6D465A","","SV-0096","0","190","210","","3393","0A2BF005-05F9-49B3-BBB6-6C8CA81C7829","0x00000000002C4D8F"
"23BB19F2-1F97-4D68-9C0C-559AC50C5795","","SO-0173","0","44","49","","3171","E5D0CC43-A5FD-4B39-A3BB-6C940E8099AF","0x00000000002C4D90"
"D7A2E659-289C-444D-AF0E-3F996F355F53","","SO-0146","0","4","20","","3144","65BE1F18-813E-4C5C-91E9-6CCBC60967E7","0x00000000002C4D91"
"CFA9509C-2352-4404-BD99-A6B8B23984C8","441","EB-436","0","300","380","","497","051F45AF-5E88-467A-B17A-6CE761AEB0BD","0x00000000002C4D92"
"E9307AB4-7BDD-41D6-B0EE-967CABA75FBA","","NM-23292","0","20","500","Open hole","5718","1C40EC3E-A74F-764C-BA88-6CEB43BF6513","0x00000000002C4D93"
"75245E4B-4188-40D4-A112-9A52757C766F","165","TV-145","0","20","80","","1075","84026D41-BD36-4FCA-B32B-6CF46B36B6FD","0x00000000002C4D94"
"1D8BF403-3C78-427E-9952-2C2DFC4BA1EC","431","QU-096","0","60","80","","993","95A1A266-E40B-4340-BFEB-6D11E2065C27","0x00000000002C4D95"
"691EC193-98C3-44CA-A85B-49C078A97A2F","","TC-216","0","520","540","","2109","266DEACA-FC23-40F8-9A93-6D3313818CA8","0x00000000002C4D96"
"B25DE888-91FE-42D9-8ADF-EA80FCAFF310","33376","SM-0029","0","90","130","","1228","74C66812-B43D-431D-B82A-6D3A5F066D65","0x00000000002C4D97"
"D4068E63-8A78-4871-B6D4-3F5657971AD4","","NM-26967","0","800","820","","5103","DCE56761-F1EE-49EB-937A-6D5C7E3760DD","0x00000000002C4D98"
"9D07C22B-48F0-A840-A7D9-004D5DE5C5C7","","PP-040","0","70","110","","5246","ACC1507F-AECD-364C-8186-6D7238F91A44","0x00000000002C4D99"
"A5AFD41D-1683-4904-8F4E-6CF5EC9B9182","","SV-0019","0","140","160","","5185","6DC0BF92-2514-5149-B798-6D749383CC71","0x00000000002C4D9A"
"14B3CA33-695C-4615-A4CB-A4232FA15BBE","","PB-0016","0","160","170","","3268","94DB7EA0-34D1-427B-9407-6DB436A893DD","0x00000000002C4D9B"
"44A5A2CF-1A16-4914-8125-F4ADFD9FCF8D","422","EB-417","0","280","320","","476","E05C905B-8E7E-481B-B05E-6E0DA14FC55E","0x00000000002C4D9C"
"D7A8E170-79C2-4E07-9BF1-99731D65CA36","","NM-08385","0","683","690","","5539","F93B54B2-DD08-FD42-860B-6E0F86EEFD1D","0x00000000002C4D9D"
"970440D7-5041-4734-B424-4B4BEDF0EC2B","","AB-0011","0","260","270","","2568","456C923E-B097-48B9-9409-6E14B2E49B2F","0x00000000002C4D9E"
"CADAEA9C-171E-4D2D-98D3-C89198FCB66C","","NM-24998","0","151","153","","3567","98DE9AB5-4E35-4906-A9A1-6E2A99080410","0x00000000002C4D9F"
"6011BDD5-42E1-4119-B560-D83DD5749171","","AB-0230","0","392","552","","2744","8A0F58A7-FE13-4EB9-BA73-6E33084F288F","0x00000000002C4DA0"
"586658EF-BAEC-2C4F-B130-F879D412BB3C","","WL-0041","0","725","745","","5205","442FE541-C0AD-D149-96F1-6E3B9875EF51","0x00000000002C4DA1"
"6F9F309A-C161-EB41-9C8B-B3FBC004D2D2","","WL-0138","0","115","135","","5635","E3FFB4CD-ECCA-9C42-ABA0-6E762AAB6D34","0x00000000002C4DA2"
"0BE60CFF-608A-408C-A14A-3818E821251D","","SV-0031","0","340","420","","3327","3FC5EF2A-81F4-4A7C-A487-6E844DBB3F45","0x00000000002C4DA3"
"22B3DB79-F721-4E87-8057-6FE5109F5076","","AB-0202","0","698","1098","","2723","2C29BBF3-8DA6-4929-9E5F-6E9433C855D1","0x00000000002C4DA4"
"9C57056E-EEA1-1C47-B822-DE3E674F6800","","PC-071","0","70","90","","5371","A0F6EBE7-432B-BA4A-AA4F-6EA97AD760F7","0x00000000002C4DA5"
"E2A2425E-77F2-4EBD-A6BC-DA2CA77D94B7","328","EB-324","0","260","280","","400","95995A97-5892-4A95-8AAD-6EB775944FDA","0x00000000002C4DA6"
"3E0DF2E2-E2C7-E344-8BB4-D25FA551B2CD","","PC-121","0","250","270","","5413","1930F2B8-F4EA-9241-BD76-6EC7507C7754","0x00000000002C4DA7"
"4ABE4D5F-AF43-864F-BDA4-31170EAC4698","","PC-020","0","300","320","","5327","7B6175C5-ED62-4243-9DB8-6EDF8A0BE77A","0x00000000002C4DA8"
"D25810E5-D68F-4BE2-BE8A-7F33156FE984","","TV-261","0","100","140","","3079","32A3B9B0-FFFB-40BD-BA43-6EECE195CA3F","0x00000000002C4DA9"
"DAB571A9-E095-4CBB-BC98-A7F589202E54","","NM-24903","0","159","169","","3613","277CA118-70DF-4E84-92B8-6EF039CA4B33","0x00000000002C4DAA"
"3113F548-4F86-4C68-BDE3-36E1B4BF7989","","NM-24738","0","256","271","","3658","F9D46443-9E66-4084-8A58-6EFCE845D7C2","0x00000000002C4DAB"
"14EC2A99-B5B6-47A5-8FCA-1D4288A206AC","","AS-066","0","170","230","","1553","F41E69E5-2F76-44B8-AC00-6F0771ED74F9","0x00000000002C4DAC"
"8E493278-6AAF-49E9-978C-0639FFC15795","147","EB-146","0","22","32","","180","82A2AC68-856E-4342-8E8D-6F155BC74760","0x00000000002C4DAD"
"FBC4235A-2049-E045-8C3E-2B0370F6DB1C","","PC-116","0","245","345","","5408","FE67EBDD-A190-6E46-B8B0-6F2095C89979","0x00000000002C4DAE"
"2C3BFB8B-9131-4AA3-BB97-5D083F60BB68","","NM-11385","0","105","165","","3906","80D0D4B9-C1E4-4E7E-9AC7-6F2D286946D3","0x00000000002C4DAF"
"ED013839-3762-4C05-8589-415DAA96592B","","NM-01442","0","130","148","","3056","10FCD6B9-8EF9-4F4D-848F-6F35BB4DCDB2","0x00000000002C4DB0"
"E63D3D8F-C471-4699-92A2-45BAC2E1814E","","NM-01417","0","102","110","","3046","437EF6E3-E7AA-4559-A701-6F68300878FA","0x00000000002C4DB1"
"1B95B461-3D97-4316-8DB5-F037C35DBE29","","NM-24663","0","255","270","","3692","1138019F-A6F9-4D6E-8011-6FA45BCE7E3E","0x00000000002C4DB2"
"71D54F29-EC02-464B-824F-10A7DD9C62DB","","TC-248","0","760","880","","2125","2A268A51-FED9-4021-ABA6-6FBAE814A2D9","0x00000000002C4DB3"
"20264064-0F3C-476B-A301-D3745566B615","55","EB-054","0","70","175","","62","153B5062-5897-48A0-B2E2-6FC478BA0D70","0x00000000002C4DB4"
"57FE0234-A02F-4BDD-9461-011547EF12FC","274","EB-270","0","324","334","","329","1DA30A96-DE6A-41FB-A6DC-6FD27909B145","0x00000000002C4DB5"
"651E5F98-72C1-4282-9BC6-0A62A3158FAD","","AB-0020","0","231","341","","2573","E4B78A06-837A-4632-948D-6FD5A342B630","0x00000000002C4DB6"
"AAE63F34-7FD8-423D-A6EA-686B955048C5","","NM-21424","0","40","60","","3837","69FEE00F-EB39-403F-8784-6FE3AE4534F5","0x00000000002C4DB7"
"B694268D-E0DB-4B00-AD06-06715F1BD2EB","","NM-24911","0","223","254","","3605","87603411-277A-449D-BDB6-7009A84A777D","0x00000000002C4DB8"
"0F805A02-E80A-4C6A-8FF7-107856B148CD","122","EB-121","0","525","546","","155","695644BD-6033-4B0E-A2D5-70105858A1EC","0x00000000002C4DB9"
"D3650168-15E1-4F96-9749-695A92D8C23E","","SV-0099","0","180","200","","3398","A0B7270D-44C5-4F09-B749-701FFC045626","0x00000000002C4DBA"
"14C813C7-576B-44BC-8B3D-0AFA1853847A","57","EB-056","0","110","180","","64","5F9B9C1E-8DA5-4606-BD8B-704F78CE59E5","0x00000000002C4DBB"
"7CB4B48C-0A0D-2C4A-A4D9-C6FA853D84E7","","WL-0183","0","220","240","","5526","16D60B15-2AD3-1B4E-AF06-7053964AB728","0x00000000002C4DBC"
"F8C66ADB-50B7-4804-967B-C7840199BB35","321","TV-280","0","120","140","","1188","2C70BE44-AA64-453F-8537-705A0F8856C5","0x00000000002C4DBD"
"DC117459-3818-5242-B31E-6C5EDE346221","","WL-0085","0","84","124","","5435","93CDC83A-4622-F542-ACE4-7071E7DABAAB","0x00000000002C4DBE"
"412F11DE-B061-4DF3-813A-366CBC596D33","","AH-035","0","480","520","","1611","2F2B78FA-F9BB-49EA-B967-7075BF9B7097","0x00000000002C4DBF"
"CD12CFA1-817C-427F-BA42-8915B6C903C9","248","EB-244","0","1917","1922","","301","9850F063-847C-462D-9076-707C731DCE52","0x00000000002C4DC0"
"979A6C49-42EB-4127-80E9-F2D4C92A75C5","155499","TB-0049","0","180","220","","1248","51E8DB78-7FF2-4B43-AEB7-70ACF00D0D1E","0x00000000002C4DC1"
"5949B24B-5044-4434-8EF6-8571B50268DA","","MG-038","0","135","141","Open, uncased hole; fractured rock","5623","6ECBCDAB-2901-7F49-BCE3-70CAE6079D2F","0x00000000002C4DC2"
"2D00B76A-19A1-44D9-A254-71E4C7D1BC20","","NM-21529","0","110","160","","3845","4BA5A8D8-6975-4609-A4CE-70DAEB1E6832","0x00000000002C4DC3"
"81F00B5E-8CFB-6E45-8004-F4D8E1A7895E","","PC-127","0","540","600","","5416","349DD6A3-98A5-0A40-AFB8-70DE3ACCB101","0x00000000002C4DC4"
"F04ECDC7-43E3-4807-936E-F37025CDC06E","","NM-26915","0","80","100","","5062","0D279C36-DD64-44C6-8565-70E9A853E115","0x00000000002C4DC5"
"9580A9CD-DBEC-4DF9-B3FF-E5890FD0A16F","","NM-24639","0","210","250","","3704","F2FAB8E6-FB1F-4845-975D-70F96E3309AD","0x00000000002C4DC6"
"6F29C6BD-3366-4277-9362-D8D38905CE90","424","EB-419","0","200","300","","477","6F9E1AF4-6B23-4457-ADD9-7112BAAF8372","0x00000000002C4DC7"
"4AAA1D2E-461C-4DF9-B0C7-1F2F1A4D3F2A","","BC-0152","0","80","125","","5123","C883E56F-FEB4-4279-8E2C-7142FAE44020","0x00000000002C4DC8"
"018C1C28-F0D5-4598-8025-259B99DAF96F","","AB-0038","0","832","837","","2586","48B0B764-98B2-42F2-A515-71608AC55C78","0x00000000002C4DC9"
"E21A4EFE-ABA4-5542-8CE5-9380B2EBA63A","","WL-0175","0","50","53","","5521","6B9A91C6-6C7C-644A-87E7-7170B90F1DB2","0x00000000002C4DCA"
"47A97CE4-D900-46EA-AD3E-21462FDB2E6D","33295","EB-593","0","410","450","","636","E18A6E53-A9E0-44DB-8B73-7176A40D6D33","0x00000000002C4DCB"
"88A8E20F-BDCD-4959-AC2E-0BA07F54E297","442","EB-437","0","400","420","","499","961004C9-E6D9-4244-B9F5-71AEC5270474","0x00000000002C4DCC"
"14C813C7-576B-44BC-8B3D-0AFA1853847A","57","EB-056","0","335","375","","66","86787BDC-6C34-45E4-BB79-71AEC53432C3","0x00000000002C4DCD"
"AAAB9CFF-1B67-41E0-AD01-68AD93A20324","326","SM-0259","0","390","410","0.032"" slotted pvc","851","6BCF46D1-57CF-4DAC-8B9D-71B9AAD47854","0x00000000002C4DCE"
"8E947D17-23B0-4382-9DD9-F4A5A63C76E9","281","TV-247","0","30","60","","1157","11C23E2B-5BBC-49CF-8EC3-71C59E497E83","0x00000000002C4DCF"
"84354BF9-80AF-4845-9922-FED592D0253F","","NM-27235","0","785","705","","4977","AC021C70-C74E-4018-BF1D-71EC2C622DD3","0x00000000002C4DD0"
"6DC26BE2-1CCA-AF49-B96F-AE89F66C9E11","","WL-0278","0","160","180","","5714","13137620-0325-6847-9DEC-71EF0BA478B1","0x00000000002C4DD1"
"83E9341D-EB00-435F-B446-E7715EF9CC0D","","NM-26913","0","610","650","","5059","21550961-2FCC-4E5C-A384-71F8ADF08E48","0x00000000002C4DD2"
"45A9EB2E-5F3A-4F1D-95A1-9E31D5F53C14","155591","TB-0128","0","60","80","","1287","F71D0E14-5801-49CE-9A68-71FC1984B9A0","0x00000000002C4DD3"
"B74F8C6D-3DEE-D34A-8A58-F4F002E03821","","WL-0135","0","388","491","","5737","09ED74BD-A7BE-C54D-A065-71FF065F32C8","0x00000000002C4DD4"
"2D1D394D-C44E-4AF8-B113-E606A1883147","","AH-004","0","60","100","","1561","45AA8472-0F7C-44EE-8E68-720307987221","0x00000000002C4DD5"
"FA599519-55F4-47EC-9736-F33FE1F375D5","","SV-0014","0","130","160","","5182","6872A728-D379-C446-A0EF-72058019559A","0x00000000002C4DD6"
"A173F886-7655-EE4A-929B-7F15B689E579","","WL-0148","0","65","100","","5493","691C17C9-EE1F-C442-BC00-720987262D9C","0x00000000002C4DD7"
"D668E434-1CCF-EE4E-A065-DCD7B1FB7110","","SA-0239","0","95","100","","5173","51F04375-BD19-2B4D-A5DB-720D8F786DA5","0x00000000002C4DD8"
"380A96E8-6F16-44D3-8C87-955E9FC18EA4","","NM-24734","0","460","510","","3662","B0B0305E-C3AA-4533-A7ED-721D73501DCD","0x00000000002C4DD9"
"F6FA758B-D7E3-4C20-B9D2-A76A73240062","","SV-0028","0","255","275","","3321","DED95CA8-3903-4DD1-BCE6-7229594BC355","0x00000000002C4DDA"
"3FA5664A-99AC-4E1C-9895-54B33AD42B06","80","EB-079","0","500","520","","93","8EAD79CD-43D1-4AFC-975F-72586A5E4593","0x00000000002C4DDB"
"A25859D2-860E-4A34-A853-26A333F1C7AA","","NM-03667","0","460","470","","5427","1C64CFB8-692B-1842-8674-725FD47DBBC7","0x00000000002C4DDC"
"21183830-5443-4233-B3D3-6AF28C16B958","","SV-0034","0","370","400","","5187","86ABEACD-7A7A-D348-A6A4-7265DB67C72B","0x00000000002C4DDD"
"74AD8C39-B71E-4E46-B71D-F9441AEF2690","","SO-0177","0","4","20","","3175","EA40125B-F457-4F50-9ECF-728C319D6E63","0x00000000002C4DDE"
"EC23D99C-A73D-4042-AFA7-4043926BD1F7","78878","SM-0238","0","85","125","","841","68F6FA5B-BC35-444D-AB5E-729F8D5A81AA","0x00000000002C4DDF"
"0CA68EAE-2561-4B18-B73B-B59E3D5AC6B2","","BC-0076","0","200","220","","5010","82736B8F-AEB4-469C-92F6-72A80D0F09FC","0x00000000002C4DE0"
"025F5773-1F5A-4156-83E1-9F944918DFDB","339","EB-335","0","140","160","","415","8BC1AA46-536A-4800-BABE-72B61EE13A57","0x00000000002C4DE1"
"9CEDDBD4-EB74-45FE-9638-45D8CB185393","","AH-037","0","260","300","","1592","EBBD6C60-88E8-4EDF-81A2-72C00B4383D3","0x00000000002C4DE2"
"41B752FE-00DD-4E32-9012-8F3BDA5F4AF1","33517","SM-0072","0","685","715","","793","2FD5B1E5-D201-4DB9-BA0C-72C2F7E1CEFD","0x00000000002C4DE3"
"D8F9C67F-DCD2-4111-84A9-ABB1EA4A675E","","NM-26902","0","450","490","","4947","6B39630E-280E-4EBE-A8C4-72C4E7BB0E2D","0x00000000002C4DE4"
"D831080E-A79E-47E4-82E3-999305C1EDE2","369","EB-365","0","105","125","","250","DC8F67E0-FD72-441B-BB4D-72D11FF34420","0x00000000002C4DE5"
"35310395-DF86-FE43-94EA-C5025660207B","","PC-068","0","207","218","","5424","59247F2E-B8C9-0048-AA8B-72DC9E5AAA83","0x00000000002C4DE6"
"5652E1E8-48AC-44DA-B4BF-2A82D11FC2DB","","AB-0031","0","250","300","","2581","A0A178AA-C8A5-41D7-9251-72E0DAFBAB57","0x00000000002C4DE7"
"5338F8D2-ADAB-479C-988C-C6E58491686F","","SV-0137","0","310","350","","5211","788A3778-EA5F-3346-9C0A-72FDEE988B8A","0x00000000002C4DE8"
"D172E10F-DA0E-4121-81E8-4E2810787AF6","","NM-24901","0","137","156","","3612","9FD7A75C-41CF-46DD-8E1D-7319AA25A56C","0x00000000002C4DE9"
"CA9A16CD-540A-4017-8747-45FF97C18D03","424","HS-008","0","247","595","","1213","189A7221-C718-4AFC-852E-731BDD403889","0x00000000002C4DEA"
"0C42713D-AE84-40A5-8D38-4EA3A3D97BA6","","NM-25059","0","137","156","","3492","C229BDE3-4BDD-4D34-9982-7320D94C11C1","0x00000000002C4DEB"
"E356DC8B-B56B-48EE-BD07-045FB37646FB","","AB-0208","0","991","1711","","2728","6EC0C6A4-32A8-4D4D-907D-733CFDA10566","0x00000000002C4DEC"
"06FB4027-63F1-45E0-8D03-478514414632","351","JM-052","0","205","265","","894","3E4F837F-C766-4D30-870A-734B24B87AC6","0x00000000002C4DED"
"FDCCDD7D-05C2-4A33-AFDC-6B0959E2C34C","","NM-02272","0","159","300","","5603","6300DCE9-E7DD-1249-B03C-7368C0AE6220","0x00000000002C4DEE"
"48A780DA-D810-4880-95A1-0287B70F678A","","SV-0081","0","745","785","","3375","74E0368F-EA04-45AA-9159-7371A2EC82B2","0x00000000002C4DEF"
"C61B55A0-972E-4B6D-B753-08F9A691C8DE","","AH-082","0","560","600","","1811","6FA296FE-BB4D-4200-877A-73795996F016","0x00000000002C4DF0"
"5C3EED0C-28BA-4CC0-B8BF-575601665E64","","AB-0255","0","","","","5768","A630166F-5F03-48CD-B785-737DBDCDBD8E","0x00000000002CF3AB"
"15336D86-7CB3-497F-AD4C-84844DEAEAA9","","BC-0070","0","160","200","","5004","3594E0B3-E6F2-4B5C-A3BB-73895C072703","0x00000000002C4DF1"
"E79EC4D9-E2F4-4D14-A9DA-A76EBED7B0EB","","TC-266","0","200","235","","2137","66040C9A-FF79-4D05-BCCA-7399AD417764","0x00000000002C4DF2"
"2C904FF5-846C-4724-804D-6CB5B47FF73B","","WL-0027","0","350","450","","3862","E90F012C-6501-46FB-9665-73A7E0A9547A","0x00000000002C4DF3"
"D7883CE8-5A42-40E3-8EAA-2D26CB1C171F","289","EB-285","0","578","594","","346","AB08649B-D0A5-4C3A-9598-73AA1FCC7BFC","0x00000000002C4DF4"
"D62FFAA0-76F9-4EAA-A6ED-BC247D692545","","BC-0186","0","630","650","","5158","6AE00C22-97A2-4738-8CE6-73C431327D6E","0x00000000002C4DF5"
"81A0C5FB-C336-43FF-949B-2FC858E0B5CF","386","QU-056","0","80","160","","964","43B1A8F7-F82B-4C35-BB06-73D1670A2930","0x00000000002C4DF6"
"67C93D46-6C4A-2F42-8CE3-775A5B24A60E","","PC-097","0","200","210","","5388","55CE339F-FCFB-A349-BAB7-73E4B24A6E9E","0x00000000002C4DF7"
"2E6083D6-531E-4641-9BDB-EEE193C6192C","111","EB-110","0","520","540","","139","7843E57C-DEAD-404C-B6EB-73EF1BE883E8","0x00000000002C4DF8"
"0CC33D9F-5242-0E4F-9521-28C0C67B0056","","WL-0171","0","237","299","","5520","51975CD7-5A1B-3B4F-8C86-741154B30E87","0x00000000002C4DF9"
"176EF036-1E38-49B4-8E81-0C50CC33E32A","","NM-02072","0","134","230","","5580","D286EFEB-7E52-9745-AC5A-74294D06F0C3","0x00000000002C4DFA"
"E4E1F7F1-05FC-460C-A067-B3652924DB16","432","EB-427","0","275","315","","487","C7F82D52-E015-47CB-A69D-742D74A764BC","0x00000000002C4DFB"
"C7D5EF49-B7D0-4521-935B-040950381C76","373","EB-369","0","358","418","","254","688FEF3F-FDEF-41B0-89B1-742F3320209D","0x00000000002C4DFC"
"FB421C3E-1F32-43C6-83DA-1C94C8A8AD0F","33393","EB-679","0","240","477","","730","0158BF6C-016B-4669-BC63-7440AE2E2506","0x00000000002C4DFD"
"A4337B54-DBE6-45F8-B3B6-13DA810B1C98","","NM-00808","0","197","229","","3751","A6A8BA36-C76F-4FDE-8220-7443683A8237","0x00000000002C4DFE"
"F4A5A8E4-5F06-4B3F-8DFB-60E07F36750E","","SV-0038","0","430","450","","3333","00E0B96F-1ACC-4EDB-86CF-744DCD39078D","0x00000000002C4DFF"
"6C774A82-0710-4A9F-ABF9-2CC750D05C4E","128","TV-108","0","145","185","","1043","AF0EF256-D0CC-4302-A083-745C4BC8C650","0x00000000002C4E01"
"9B88A9FC-9B41-49DE-AE37-8DFDDE9EECA5","","NM-25023","0","97","100","","3509","D45B3C5F-1695-461B-A376-7468A25C2E69","0x00000000002C4E02"
"F925181B-E4FC-4B9F-B01F-048304AC6896","","QY-0126","0","20","54","","2960","286645CE-4E77-449D-8FC4-746B13707A2F","0x00000000002C4E03"
"1752AB79-4EBC-4376-9AC1-33ABD62CE6E4","","NM-00388","0","135","155","","2874","9DC6B77D-605B-44CE-A5C8-7476014139FC","0x00000000002C4E04"
"D21F711D-1784-4496-8425-5170CB8064E1","487","EB-478","0","257","302","","556","EAC6EA40-4DE7-4A96-A431-74A43A9040E4","0x00000000002C4E05"
"D3D16546-D556-43A7-B218-6322B8EFA968","33403","EB-686","0","660","700","","735","F7E24375-A687-4A9A-81D1-74B30A127C69","0x00000000002C4E06"
"7024BED9-8AE0-4C0A-B4E2-A1A416968C86","271","EB-267","0","40","50","","326","AD3F708C-8F99-43C4-9CF6-74DD74D666AE","0x00000000002C4E07"
"D45B5E2C-05A1-A349-ADB9-12F8B32288DA","","PC-009","0","160","190","","5421","6BB3E4E4-36B9-9044-80A0-74E4A0594127","0x00000000002C4E08"
"14F7222C-083F-4D58-A709-DD328379A538","2","EB-001","0","47","221","","1","74706A96-AE31-4B7A-A2F0-75014461E302","0x00000000002C4E09"
"BA67EA0F-01EF-4246-8125-B2E28BBBD820","","AB-0045","0","20","25","","2593","F278CDB7-1ACF-4A17-B605-75037120B400","0x00000000002C4E0A"
"3F7A8623-7F65-450C-BF5C-0E947915EB4C","","EB-161","0","411","539","","2922","DDB5EAB3-4C94-4D7A-BD40-751673E2F00D","0x00000000002C4E0B"
"0CC8B83D-8915-4A0D-832B-859E84F53DD8","","NM-25131","0","545","560","","3461","6954470A-1604-4447-97E8-752F31AFC344","0x00000000002C4E0C"
"9EEC0F83-4F36-43B8-A584-355A01CE0155","33379","EB-668","0","320","340","","714","610EC168-B9C5-43B3-87A0-7532C0206F05","0x00000000002C4E0D"
"ACF1D53C-3605-4D1F-BFCA-E7F7EBD09FDC","","NM-25012","0","84","95","","3513","02FFD133-7931-41E0-80CA-7533C386BC43","0x00000000002C4E0E"
"C84E0BD1-9CA4-4852-A7D5-494B65562DCB","33280","EB-576","0","395","415","","621","6BFA285C-3CC9-4F13-B347-7534073E1BEB","0x00000000002C4E0F"
"274E3388-0B49-E348-86CF-A965C407149B","","WL-0143","0","275","315","","5489","46075A6F-3B09-BF45-BB9D-7551DF7D0D6B","0x00000000002C4E10"
"4F29F180-F546-43F6-BAC9-F5B578CA5CCE","","SO-0175","0","4","19","","3173","8768C044-9A88-468E-B4CB-7569944A5EC6","0x00000000002C4E11"
"5DFCADEF-42CC-9841-A4CC-494B2F487029","","PC-046","0","154","174","","5348","ADBAD51D-50F9-B843-B38F-75706E2E3443","0x00000000002C4E12"
"850998A7-4B3A-46AC-8053-0B31CA85F4B7","63","EB-062","0","400","460","","74","30AF3BF1-1DFA-48AD-B2D6-7575093B3095","0x00000000002C4E13"
"54932D4B-69EB-4D65-988F-40EF20A44F49","","AH-094","0","270","300","","1781","C79D3624-A56C-47C7-BCDD-757B54C8E7D9","0x00000000002C4E14"
"9828649B-4AFD-48E6-B944-52A4A1FD629B","88","EB-087","0","300","400","","107","77DC4456-0C2B-4E28-AB85-75846294B982","0x00000000002C4E15"
"34A9EA6F-D412-4E2A-8332-9649F0CD85CF","","SO-0194","0","6","22","","3192","CFC61550-1272-4150-B5E9-758B417BCDCE","0x00000000002C4E16"
"6F67F266-ED22-4839-A27E-9EDD1509E1FC","","NM-26956","0","400","420","","5093","F85C9B52-9462-481B-B4A7-75954531C5BD","0x00000000002C4E17"
"F366C062-0D78-49FE-9750-EF13924D1F2A","310","QU-011","0","116","136","","946","83200EAA-E555-478D-B0B2-75ACD6005203","0x00000000002C4E18"
"72DE453C-DEB9-4A8B-BEFE-F87F0CD622EB","","HS-039","0","16","26","PVC with slots","5639","D3F684B7-3282-8446-869D-75B2DFB5E2D9","0x00000000002C4E19"
"E9E039D5-D413-4D53-8739-06E2173040EE","","BC-0004","0","300","360","","3889","59EAE34A-81BA-422D-BE19-75C293993D34","0x00000000002C4E1A"
"F118E5AD-1D61-4E4E-B42E-24915D4B0918","","NM-01419","0","363","403","","3049","FCA09058-CB40-444B-8380-75DA07E069FC","0x00000000002C4E1B"
"93C0A76E-F8BA-4ED6-893D-EFBE75B7A0C1","","NM-25121","0","632","652","","3463","0AFBBAA5-2194-4DB0-9DFC-75F47599C68F","0x00000000002C4E1C"
"01535DFB-D713-244F-A9A1-E04B9ED102DD","","WL-0286","0","179","180","","5730","A6E017E0-72E7-DD46-8A6C-7600361167B5","0x00000000002C4E1D"
"AAD8E39C-056E-0044-86E8-C1C8970D1C22","","PP-051","0","62","82","","5279","0B785FA0-B284-2744-866E-76033FE9DA3D","0x00000000002C4E1E"
"B251272B-9CBF-4B01-A79D-DDC38EA43CB7","413","EB-409","0","420","450","","465","C301A09C-C1D2-480D-9F6D-762630B0A34F","0x00000000002C4E1F"
"AFD8F3F0-EE0D-48EE-B941-07A39472BCB5","","BC-0134","0","340","360","","5113","B72D23FA-839A-4247-8F88-7633462DD9DB","0x00000000002C4E20"
"6479A870-E098-41E1-A639-7C028BCBD43B","141","EB-140","0","267","282","","174","FE0B26EA-82FB-48D2-951D-7649D4810410","0x00000000002C4E21"
"00B6FC01-9214-4C5B-8128-1A03AA427A80","415","EB-411","0","270","290","","467","E626D2AF-3A10-4DC1-8E01-7650F81AE459","0x00000000002C4E22"
"9403DA2F-1D33-420E-9F10-C8D3DF9D7933","","QU-075","0","214","230","","2380","BC654F45-E97D-476D-B83C-76A1C4ECFB4E","0x00000000002C4E23"
"0AB14A1C-B463-4533-B09C-AC8132A453D6","33337","EB-632","0","1780","1800","","680","42F9714D-A70D-4D7F-A5C3-76B2209278D5","0x00000000002C4E24"
"78B6A0C2-CFB5-0347-AABB-E030695C0BFF","","BC-0364","0","1350","2139","0.60"" perforations","5726","AC2EDBDC-0F4F-1B46-9BC0-76D7DBC55484","0x00000000002C4E25"
"1CAA2B56-6463-416C-BEF1-65AE1BF5E616","","AB-0039","0","315","415","","2587","C48AF2EA-B03C-459E-956A-76E7DE809BA8","0x00000000002C4E26"
"BBFB4E28-C23F-45F5-B009-95F5A2F82090","","NM-24870","0","46","76","","3628","67C7C399-57A0-4C13-B1D8-76EAA2FB1D71","0x00000000002C4E27"
"22B293AF-207E-2046-B858-C222F1A510FD","","PP-039","0","13","23","","5244","F33A256F-C3A2-6D47-B6FD-76EE084405F7","0x00000000002C4E28"
"A0489AD1-2219-4B92-A923-E8AC0CDAC1D8","33279","EB-575","0","615","640","","619","7C93AFE6-904C-4964-83FF-76F33125FA38","0x00000000002C4E29"
"BE963C0B-476E-489D-B263-5F86B5DDBED1","","AH-085","0","365","405","","1772","0815BC17-82D0-4071-B78F-76FDB57CE1EE","0x00000000002C4E2A"
"AE4A6790-8479-45A7-934E-281CE36A50F6","412","EB-408","0","349","498","","464","8B5740CA-06D4-4735-A381-770794B7F2B7","0x00000000002C4E2B"
"498E5354-E2A2-465E-8456-44C588E8CC84","102","EB-101","0","400","500","","125","121CAB41-E5EC-4278-9F91-7724573C6645","0x00000000002C4E2C"
"66F673BF-A58C-4631-A775-64FBC3C5F9C3","","AB-0012","0","310","360","","2569","CE87C970-28E5-4AF3-8EB7-77399C5B7B75","0x00000000002C4E2D"
"7704DAEF-7582-4EE2-9BDD-2F3D362184AB","","BC-0093","0","272","292","","5030","02D245D6-E515-4432-86F2-7739CD4B7942","0x00000000002C4E2E"
"D061DD29-52D2-A644-92B9-CDABE89A1CB5","","PC-024","0","380","420","","5331","9FE2ECC8-5347-F247-97CB-77427F003BF0","0x00000000002C4E2F"
"15336D86-7CB3-497F-AD4C-84844DEAEAA9","","BC-0070","0","220","240","","5005","8DC739E0-2FC1-4E04-B81B-7749240ACE52","0x00000000002C4E30"
"BEA9A38B-B686-4341-84B4-2EB889CA72CD","","PP-030","0","20","54","","5242","FEC36F4A-1A35-4847-A1C1-7754E6644007","0x00000000002C4E31"
"068B4D13-F408-45DE-A912-40DEC8EDA9AF","","SV-0128","0","240","260","","3431","B1ECFE85-C875-4F0D-852E-7764B9992965","0x00000000002C4E32"
"0E8BE397-C57C-4F79-998E-C523D911CFB6","","AR-0216","0","16","36","","3618","80583333-B00C-427A-B659-77746CBD1C46","0x00000000002C4E33"
"AD10F4FE-528A-448B-952A-0895603C465D","","TB-0084","0","65","155","PVC with 0.032 inch slots","5516","51E365ED-4472-5A42-83E0-7781C8998D52","0x00000000002C4E34"
"97B80B5E-4AB5-43E3-929E-3E80DFC80FF3","429","EB-424","0","310","350","","483","85109B56-64F1-473E-937F-779C22CF1EDF","0x00000000002C4E35"
"5528C393-A744-4835-8B30-3E254B962BF4","","NM-24591","0","83","123","","3720","41C25049-C71E-4E11-87C5-779D69B9576D","0x00000000002C4E36"
"02D4CC66-3B9B-475B-B2F8-095D6D1945EB","","NM-01254","0","627","629","","3074","4AB421A9-DE84-4D5D-A825-77AE94B9DF9D","0x00000000002C4E37"
"5927EB0B-0153-434D-800A-2AA46440D468","390","EB-386","0","860","900","","444","FD0C3D33-74F8-4F6B-A106-77AF1A663605","0x00000000002C4E38"
"3CBE7F1E-E0DF-4D40-998C-B46565A4F127","","BC-0195","0","365","420","","3515","82FFF5DE-4F7C-4C37-9FFA-77C3A3D85504","0x00000000002C4E39"
"1F72AA85-8AC4-455E-AC2F-BF4C973503AE","","NM-01431","0","391","431","","3055","F50ACD84-917B-4701-9AF5-77C8F4811286","0x00000000002C4E3A"
"285BC5D1-6428-024C-B690-8428CDDC037D","","PP-054","0","102","122","","5281","CBA10BE6-EFBF-8640-AA90-77D0D22EECEE","0x00000000002C4E3B"
"D99C90D1-9F01-4E91-9983-1B5C85035C66","","AB-0051","0","390","395","","2597","2D3B0DE0-2EEF-4B63-800E-77D50FAD1ACB","0x00000000002C4E3C"
"225E7652-D916-49D7-B972-9C15B9A194C6","287","EB-283","0","500","520","","344","D73BDF4A-332F-401D-96C4-77D968B4CC45","0x00000000002C4E3D"
"0A6FF5D7-F0FE-48EA-89A5-B25B21B5E840","","AB-0024","0","270","315","","2576","B41313BA-86E7-4029-993B-77E5EFF053F4","0x00000000002C4E3E"
"27543065-A792-47AC-A331-0C6C5C8CE694","","NM-26918","0","325","361","","5067","B79FC7AF-0D33-4008-A6E2-77F7ADED16F1","0x00000000002C4E3F"
"BC3040C8-83B5-46E7-B367-CDE1353ADD42","155554","TB-0091","0","130","150","","1268","28FEB8B8-20B4-4C2A-9CCD-780CEA3C62E9","0x00000000002C4E40"
"C0639F13-2742-4ECA-AA04-1A9ADAA98E76","","NM-00699","0","90","118","","3741","D268BE9C-5109-427D-9A88-7811B9013C09","0x00000000002C4E41"
"9580A9CD-DBEC-4DF9-B3FF-E5890FD0A16F","","NM-24639","0","150","190","","3705","D3C70869-963F-4E87-8384-781933BD7DEE","0x00000000002C4E42"
"EAF7F924-C8DE-4B0E-9F9E-E5D3FC0CA39D","","NM-01588","0","475","485","","3069","9AD722E8-53D0-4029-AD29-782EB7E4F7D2","0x00000000002C4E43"
"2A4974B5-27F6-487B-BE63-0979298A513B","","AS-016","0","325","365","","1510","35BB71BD-0416-4476-85F1-7842C5128AD9","0x00000000002C4E44"
"5FE5580D-4709-CB46-8589-F9042C70DF42","","CP-0037","0","232","356","Steel with torch cut slots","5637","9A0FFE58-219B-4149-B8F8-7882606E5DFC","0x00000000002C4E45"
"DE90B67B-1852-4E1B-B806-BE36C1C4D74B","","AB-0200","0","1185","1195","","2721","611FE0A4-9D6B-4CB3-B892-7889D2BA68F2","0x00000000002C4E46"
"82264529-D2E0-4AA5-A8F7-DD5551646E49","","SV-0051","0","360","380","","3350","FACBCA97-4347-4467-89EE-78912A9068B6","0x00000000002C4E47"
"A701B819-6A12-C040-94AF-4F27C4826DC4","","PC-088","0","80","360","","5419","D0756823-E662-274C-9D66-789382F05EB8","0x00000000002C4E48"
"7F9A11C9-1C53-43C7-BE4C-4DDA2CD54455","","SV-0086","0","160","170","","3379","72BB7D3B-0604-4131-9C90-78A124D2FE69","0x00000000002C4E49"
"43D54EA3-165B-4D06-BD50-CF9F42C0E178","297","TV-263","0","300","690","","1167","22FC18F8-01CA-4B72-A3A9-78A9689C6DD9","0x00000000002C4E4A"
"A18C9AF6-4225-45AA-8D6B-C7427E37E791","290","EB-286","0","465","485","","351","2D9895D8-8B30-436D-B72B-78AADFDD4E44","0x00000000002C4E4B"
"82717611-4ED4-4461-9D65-7C80EC3D8FC0","488","EB-479","0","326","336","","558","6336E470-BADD-4625-8321-78AFE9380DE6","0x00000000002C4E4C"
"6F9C223E-EDAC-4BCA-8954-85AC91386DDA","","AB-0143","0","508","751","","2677","4778C048-3E4F-4EFC-9686-78D7DDC0D7F2","0x00000000002C4E4D"
"443DFBED-612F-4FCC-9644-E2B35B8E14AB","450","EB-445","0","1180","1200","","509","7B612E53-C3FB-46E5-81B8-78DEFCEA62CB","0x00000000002C4E4E"
"95C79EB9-8907-410A-819D-5ED579963846","382","QU-052","0","140","200","","962","ED501592-EEBA-4B18-A2C2-78DFB60343E2","0x00000000002C4E4F"
"BE880A60-3ABA-4FE3-BBDD-42760ABFE26E","","NM-01334","0","320","380","","5293","B2C1991B-6CBE-894B-AEB8-78F2516FDA67","0x00000000002C4E50"
"9CED9378-5968-4D52-9011-C4843CA2BFB4","","AR-0183","0","35","40","","3730","A79CEB80-28C4-4303-819A-7903C8183A87","0x00000000002C4E51"
"9DB495CB-A0E1-4C85-A32A-87AF25900837","","QU-170","0","42","58","","2522","11321629-9921-4E56-BD43-7911F88CDD00","0x00000000002C4E52"
"E9C56988-B88C-47CD-BE3D-F2152BBA798F","","SO-0210","0","18","34","","3214","73E0168C-94DA-42F7-9D01-791728F66912","0x00000000002C4E53"
"123E2E23-905F-4C41-9878-D1C5C703BFEC","468","EB-463","0","591","611","","528","99DE21F2-2F6B-42CF-9CD7-791B2AEB38E7","0x00000000002C4E54"
"282DE52C-A637-485D-9014-285E42262D98","","BC-0167","0","220","260","","5138","989A0DC6-7D0F-462B-B44F-791B7978C8AB","0x00000000002C4E55"
"F17443DB-9530-4B2B-B5D4-8CBA67563931","","NM-24592","0","190","225","","3721","60F5521F-47A3-4455-ACFD-7929B9FCB321","0x00000000002C4E56"
"AFB67ACF-DD57-4727-A117-913976E01AB8","","NM-00757","0","398","438","","2898","D9827A13-B59E-4D85-B474-79443D157B28","0x00000000002C4E57"
"FCF93E38-168C-414D-AEC1-D94FC3F96657","33324","EB-619","0","500","600","","672","E90D1766-8424-4970-8152-7950F0A24173","0x00000000002C4E58"
"BBB1362B-7DAE-484E-951D-17BAA19B1E43","","SO-0250","0","2","18","","3254","92E517D4-7142-4F1B-B70A-795884DC0785","0x00000000002C4E59"
"7A338021-E55E-4092-901C-23D1214AA328","33380","SM-0015","0","300","340","","762","AEAE9635-4E57-4AEC-BBB3-796262C7CCEC","0x00000000002C4E5A"
"59067FB9-73A1-2F48-8DAE-59A45B5BA516","","PP-043","0","61","101","","5247","93E132B5-3B0A-8648-92EA-797174595F11","0x00000000002C4E5B"
"CD52403A-75CE-47C5-B89A-3785BA0E2C9D","","SO-0176","0","44","49","","3174","3167A1EE-03DD-47A5-8216-7975D0F23163","0x00000000002C4E5C"
"4FF7ECB3-871E-AA4A-99AD-E016F2E73060","","DE-0013","0","428","440","","5664","837CAC97-D15F-9A48-ABD8-7979CE4121E3","0x00000000002C4E5D"
"F06A9346-C6C5-40F2-92E8-64E8319605FD","155734","TB-0229","0","60","196","","1306","B2BCFAF7-BAED-4FA3-B878-797AE1777FD4","0x00000000002C4E5E"
"458076E9-D515-46C4-AEDE-E66D826EA56D","348","MG-020","0","96","196","","914","123E878D-277F-428A-8690-797C31BA7496","0x00000000002C4E5F"
"E8266D4C-1317-449F-83B3-AA55945A79ED","92","EB-091","0","940","1040","","111","2DF3305C-1202-4914-A510-799040DED405","0x00000000002C4E60"
"7B3D0E45-F488-4AD4-8527-E20ABC6CA9F2","","NM-09771","0","138","198","","3902","7842C62A-CF73-49A6-8319-7993C1F2719F","0x00000000002C4E61"
"F1E81124-2A22-411B-84D6-43844F662175","","NM-09605","0","230","260","","5566","56D987C1-36A0-9348-8CE3-79A2820BF706","0x00000000002C4E62"
"E0014D4B-7CA6-4A0B-B227-77CCCA7334B6","308","TV-272","0","1604","1805","","1177","39A7AE84-E823-4FA8-AC90-79A74B1868BE","0x00000000002C4E63"
"85D1E0C0-F580-4898-9634-62DC2F993C2D","286","TV-252","0","1100","1180","","1159","B8453415-2EE1-44A4-ACAB-79AD8331F054","0x00000000002C4E64"
"2CBD018E-C978-457A-ADD2-A1E8EEFC2E7C","250","EB-246","0","669","674","","303","572E44D9-C2F3-425B-B5E5-79BB89CD56B5","0x00000000002C4E65"
"CA03C455-0645-48A0-A7BA-1614EE10EF43","","NM-01655","0","170","365","","3755","BE23126B-C091-4627-A7C4-79E4607A2F73","0x00000000002C4E66"
"41A8D09D-9572-429E-925C-697AC443089E","155787","TB-0246","0","497","977","","1313","83588736-1A3E-4CEA-8EA5-79E95B3F0369","0x00000000002C4E67"
"9A59E293-98CD-4723-9AF5-99256C4359FB","170","EB-169","0","320","360","","210","17A8A54F-A0BC-45A6-BC16-79EF92B5C28E","0x00000000002C4E68"
"6A666540-A009-4468-992F-7EB6DCC02AFF","95","EB-094","0","734","744","","116","58E9CD46-C6A0-4113-B199-7A0FF393CF34","0x00000000002C4E69"
"9A55E877-B723-4762-B27C-3662F486F6A9","304","EB-300","0","420","470","","377","F3298E1E-4A7F-4D28-B23D-7A1BC0C4DB0A","0x00000000002C4E6A"
"D59DA24A-C247-498C-A05C-C6681205059A","","NM-02437","0","70","225","","5606","B743C521-8A49-C747-A980-7A1D2FE03F67","0x00000000002C4E6B"
"7EB2F7E6-EC6D-4BCE-AEB7-1196F4F1BEDB","190","EB-189","0","350","390","","238","6F792CC1-F84E-4DF5-B66D-7A1FB75A6261","0x00000000002C4E6C"
"8FC5E2B3-36EF-4C0C-8126-14A23B825EFE","466","EB-461","0","520","540","","524","3BB0B2FE-5CDE-4DB0-B2FD-7A36A21A86AB","0x00000000002C4E6D"
"68BB7D8B-28FF-47F2-A31C-261E0B60FF22","516","QU-129","0","37","115","","1004","F33755B5-57F6-42C5-B8E1-7A3DDD1E529D","0x00000000002C4E6E"
"7F05C9F6-ED08-4ABE-8776-F0A8A0AF4D5D","","AR-0033","0","22","27","","2954","45ED276C-1CB5-406D-96B5-7A40F4948C58","0x00000000002C4E6F"
"9969E82B-BAAF-47FA-A6D8-4409A0BD6FFF","","SV-0024","0","280","300","","3314","9643E88E-A718-4D7B-9EDA-7A54914CA0AA","0x00000000002C4E70"
"71E31C2A-4C32-4085-AB69-6271FB82B98B","","NM-06949","0","106","165","","3896","4E4F42F5-D901-4298-A5AA-7A6782CC9995","0x00000000002C4E71"
"F413B3F2-9F9E-4EE4-887C-44576356E460","","BC-0259","0","260","280","","3546","F1B8C88A-68B8-41FE-B293-7A984FA571A0","0x00000000002C4E72"
"B67F9A1D-24BC-471B-BF48-5346E295E988","","NM-26922","0","380","690","","5069","6639B185-9C88-4D0D-9AAD-7AC557F73A0A","0x00000000002C4E73"
"954BD430-CB2A-431A-BB41-E01686F9FDE2","","SV-0065","0","240","250","","3326","FDA62F37-E0D0-4C2A-8113-7AE466064E0A","0x00000000002C4E74"
"E42CCAD3-902D-412E-962E-1338A4A06258","","SV-0116","0","260","280","","3413","E7174881-1F2D-469A-AF4A-7B0DEEDBC438","0x00000000002C4E75"
"4DF72F6D-12F6-E440-9964-15E6351EEF28","","WL-0109","0","324","344","","5683","A841F46D-5058-D645-B103-7B47755F7531","0x00000000002C4E76"
"E34F58B6-6F16-4694-9477-235503BA8539","","NM-25000","0","115","117","","3563","AABEBAD0-A59B-408A-BAEA-7B4A86218486","0x00000000002C4E77"
"77E7722C-1832-46E3-BC22-8B92F6AD8149","33407","EB-689","0","600","800","","740","7E5C755C-4654-4820-97E5-7B4B1490E6EA","0x00000000002C4E78"
"5A36459A-80A6-4199-8927-CB2051027920","","SO-0219","0","5","20","","3223","5C590821-1B81-440F-B6CE-7B64B539D825","0x00000000002C4E79"
"2B7F61D7-793F-4782-895D-77328E07E69A","","AB-0062","0","570","590","","2607","2B0D31F2-F11C-48BD-A95F-7B6B855DFC4C","0x00000000002C4E7A"
"D1EE4A7A-AE18-41B3-BC22-6F0B811418A5","","NM-01819","0","320","508","","5568","B586A808-1733-1949-AB96-7B7236C145F2","0x00000000002C4E7B"
"E9CC775B-1FF6-4B64-B347-DABCF7880B9A","","NM-03385","0","123","128","","2795","36EF45CD-A41B-4713-8C3D-7B7614E8AF41","0x00000000002C4E7C"
"885268B9-2BBF-4DD8-A0BF-8CEC02063F52","","AR-0146","0","14","19","","3088","13D37D38-1051-4B51-B3CA-7BDF2C699E5A","0x00000000002C4E7D"
"F81BB22F-2439-41B7-8370-97D88194E40D","","SV-0121","0","280","300","","3422","7144CDD0-9579-4307-8C09-7BFD2C137AFE","0x00000000002C4E7E"
"9EACCCEF-C6FD-EF40-A404-179CA604BC7C","","AR-0220","0","17","37","","5466","FB2851B2-C5BF-3E43-8D5C-7BFF015C0703","0x00000000002C4E7F"
"5FB674F1-5F1B-496A-A815-D7DAAB6F6D72","","NM-00856","0","304","424","","2911","548F53E0-F8B8-40A7-93A8-7C1C5511792A","0x00000000002C4E80"
"C32DF826-009B-424B-8956-C3286E8D9365","","AH-048","0","180","220","","1602","6C4A3FE1-1653-49E1-ADAF-7C23C29CD246","0x00000000002C4E81"
"EC41DD41-817F-4948-AAB6-DF14074E90A4","","NM-24962","0","480","540","","3584","ABBB5D38-5952-4727-8BA0-7C389F88918C","0x00000000002C4E82"
"07DF51F1-E28B-4A84-9497-39422CC07AFD","359","EB-355","0","1090","1290","","424","789791DE-9224-4B92-BB8A-7C3D4F2B17AC","0x00000000002C4E83"
"F82EEE0A-6C6D-4ED5-9187-F9ED0E6A8B69","","NM-21170","0","480","500","","3819","1B7DD33F-8768-4DD1-97EA-7C68709778B2","0x00000000002C4E84"
"2B405217-9FCB-47F3-9C6A-612D38AA93A7","33221","EB-535","0","320","340","","602","E968BCC8-5D8B-49B3-8914-7C875540EC17","0x00000000002C4E85"
"CD44F8E6-57D4-40AA-8219-CA77B4DAAF85","","AB-0250","0","","","","5761","E1A646EC-EB61-46DE-9A7D-7C8A87676B69","0x00000000002CF398"
"043879B1-C649-49F5-9EBB-E2D096410F04","","TC-264","0","213","223","","2136","03EAD5C5-F5F1-41D5-962D-7CAF56A350DC","0x00000000002C4E86"
"4BC1B83E-3424-473A-ABCC-8FA1D8FD6774","","SV-0071","0","330","370","","3368","2DFAA31E-1955-4586-B0E6-7CC8447650E0","0x00000000002C4E87"
"11275315-7565-42FC-A199-ACB2DE7E4BDF","174","EB-173","0","700","720","","214","01352A95-4E50-4FB9-8B77-7CD99730952C","0x00000000002C4E88"
"1834161A-B39F-43BE-A9E6-5EA0B7DD7A25","473","EB-468","0","404","428","","541","43A8E6CA-C691-4F22-8517-7D400AF0E0DE","0x00000000002C4E89"
"6D81C9B8-C75D-413F-9560-9FB0E347BBEC","","NM-25936","0","67","68","","3881","08730455-EBC4-4319-9DA9-7D58AEC7EDFC","0x00000000002C4E8A"
"BE44800C-19EF-4732-A463-1544951ED1BF","","SV-0072","0","360","400","","3369","A66A1F8F-0221-4BAE-A034-7D684B88689A","0x00000000002C4E8B"
"4261EDD8-9E54-1C45-BA6D-36061DC81E4A","","PC-049","0","560","580","","5351","C1B7C4C9-D073-774A-8592-7D7516983F14","0x00000000002C4E8C"
"EF930E18-215A-AA47-80F3-132E493A62FE","","WL-0123","0","132","134","","5464","EDD6B7C7-D79F-1D4D-AC53-7D878469AC6A","0x00000000002C4E8D"
"B4154C7B-BB6A-44F9-B3A4-5DCC922C6435","","NM-00678","0","360","380","","2893","42D766CA-27F6-4DCA-96BB-7D924972766E","0x00000000002C4E8E"
"17BA7965-9F5C-4DE0-8DC2-1136F276E38E","66","EB-065","0","720","755","","79","020E081C-94E9-4628-A0CC-7D9DDB543A2C","0x00000000002C4E8F"
"128083A9-D599-404B-A013-521F241B1F3F","219","TV-199","0","300","400","","1116","3D0AAE64-FAED-4D48-9A12-7D9E25D1120B","0x00000000002C4E90"
"152B83AE-32E8-43C4-8CA2-C9A20BB7062E","","AR-0008","0","16","21","","2948","E938940B-5BD8-40DB-895F-7DB15D18B205","0x00000000002C4E91"
"C01C7AF9-28F2-4216-89F2-5BE384D69A38","","AB-0209","0","620","1345","","2729","404C87C9-3896-4EC6-9D35-7DFA6FB60B5A","0x00000000002C4E92"
"50A09180-F59C-4749-803D-1C9BDBAD8C6E","","QY-0925","0","254","324","","2997","E3041F58-86D4-448B-B82C-7E22D4D4D5D9","0x00000000002C4E93"
"DF7190B3-FCB4-4BDE-ACD2-D4A0049D1F7C","","SO-0126","0","44","50","","3265","420FF0F4-594E-49C2-81FC-7E3B3605DC9D","0x00000000002C4E94"
"99995CFA-24D8-410B-ADA7-DEF1FCC686AF","133","TV-113","0","40","44","","1049","AD7C4275-05EE-41C2-A289-7E5FF8612C76","0x00000000002C4E95"
"C8C5E4F8-2888-488E-8FB3-12BA9C7483F9","44","UC-0028","0","435","495","","1322","9C1E0ED7-D02E-4146-8C08-7E6488E89CFB","0x00000000002C4E96"
"348D8FCD-EEDD-4A07-A82E-E47490EF0E46","33589","SM-0080","0","220","240","","799","9D812D59-2CE4-46DC-B141-7E70C06B1342","0x00000000002C4E97"
"673AFB43-9D79-429B-9940-F2938219F219","","TC-301","0","90","115","","3788","327F62B2-1C1A-4F3B-9496-7E7BE8CC93F7","0x00000000002C4E98"
"A01438AA-9384-4B3E-B256-30E6A5C44BE1","","AR-0176","0","15","20","","3729","27FEB799-FD68-43FB-93C5-7E7E8384637B","0x00000000002C4E99"
"78A4007F-B0AA-4597-988C-D10FA2B1F496","","AB-0197","0","225","280","","2718","EE2FC4B6-CEA1-46F4-A690-7E825AD191E5","0x00000000002C4E9A"
"26B0A487-CB8B-4767-82DE-194912CF67AF","33251","EB-508","0","356","376","","585","C16AC99A-646B-4709-9038-7E88DD713509","0x00000000002C4E9B"
"CE23A336-0B6F-48BA-B64C-98C49F60330F","191","EB-190","0","340","380","","240","9DC6244C-7F61-4BB0-8A51-7E892EBE1C52","0x00000000002C4E9C"
"BBA47012-2516-47BE-8AB6-3D433F81803A","","SV-0074","0","340","360","","3370","D8BCE034-BEAC-49D6-860C-7E9363327C51","0x00000000002C4E9D"
"5F7F229A-03B9-4EE4-BF4C-6F5CB450A23F","","SO-0215","0","5","20","","3219","625A1149-9A86-4499-AFDC-7E96F40D4A11","0x00000000002C4E9E"
"3FAE4F7F-4FB9-41CF-8E7D-0BC6AAD1EB13","","NM-21267","0","160","200","","3820","FFCC66F5-92DD-44B8-8FB2-7EC92C6A2FA5","0x00000000002C4E9F"
"FC72583A-2F30-4F70-906B-466A360A6B89","423","HS-007","0","335","365","","1216","C9E7EBF6-626A-45F6-B535-7EE63E2E439C","0x00000000002C4EA0"
"1CC8C3A2-C2BC-409E-811E-04DDF2A8BCEF","302","QU-003","0","120","200","","939","A55619B1-70D5-408E-9406-7EE6E429A5CA","0x00000000002C4EA1"
"206E56DF-7CD7-472F-B96B-6F4A7532F16A","378","EB-374","0","100","120","","434","D56E70D0-6F8E-4B8A-B430-7EEA949B3A34","0x00000000002C4EA2"
"9A913BBE-E35E-4ED1-B0A6-6D330AE7FF80","","AB-0256","0","","","","5771","106FF002-029E-43EF-9045-7EEF3D7C7FBD","0x00000000002CF3B4"
"50D898AC-B7DC-4339-9EFD-3C64E13906E8","","SV-0016","0","235","275","","3299","E39102BA-7EB7-4A13-B939-7EF2196F3601","0x00000000002C4EA3"
"7B91B0FF-A41E-44ED-9006-3CDEC0FE48D2","","NM-03403","0","10","20","","2800","5E9EABFC-1A42-4286-A2FA-7F0AC340DE3C","0x00000000002C4EA4"
"A5AFD41D-1683-4904-8F4E-6CF5EC9B9182","","SV-0019","0","250","270","","5186","D3E982C0-3748-844D-A383-7F281D13BE43","0x00000000002C4EA5"
"E6A4063C-1657-074D-9C15-78E477806D44","","WL-0261","0","780","800","PVC with 0.032"" slots","5692","AF9D98B9-85F3-3C4B-B541-7F432218EFD8","0x00000000002C4EA6"
"5895C91A-1DE0-46C8-9B82-1CED883BB18E","","AH-021","0","528","568","","1576","A78FBB75-5882-4A48-989B-7F44D9C23B40","0x00000000002C4EA7"
"565D3F00-6285-4015-9401-0770180D09F3","","QY-0405","0","20","42","","2970","A431E886-7B7F-426F-A4FC-7F45CD156933","0x00000000002C4EA8"
"DD7A91D2-6635-439A-B665-09DE991D7B08","33587","SM-0078","0","80","140","","797","D6A91FA4-E305-4745-8323-7F4604D57586","0x00000000002C4EA9"
"580B4ACE-7F35-4CDA-86E8-89E9D6898F69","132","TV-112","0","290","320","","1048","1E38B087-B066-4136-972B-7F5EB6FC0347","0x00000000002C4EAA"
"46763D47-82D7-7741-9BF3-EDF8B8A3F6B7","","PC-098","0","320","350","","5390","8089F506-7A26-574A-8A4B-7F69565A0BAE","0x00000000002C4EAB"
"582AF63C-E826-4D4C-8712-0F9A76401493","","AB-0139","0","825","1450","","2673","43FEAD53-465F-4056-B160-7F78EA7CB0F8","0x00000000002C4EAC"
"13710846-0E9B-4591-AE13-2B0DC6A833ED","","QU-179","0","432","455","","2935","F48D733E-D816-4E06-9A2A-7F7B64BD6F2B","0x00000000002C4EAD"
"D2946F22-6F90-4F48-B43A-A4BAE87BF64A","331","EB-327","0","200","220","","405","F3DA97E3-F5AE-41DA-A069-7F82F81081C4","0x00000000002C4EAE"
"0D9DA070-1377-8A49-B5AE-489940F26CCA","","PC-014","0","400","420","","5321","4F659DDE-BCB8-7F42-A46D-7F833ABE9E66","0x00000000002C4EAF"
"904CC194-5CED-4BAA-8F6D-B2F7235523A5","","AS-041","0","180","210","","1528","C08F53D2-C22D-4FFF-8EF1-7F89E5A2A587","0x00000000002C4EB0"
"093CDAAB-AD2A-44B4-B1D9-B80783155E09","","NM-01691","0","200","230","","3762","CDE3B8AD-DF13-4376-A340-7FB36456F51A","0x00000000002C4EB1"
"01DD0659-25AE-4EE1-8D1E-4E4385BFF515","409","EB-405","0","160","185","","462","85B7CE99-A1B4-4ED9-955B-7FD987396A00","0x00000000002C4EB2"
"0A1BF43C-84D2-4124-8973-3308C2132692","143","TV-123","0","180","220","","1060","F6D14B9B-5E2B-43E0-AC07-7FF8A59825E0","0x00000000002C4EB3"
"BC041CD4-B224-47B8-9B4F-4E5204ACA13A","273","EB-269","0","802","812","","328","DCC8FC1C-C78F-4775-98D6-7FF9356364C2","0x00000000002C4EB4"
"01B04DF7-D684-4D31-9216-615C57941E58","311","TV-275","0","1608","1889","","1180","826231E7-6CD7-4775-AF81-7FFD7B619DCA","0x00000000002C4EB5"
"E30D5AE2-93B9-4410-9566-064D7688FC3F","","BC-0155","0","470","760","","5128","56147CB0-264A-4A51-A432-8007EA129D8C","0x00000000002C4EB6"
"DDC35985-1905-4F63-ADE5-D7B4CC09CA07","","TB-0071","0","320","418","PVC with horizontal slots","5628","110DA55E-7454-BE4E-A0C0-80380ECBE2F6","0x00000000002C4EB7"
"B80FBEF1-B1B5-40E3-BCB9-7BA8376A3D36","","NM-26916","0","155","165","","5064","3C0F77B3-2478-46D2-B34D-803DE84AD3A2","0x00000000002C4EB8"
"557CDFBD-58E2-4A95-8E1F-6AABD2335326","","UC-0235","0","180","260","","2852","87E4AAAA-F109-40D0-B174-80464F621D49","0x00000000002C4EB9"
"DF0321D4-176F-4C53-A7CB-5BAA85FA7893","","QU-181","0","180","460","","3851","2A215B37-F52A-4D62-B9F3-8048E612189B","0x00000000002C4EBA"
"492A2701-19BD-4A61-ABAA-D6EB674C136A","","AH-052","0","429","449","","1606","A503B82A-8511-4D2C-B38F-804C70604645","0x00000000002C4EBB"
"DCD0C4EF-01BE-430A-A16F-9D254B2C6216","182","TV-162","0","140","160","","1088","5D87E033-8B2E-4DA5-ABE6-806087D6CA36","0x00000000002C4EBC"
"218913B0-6571-436E-8A79-F75E00FDC025","418","EB-413","0","1680","1690","","473","1B827C65-6B51-45AC-BC98-8069357A3FEB","0x00000000002C4EBD"
"8C3825A4-FCA1-4C6A-BE54-35C2FC8BACA0","","NM-25065","0","559","588","","3490","EFD62330-FAC0-47CE-A3AF-8076D1CCA0F9","0x00000000002C4EBE"
"5F231DB8-1D9C-470D-9C18-CD94BFFFF0F5","","SV-0105","0","225","245","","3402","A91AE567-59F1-4E20-9793-80798CABFA31","0x00000000002C4EBF"
"A872AD5A-7511-45B3-9DF1-BD754B3F67B4","","QY-0839","0","228","240","","2995","1EF3BAFB-AEFA-40B9-A845-807E2CF7F50A","0x00000000002C4EC0"
"1FF9B10A-4EEB-407B-91AF-AF12232843D7","383","EB-379","0","137","227","","439","CC3BDA31-F198-439D-8AB4-808838E952E9","0x00000000002C4EC1"
"6188B6BB-6FD3-456C-81CA-C75017676C9B","","NM-26885","0","598","603","","4934","0EDEBF9B-9B49-4F30-AFD6-8090CA9017BC","0x00000000002C4EC2"
"04E335CB-9AD8-479E-B943-61523F060AFA","155508","TB-0014","0","40","60","","1255","14E9C97A-E6CF-4558-B176-809DB3B28E37","0x00000000002C4EC3"
"4DD3FC09-5D96-4B32-850A-2A477FDA0266","","PB-0010","0","145","165","","3858","10DC3C53-3751-4A0F-B9C6-80A165A7E58E","0x00000000002C4EC4"
"1571DE4D-2EE4-4896-B1FB-A00C1A144D68","","QY-0991","0","50","85","","3000","AF2146E0-E736-44D1-B0F6-80A47C51851B","0x00000000002C4EC5"
"58DC07A5-73F3-45A7-9872-E08D93837FF5","33402","SM-0049","0","280","310","","774","EF103F7A-BB82-4F4B-986F-80A81E3EAAA0","0x00000000002C4EC6"
"5F53A7C2-BF23-4F09-AE3D-EEF2F1BBFF12","496","EB-487","0","505","985","","573","FF4810DE-A011-474C-BF74-80AD315D6693","0x00000000002C4EC7"
"39F7DCD7-1682-4972-A3C5-2D9790786757","","NM-17409","0","65","86","","2932","9BFC627C-5E9D-4492-9C1E-80C983218290","0x00000000002C4EC8"
"7A8403BA-ACE4-4209-9C86-7830852F6DBE","","UC-0211","0","420","440","","2858","8D7492F1-0E53-4AE7-9EA1-80DE7461AE86","0x00000000002C4EC9"
"B9F50D32-E81E-4F58-90AD-B1EDCDD3816F","33381","EB-670","0","380","400","","717","420B8C61-4EE3-461E-8D15-80EA6145BC52","0x00000000002C4ECA"
"B6F39461-DE7C-254C-A669-04456C45BE3B","","PC-119","0","155","195","","5411","23093375-F0A6-834D-8C97-810B052AD9CF","0x00000000002C4ECB"
"23DCBAA6-1ED7-40C8-A979-C0B6FEBAC0AB","","NM-01328","0","454","550","","3030","A722ED98-63FE-442E-B3B8-810C5517765A","0x00000000002C4ECC"
"E4BFF5B3-B3A9-4B9C-A1A5-F547E35E6F15","","NM-24573","0","100","132","","3737","34930F87-51B6-4FDF-B755-812862E98033","0x00000000002C4ECD"
"66F2617D-05A4-4182-A125-5309DC3A87FE","","NM-00872","0","30","60","","2912","77868C9B-CC9C-46CF-BAA9-81319300C99D","0x00000000002C4ECE"
"EBC6718F-2DA8-44B6-88AE-808B3DFA5DF4","","AH-055","0","440","500","","1608","B067754C-3BDA-4FC2-A006-815FEB342E4B","0x00000000002C4ECF"
"53B29DE6-3578-4E10-BA4E-647DB1FCCC3A","","NM-00471","0","15","35","","2879","2849A99C-9C9B-4857-88BF-8162EA2D9F72","0x00000000002C4ED0"
"00B6FC01-9214-4C5B-8128-1A03AA427A80","415","EB-411","0","330","350","","468","0239E469-3BC9-4B2E-9F32-816586AE7253","0x00000000002C4ED1"
"578B4FAB-E65C-437E-9CBC-C8FC7EB6DFCE","33368","EB-658","0","590","1310","","704","4F7228AC-7CB4-43EC-A035-818C81211797","0x00000000002C4ED2"
"C1BFDFF6-E10B-40C6-AEBF-F6FFF49A3405","","NM-26472","0","15","27","","3799","4457AD97-8E88-4AE3-B142-818DA4A4A4FC","0x00000000002C4ED3"
"F0DDAD0F-3E76-44D9-BA88-B5B7A6799755","343","EB-339","0","160","200","","420","FD9F91CE-8BC6-4CEC-BF8D-8192409B9BFF","0x00000000002C4ED4"
"4569CDDE-316B-4592-9DBA-303982157EFE","","NM-24937","0","410","435","","3590","7EE941C5-0157-4D71-A972-819612790C26","0x00000000002C4ED5"
"D3046381-3526-410A-9469-8AF10EB9CFEA","","NM-03340","0","135","145","","2814","9FA59BCA-4D6F-4169-B84C-819D76B0AF74","0x00000000002C4ED6"
"645F8C3B-E012-42A1-AEB8-BEFC4B3F47CC","","AH-089","0","500","540","","1776","4681A75E-8C3A-4E1E-91F7-81A2DB4DDFB4","0x00000000002C4ED7"
"B6E55E37-F846-4CF6-B4A0-AB1AFE9B3DB0","","AB-0097","0","596","1096","","2637","1847589B-0FE6-42C9-AF61-81A376A43EC6","0x00000000002C4ED8"
"D5393BC1-A821-4D54-B1EF-A5C9C1F8EEB1","98","UC-0133","0","160","180","","1332","E4CA277E-53DB-460D-B262-81B0AFF84128","0x00000000002C4ED9"
"8370B05A-0546-4C94-8406-08AA322930C9","","QY-0118","0","212","218","","2959","E10CB2CA-3A5F-4299-9067-81CC1100ABA5","0x00000000002C4EDA"
"3E8662E8-A58C-4672-A39F-BA3BACF2A090","33283","EB-579","0","180","220","","625","AFF03BDE-5B55-4E49-8AD9-81D2F3A66CAB","0x00000000002C4EDB"
"8A9DF7BB-42EE-4443-AB77-B76079AF87ED","","SA-0224","0","160","400","","2854","4E579436-3DA5-496E-A7ED-81D428345822","0x00000000002C4EDC"
"5238F6BD-31B8-4001-9BF0-E8C5F6945EB8","","TB-0319","0","140","260","","3128","D6D5545C-6931-4E49-AA22-81F4185A45D0","0x00000000002C4EDD"
"4A8EDE59-9E7E-4E11-A152-63DAC65FD9BA","51","EB-050","0","300","320","","53","5938F67F-767E-4696-AC22-81F537C65F56","0x00000000002C4EDE"
"080526FF-F09B-49E6-94B9-66E98AAE9F1B","436","HS-020","0","30","40","","1203","6AD1B0A9-F728-4839-9EA7-82010F313C5C","0x00000000002C4EDF"
"4FF7ECB3-871E-AA4A-99AD-E016F2E73060","","DE-0013","0","235","250","","5662","3E7BCE6C-DA0A-0941-90C8-820864EC44A2","0x00000000002C4EE0"
"73E14C7C-B4AD-B746-BDC4-28A4547A793B","","PC-038","0","55","95","","5342","00320FB8-105E-584D-B42C-8211D1209B2D","0x00000000002C4EE1"
"5B7A0D6A-DF33-49E8-85EB-CBFDC7163E56","366","EB-362","0","130","150","","432","38D2C4D2-33D9-4A15-89C3-821EEB6D9FA4","0x00000000002C4EE2"
"538195D4-4C22-43A9-AA97-3A9A0B45D4E7","","BC-0075","0","70","90","","5008","FCCBDAD2-6614-4814-8AF7-823083D46F35","0x00000000002C4EE3"
"5C998D57-24EB-47D3-A254-3348A643829F","78891","SM-0248","0","280","380","","846","23E3ACD8-63EA-4E6F-AC6D-823C9DD05A98","0x00000000002C4EE4"
"28596F20-DAE9-4435-B2DC-DE2805A52354","","NM-04825","0","200","540","","3871","0728C829-9D2D-4789-8E8D-824E6B4B47C8","0x00000000002C4EE5"
"13EFE8C2-8816-4A51-B785-E5BF491C1458","","AH-006","0","512","612","","1563","6CCD984C-CB16-40A1-BE5D-8256B7F54AD4","0x00000000002C4EE6"
"157C9C0D-3D8D-42BF-823C-02FDD79BB18B","61","EB-060","0","560","582","","70","ED10B933-E9DD-460C-A865-8257A19FC9B5","0x00000000002C4EE7"
"F167A4C1-8E93-4DD1-B740-A6D99DAC5BFC","","BC-0149","0","250","290","","5120","1538560D-8E37-4455-9348-8271B0276962","0x00000000002C4EE8"
"D48F5415-A672-4FC5-8AC7-EAF2F01CCD72","33284","EB-580","0","520","580","","626","EE80E0F7-A775-42FF-A11A-827B6691ED08","0x00000000002C4EE9"
"5E78B500-3798-483F-B871-9A9A6FCF841D","","NM-05797","0","110","170","","4972","0B6C40E3-BD1E-49DE-BA54-82874F0EF2BD","0x00000000002C4EEA"
"A9A53B58-6A74-4264-B44C-7F683D7CCDB2","221","EB-217","0","110","150","","276","78D6C50C-9796-4FE1-A8DC-8287DEFFCC34","0x00000000002C4EEB"
"068B4D13-F408-45DE-A912-40DEC8EDA9AF","","SV-0128","0","300","320","","3430","E5AB1314-314F-48B4-8B23-828864541B76","0x00000000002C4EEC"
"D435EF0A-602E-41E4-A759-7802FED85183","155580","TB-0117","0","240","300","","1282","A174CB94-B99B-4AAD-AC01-8297839686F0","0x00000000002C4EED"
"6D81C9B8-C75D-413F-9560-9FB0E347BBEC","","NM-25936","0","81","85","","3883","C2BAD7F3-9DDE-4B8F-870C-82B321992F02","0x00000000002C4EEE"
"D7A8E170-79C2-4E07-9BF1-99731D65CA36","","NM-08385","0","563","683","","5538","18DBE9B7-E610-434A-B03C-82BA20D4C40D","0x00000000002C4EEF"
"BB7D88F4-9265-4232-98B7-FECE7899FE1E","279","TV-245","0","80","120","","1155","C672D5A1-265C-4904-A6B7-82CC0B0C3B2B","0x00000000002C4EF0"
"A0681465-E83E-431C-B780-3E9C92F5A1D2","480","EB-475","0","350","460","","552","1A7ED8D8-5FE6-47D7-B3B7-82D6765D7049","0x00000000002C4EF1"
"657FD03F-6DAA-40FD-80CD-8EB49138B836","33299","EB-597","0","850","870","","642","8D81371F-7A7E-42D0-86F2-82DEBFE9DEB2","0x00000000002C4EF2"
"D09E2541-02D5-48A1-B6CC-72EDD01A7DCF","469","EB-464","0","440","460","","533","3FBA66BA-788C-4532-9F5A-82E13AA6D28E","0x00000000002C4EF3"
"EAA4E7DE-DD0D-4DB0-9C2A-CB17041E2DA3","82","EB-081","0","739","749","","96","0CAEEF6A-46F7-4A7E-BD34-82E94E67E130","0x00000000002C4EF4"
"AD08CA3F-348A-4AE4-A9D2-0B3535A77D37","395","QU-065","0","1128","1183","","970","38D0B8F3-E551-4A2E-AE87-83000AADD2B6","0x00000000002C4EF5"
"A25859D2-860E-4A34-A853-26A333F1C7AA","","NM-03667","0","125","240","","5425","A3C199D6-865D-404F-A5E6-8301D157D549","0x00000000002C4EF6"
"8FAC74B1-B496-44C6-A028-478246956E38","425","HS-009","0","252","598","","1212","FA5E1A3A-0391-4A6D-AE67-83128E47EDEB","0x00000000002C4EF7"
"2526A0EF-65DE-417C-BB2D-BC2C57646328","","AB-0027","0","456","1032","","2579","D167AC5B-3C3E-4D62-B9C2-8315DC45E688","0x00000000002C4EF8"
"BBFE47C2-53DD-4E8A-98A8-9DE538CF8650","33383","EB-672","0","460","480","","721","46831BC6-604C-4C8D-A922-8318A2E0C959","0x00000000002C4EF9"
"4DF72F6D-12F6-E440-9964-15E6351EEF28","","WL-0109","0","190","250","","5682","CCBC180B-9309-4148-B356-832FEDDD6281","0x00000000002C4EFA"
"C195D791-7C9C-4CBB-B5A2-E5B640FEF927","","BC-0034","0","50","60","","4958","74FC49C2-906A-438B-BCF1-83340A2DDE73","0x00000000002C4EFB"
"B1848E44-9032-4933-B766-E18BA9CAF111","","NM-00366","0","726","1008","","5530","CD7AF790-2320-4C49-9131-8340E5D04014","0x00000000002C4EFC"
"32FA11EB-BC07-41F6-8523-40A547D705DC","","AH-067","0","740","800","","1754","5E9D820A-3259-43A5-A937-83437A934D1A","0x00000000002C4EFD"
"9BC0AE3F-C733-4131-8AD9-22F8BB452315","","AB-0119","0","520","760","","2655","8BA0EEF4-5BF3-4870-B986-834FE4475E31","0x00000000002C4EFE"
"F48AE45D-4001-4333-ACF3-F150FC69138B","","SO-0243","0","8","11","","3247","061F7C9E-9DDC-4087-A13C-835C0B44679C","0x00000000002C4EFF"
"E104A58D-E669-4A8F-9B57-A76FF7BAD0EF","","NM-26901","0","137","177","","4945","194F1142-2DCC-4EB0-AF1F-837F86D55EF6","0x00000000002C4F01"
"D1D4B6D3-D05E-4419-82AC-162B6804BD2A","","AR-0184","0","23","43","","3732","85A73614-3F2E-4E8C-8025-83A66199F62E","0x00000000002C4F02"
"4292CE3B-33D9-4F54-AA03-4A45ECDFA3DD","","NM-24667","0","380","400","","3689","9E1C2484-8123-466B-87DD-83B5802BC092","0x00000000002C4F03"
"FD972766-A4B3-4098-AFCC-A5F8F0AC7DB6","","QY-0150","0","201","341","","2962","BF7C95C0-A723-4A1B-9DD3-83CFC53CD823","0x00000000002C4F04"
"99679FEF-7258-4145-A33F-316BC9377CE6","","AS-001","0","100","140","","1497","2F57289B-9ED9-48B3-84EE-83D1B8C7286F","0x00000000002C4F05"
"12AA0900-5364-4731-B1AB-704E0691D53A","","SV-0095","0","160","180","","3392","FB4664C6-50CA-4B4E-9065-83D5BBE585B1","0x00000000002C4F06"
"732ACA95-12DE-44B1-947B-EC9955172E67","155788","TB-0247","0","480","980","","1314","F7B30E05-4154-4DC7-998F-84307B58AB9E","0x00000000002C4F07"
"8E347DF6-87D9-4515-9081-195BD5882A2C","202","TV-182","0","224","244","","1101","FDE8922B-6F14-4085-B69E-8463EB7F3BB4","0x00000000002C4F08"
"22A24CD7-88EC-4160-A929-E3B567044D28","","BC-0003","0","225","245","","3887","80C5EAC1-346F-4E7F-817B-848108460D3B","0x00000000002C4F09"
"4078FB79-3EA7-4BB3-AB2D-D0046D4A5494","492","EB-483","0","750","929","","567","9AED612A-3CF8-4D7E-ADB9-84865C9F1ACD","0x00000000002C4F0A"
"C0030FBC-5B66-EE40-AFF1-5CB532BEC8A1","","WL-0140","0","220","380","","5486","EF20F5B2-2166-E04C-BFF7-84B7F2D927E8","0x00000000002C4F0B"
"7DC28D1E-F7D8-40C3-8A2D-533FF947B9BC","","SV-0010","0","220","240","","5478","0C8760B6-7F8B-7F45-AA69-84C5A6E56133","0x00000000002C4F0C"
"B39C83E5-2746-4F76-B022-FBC680122A3C","","SV-0133","0","180","200","","3439","FA8C4D04-504C-4486-A221-84CA33B0B362","0x00000000002C4F0D"
"157C9C0D-3D8D-42BF-823C-02FDD79BB18B","61","EB-060","0","603","619","","71","7F14A33E-01BC-44D8-AE53-84FBB6EB27D0","0x00000000002C4F0E"
"605850BB-3EC1-4731-9B23-1B64A4A3DC49","33508","SM-0064","0","130","150","","785","16A00889-B812-43EA-B630-84FBDB4B4D56","0x00000000002C4F0F"
"2C1F581B-D7F0-432A-AC2B-17B28CD0A09C","","NM-24965","0","380","395","","3583","E2640C95-E2BA-40FF-AE8A-850C6C732A82","0x00000000002C4F10"
"2ED113F6-D37A-4530-AE43-EA0379CB1F9D","17","EB-016","0","280","320","","24","5DF0A4C6-A4DF-415D-9AB8-851ABFFB2ED1","0x00000000002C4F11"
"87206A23-6647-4EF5-B1CF-BD33F58C585B","446","SA-0161","0","590","675","","868","50924B2F-C3BC-4DF9-916E-8531FD86B882","0x00000000002C4F12"
"D21F711D-1784-4496-8425-5170CB8064E1","487","EB-478","0","386","396","","555","CBC87FC3-1BC0-4F55-AA20-853856EA3FEB","0x00000000002C4F13"
"9A4DC3AF-8E89-4CC0-8A80-321118C8E2B0","","AB-0192","0","1525","1795","","2714","2C45818C-4713-451B-90F3-8538C7A65251","0x00000000002C4F14"
"E9CA46EB-8A83-4498-9870-050358FBD316","475","EB-470","0","630","650","","546","AC0707E2-4E08-4C7A-B5ED-854337701BB3","0x00000000002C4F15"
"D879F295-61C1-4D07-95E9-61C60175CF5D","","NM-26957","0","69","92","","5288","3EA5C9F1-8492-AC4D-8FD1-8548F38716C7","0x00000000002C4F16"
"7F501926-259E-4C21-B53A-FBA2D231E21F","","AR-0069","0","14","28","","3011","24129962-C696-43B6-9604-8578DDC18E58","0x00000000002C4F17"
"4117662C-DFCB-4B9D-8F15-8EEF421645D4","33302","EB-600","0","941","951","","649","D9766878-84EA-437A-AAC8-8585363DA62C","0x00000000002C4F18"
"5776C29D-EBD5-4149-BA60-A5C49731FF25","155789","TB-0248","0","480","980","","1315","B1ACFAF4-539D-4314-B6EC-8585FABF76A3","0x00000000002C4F19"
"B885AFDD-2C2D-4CBD-9AB6-4CC26089F205","","NM-24705","0","354","364","","3675","FC9230B3-03B0-4FDF-A575-859628D9320F","0x00000000002C4F1A"
"00955B9A-2D64-49FD-B3CE-4FE5E80C5CD0","","UC-0227","0","140","160","","2845","AF61469D-F8EE-4708-B1A2-85AFC77992DA","0x00000000002C4F1B"
"B422E97F-6864-4966-B293-F2DD9C72073F","","AB-0185","0","1116","1429","","2709","3BEF685F-92BA-45A3-AF32-85B2054E5CBA","0x00000000002C4F1C"
"D464660B-77AD-4868-9FF7-665D1E4DB39F","","NM-26711","0","599","1146","","3804","14A03ECE-49E5-4B54-BDED-85CBA91D31AA","0x00000000002C4F1D"
"AF5A14F8-153B-4E15-9680-38E2FB7B346E","","WL-0026","0","400","550","","3861","B4BA13AC-4E16-4AD2-A56A-85CD2BCC3C59","0x00000000002C4F1E"
"87187352-3AFA-48C2-A0EF-72C5A2470918","","AH-008","0","120","180","","1565","C49D8ED9-E258-4A72-B502-85CD2F188957","0x00000000002C4F1F"
"2F46A26D-353A-4BA3-B1A5-89356DB34701","11","EB-010","0","180","203","","19","8BE26A24-861C-49DB-8E8B-85E57F2EFDED","0x00000000002C4F20"
"42B2794D-CAA9-4E1A-AABD-A619806D4D8F","","AB-0248","0","32","33","","5756","D4A94101-6D30-4750-95E3-85F0906955E5","0x00000000002CF387"
"0E4E81EE-08E4-473E-8935-4DA7798F6FB3","","BC-0246","0","170","190","","3537","6616CACC-C866-4480-861B-86097A3C5558","0x00000000002C4F21"
"62B26ACD-52A6-4BE8-ACB4-84E866C80CC1","","NM-01461","0","377","379","","3058","568F0B5D-88E4-434D-B508-860D0D94D208","0x00000000002C4F22"
"FC72583A-2F30-4F70-906B-466A360A6B89","423","HS-007","0","230","250","","1214","1E04BD26-B77C-4DC8-AD9F-86144DE541EB","0x00000000002C4F23"
"E6D8B039-472A-4784-93A4-4E6B2F610AF1","","BC-0223","0","280","320","","3522","CAF267B1-FF18-42D1-B8CD-8631EADDD7FB","0x00000000002C4F24"
"5887722F-5099-4C78-9D66-65651DD6039A","315","EB-311","0","100","120","","388","EEC61123-ADAE-4B6F-B9C0-8664613B45A3","0x00000000002C4F25"
"6183F8AC-7240-4A2B-8F33-617FF2C1BF49","","BC-0192","0","200","300","","5163","20593192-F699-4C99-B7FE-866F856B8432","0x00000000002C4F26"
"DC9EF528-93E1-461D-B6C6-F5DEED8EB51E","","AH-066","0","160","180","","1753","A98066B1-608F-47DC-93E5-86C786F6AECC","0x00000000002C4F27"
"1BA32651-4323-4F72-BCDC-0D3646169F1D","","NM-20960","0","11.5","21.5","","3812","C77BD996-343B-4E2A-8F22-870F2D01278B","0x00000000002C4F28"
"669357D8-A886-4FAF-AED5-B89708CFA31A","","AB-0175","0","135","145","","2699","38FA5F59-FC64-484F-A030-872085A1D477","0x00000000002C4F29"
"B9CCAF2F-3933-4CDB-B992-5EEAF524BE34","","QY-0622","0","0","109","","2984","71B47F5F-A90E-4F18-9321-872634E2F53F","0x00000000002C4F2A"
"9B5E7014-4341-4805-A71D-1AF5B9A4523E","","SO-0174","0","44","49","","3172","EF8176CB-BD95-4777-9997-87378BDEAA83","0x00000000002C4F2B"
"7704DAEF-7582-4EE2-9BDD-2F3D362184AB","","BC-0093","0","232","252","","5029","300024B6-0E03-48EB-81D5-873AA8B544B1","0x00000000002C4F2C"
"2EBBB4C6-787F-4972-81A6-B09AB34CCF46","","AS-012","0","169","408","","1507","A8E2FD34-E1BC-4A0F-A301-876241DE7C78","0x00000000002C4F2D"
"3130968B-A26F-49E5-8B24-EDB74EDFC517","269","EB-265","0","274","284","","324","15392E41-11F4-4A06-B05A-877E5AA775FA","0x00000000002C4F2E"
"29353BBC-0A59-4651-9F44-0FD0045C7B7E","","NM-26500","0","25","35","","3800","FFC8B683-7BC4-4B85-A1F9-877EE2BFB389","0x00000000002C4F2F"
"AF2190C0-A047-42F0-A6C5-78A8337970CE","","AB-0080","0","148","158","","2621","ED3F7DC0-269A-4E52-B997-878049B49AEE","0x00000000002C4F30"
"AE88B616-FEFF-4D56-83DD-5712504C154A","46","EB-045","0","200","440","","49","C5DBCC08-1A60-42CA-81D9-87824629FB96","0x00000000002C4F31"
"9347C86B-7326-4C39-AF22-17BBEEEED52D","","AS-045","0","200","280","","1532","4A890B06-05B1-4F12-AE1B-87981B21B8AD","0x00000000002C4F32"
"D352D694-0695-437B-8180-3E602C59E9F5","","TC-259","0","82","161","","2132","74F22ABE-D199-4E55-8810-87DB4B111881","0x00000000002C4F33"
"911A30E2-8766-4F10-9B77-C758AB6F473F","","BC-0061","0","205","245","","4993","F99FCACC-7BB0-40D8-9485-87EA0BB5C9F5","0x00000000002C4F34"
"24184C9C-DD10-4E87-8EFC-B510D1BB8983","33276","EB-573","0","260","373","","615","0077468A-4D29-442A-897D-8825788A83C4","0x00000000002C4F35"
"CB14F3D3-E7A3-4AA3-95EE-BA391C84D041","336","MG-008","0","150","190","","904","77E9C975-C13A-40B6-99DE-8832E93D4DED","0x00000000002C4F36"
"46359644-D5E6-424C-9C86-0CA37E69D1C7","","BC-0127","0","220","240","","5108","A8A35B37-EC8F-4078-8B5D-883C361C1773","0x00000000002C4F37"
"5927EB0B-0153-434D-800A-2AA46440D468","390","EB-386","0","460","800","","443","967AF354-DEEA-47E5-A6BE-883E749A75F7","0x00000000002C4F38"
"17476049-2AB6-4012-B889-D62494428F93","","NM-21353","0","130","135","","3829","60A3E6BA-98BC-48FA-B4AC-8852E73E4BC4","0x00000000002C4F39"
"414FD68A-E4B8-4B48-8664-591B7AFA6E8A","361","MG-033","0","218","238","","923","1E5C3996-CDC6-4056-9335-8858FDBA5611","0x00000000002C4F3A"
"39320C48-993F-F74B-A5ED-0F9D983C3DE7","","DE-0016","0","680","700","","5655","76EB17B8-869D-FA48-841F-885F3B422223","0x00000000002C4F3B"
"38824EEF-A2F1-429E-8186-119F8815F881","272","EB-268","0","1850","1860","","327","81CDF760-9757-4A97-BD82-886BC3B94A99","0x00000000002C4F3C"
"33FD3C80-7BE8-417F-998A-3B48C7E199B5","","NM-24360","0","131","138","","3446","8EA9B9F7-64D1-4DBD-94F0-886E756271DA","0x00000000002C4F3D"
"F1E81124-2A22-411B-84D6-43844F662175","","NM-09605","0","190","200","","5565","174C8EA9-EE26-AB47-8352-8880E094232C","0x00000000002C4F3E"
"B54CCEDC-BFFB-4906-A3CE-17D9A3F91BC9","498","EB-489","0","400","980","","577","67903E1E-04F4-47BC-A8F1-88899B9F3659","0x00000000002C4F3F"
"C6AC0358-C631-4353-A9C3-ED396443A4A2","","NM-24597","0","40","125","","3717","5C238CA8-2EEE-4878-92F2-888FB15DDE2D","0x00000000002C4F40"
"10A1F7CC-7A47-497C-911C-89B7D1C4D368","","SV-0106","0","210","240","","3403","05D3DF37-000B-4851-A993-88AAF8B920BA","0x00000000002C4F41"
"153BA254-9F5A-4DF6-95E4-0EB4060A549C","","AH-044","0","110","150","","1598","166C9638-D378-40B2-8F9B-88CB56EAB3C3","0x00000000002C4F42"
"BAF89B3C-F39E-405F-8FB4-3E37E88E8618","","SV-0003","0","205","225","","3288","F26098EB-49B4-4D2A-A250-88F3D27436A3","0x00000000002C4F43"
"760C6D70-D36A-4B86-BDC8-AB2D5E4369AE","33395","SM-0042","0","100","140","","770","7C99F098-9DF5-45E1-836D-891477D8207A","0x00000000002C4F44"
"41ED2197-D4F7-9847-849E-0F879FCEA35B","","WL-0247","0","340","400","","5676","DAC285F9-6EFD-244F-9CFB-89437AF94E70","0x00000000002C4F45"
"9C54ACFD-C83D-413B-80D7-8E00C5F62EC4","","NM-24658","0","228","253","","3694","CDCD219B-A220-4974-9DB0-8947FC542478","0x00000000002C4F46"
"DAAFC632-9B77-48B2-A1E0-7FA5A9362691","","NM-26895","0","385","425","","4941","CAD640EB-E815-4534-A987-896999DB3BE7","0x00000000002C4F47"
"11C983C1-4D15-4E28-87AE-175E9EB671B8","","AS-052","0","270","400","","1540","467E194C-088A-44CC-B319-89747C7A2D9C","0x00000000002C4F48"
"7F9A11C9-1C53-43C7-BE4C-4DDA2CD54455","","SV-0086","0","130","150","","3380","97297108-28C9-40FD-A4EB-897DA4BB6EC3","0x00000000002C4F49"
"22A54072-B8C6-4F65-9778-A8F87CF1ED7C","","NM-00765","0","120","200","","2901","E5D72BC9-F4CB-44CC-9039-89A385D4F60B","0x00000000002C4F4A"
"B66A2588-7481-4D88-B18D-1E8405E2C913","","TV-161","0","60","120","","3017","82217F99-F751-4241-82B9-89A5974B2A1D","0x00000000002C4F4B"
"7CBB2A42-EFAF-4E72-AEBC-E1D00F708FC6","33697","SM-0172","0","250","320","","824","5083285C-CDBB-41EB-8AD6-89AE75106FDE","0x00000000002C4F4C"
"57A75064-A07E-4055-89C4-FDD730999183","90","EB-089","0","258","515","","108","1EB5A8E4-55C0-4D58-BBFE-89B2EE234CB7","0x00000000002C4F4D"
"F3C7C4FE-E42A-4547-8DF7-D1104F2BE210","336","EB-332","0","80","140","","412","F55611EE-F91F-47FF-AEC8-89D560C84CB0","0x00000000002C4F4E"
"2161E7F3-B426-4A0C-9CFE-603E68D8A2BC","","NM-01917","0","160","205","","5577","216214BE-56D1-BF47-B72B-89DB65AE0502","0x00000000002C4F4F"
"5EA1AF4F-A296-954F-A35E-A219EF77C4A6","","PC-035","0","370","410","","5423","BE73774D-9AF2-1542-A308-89ED364DB3CC","0x00000000002C4F50"
"C84F4559-3CDD-4482-939E-DA772BBA3FDA","","SO-0229","0","44","49","","3233","7D464D30-B0AF-4606-9B02-8A047E0B4E21","0x00000000002C4F51"
"5EE0224C-D546-7847-87F4-7821DF2AD28A","","WL-0229","0","770","1230","","5647","1F67A973-2F71-264A-99BC-8A2C656B3780","0x00000000002C4F52"
"30C6A679-8324-4CCD-9D4D-625A1FA42D37","","AB-0179","0","1634","1639","","2703","05155D40-1C2E-458E-818A-8A3C4D6B0172","0x00000000002C4F53"
"CDD44303-21C8-4136-A754-9C4F5F43C7E4","","SV-0087","0","220","240","","3381","F94DB340-430A-464F-B422-8A534E6D2825","0x00000000002C4F54"
"91AB2694-5B87-4438-895F-0B02485D4C62","","NM-08149","0","192","220","","5537","71242CBC-0E09-F74A-953D-8A5F4AB7797B","0x00000000002C4F55"
"18407E5A-C952-4E44-98DA-B8E209BD2259","","AH-103","0","450","490","","1790","AB94B37E-9D5F-46F7-A71B-8A63AB93D2BC","0x00000000002C4F56"
"0FB03DDC-ACFD-4F75-84C3-624099D53FAD","","BC-0112","0","160","200","","5046","F3906A20-6CE8-4DB9-B958-8AA3554EC8F3","0x00000000002C4F57"
"CD197744-7CBB-4061-9C1B-10A1891DD8CD","","AB-0247","0","23","66","","5752","8289E5D2-FF19-4EAB-B5CB-8AB17D234D5A","0x00000000002CF381"
"5F54227B-F13A-4CE0-BDA2-992670C8500A","","NM-21390","0","170","250","","3835","F66FB6ED-A044-4BEC-A98D-8AB513A48314","0x00000000002C4F58"
"87D69615-1091-4C8D-9AD5-DB0149DC9A58","474","EB-469","0","380","480","","543","CD6CCE58-290F-44CB-B390-8ABCB844439E","0x00000000002C4F59"
"3D73E5D3-D73B-497E-8C31-3FB65D83BD46","","EB-692","0","471","484","","5460","46446C0A-C259-5745-88E1-8ACAEF56CB6D","0x00000000002C4F5A"
"0ED82E55-13D0-4C0F-827A-604509111BA8","","BC-0085","0","60","97","","5023","F33066C9-3C32-4422-865F-8B0912932A82","0x00000000002C4F5B"
"D5F7016E-B095-4FFB-A28C-905E044175BA","","AB-0015","0","640","660","","2570","0B757693-A1AC-4F8C-BEE4-8B231C3B30AE","0x00000000002C4F5C"
"F82EEE0A-6C6D-4ED5-9187-F9ED0E6A8B69","","NM-21170","0","420","435","","3818","1944FD62-827B-49BC-9E2D-8B25DBB370C5","0x00000000002C4F5D"
"D45381A2-CC73-4D6E-A82A-3AEC9D07DAC3","","SO-0140","0","4","19","","3138","64387171-0A99-4403-9F1A-8B431BDA021D","0x00000000002C4F5E"
"E80831EF-D5F1-4C02-BCF2-AD7D769C4A7E","","BC-0236","0","290","310","","3532","FD796DBA-80C2-4F77-BECB-8B58F85FD4F6","0x00000000002C4F5F"
"03455212-26E0-4DC0-AC76-5441F8CC4F86","","SV-0109","0","250","270","","5196","51CEFF2D-A648-3B43-9A8C-8B69EFF8A6D6","0x00000000002C4F60"
"783AF6F5-C2C5-4D6C-899F-7BB96C6878C9","36","EB-035","0","100","380","","36","5272CBFC-496B-4D99-B439-8B7B70F51DC5","0x00000000002C4F61"
"126FBE5A-376F-4965-BDDD-CD6CCA7D9D54","","BC-0068","0","260","340","","5002","6778F5E9-C4BB-4CD1-9DB6-8BE004F8485E","0x00000000002C4F62"
"811C768B-B682-4683-BAC7-277FF0184C47","","BC-0260","0","345","365","","3548","C4DA7F34-3ACB-42A1-8A3E-8C022E7CDEB4","0x00000000002C4F63"
"F162D6AB-BF4A-0947-9228-963552B72F04","","WL-0139","0","115","135","","5634","D3F5669F-ABFE-2446-9BD1-8C18CB2ABBBD","0x00000000002C4F64"
"EC063552-924C-44E2-8DD0-86643708EC8C","87","EB-086","0","644","665","","106","11F865A6-61A0-44C5-9585-8C19DC6C01D6","0x00000000002C4F65"
"DEC28802-A6DD-489B-8642-CE44E7E5E656","","AR-0121","0","24","29","","3082","15508BC2-3C69-4008-89AE-8C2EFD215C03","0x00000000002C4F66"
"E7BABCDF-E970-44A1-A8F3-EA5C18C0B3E6","","NM-01372","0","140","160","","3036","134870F8-652C-4097-8FDC-8C2FEDCEC4C6","0x00000000002C4F67"
"57869DDB-FFC6-47DD-90BD-84DE9354DABC","","NM-24686","0","125","165","","3680","9CAAFC68-F4E0-4F22-9E51-8C3E7223ED57","0x00000000002C4F68"
"AC35FD24-A282-458E-8B40-7F6B683C1B45","","WL-0008","0","632","910","","3795","79A6D15C-CB80-448F-A665-8C4496B75D6C","0x00000000002C4F69"
"C00374D9-D136-4734-8DDF-EBC69BA3CD9B","","NM-25250","0","56","66","","3448","23627EEB-97EA-4F27-B502-8C60CF3444B8","0x00000000002C4F6A"
"3724A594-1E85-43D5-807A-A9729AED0A0E","","AB-0163","0","560","760","","2691","CA18888B-0844-4EAA-91B7-8C7A8B706C3B","0x00000000002C4F6B"
"000C2EF3-B792-420C-B490-CB97124C634B","","SV-0013","0","260","280","","5176","7D9F6D50-1FB0-8242-ADA9-8C920C23C224","0x00000000002C4F6C"
"82717611-4ED4-4461-9D65-7C80EC3D8FC0","488","EB-479","0","234","274","","559","3A877DE5-3072-4463-9573-8C9925F06E4E","0x00000000002C4F6D"
"A7471B66-C443-BC4F-8D8E-6FD9F0FDE86B","","PC-050","0","280","300","","5352","5FF34AE0-0396-7B42-AAE8-8CB18CBD2A0F","0x00000000002C4F6E"
"1411CEEA-255B-4B5F-9655-0CC54C741FB5","100","UC-0135","0","235","275","","1329","42D55319-2B3F-4ED4-AC07-8CBF5FBF72F4","0x00000000002C4F6F"
"903DD4D1-EBA1-4B2E-88E3-ED3F4D6A2D3C","64","EB-063","0","300","340","","75","6B78397B-6CFB-4BDE-B49F-8CD8EB28C667","0x00000000002C4F70"
"463D1CBC-064B-4DBE-9DD0-DDE4F1DE0AEB","313","EB-309","0","120","280","","383","78A07174-5A31-4999-91AF-8CDA39EAA324","0x00000000002C4F71"
"F413B3F2-9F9E-4EE4-887C-44576356E460","","BC-0259","0","300","305","","3547","80BF298E-8556-4DCB-8658-8D07271E5B5F","0x00000000002C4F72"
"D01E9EE9-E1E8-4E7D-B293-398B8AA8D1C4","","SO-0202","0","3","18","","3206","04019BBE-ACE7-4F10-BAD1-8D0AFA8DEC8C","0x00000000002C4F73"
"438328BA-00FB-41CB-A6CD-BBB10E56D99F","418","QU-083","0","212","222","","984","C4E39DC6-4F22-4433-8D46-8D2122D6F44E","0x00000000002C4F74"
"A16601B1-9811-447C-92B3-449F22CABBF5","","NM-25154","0","277","302","","3456","63AD0F7B-D173-4089-B1AF-8D22A32D07D9","0x00000000002C4F75"
"08718909-CB60-42F1-9497-0F9BF9527430","142","EB-141","0","25.350000381469727","35","","175","BB66669D-D280-4AC4-8154-8D30EE41D6F6","0x00000000002C4F76"
"0E60F36E-AE8F-436E-B622-331EF968A41F","","NM-24975","0","217","238","","3577","F8BA4250-2424-49DE-8926-8D38F75C18FB","0x00000000002C4F77"
"504F73B4-2337-4BA9-A229-8109C06B18B0","","NM-24926","0","195","215","","3593","A17CC0D6-B9BB-4773-91AA-8D43714637DA","0x00000000002C4F78"
"CB6F7650-0636-4974-9745-CC3FB1FE97A2","","TC-261","0","153","173","","2134","94F65E43-1AC8-4BAB-BF3E-8D496784D668","0x00000000002C4F79"
"E0962A59-F023-47AC-B3B5-C4F508D8120F","379","EB-375","0","300","500","","436","142EE7FE-37E9-4E56-AF9E-8DBE55B846DE","0x00000000002C4F7A"
"57E7D507-44CB-46CD-8787-69F356DDEC32","","BC-0264","0","380","400","","3552","4C5503FE-9696-41BC-8479-8DC35B6905D6","0x00000000002C4F7B"
"189E1AAD-6968-464F-BC0E-BD6CCE2033E6","","SO-0209","0","46","75","","3213","1D3537CD-F082-4667-9B43-8DC8E951584C","0x00000000002C4F7C"
"0AF1C8F4-E74C-4C08-B3BB-EC2932D2AEE6","218","EB-214","0","160","205","","273","1676C8FB-3CAA-441B-BC0B-8DDC02ED2092","0x00000000002C4F7D"
"99218CFB-8C26-4396-8EC7-B8807A8DC5DC","303","QU-004","0","135","160","","945","9A0C756D-B181-4001-9087-8E029E9C8ABC","0x00000000002C4F7E"
"FC525CD4-05B7-43D3-A391-3A449E3AE0A0","123","TV-103","0","790","890","","1037","74A0E840-787D-4849-9C71-8E22BAE37946","0x00000000002C4F7F"
"6EA7707B-FE6A-48E1-A85E-1609030F9D2C","54","EB-053","0","300","320","","61","7D10FC03-9CA3-450B-B3C2-8E22DB8D42B4","0x00000000002C4F80"
"5CA6E7C8-5BEF-4310-8895-E0B54AC41C75","349","MG-021","0","235","295","","915","46939D9D-7798-4B31-8435-8E24A31DBE6A","0x00000000002C4F81"
"D8B4BFA9-8D41-4FD1-8AD3-6F82AD46550E","437","HS-021","0","30","40","","1200","FC182E10-D977-43B9-9B91-8E2CD9CBFC4C","0x00000000002C4F82"
"E7B97662-F011-4AA9-BEA8-E3C303901D84","","BC-0250","0","120","140","","3541","E53BA6AB-BE22-49E6-8CAC-8E2D1452BD23","0x00000000002C4F83"
"2E6083D6-531E-4641-9BDB-EEE193C6192C","111","EB-110","0","560","580","","140","75F98A6A-9257-4A7D-9F7A-8E4FD019A6B6","0x00000000002C4F84"
"9C8257EF-490B-4A19-8D18-11311700A3F2","205","EB-204","0","80","100","","267","24368157-8792-435A-A962-8E594E7AD800","0x00000000002C4F85"
"C896872D-A0F8-4185-B8A6-3984D8291276","","NM-25100","0","416","420","","3480","832CD1D4-699B-4176-BAE3-8E771534484B","0x00000000002C4F86"
"FEC4574A-FC18-49BF-AD99-49BD1EF380B2","295","EB-291","0","640","682","","364","04B463FB-9037-4A9B-BCAB-8E82BB6E5A6D","0x00000000002C4F87"
"86D26D7A-547B-4878-9B86-C1EB5AC9C499","","NM-26946","0","220","265","","5086","CBCA63B0-4FB3-436C-982F-8EAB882FE518","0x00000000002C4F88"
"65ECA8A9-7751-4934-A14E-D44FD8E2E6FB","49","EB-048","0","233","248","","52","4C05B81F-41B7-4ABE-A40F-8EAD46406EE9","0x00000000002C4F89"
"03D0079C-2473-40A2-8B33-752705AE0173","","SO-0241","0","4","19","","3245","5643E3DC-7426-43A0-BC42-8EB9EE91F90F","0x00000000002C4F8A"
"4078FB79-3EA7-4BB3-AB2D-D0046D4A5494","492","EB-483","0","287","304","","565","1911BE25-FA5D-4EED-B7D6-8EC9538B4779","0x00000000002C4F8B"
"8FF40080-AAD9-4D33-860D-19AC9F64C256","","NM-26713","0","190","200","","3806","5FC792F4-6A68-4F7D-AEBB-8EE98B1964B3","0x00000000002C4F8C"
"FB133177-C652-4B54-B78E-0682572F4494","","BC-0023","0","45","85","","3919","FFCEE57B-C2C1-4B94-9163-8EECDB7356E2","0x00000000002C4F8D"
"02D4CC66-3B9B-475B-B2F8-095D6D1945EB","","NM-01254","0","600","601","","3071","E76E3E0F-9C44-4ED1-A0B7-8F249A01F588","0x00000000002C4F8E"
"A619C762-AFC7-4B57-ACF0-82691906F797","242","EB-238","0","223","254","","294","CA727DCE-119A-4C33-8684-8F259FB501EC","0x00000000002C4F8F"
"1CA2FC37-9609-44ED-BF61-4D76DAC76883","","NM-04327","0","56","116","","3110","FDAEE9BC-7436-4D0B-91AD-8F25BD684122","0x00000000002C4F90"
"0918001F-F0E5-6E4F-A67A-6E57D313702B","","WL-0291","0","180","315","","5742","87932842-5888-7041-89CF-8F2EE7AB9471","0x00000000002C4F91"
"5B488110-6504-4240-9B46-A6EEF752B8DA","","NM-02351","0","125","272","","5604","683CB545-56C0-FA4F-B16D-8F4F383D3E26","0x00000000002C4F92"
"AC3F96A7-DA7F-A54C-8768-6366FF78D9C0","","PC-074","0","580","620","","5374","207854F1-4896-F14B-9BA2-8F5E1152F0D5","0x00000000002C4F93"
"1707268A-AB75-4347-A177-86D2C73F1A92","314","EB-310","0","247","267","","385","1B8FB6E7-18FD-4253-8AEA-8F82497C3B26","0x00000000002C4F94"
"5D92A138-1763-40DA-BFE7-9FE66F765EA7","","SV-0064","0","325","365","","3364","85E98B27-D697-409E-8CF8-8FA62D7BFA32","0x00000000002C4F95"
"0205DFEC-B828-4DFD-8D49-1AEAFF60C0B3","261","TV-232","0","40","50","","1142","E7D7E282-8494-4CEE-AD84-8FB2CA94C1DA","0x00000000002C4F96"
"737F3D89-07E0-43A7-A652-23FEB9C56B1A","","BC-0120","0","580","600","","5052","CDE0924B-27EA-4326-8BAE-8FB7C33387F0","0x00000000002C4F97"
"BBADB9EA-3848-4C99-902E-2223A12CF5CC","","AB-0068","0","349","354","","2611","3D787C56-D1C9-4598-8F91-8FC33DB8224B","0x00000000002C4F98"
"C2F4FC4E-F689-4653-8997-093A7935FD68","","NM-26897","0","500","560","","4943","1DBFB5DA-1954-4889-BD83-8FCFCC31EF51","0x00000000002C4F99"
"979DAA86-4887-43E6-BE14-A9F12F33205C","33680","SM-0154","0","195","255","","821","31E73834-C366-420F-8A20-8FEE8D994125","0x00000000002C4F9A"
"EA7E5EC9-CD5D-4EA2-9452-07C46806FD13","372","EB-368","0","460","500","","253","C26F6A75-DC2C-460D-99FC-8FF5B56DAB7F","0x00000000002C4F9B"
"9BE57695-27F6-4370-8EDA-328E19FD1AA3","","AH-009","0","80","107","","1566","BFBEFD76-247A-4C72-B2FF-8FFB2B9F3781","0x00000000002C4F9C"
"AD37EBE4-89F0-40CC-90D8-BB43CA99C1EC","","AB-0214","0","244","249","","2734","DEECE22B-D5BB-4F22-8482-8FFC23ACE7BA","0x00000000002C4F9D"
"C8E96D55-EF54-5D40-A4E4-3FCCDC25BE36","","WL-0262","0","496","516","","5694","F10430E1-E1E9-B445-AEB8-9005918B8FD3","0x00000000002C4F9E"
"C8A69133-BA97-434F-BDAA-87B87D642A6C","","AH-022","0","320","380","","1577","25460417-0ACF-4D9E-AB0C-900E53980F11","0x00000000002C4F9F"
"19F9E43E-3988-40EC-B7AA-3BDD0CBD67F7","33666","SM-0141","0","560","580","","814","A1558157-EEA6-48A0-AB97-901CDA25DFF7","0x00000000002C4FA0"
"2F71CC2F-03AD-4F09-9341-26B6185C6144","236","TV-216","0","360","420","","1125","6E2F55BE-5CFB-4812-9EF9-901F9979950C","0x00000000002C4FA1"
"ABB96A2A-997B-42EA-9967-9172B053E937","","NM-26949","0","645","685","","5089","73B6E00F-9A95-45D8-AFF2-9027E3984FE8","0x00000000002C4FA2"
"31C40BCA-D622-41C6-890C-21A23F10DE26","530","QU-143","0","58","63","","1016","414CA653-D621-4E5C-BFD6-902D8216EBFB","0x00000000002C4FA3"
"8639BF32-99B2-49C8-AA57-767DAD1FEC85","309","EB-305","0","20","40","","379","7F95BB22-35B9-4B23-9506-9037EFA2A30E","0x00000000002C4FA4"
"53DE0B95-0141-48F8-AF87-2E6498D2C402","","NM-24620","0","310","324","","3712","878E19E2-9352-45BE-8A3C-903DB3F01DE8","0x00000000002C4FA5"
"702887AA-69D2-4B4D-BF22-272C881F6327","212","TV-192","0","190","240","","1110","2E000E3B-5356-4A12-9CBB-90971D162F2A","0x00000000002C4FA6"
"98C36368-835B-4A5C-9D09-2233DB18CC10","","NM-21367","0","485","525","","3831","5CB0E0C3-6685-47B3-B234-909AE347BF0F","0x00000000002C4FA7"
"88C350D4-305F-4B92-BBA8-918349DF0214","331","MG-003","0","510","650","","901","732A1096-AD73-4F0F-822E-90B4FE7F50E8","0x00000000002C4FA8"
"D4D03CCB-0FA6-41E8-AA61-6D9610FE4B9F","313","JM-014","0","70","150","","893","1F619EFC-BBB5-4844-9A13-90BA72D0C759","0x00000000002C4FA9"
"1E1356DE-B861-4CD2-B09A-C3158FC1E121","121","EB-120","0","574","600","","154","A9502A3D-5AC2-4644-8197-90E387155CB9","0x00000000002C4FAA"
"90EAAB5D-E5DB-473D-AFE1-FACA4494BA6E","320","EB-316","0","160","180","","391","BF2ABB1A-97D5-4AE2-93D0-90ECD85FF3BC","0x00000000002C4FAB"
"99F0EFD1-E6D7-4A99-AAAD-276E94FDF63C","","SV-0026","0","105","125","","3317","4C05636B-FB12-4097-A140-91034BA0D7F3","0x00000000002C4FAC"
"FB676CAE-CE18-40E1-9900-06AC119F6A25","","NM-03423","0","135","145","","2806","0705063D-CEE5-4C5E-B849-910C3E15A1B2","0x00000000002C4FAD"
"6287FA95-DFBB-4D8C-AA64-EEA7972C4008","","AB-0167","0","730","750","","2694","02B2893A-497A-4C32-8F83-912EA0C51473","0x00000000002C4FAE"
"38C01BA9-113E-4FEE-A728-745F23DA7976","148","EB-147","0","140","155","","181","91D0FD34-24B1-467E-9538-9145D4AAAD5B","0x00000000002C4FAF"
"15880831-CAA4-4CE2-8B8C-8F56C26A4D2F","","BC-0226","0","460","500","","3524","C4BA4A6D-2564-40A7-B70E-91583B1C5446","0x00000000002C4FB0"
"D99A5068-F59E-4C9D-96A0-D00C23073112","","AB-0122","0","1515","1520","","2658","F847A77B-1622-45D0-9E1E-915CD6049CCD","0x00000000002C4FB1"
"A7263075-B048-4818-A530-7832E1A85966","136","TV-116","0","160","200","","1054","25C1314C-F33D-4007-BA8D-91636EC1352A","0x00000000002C4FB2"
"CD197744-7CBB-4061-9C1B-10A1891DD8CD","","AB-0247","0","0","10","","5753","DBFD69CF-1F3C-4DFA-BE2D-9168DA6F8C45","0x00000000002CF382"
"CF45E783-3D63-4A62-B8D4-0DD01D7D396E","529","SA-0301","0","134","150","","880","29EBD062-7D27-419F-A619-917EE6F387C4","0x00000000002C4FB3"
"0F805A02-E80A-4C6A-8FF7-107856B148CD","122","EB-121","0","567","586","","156","A6255CA8-589C-4AD6-97E1-919AC55A7503","0x00000000002C4FB4"
"BF63CBE6-1B60-40A2-9E6C-DF7FB3A3789A","110","EB-109","0","570","590","","138","348E842E-691A-4E4C-B372-91B222B4C9EB","0x00000000002C4FB5"
"0C5CC69E-1D1E-6941-8784-89493001BD07","","WL-0263","0","2","800","","5713","B98CDCCC-9228-8E41-A31E-91B85BC534B0","0x00000000002C4FB6"
"982AF778-B3AA-428C-B839-D9DF98B81D59","553","GT-001","0","417","517","","1334","402C7D99-E7B8-4871-9A61-91CDCCE1FE49","0x00000000002C4FB7"
"35FE8153-0E52-C142-A781-54019F0BCD86","","PC-033","0","58","70","","5338","614D426C-994B-4C4E-B73E-91E236E8FDBE","0x00000000002C4FB8"
"EAA4E7DE-DD0D-4DB0-9C2A-CB17041E2DA3","82","EB-081","0","685","695","","95","DC232D93-4651-4FFB-9A0A-91F6F5F1FAAE","0x00000000002C4FB9"
"E53AEB8C-9FC9-4ADE-B14E-897D0CF91225","","NM-25053","0","708.25","718.25","","3493","2BB16A51-4B55-4F72-B653-92122049A8F7","0x00000000002C4FBA"
"EEA1D69E-D4EF-4942-B58E-838A51230DC0","","PC-113","0","416","466","","5404","4760C481-A1E1-F848-AF76-9212710C96DC","0x00000000002C4FBB"
"37D2F7F6-42CC-4646-884F-47BD40B0C6C0","155690","TB-0208","0","285","305","","1300","13FEA756-7343-4361-8E22-9212C74B4D2C","0x00000000002C4FBC"
"03CD25E4-D9BB-4C7D-8D59-CF12589B25FA","","SA-0222","0","500","1500","","1900","D953274A-26EB-4EEE-A6E3-923E5F0257D0","0x00000000002C4FBD"
"F4494EB6-7EF8-47C5-BD0C-77675BA2C0EB","262","EB-258","0","111","131","","318","45925FC2-FAC3-4942-B661-92577DA0E557","0x00000000002C4FBE"
"7FFF0B2E-8AB7-FB40-816E-4387D9F0281C","","WL-0265","0","332","372","","5700","478DE3A5-2D67-D547-8922-926302C877EF","0x00000000002C4FBF"
"ABA2F51C-3ECA-1D4F-BC9B-97DA82DF4242","","PP-036","0","65","105","","5271","99C770E1-0964-CA47-88FF-9265FCC19EED","0x00000000002C4FC0"
"01CD85D7-ABF4-449B-BAF9-CAA0365A4688","","WL-0007","0","882","922","","3794","7FDE9FEF-18DC-46C7-B62B-926E9A3EDA7A","0x00000000002C4FC1"
"F413B3F2-9F9E-4EE4-887C-44576356E460","","BC-0259","0","200","220","","3545","8E9A4AD7-BF48-4C62-ACFA-928999783500","0x00000000002C4FC2"
"EE498D9D-1A3E-4E00-A4FD-93F1D93671A9","","NM-24972","0","180","200","","3581","04776581-F9FE-4969-AED6-92DD47BF3AFB","0x00000000002C4FC3"
"979DAA86-4887-43E6-BE14-A9F12F33205C","33680","SM-0154","0","240","400","","822","F4C2A260-B8F8-4BEA-84EC-92E69A0AD785","0x00000000002C4FC4"
"1746A1E0-9569-47AC-A888-071C67DEDA8D","","SO-0128","0","4","19","","3198","F007AE6F-7DDA-4A8C-9553-92EFC7CDEC84","0x00000000002C4FC5"
"FB1F10DF-2987-450A-941D-5649A2EF1BB0","","NM-24823","0","181","200","","3635","ECEE34BF-CABE-494F-B05D-930EB421A849","0x00000000002C4FC6"
"479E81F3-6384-43C4-817A-AF328B1A7E31","","BC-0062","0","285","325","","4994","BA8712C0-F36A-4D17-827E-932275C530CF","0x00000000002C4FC7"
"366A793C-48F8-4E2D-A517-91423BDB13BF","","AS-019","0","100","180","","1513","41CFE0C6-9E66-4A85-A127-93227A13168D","0x00000000002C4FC8"
"8BFAD3A9-F879-4F30-AA7B-3A1D8B6BF129","","TB-0308","0","130","170","","3125","49F7FBB9-B49C-49A2-AC7C-932947DE6EE7","0x00000000002C4FC9"
"ABED6E1A-679F-4E64-A9EA-A9491FBC5829","42","EB-041","0","330","350","","45","94201D71-D8C5-407D-BE01-93296FF88D3C","0x00000000002C4FCA"
"AA7F4A7A-44FA-4E43-8CC7-B0FE74C90243","","TC-428","0","25","62","","5231","62D3A77F-34BF-F94E-8CD8-93317D4948EE","0x00000000002C4FCB"
"DD923897-ED4C-46C1-9472-A7F8485986CF","155551","TB-0088","0","70","110","","1266","23644628-9D9A-41F6-857E-934A1B38C1A8","0x00000000002C4FCC"
"194D7424-B53D-4A67-B042-EA41DDF54D08","","NM-26932","0","105","112","","5077","E5414B76-DB8A-4BFA-8290-93628B1BEE03","0x00000000002C4FCD"
"1F016034-D645-409E-AC52-A219A81F2BC6","","AH-076","0","350","400","","1763","3C54B3D6-6DF9-4FC4-946D-939F5D88ECDE","0x00000000002C4FCE"
"94642281-0287-4ABF-A1FC-3B16E5729F61","157","EB-156","0","324","350","","190","16A4C45C-5710-4894-A59A-93A3D8ACA964","0x00000000002C4FCF"
"F9AF4BC1-1582-44FD-B431-0E72B3955774","","SO-0214","0","44","48","","3218","20FE5875-5B14-4407-BECE-93B45398FFEE","0x00000000002C4FD0"
"DFADB478-5FD4-4BC1-90F7-728DCD1117D4","","NM-24847","0","416","441","","3631","6D938AEB-B97F-44D3-9A9E-93B5F39149E0","0x00000000002C4FD1"
"07FA94DB-CC11-42FA-B0D4-0612613D8545","","AR-0023","0","26","31","","2952","9C34DB64-C6EC-4809-815B-93BE2879BFD2","0x00000000002C4FD2"
"1AD71F9C-5D4B-4B27-96C6-A02FE2867B6C","","NM-27197","0","460","500","","2920","17BC4E1C-2176-4CC3-A950-93BF54B752B7","0x00000000002C4FD3"
"BE0BB103-EE40-4744-8B0D-41C74A03B20D","","NM-25110","0","648","668","","3474","2BFE894E-D8AA-4F5D-8C9B-93C9ECE48A7E","0x00000000002C4FD4"
"60973826-1EC0-4157-942A-05273F68CAAB","","BC-0130","0","270","370","","5110","2BA26C9A-6236-40BF-98CB-93E37A8041E7","0x00000000002C4FD5"
"8AE89BC9-F764-4A16-97F1-17DF93A895CF","","BC-0037","0","540","560","","4961","32708635-10DF-45EA-98CC-93FBBCBAAB23","0x00000000002C4FD6"
"B6836B56-1103-47AE-892B-E18CDE759695","","NM-00663","0","156","176","","4956","8FE7394A-8D56-4B49-B3DF-94102B06BD71","0x00000000002C4FD7"
"68F163CB-B03E-264C-9398-A668C25194FB","","WL-0219","0","170","210","","5645","1CB5CF32-7A6D-124C-B62D-942BBEA9BDE9","0x00000000002C4FD8"
"45C5CD4E-989D-4939-B928-9C4EC7A27F37","33250","EB-509","0","20","40","","586","78E5DAEC-5E0A-4D64-805F-94381E2EE83C","0x00000000002C4FD9"
"E969D892-8E0F-4DF4-8B92-125DA7C9D82B","","TC-238","0","313","333","","2117","576C577C-CC18-4DED-A168-9461B790F750","0x00000000002C4FDA"
"C1AE76E3-2A26-4802-805F-9D1D4CA233EE","4","EB-003","0","380","420","","5","D1DA6336-7F04-4D53-B315-9462B6584D17","0x00000000002C4FDB"
"A77D654F-6CDD-4244-87BD-EDEEB3343659","522","QU-135","0","90","110","","1009","926361DF-FB4C-43FF-A39A-949D03D24A3B","0x00000000002C4FDC"
"587B6A16-66BE-F948-943F-30B6329C0618","","PC-002","0","145","165","","5310","80331AA0-0097-3249-A335-94B5577322AA","0x00000000002C4FDD"
"961018AD-7217-4C2C-93E7-73255B884DB8","271","TV-237","0","900","1000","","1170","E4CE33BD-FA43-474D-A775-94B90F314106","0x00000000002C4FDE"
"1707268A-AB75-4347-A177-86D2C73F1A92","314","EB-310","0","47","67","","386","BC865DE1-4A06-4CA6-BEDF-94E277AE8EB8","0x00000000002C4FDF"
"7EDEEC1C-55FE-4827-ADFA-957B934AE477","348","QU-020","0","110","160","","949","E5249F03-25A4-4DC4-A268-94E375C3D41D","0x00000000002C4FE0"
"F350FFE7-C3CE-4AC1-9985-99745C407993","","NM-04260","0","545","620","","3108","1990F11C-4CEA-49E2-874C-94E8DD4666D1","0x00000000002C4FE1"
"DFC9B5CA-59E6-4802-937B-78A302B37422","","BC-0011","0","240","260","","2857","A6FD65CB-A0AE-49DB-907F-94EA4D21A0BF","0x00000000002C4FE2"
"031FD117-0FB6-4120-82EB-BC37C7CD9BF7","","NM-23281","0","135","175","","3281","456C9D87-37E3-4F64-B437-9526D2DA4F06","0x00000000002C4FE3"
"EA3282FD-B5FB-4F2C-9FC0-8B6623EC298B","33349","SM-0021","0","100","120","","746","4A0F7623-AC7F-4FFC-83FD-95272A6C4955","0x00000000002C4FE4"
"37D9985B-CFE1-4CD2-9756-BF65DE51E8C3","","SV-0075","0","460","475","","5194","9FADDC84-B1AB-B64B-ACDF-954A1EAA458E","0x00000000002C4FE5"
"28B4D03F-2E44-4A55-8FC5-FEEE0AB3084C","326","EB-322","0","140","200","","397","7BA5DF1C-3132-4FFE-ABF4-956313B97347","0x00000000002C4FE6"
"3D73E5D3-D73B-497E-8C31-3FB65D83BD46","33411","EB-692","0","168","173","","741","A2D1AE47-D6D3-47A1-AC2F-95A7B9720679","0x00000000002C4FE7"
"4D159A54-DA13-4DF3-AE0F-B58D3A535FA5","","SO-0199","0","54","59","","3197","C1E898F7-24D1-49D0-AF42-95D5F65A4637","0x00000000002C4FE8"
"A9876A29-6F0B-4FCC-B632-7D0A20A96FFD","155565","TB-0102","0","105","145","","1275","8488ADFF-C700-463A-9FB3-95E1DFFB9254","0x00000000002C4FE9"
"591B8755-D7D7-4C4F-B668-C587FF2BCB5A","361","EB-357","0","530","540","","426","8877381D-0C7B-41AC-A770-95F20913F829","0x00000000002C4FEA"
"232863A3-F0F3-4700-8629-AAA5BD77BA5F","223","EB-219","0","146.5","237","","280","61DE4FA7-73A7-43D4-ACEF-95F9E3AE9A4A","0x00000000002C4FEB"
"5C8C529C-E1AD-40A9-9039-699FB341A8EB","151","EB-150","0","327","367","","183","5D74B826-3AC5-4BBA-AF14-960601C875AD","0x00000000002C4FEC"
"737F3D89-07E0-43A7-A652-23FEB9C56B1A","","BC-0120","0","900","920","","5055","2B981D86-E53A-4CD8-89D4-960AECE9A785","0x00000000002C4FED"
"32A34362-95D8-46DD-9F9B-FCA6BE46EC38","","SV-0050","0","380","400","","5217","49AAA7E4-128F-CA47-98C8-960F875C2EE3","0x00000000002C4FEE"
"383A38BF-007F-46DB-81C5-80635E5E1F9E","","TC-243","0","900","920","","2120","FBD2B0F3-2C7E-4CDB-8BD3-9610C81F3C15","0x00000000002C4FEF"
"535B477D-EB5D-4838-A9F9-E61BBC32A93A","33677","SM-0152","0","675","695","","817","7A5FBDD3-922B-44DA-B2B0-9630864A6FD3","0x00000000002C4FF0"
"08A4A647-E436-4D48-824B-55436F98579B","","NM-26929","0","170","190","","5075","53A51F11-744D-42FB-8D4B-9649D656C265","0x00000000002C4FF1"
"2654B96F-CB97-491A-9258-EE64A40A052E","","AB-0158","0","268","286","","2686","F4ED7B8D-7E7C-4268-AEE4-964E7B449E9C","0x00000000002C4FF2"
"E0032E58-7534-4E42-BF26-7258AD2469F0","397","MG-036","0","400","440","","930","9AED5138-0B93-4DA9-B291-965B53C7D23C","0x00000000002C4FF3"
"2D5089EA-117C-4CFA-BA36-6FA79FD9CB78","138","TV-118","0","145","175","","1056","CCABEBAF-C34E-4145-956E-967B91796AA9","0x00000000002C4FF4"
"1D114D39-0DD3-44C1-B70F-D829F0A142AF","","NM-25417","0","352","367","","3773","2C157E2C-1C05-4516-A75A-969303DA4BEA","0x00000000002C4FF5"
"0EE5D121-55BB-4158-ACA4-5FDE0A421FE1","","AR-0076","0","36","41","","3014","26BA1E1E-7B0E-4DA9-824C-969B9B916811","0x00000000002C4FF6"
"25376194-FAFD-4C9D-A025-4CEFEE9E6F51","330","MG-002","0","80","120","","905","D8D2EE10-0078-4BC6-A206-96A95256A3C3","0x00000000002C4FF7"
"BB7D0B2E-B3CE-43EF-BDD0-DDE415E823DA","","NM-26920","0","180","200","","5066","229737E3-AFE1-41B5-A840-96B1241CB224","0x00000000002C4FF8"
"CFAE39B8-3975-4E9A-ABA3-7FC738823B47","144","TV-124","0","175","215","","1061","5C93E45B-4C63-43F0-A709-96B96A14BB70","0x00000000002C4FF9"
"F7DFB8A0-CDD8-496F-8775-2B77C3DE52BC","21","EB-020","0","310","325","","28","62375FC6-320B-4F86-8F12-96C220757AC9","0x00000000002C4FFA"
"6288EA81-F1BC-42A8-A379-6FF614C92B94","","BC-0247","0","319","429","","3539","03D1C51B-F6D0-441B-AC97-96D3CEBBB0E7","0x00000000002C4FFB"
"8DD96607-D472-4535-99DF-348594E65E77","","NM-26926","0","275","295","","5073","11AF913A-A26B-4D10-B886-96DF81FADBF2","0x00000000002C4FFC"
"FF5812D0-6E96-40BF-B3F1-5FE12D576BA2","","SV-0135","0","280","300","","5207","BE1234CF-BAB3-F842-8A99-96F5088464BC","0x00000000002C4FFD"
"7BB21B18-608E-4929-978D-BDAE643081DE","","NM-24772","0","186","191","","3648","7F587AFF-80E7-4F5A-A97E-971B1EE7EE2C","0x00000000002C4FFE"
"534A22B2-175E-4366-BD74-4CBD0FF56366","155696","TB-0214","0","240","280","","1303","70CA252D-7092-49D7-BF02-972F3861B101","0x00000000002C4FFF"
"2DC4CEA9-C0D4-4588-AA12-73049C400C30","","QU-172","0","149","250","","2534","20FBD8AC-6E8D-4A40-B2D8-97516F2ED045","0x00000000002C5001"
"4125B6FE-92E9-4D34-B516-AACA9B2BE487","","CP-0029","0","326","386","","2940","9284169A-860A-419E-94D8-9792EFEE4887","0x00000000002C5002"
"25CD73A8-C6F3-4E52-8AF1-E5C72E367AF5","439","QU-107","0","280","480","","975","F54ACCC2-8D7A-493E-A975-97E14A97C940","0x00000000002C5003"
"FFE1A338-2319-468D-9850-96DDA3C3AB30","","BC-0231","0","365","405","","3530","8CA28ADE-1E49-42DB-86FA-97F325FFE0F5","0x00000000002C5004"
"A466DA4B-7D94-4306-ADC7-522AB3F9C6C2","","BC-0022","0","145","185","","3918","2CF9DAA2-C82F-4DE5-949A-97FBD6B413EA","0x00000000002C5005"
"B7417163-D9AE-4CBC-8FE3-189B94C53C6C","","SV-0131","0","262","282","","3435","ED6519AB-9BCA-45AD-B1D1-97FD046D5FF2","0x00000000002C5006"
"ABED6E1A-679F-4E64-A9EA-A9491FBC5829","42","EB-041","0","270","290","","44","14A8E023-6A50-4E85-8E65-981EFD2099F9","0x00000000002C5007"
"144FC6FA-8676-443E-AEC8-849E60C08682","78845","SM-0217","0","495","515","","832","41B7995D-4F1F-4097-ADE8-982A2029453C","0x00000000002C5008"
"5CC91843-4C10-4C96-9121-D783972D30EE","","QY-0711","0","195","215","","2989","7A91BDF0-37E7-4DEE-87B9-982B0DF330FC","0x00000000002C5009"
"E3FF902C-1527-4953-9E03-51F7CA304548","","CP-0034","0","365","385","","2945","33F3FD1B-7EE7-476D-8DE7-984D00E328FD","0x00000000002C500A"
"6DFFDC2E-6C1A-5A42-95B7-7E3732B25120","","NM-28319","0","82","122","","5500","FF5B0E99-EC34-4745-85C5-984D9F7EE3D2","0x00000000002C500B"
"BEBD393E-8066-474F-A1FE-59503E9461B0","","PC-058","0","280","300","","5360","4F46B3F4-628A-204E-8930-9859771E85F8","0x00000000002C500C"
"7F9B1D7E-7A5C-4972-A546-3E77CEF17056","","BC-0050","0","250","325","","4985","66B6540E-A530-4507-9627-986434B72FA4","0x00000000002C500D"
"0DF953B0-AAA4-4894-A886-B23378C95EFC","","TV-303","0","1300","1370","","3120","A532F572-170C-414C-AC0B-9869D36524BA","0x00000000002C500E"
"24D64431-3340-4C81-8876-04E86D60AF7F","","BC-0054","0","420","440","","4990","990D473E-ABCA-4D4F-921B-986C83D4CF0B","0x00000000002C500F"
"E46B859B-93C8-4E92-8467-8EDE50F9E3AD","148","TV-128","0","440","500","","1065","DCB8D929-89F7-4A77-B7E6-9874769E748A","0x00000000002C5010"
"3B953B75-431F-4C87-BB45-1A44D6BE2034","","SV-0041","0","120","140","","3339","9DAACC66-E33D-4E4F-B2BC-987C2BC76ED0","0x00000000002C5011"
"F4494EB6-7EF8-47C5-BD0C-77675BA2C0EB","262","EB-258","0","141","171","","316","FFA078C4-3AE7-48BB-905E-9883FBCEA8C6","0x00000000002C5012"
"37428EFF-7461-48BE-9C2A-4AF3746947B1","","QY-0154","0","202","353","","2964","02662061-E8F9-42BB-B9CC-988E819A95A6","0x00000000002C5013"
"715B6322-CB82-4563-8D53-CE6AA7D4E698","","BC-0014","0","180","200","","3915","F016FF14-5E98-4BD1-BF82-9898BB65A5DC","0x00000000002C5014"
"84F10AE2-C64A-7946-A0FC-477B61AB8FBB","","PC-096","0","30","50","","5387","FC85748E-CA21-DC4C-A7CE-98A26F198E7D","0x00000000002C5015"
"71950EE2-2C19-40E2-971B-1B88437CCA4B","","NM-03396","0","30","35","","2794","830B21B8-B36C-438F-803D-98A60CA70289","0x00000000002C5016"
"37F2384C-BF2F-4C36-BB34-5FF87234C961","","NM-01258","0","692","1339","","2803","9E0A34DC-0914-493A-91DA-98A9310488EF","0x00000000002C5017"
"25111816-08D6-4225-85D3-78B4AD06A8DF","","SV-0053","0","310","330","","5189","ECC7FEC9-9E28-A24B-B234-98C2CDA19DE0","0x00000000002C5018"
"BE5AAF45-A9AB-48BC-8992-C556552120E1","","BC-0102","0","300","600","","5039","1B15E5CC-77F4-4A27-81E7-98C508CD3D2B","0x00000000002C5019"
"28848019-3771-4FDE-9289-72D56443F3B8","","NM-05097","0","260","300","","4969","34D2D76C-7395-4B77-B428-98C6E630BA14","0x00000000002C501A"
"6E5776AB-D8AE-44A7-94F0-60558A29B8A4","258","EB-254","0","160","180","","312","ED00C9A8-CF98-4E4F-82A9-98E69826AF47","0x00000000002C501B"
"D1C7E60C-EDD4-411A-9A24-7DD6A3528942","273","TV-239","0","180","300","","1149","E1C50E42-E136-458F-93C4-99037425BA74","0x00000000002C501C"
"5B4D9B04-4F47-4EE4-8651-7F7F7169CD3E","398","EB-394","0","128","","","453","B0A61FA4-89D2-40C8-AD61-990967C22A94","0x00000000002C501D"
"4292CE3B-33D9-4F54-AA03-4A45ECDFA3DD","","NM-24667","0","420","440","","3690","CFC8CCF1-AE4B-4C58-BDE6-993E208014D3","0x00000000002C501E"
"FFB30470-DB28-4EA1-BBDD-07814CDB9AF7","33514","SM-0069","0","530","550","","791","BF4BA206-E89D-472A-92D5-9945D5E74A38","0x00000000002C501F"
"0F7F219A-5263-43A8-A294-BB6E854EE77B","330","EB-326","0","200","220","","403","2C5F8E65-FFA6-4151-A9B8-9960FF6E75D8","0x00000000002C5020"
"CE9630D3-E10D-4971-8872-203BF39D5746","155755","TB-0211","0","100","120","","1310","84EF88C6-8003-4D0C-9FA8-996495C1658D","0x00000000002C5021"
"FE8E16A3-B4B0-41F4-BA32-ED0835F50C7A","281","EB-277","0","245","285","","338","CFADA7F9-F4FE-440D-8480-9977D6656ED8","0x00000000002C5022"
"57270ABE-08C0-47E7-935A-CD8432A5C3B2","500","EB-491","0","350","550","","581","EBD27D7E-DA42-4104-910F-99860DA7CFB2","0x00000000002C5023"
"5D8A735F-4860-49CF-A2AB-C66F308753D8","","BC-0114","0","240","260","","5048","AC098C18-8A17-48F6-969E-998AA5978F2B","0x00000000002C5024"
"01535DFB-D713-244F-A9A1-E04B9ED102DD","","WL-0286","0","237","240","","5732","46F4B8E1-8295-7644-9205-99AB5FAA5383","0x00000000002C5025"
"1592E211-4BC6-4D51-856B-641AE999A6B1","","AH-068","0","800","900","","1755","AE42FAE2-312C-4228-93B2-99C573FDA7E2","0x00000000002C5026"
"DBDBF8D6-75F5-4905-8098-2B92BBE2934F","237","EB-233","0","340","400","","292","3D7ACE17-5477-40AE-8E45-99D16E005028","0x00000000002C5027"
"48437BDD-BEC6-4379-B80D-213537D0A5EF","","TC-271","0","255","275","","2141","051C7A40-A4E8-47B5-8E75-99DBAB0C1942","0x00000000002C5028"
"1D4D7858-655B-41A8-BD46-8D3208D1EEC0","33265","EB-550","0","215","225","","606","828277C1-D9B2-4C52-89C0-99E33A6D569F","0x00000000002C5029"
"0A434AA2-1A61-41F5-AF49-0B05DE76AD6C","33358","SM-0027","0","560","570","","753","202387A7-5ED7-4076-94C3-9A3EB3368A3E","0x00000000002C502A"
"3B2881A2-DD13-49D8-8D17-84470379BCAD","279","EB-275","0","720","740","","334","39B4A208-08EE-4653-8CAB-9A51445CA144","0x00000000002C502B"
"6C00B8CF-5616-4968-8B60-DA95F6E3C3B7","","AS-011","0","650","750","","1506","1A8DC54C-D8FB-4BFA-8FFB-9A555D21E827","0x00000000002C502C"
"0BFFD525-DCFB-4750-A697-72E8C73A2D64","","SV-0134","0","160","200","","3810","1521F679-7701-443F-BF3C-9AC25AD9C3AC","0x00000000002C502D"
"FCD98EE0-CC3C-409B-A344-0FD1CE17A029","252","EB-248","0","150","170","","304","A9FBD1A6-895E-428B-8281-9AC831A3B357","0x00000000002C502E"
"4582E02C-BBCB-4C5D-AE8A-D40420FC8452","33309","EB-605","0","1300","1310","","653","9D1F1027-1ACF-4923-BD0F-9ACB74A206C1","0x00000000002C502F"
"E34F58B6-6F16-4694-9477-235503BA8539","","NM-25000","0","67","71","","3558","8CE46060-D3E6-46BB-9EDF-9AD33973E695","0x00000000002C5030"
"17B709BD-B09F-4709-981E-91AEDBDD4202","","AB-0257","0","","","","5774","EB8FE803-D0F5-477F-9470-9AF5D9ACFE47","0x00000000002CF3D9"
"C0B9F619-8642-4984-B51B-60614D62EDEF","","SV-0017","0","360","380","","3300","34CEED80-D8D6-493B-A142-9AFC0A874B28","0x00000000002C5031"
"586658EF-BAEC-2C4F-B130-F879D412BB3C","","WL-0041","0","685","705","","5204","7764E98A-469D-D641-AEE7-9B24B9AD6E52","0x00000000002C5032"
"FDC600A7-685B-45B1-8E1B-B753DAB84472","","UC-0210","0","175","205","","2831","9D2AFF64-0183-42A4-8BC8-9B2533A2A769","0x00000000002C5033"
"E271A8A2-B8D7-4A2E-933E-65EA8202D62E","33603","SM-0092","0","340","400","","809","24F76202-3BEC-48CD-BA6E-9B4F777993B5","0x00000000002C5034"
"87ECBF98-0B08-42A5-9610-CB092FE778C1","","AR-0165","0","25","30","","3728","D58E3E54-D4D8-4BDC-AC33-9B63D0050D9C","0x00000000002C5035"
"F2BED5BA-C99C-442C-8399-D8649B131880","","SO-0226","0","4","20","","3230","EAB6E030-D5DB-4361-9E13-9B770A345DC0","0x00000000002C5036"
"BBD15EF3-9BB9-420C-B39A-57291B8DF447","","SV-0092","0","145","185","","3388","7B014FE2-A282-4A74-9244-9B7A36687673","0x00000000002C5037"
"43531AC2-6FEA-4D03-9B86-2BECC25F31B2","78","EB-077","0","300","640","","88","5939B3D4-E4A7-408F-A5DA-9BAD9DEC93E1","0x00000000002C5038"
"FC7A4E23-ADE4-4823-9E8C-09C51A833C90","","BC-0174","0","390","430","","5143","44EFC165-3CAB-4C86-90E5-9BC0BE123258","0x00000000002C5039"
"51202A41-9B46-42CA-8052-E9FDF0486B8E","324","SM-0257","0","50","70","0.032"" slotted pvc","849","E2D30346-453A-4EC1-9D28-9BD0FB92C845","0x00000000002C503A"
"DF0901FF-14DC-4B0B-A45A-4FCF5870535B","256","TV-229","0","975","1015","","1139","BA54F59F-B5FA-494C-8440-9BD94A1D47CE","0x00000000002C503B"
"1D911F77-3214-47E3-80F0-3CF7D0BCEC20","","SV-0020","0","240","260","","3305","E9D7EF53-BC2C-46A2-A678-9BDA0FD62923","0x00000000002C503C"
"D465DE28-CBD0-4138-A41E-4A8D50C23984","","SV-0125","0","360","380","","3427","10C92150-1595-436D-8CD1-9BFAF98CCDD6","0x00000000002C503D"
"F9DB7C90-E80E-4BB3-B998-C27BB3CA0722","","AH-101","0","250","290","","1788","26113BCA-34DE-4022-AB1F-9C0C4CDE8F93","0x00000000002C503E"
"3F66A44E-B8E2-4050-A09C-4AE6192B62FB","","TB-0305","0","160","200","","3124","105FB6F9-AAF5-46E0-8665-9C0CB4BF27B0","0x00000000002C503F"
"D712D779-6A34-4983-9EF3-2EE8AE13E231","","SV-0129","0","280","300","","3433","CF03B3F3-A4F6-4679-92CC-9C1C7375B84D","0x00000000002C5040"
"05E3DA92-D682-424E-AD05-3330FD077839","85","EB-084","0","223","263","","100","81F3AEE0-09D2-414F-AAD1-9C2E8CE22F93","0x00000000002C5041"
"B776EC35-ECDF-4C09-98E5-B5370A23B63C","","SV-0025","0","55","75","","3315","772CC7EE-8D23-49E8-A5B4-9C44D37E98B5","0x00000000002C5042"
"7CC07B27-E4AF-4947-944D-B13E3081DAF8","203","TV-183","0","155","185","","1103","CA8CE328-0AE9-4A7D-B935-9C6C9442EE86","0x00000000002C5043"
"FC3B9632-21EC-4A7A-8E0A-8FF7FE89832A","541","QU-154","0","45","75","","1029","12B5DF31-86DD-4CBE-8DC5-9C8561B012BE","0x00000000002C5044"
"6E3FC1B1-BE82-4AA6-A0FD-8AC47DC41FEE","","TV-304","0","1750","2000","","3121","DBDA3F8C-14C0-4273-824A-9C91837E7E88","0x00000000002C5045"
"715414F9-1D2D-4DF7-BA54-9C0A7E053CAE","","AR-0124","0","24","29","","3086","BFC4B2B4-9844-4182-8689-9CAFBF1F02AB","0x00000000002C5046"
"8C5953A0-D364-4A5A-B2F2-44BFEDC556BE","","BC-0164","0","230","250","","3275","3A925BB4-8B53-42F0-A42B-9CD0667B0E64","0x00000000002C5047"
"FF910999-7229-46B0-9BD4-271098AF307C","","SV-0006","0","170","190","","3293","DC87C6D6-8007-4D21-9345-9D05761E69FE","0x00000000002C5048"
"BE8D0DE4-71E1-4E7A-8A5A-AAEE13E5C52E","269","TV-235","0","100","200","","1147","C9ECE4AA-6E07-44EF-8857-9D08FBDB74EF","0x00000000002C5049"
"71FDBA14-5DE0-40F7-B00E-FEECE7B6CC68","239","TV-219","0","1300","1381","","1132","33D76534-052D-4DE4-BD38-9D26CAF9A593","0x00000000002C504A"
"B882959A-FF25-4E17-A6E0-E27B8AC310ED","33281","EB-577","0","300","560","","623","1C695499-D640-484C-A160-9D2991801C88","0x00000000002C504B"
"9DBE6C71-2E11-6F40-A3F1-4893644C8FB0","","WL-0136","0","549","1030","","5592","71B57941-900C-924C-AFDD-9D62DB6F12E5","0x00000000002C504C"
"EDE92AA2-6052-4B08-BF88-976550938393","509","SA-0205","0","900","1000","","874","2C69F4A2-798F-455B-9957-9D9822AEDA1A","0x00000000002C504D"
"C5195361-7DAB-4AF7-865E-0A87C1DB7639","","NM-21016","0","145","185","","3813","F5B383DC-559B-46D8-9557-9D9A7EB3E992","0x00000000002C504E"
"BC3040C8-83B5-46E7-B367-CDE1353ADD42","155554","TB-0091","0","170","190","","1269","DADF77E2-2106-4EA4-B857-9DB8FCD32B87","0x00000000002C504F"
"0E60F36E-AE8F-436E-B622-331EF968A41F","","NM-24975","0","179","201","","3576","1348AE93-2313-41FD-8F50-9DBC3D5CAA9A","0x00000000002C5050"
"DEEFA179-5B72-0341-A820-151277EDCC02","","NM-28273","0","312","372","","5431","410B1F01-D4C8-9449-93A3-9DCE2EE615EA","0x00000000002C5051"
"0CA618AD-C3E3-4417-AAB5-272DD69A6989","","AB-0137","0","290","660","","2671","119BCAF1-B1C6-4369-8551-9DF01EB87AFF","0x00000000002C5052"
"B4154C7B-BB6A-44F9-B3A4-5DCC922C6435","","NM-00678","0","240","260","","2890","5C60277E-8AB9-4077-8525-9DFCC66DD2B3","0x00000000002C5053"
"5202BA7A-5A44-463A-B622-F5930B66A01F","56","UC-0036","0","138","300","","1324","9EFE4E85-BD7A-442B-9EE6-9E01DC871601","0x00000000002C5054"
"BE0BB103-EE40-4744-8B0D-41C74A03B20D","","NM-25110","0","363","368","","3473","EE790F9A-C857-423C-A453-9E0589767057","0x00000000002C5055"
"F919103A-12C2-ED49-BDC8-708EE4375058","","PC-052","0","330","420","","5354","5132B860-683C-4D42-9FB4-9E29E39E7CC6","0x00000000002C5056"
"5D8AB2CD-6E9B-4F56-8A40-05C97509D456","","NM-24684","0","181","225","","3681","3C033EE2-8A70-4B1B-9C81-9E3664399820","0x00000000002C5057"
"3CD86E1D-ECE3-4DFB-934B-04B5CE4662A8","","SV-0040","0","280","300","","3336","B2D906E7-0C17-4373-9E6C-9E5AA0F1CEE5","0x00000000002C5058"
"2CB7B817-135B-4C4E-A22F-BFAD1347052E","","NM-24359","0","80","120","","3595","410105EB-A4D0-4707-BE78-9E5FDBAA7A4D","0x00000000002C5059"
"8F15C914-CC42-44B7-A2B6-C379C5684241","8","EB-007","0","73","93","","16","B781F3A5-8D18-47D4-B777-9E685E4775F0","0x00000000002C505A"
"31A93F84-CBA7-4B73-A2E6-E3C3AF2CE0AE","186","EB-185","0","180","200","","232","C7ED9DA6-A03A-49C8-A9FE-9E8241E5D92D","0x00000000002C505B"
"82717611-4ED4-4461-9D65-7C80EC3D8FC0","488","EB-479","0","278","318","","560","CEE5485A-4BF9-4C01-B1F7-9E85BDF9FB4E","0x00000000002C505C"
"CA69F5AB-C25A-4CC9-8C21-683F2C9F5CDA","","NM-24708","0","60","120","","3674","A077B34B-C934-44B8-AF04-9E9A4C3E20D0","0x00000000002C505D"
"4F09A553-A37A-43AC-A72E-174E18523B6E","","TC-303","0","25","112","","3789","974C9A44-6C6A-46C2-BAA7-9EA86458C2AB","0x00000000002C505E"
"CADAEA9C-171E-4D2D-98D3-C89198FCB66C","","NM-24998","0","136","139","","3565","9361B8B1-77A8-4591-B046-9EB0276B2EFD","0x00000000002C505F"
"3869B0CC-AB3A-4D2B-800F-A9711610D53D","","NM-06000","0","385","425","","3894","CFE71763-2E81-46FC-86F8-9EBC7A9CC080","0x00000000002C5060"
"C8E96D55-EF54-5D40-A4E4-3FCCDC25BE36","","WL-0262","0","537","557","","5695","5C12B694-6588-6441-A4D2-9ED55C21D83C","0x00000000002C5061"
"DA95601F-343A-453F-9805-F21163B7A0F0","","NM-09323","0","118","298","","5552","230A2206-796C-E849-8F5C-9EDDCAAFFF0D","0x00000000002C5062"
"9E91B5F4-38D4-44BF-80F4-B952BAF71C37","","SV-0027","0","405","425","","3320","6E445FCE-3994-42CA-A46E-9EE78AEFB3AD","0x00000000002C5063"
"7A8403BA-ACE4-4209-9C86-7830852F6DBE","","UC-0211","0","320","340","","2832","57E32A66-7123-4EB9-B40E-9EF2401F262C","0x00000000002C5064"
"0BEAF7EC-D2B9-43EC-B20C-FB4D8515C97C","78877","SM-0237","0","100","140","","840","13F9AC2A-17A2-4610-8B0D-9F0C3619C842","0x00000000002C5065"
"D62FFAA0-76F9-4EAA-A6ED-BC247D692545","","BC-0186","0","590","610","","5157","5F8E2AEA-69E1-4AD3-AA88-9F2D0A1EC039","0x00000000002C5066"
"EFF0DA49-F74D-4D66-A9CF-0F73F047F697","","SO-0134","0","44","50","","3132","92BCBB9F-1EB9-43AE-8358-9F41E27F4CAD","0x00000000002C5067"
"1B7A9B04-2234-4AC4-B2AE-2BA5754C8362","","NM-26890","0","120","155","","4937","92A76241-C98C-40DD-BF44-9F4AD4B24753","0x00000000002C5068"
"6B44930C-AB58-4842-8182-80287F8412BA","","AH-073","0","343","363","","1760","18EE2CB1-E215-49BC-A584-9F4FD8103B5F","0x00000000002C5069"
"671341D3-F1C0-4280-B49A-29512F00EE57","155676","TB-0171","0","220","280","","1297","3CDD09F2-EDFE-40F5-ACC8-9F50A18BE9B7","0x00000000002C506A"
"61E6C49F-ACDC-46C8-B364-8D27AF3262E5","","SO-0139","0","4","19","","3137","9566A7C0-83AF-452E-A482-9F72D9F523E0","0x00000000002C506B"
"19E45BD0-C740-4932-A5CD-967D1AA14D87","33238","EB-520","0","234","250","","594","C56A6AAE-E423-4298-8944-9F77B8264485","0x00000000002C506C"
"E30D5AE2-93B9-4410-9566-064D7688FC3F","","BC-0155","0","380","390","","5126","14CDECEE-95D9-46C1-8182-9FABE625DEE6","0x00000000002C506D"
"7E9BCDD0-278B-244A-BC44-BDEE7C236DC3","","AR-0223","0","37","42","","5469","CC451187-59C8-CA42-A122-9FB0AC63375D","0x00000000002C506E"
"C929D98C-E522-4FB8-81F5-B7D2D2FA9639","","AH-093","0","230","270","","1780","C9A5F10A-0279-4B21-9DE4-9FC5CC145A77","0x00000000002C506F"
"C3467A28-E098-48D1-94AF-644F31F37A42","","AS-0002","0","","","","5772","6D685EC3-6578-4AA3-B3AD-9FCE49A15362","0x00000000002CF3D0"
"9FA1651C-B13B-4E75-8220-B7C3A5478BD1","","NM-24880","0","93","188","","3620","B7DD5CDE-F7F5-480F-A298-9FED32BCBEC6","0x00000000002C5070"
"E32CA757-9B05-8642-83E8-A60052548EF0","","PC-115","0","635","640","","5406","A310758D-1E72-0E41-99FD-9FF4E505F301","0x00000000002C5071"
"B012E703-24D4-5C43-B54B-E14E5EE2032F","","PC-075","0","85","105","","5505","841D5606-EB6E-004F-A940-A01B8F7722D0","0x00000000002C5072"
"65CD176A-CE47-471E-8F36-AA2C7FB1D289","","NM-00499","0","20","60","","2880","B5C9BD25-22AE-4149-97B1-A01FACD15000","0x00000000002C5073"
"7B1C3035-4E2A-431B-84FC-1B13724C032E","","NM-23469","0","330","340","","5168","80F40FB3-BED9-4508-964D-A047C6E67E66","0x00000000002C5074"
"159A53D7-7C80-4778-AA46-E4FFB0BE2D92","346","MG-018","0","155","175","","911","E5263155-C68C-4A0D-B907-A0C6E783DD14","0x00000000002C5075"
"73BAB429-E665-4BAC-B69F-C8A564A2A6C7","","NM-00187","0","200","600","","2872","F7CD9AF9-BEE3-4874-AA00-A0ED0D8C81C1","0x00000000002C5076"
"E80831EF-D5F1-4C02-BCF2-AD7D769C4A7E","","BC-0236","0","260","280","","3531","29CDDFB9-6637-4DB3-9159-A0ED57B4C91C","0x00000000002C5077"
"DD7F37C9-96E9-4DFA-A5CE-FAE14A4C68FA","","SM-0246","0","22","365","Open, uncased hole","5644","FE0A1098-06FB-1445-9C9D-A0FD804DB2BC","0x00000000002C5078"
"2C1FBF6D-49EF-4712-8C53-2B86BE8F994F","","NM-03421","0","870","1050","","2825","9C617A93-CB1A-4C85-9103-A10094DA7983","0x00000000002C5079"
"D14E56D7-EA33-4AA3-8C1A-1F7B9F029DF5","138","EB-137","0","850","950","","170","83445B36-261E-4047-840F-A11252D7962A","0x00000000002C507A"
"3D22221B-BDE5-4163-BB43-FF28A0223B61","","QU-078","0","78","88","","2382","9935F87C-D585-4045-9FBA-A115FC499945","0x00000000002C507B"
"DCA16712-12A5-4D6F-89DC-BCD8C21B3FFE","","NM-26964","0","100","120","","5100","1C2680B5-27A6-45B1-B8AC-A11649FAC63A","0x00000000002C507C"
"E04936B5-E398-47C0-B135-43462F923A95","","QY-0506","0","75","80","","2980","CC1565FD-D91B-483A-A9EF-A1211D5FF709","0x00000000002C507D"
"C819875B-438D-4367-B97D-2589AD235C0A","","SV-0029","0","320","340","","3323","5D5ABD98-08DF-4500-BC3C-A1300F84B137","0x00000000002C507E"
"E9F973BC-F9D4-4393-8FB3-F481649171AF","","AH-105","0","460","500","","1792","435BF251-F19D-4B27-8E7C-A144EE376BD4","0x00000000002C507F"
"E97815EB-47AE-4B5D-BED5-745A2447F822","","UC-0221","0","100","110","","2839","B22DC0D2-82FB-4DD3-9BAF-A14FF8B9F98C","0x00000000002C5080"
"C8646D9B-56CB-4702-AFB3-97E5456FADA4","65","EB-064","0","540","660","","76","9E7665FE-AE05-44AC-9EE8-A14FFB91422C","0x00000000002C5081"
"FF44CAFB-A6E2-4866-8AFD-8F2A6A3813CD","","NM-23274","0","330","350","","3280","913370CA-F623-49E2-8ED6-A153F89263BC","0x00000000002C5082"
"DE0D8EA4-2781-41BE-B178-641E60E1930C","","NM-07225","0","1007","1170","","3854","59323FFC-D090-4331-939C-A15E51982BE8","0x00000000002C5083"
"01F6DCDD-06D3-43AD-B771-2878449ACA1F","","AR-0037","0","280","320","","2955","0ED5D833-F8D6-461D-896D-A162A369A160","0x00000000002C5084"
"1707268A-AB75-4347-A177-86D2C73F1A92","314","EB-310","0","107","167","","384","F349B236-18DB-4E0E-89A6-A16375843722","0x00000000002C5085"
"16E10AA8-7013-44F0-8223-B6C74E7DE96F","190","TV-170","0","1324","2527","","1093","3E1D5CDF-C78B-42F4-80E3-A17459335BB6","0x00000000002C5086"
"B0193969-D692-4072-89CA-01DE95F4FE1E","294","EB-290","0","593","613","","360","F79F7E2D-0B17-451F-9B1F-A186FC474101","0x00000000002C5087"
"433E117D-DEA5-4048-9162-CAEC2756E2E2","","SV-0005","0","220","240","","3291","08B21CCF-788F-42E4-972E-A1A549AFD6B2","0x00000000002C5088"
"A18C9AF6-4225-45AA-8D6B-C7427E37E791","290","EB-286","0","325","345","","349","DBCEA4F6-0DE2-4AEB-BDDC-A1CB7F6EB0C0","0x00000000002C5089"
"6072F894-6CD7-4F83-B350-8D4EFA79F6E6","","TV-121","0","155","215","","3015","E5C3FAF1-B8CD-4D93-8C96-A1CE2C1CACB1","0x00000000002C508A"
"43FA71B4-5343-4457-8D76-B4D01AFEE46D","","NM-09290","0","165","222","","5551","78AEE012-3815-3F48-A2B5-A1DEF53CFC88","0x00000000002C508B"
"A1A7BACE-A3B3-BD4A-BBE4-5B9B3C60FC25","","WL-0290","0","180","220","","5740","C31F8138-4D3D-DA43-A5E7-A206B12281CE","0x00000000002C508C"
"F8726326-7556-404E-BF26-2CCD29D81641","","AB-0120","0","648","1050","","2656","2D7207AF-7A09-4AF3-8D78-A2082CE4650F","0x00000000002C508D"
"7D0BF420-9A22-433E-AD7B-9152D3DCE841","","BC-0165","0","360","410","","5679","E4AC4836-ED99-7F42-850E-A222A9E705DE","0x00000000002C508E"
"5267ED58-71B2-4E6A-B9F7-995409DFEE24","20","EB-019","0","50","80","","27","98B9109D-307F-4292-A957-A25D24DC26D7","0x00000000002C508F"
"2DA69DB5-C02B-440E-8998-077C5C393848","","AH-069","0","726","745","","1756","C052701E-A8A1-4C0C-896A-A2A7605381A3","0x00000000002C5090"
"35F84A7E-661D-4D47-BA85-7179529E37DC","","DE-0005","0","140","200","","5667","30DCCCFD-C12C-574E-9D22-A2B7EC98CBF7","0x00000000002C5091"
"A32EAD05-7956-49CE-9DED-602B6F55F7E4","","NM-04177","0","540","600","","3106","E5B590BB-0B33-4FCF-B631-A2BCB5DB0272","0x00000000002C5092"
"ABA51870-1E74-419C-AADE-CE8CB57D6F86","33585","SM-0076","0","340","400","","795","110771C3-AF39-4772-8F8B-A2D87FCCE641","0x00000000002C5093"
"56257F1B-CF6A-426F-A4EE-C1AE3AA86878","","BC-0452","0","4","8","","5764","093B3061-0FA8-4AF4-ACD5-A2EAC8BC4263","0x00000000002CF3A5"
"9A432D20-D24C-4ACD-BCF1-E9CE0149523F","438","EB-433","0","555","595","","492","EDA379C3-FF6F-4916-A4D6-A30539AEA367","0x00000000002C5094"
"8814C45F-A9F8-4664-B323-91C59203858E","346","EB-342","0","40","55","","421","E896377E-CCCF-4065-B9B2-A30B2D5EE511","0x00000000002C5095"
"8D113B6D-BC02-46AC-AFBF-C24383984E1E","","NM-26794","0","3736","3939","","2866","BBA593F9-8E9B-4EF7-AD11-A311AF670E9D","0x00000000002C5096"
"0DF953B0-AAA4-4894-A886-B23378C95EFC","","TV-303","0","1300","1370","","3122","4B6130F8-BE03-4067-9D4E-A324C7F11765","0x00000000002C5097"
"9E71EE96-5A6B-4FFE-913D-335BAF4010E0","19","EB-018","0","50","70","","26","A7AA977B-894A-46E7-8D11-A32F22C947A9","0x00000000002C5098"
"D86EE586-0223-43C9-8C1E-7B6903F08840","","NM-01418","0","280","300","","3048","12F90E71-072A-450E-A261-A33CB1A86003","0x00000000002C5099"
"3B2881A2-DD13-49D8-8D17-84470379BCAD","279","EB-275","0","780","800","","335","AE65514B-B5C2-4954-90C1-A33F06A1D475","0x00000000002C509A"
"6C563339-DEB6-4FA6-8319-B8E3E3AAA5BB","","BC-0194","0","320","340","","5165","58674AEA-BE73-4B74-ACE0-A364FA245A5B","0x00000000002C509B"
"C896872D-A0F8-4185-B8A6-3984D8291276","","NM-25100","0","370","380","","3479","75779095-FA0C-44E2-99C5-A3894A94023B","0x00000000002C509C"
"42A53EDF-9AD8-4E49-9108-320C23F4A09F","","NM-03364","0","700","1300","","2789","EB261F5C-51AD-41A4-90AB-A38E145739AC","0x00000000002C509D"
"8216516A-7FA1-494B-B8EC-C733DBFE29A4","","BC-0066","0","80","130","","5001","97059E53-B229-4F06-B99E-A3934E945B58","0x00000000002C509E"
"E1A39D61-93C4-40A5-9B18-2C0DDA403E8C","33396","SM-0043","0","140","180","","771","3BFAFC96-B3E6-4D72-83DD-A39999A9C2FD","0x00000000002C509F"
"AD23D7BC-ECF8-4B84-BE52-607AE8883717","437","EB-432","0","400","420","","491","F1E14F9F-299A-474A-B046-A39A33F5F971","0x00000000002C50A0"
"06AFC187-C2F7-42EE-B1A9-96282D45DBFE","302","JM-003","0","345","365","","885","C00EF28A-957E-4161-9C70-A3C778A5587C","0x00000000002C50A1"
"D9C805EA-B2CF-494F-9767-B9A0DDFE80E2","","AS-030","0","22","220","","1523","B3B1307E-8ED8-4244-B016-A3CB51DE21AF","0x00000000002C50A2"
"A5C28CA7-4840-424E-B01C-E9D81D21B843","","NM-24777","0","63","66","","3645","5F3375C2-BD61-4266-B0DD-A3DD3E1696E0","0x00000000002C50A3"
"7EB0BD84-C776-4BBE-84D6-255F27B6EE37","","AH-078","0","380","420","","1805","09544B60-7871-4691-AEF1-A3DE8FB39BB0","0x00000000002C50A4"
"5F35C1DC-CE39-403D-A0B4-445218ACA851","","BC-0221","0","1075","1275","","3521","E4590749-8E97-4870-A6DC-A3E6D91BFDBE","0x00000000002C50A5"
"19CC9502-7C12-4238-97AF-ACE69F766F40","119","EB-118","0","370","410","","150","5A72C944-9C7D-4A54-88A5-A3F8F668ECA3","0x00000000002C50A6"
"CCF92B28-8BCE-4E80-A0FB-6F93F304BC49","","BC-0227","0","240","260","","3526","1FEF9683-B3B9-45D0-B403-A40BBE35BCB6","0x00000000002C50A7"
"883EA4B7-C0D4-4243-A762-FDAF352DC264","","WL-0107","0","180","260","","5442","60196782-1345-804F-9579-A426BE8A92C5","0x00000000002C50A8"
"23A43421-105A-482D-AEA4-A697758DA85D","","QU-098","0","39","59","","2467","941BF1A5-1CD7-40B9-916B-A431BBCA30CA","0x00000000002C50A9"
"4292CE3B-33D9-4F54-AA03-4A45ECDFA3DD","","NM-24667","0","440","460","","3691","EC0AC514-EDF0-4BA1-84BE-A4336548E6AA","0x00000000002C50AA"
"5CEC45B9-40AB-4D27-9E0A-4170ED41C105","257","EB-253","0","67","89","","308","CE125A96-3CF2-49E1-A5D2-A446AE79AC74","0x00000000002C50AB"
"9EED881F-F005-46BA-B62F-4981950004F9","325","TV-284","0","117","147","","1192","1F203ECB-84CA-4C6A-8BE3-A46B9BA8B242","0x00000000002C50AC"
"E43F0FCA-8BBE-42B0-8533-A43833086107","","QY-0114","0","105","125","","2958","E019918E-B79C-49F0-8600-A492F1D74226","0x00000000002C50AD"
"06DDA09B-E577-4FB1-BE88-BDD4AD05E103","","NM-00996","0","206","212","","2916","54E81515-36FC-49A2-8C80-A49C4561DE3B","0x00000000002C50AE"
"55696AC7-9991-434F-93A7-BEE777C08CE4","","AB-0084","0","670","1327","","2624","FD901CB4-5F4F-4D73-9AEA-A4AD4F24580E","0x00000000002C50AF"
"3EEA26A0-03D1-4ADB-A8CE-2FD60B225784","","NM-21516","0","100","125","","3844","BDA83F97-0FE3-4F6F-8D22-A4FF27E52839","0x00000000002C50B0"
"1FFE2C9F-F7C5-4F5B-ABBC-4790A142651E","33394","EB-680","0","235","315","","731","2213F013-171B-420D-B540-A5041FB4F827","0x00000000002C50B1"
"B9466E6A-DA48-4202-BD41-BCFBC64D6DE4","425","QU-090","0","60","80","","994","CF92830C-BC9A-421F-82EA-A51801C7849F","0x00000000002C50B2"
"7E230129-CF5A-47F4-B45E-5B71C91ED235","155490","TB-0040","0","0","150","","1244","36EA9C6E-9620-4C86-A3D6-A53E569554F1","0x00000000002C50B3"
"AD83DC12-EC5D-4D03-8418-C86090C4474B","","NM-03395","0","90","95","","2793","F5048C27-0DA6-49B9-8104-A54155DCB6F2","0x00000000002C50B4"
"7B2C740A-7B7F-4065-B45C-A064AA4596DE","33242","EB-518","0","120","135","","591","E9EEF9CB-4FF8-453D-A666-A54E0ED08BC3","0x00000000002C50B5"
"EAB15470-630B-4CDF-8F1B-6C60A45911D7","","NM-24585","0","252","282","","3733","9543729D-2845-4529-9B83-A552DCAA4749","0x00000000002C50B6"
"022892E1-AEB4-401C-9C08-7BCDE929FF9D","","AH-108","0","420","460","","1795","6D2CA40E-E4E3-456C-BAF4-A5661E04C305","0x00000000002C50B7"
"18545A9D-C28A-4AF4-BA0E-D1212839A836","","BC-0121","0","125","275","","5056","62D61272-5BCE-44CC-B3B6-A567744FC92D","0x00000000002C50B8"
"012563EC-A1EB-4C62-9154-9EA1EB0ED098","446","QU-114","0","81","105","","977","259073DB-BA5F-4DB1-BF91-A5687AA67A92","0x00000000002C50B9"
"130A027D-BFA0-4598-82F6-9A160731A762","","SO-0200","0","4","19","","3204","21D9735F-822A-4824-9233-A5880F17513E","0x00000000002C50BA"
"E80498BE-D199-4162-90EE-C404E7781A4C","183","EB-182","0","730","750","","225","DDEC7FAE-BCFD-45BF-9B65-A59D2B80B221","0x00000000002C50BB"
"89D7F2AB-4CD6-4585-88EA-A11FA137B796","","NM-26769","0","430","600","","3809","3B8F166B-B504-437D-AD11-A5B24B772F79","0x00000000002C50BC"
"D165DEAB-C697-4418-ADEA-A44419CE5C81","434","SA-0149","0","60","80","","866","6B124EE7-6499-48BB-BDC2-A5C952244F53","0x00000000002C50BD"
"0EDE5117-5049-490A-8078-C7A5D04FCC6F","","BC-0005","0","290","300","","3891","4987AE14-C6BC-47CA-9623-A5CA0D8290AF","0x00000000002C50BE"
"12BDDA99-0DD8-4684-A47B-85FF733EB9F8","","NM-24917","0","237","253","","3604","CA866327-08AE-4028-9B99-A5CE7F287C3C","0x00000000002C50BF"
"63E5BF47-5363-4093-9F00-36562DB91CA5","486","EB-477","0","380","780","","554","DA909CEB-13AF-4342-AE9B-A5D9670B8B61","0x00000000002C50C0"
"8F87C556-FF3A-4E50-B953-4DC3ED759E1C","","AH-039","0","350","380","","1612","FFC10E76-73BF-47CE-A4BB-A5EDF997326A","0x00000000002C50C1"
"1157C745-F111-48A4-9999-7141BD3DC1BF","","AB-0071","0","730","2000","","2614","5E6B98C6-784C-4AF9-8F5D-A5F39748E9AB","0x00000000002C50C2"
"BCCDBAB1-7DE6-4FA6-ADEE-D7963A4A0A8D","272","TV-238","0","55","105","","1196","C827C1E4-B5F7-4E5B-87FD-A5F5C01DD4D7","0x00000000002C50C3"
"B559FF54-F62F-468A-ADEE-B43ED0BB716A","","SO-0156","0","5","20","","3154","42C0521C-D1D3-4178-82D3-A60E709A3BC4","0x00000000002C50C4"
"9FDA571F-A353-43CB-B7DD-B9DEF5AE346D","","UC-0217","0","260","280","","2836","EBB4B803-4DF6-4215-9E17-A617CCAC6D9D","0x00000000002C50C5"
"5CE655A2-29FD-4F29-B337-98FB5AEFD296","","AB-0017","0","435","600","","2572","8E36E61A-6948-4329-807A-A63991CDF8D4","0x00000000002C50C6"
"100939E3-0DD1-41D2-8F2F-C61443B26B5D","483","EB-434","0","268","298","","494","D171EF8F-515C-496D-B2A2-A645CAC99A93","0x00000000002C50C7"
"5D22C68A-E31A-4510-A319-AD48DF0CB101","382","EB-378","0","60","109","","438","81130302-8C38-4542-88EE-A6534ADEF827","0x00000000002C50C8"
"EA23F92D-9E7E-4BEE-AA45-BE5F471B28AE","","AH-054","0","386","456","","1607","8145E13A-1DC0-4546-8036-A69B2E5AF26F","0x00000000002C50C9"
"7B74D311-1969-4BDB-8768-397D1CFFE4CE","","NM-26882","0","420","440","","3932","3EC3CE51-65BD-495F-8742-A6A32CD3B08E","0x00000000002C50CA"
"596E59FE-6FBB-45CC-B836-3F4DB6AB5A25","","BC-0196","0","580","600","","3518","03FCFA02-B0A5-40B6-ADEC-A6A807A1E06D","0x00000000002C50CB"
"39320C48-993F-F74B-A5ED-0F9D983C3DE7","","DE-0016","0","560","620","","5654","E95515E9-224A-9948-98C5-A6C6962A2CA2","0x00000000002C50CC"
"8E0CF2C7-1F51-4DDC-A771-162EFAAC15A7","310","TV-274","0","1040","1480","","1182","BC5CB8F4-449D-4BC4-92C1-A6C6D9926CC4","0x00000000002C50CD"
"09BC1DC4-C04D-44DF-BBB3-5BD3D73B6D83","33591","SM-0082","0","320","385","","802","4019DDB3-5A46-4382-B1CA-A6C6F44D9CC2","0x00000000002C50CE"
"EA3A8434-AE9F-4D57-A857-BAC8C552DE5C","","NM-25223","0","654","667","","3450","23445237-8FE4-4252-8896-A6CCA77E8191","0x00000000002C50CF"
"45137610-CC42-470F-A911-B740944DBFB3","155525","TB-0058","0","280","300","","1259","555B0ECF-72EF-42F8-BA0A-A6DCF0E705A8","0x00000000002C50D0"
"86D26D7A-547B-4878-9B86-C1EB5AC9C499","","NM-26946","0","180","200","","5085","E1376274-E785-43D1-BD44-A6DE3EFC6B8C","0x00000000002C50D1"
"ED61235B-6C78-4563-9DFA-020F4D28B3FF","","NM-05011","0","320","360","","4968","AB4F41BE-EB1F-4F45-A256-A6DEAD1E37B8","0x00000000002C50D2"
"000C2EF3-B792-420C-B490-CB97124C634B","","SV-0013","0","160","180","","5174","9F72E000-8DA6-B541-838D-A6EB413130EF","0x00000000002C50D3"
"264BBBE8-35E9-4684-8C8A-32A366BC153D","","AH-043","0","430","510","","1597","384F744C-8AD7-44FC-8AD2-A72A3A20E0C9","0x00000000002C50D4"
"F56C066F-D066-4349-8A88-3E8C64EF8DC9","","BC-0239","0","400","460","","3533","10F040EE-B5DF-4D55-BC85-A74690864C19","0x00000000002C50D5"
"F2D6597C-2A7F-4EA4-B0E3-D716BB86A27C","","SV-0098","0","265","285","","3395","D28663A8-6D08-4293-9356-A76FDB898AD0","0x00000000002C50D6"
"4AED0893-6379-6744-8430-216D13730204","","PC-018","0","360","400","","5422","115BB63C-4D5C-264E-A940-A78E3E502B72","0x00000000002C50D7"
"7BDF3D25-536F-456B-909F-178558BE79CC","","SO-0249","0","5","20","","3253","B36FA864-8881-44AC-9BE8-A79D61E67A1A","0x00000000002C50D8"
"B684F7FD-8B3C-4368-8E2A-F00ED3322BCB","","NM-09228","0","253","258","","5546","CB9A1D05-AC27-954A-8A05-A7E2608E75B0","0x00000000002C50D9"
"E57684EA-7247-41AF-B24A-E5A8FA350AA2","","TC-284","0","80","280","","2149","42BE3721-6413-4614-8F79-A7E93DE81CC7","0x00000000002C50DA"
"EAA1DD88-C384-451D-AC9C-32FF83E76833","","SV-0047","0","480","525","","5188","0A2D21B7-9580-7947-8CC3-A7E988C867CA","0x00000000002C50DB"
"DF0901FF-14DC-4B0B-A45A-4FCF5870535B","256","TV-229","0","870","930","","1138","50B766A1-A2D0-4049-B346-A7F45691381F","0x00000000002C50DC"
"C8A4D9D3-0A08-4212-A8BD-A0877B6E6E4A","5","EB-004","0","239","279","","9","826339B4-153E-4307-BE01-A81B067ECC96","0x00000000002C50DD"
"C4C27BCC-E07A-4EBB-8FB5-7288198C4478","","NM-00668","0","262","304","","3739","E91CA992-94F9-4FB5-B2A3-A81F2E35DD7A","0x00000000002C50DE"
"DCE8AEEE-4180-422A-A068-48B160EA7E99","163","TV-143","0","240","260","","1073","02510FDF-6497-431B-818E-A8289835BD1E","0x00000000002C50DF"
"08EFA9A2-A15F-4942-9D46-D343FD9A64E1","198","EB-197","0","83","136","","261","6EDDF77D-1583-4CCF-BB76-A82AEC6FD8A1","0x00000000002C50E0"
"3F2ACD5E-4F87-4835-BB10-7CCACDEDEF4C","","NM-24703","0","300","320","","3676","C8F49426-BD98-4D2C-8C78-A82F1FF202DA","0x00000000002C50E1"
"D3AC0876-A564-4FAB-A4DC-55AFF23BE8CE","33355","SM-0016","0","270","290","","750","A4F0E2B0-B835-4B96-9D5C-A852D456E4E2","0x00000000002C50E2"
"E52275DD-2331-4A3A-9E22-CD21DB26F49C","","NM-03470","0","26","56","","5302","65E6891A-8AC2-1847-8DC9-A8BC6F13D773","0x00000000002C50E3"
"E38653CC-759F-4A74-8A90-B9E962DEEFB2","","AR-0025","0","43","48","","2953","91917CB1-7C24-4914-97DF-A8E62FBFB36B","0x00000000002C50E4"
"E61C5E2A-90FC-44B0-A54F-C388AE145B70","","AB-0107","0","420","520","","2645","71CEB72E-FE03-4ADD-8503-A8EF49E7985B","0x00000000002C50E5"
"EF7E3D38-499D-4C0C-8D4D-21ED57B1D1BC","","BC-0125","0","180","240","","5105","4D9B83B9-7134-4E20-9255-A8F03766F508","0x00000000002C50E6"
"95D23374-EB48-4AA6-A015-7E477C1708B1","329","LJ-005","0","338","388","","899","0BA46A2E-823F-4AF5-A193-A91A28F67F6B","0x00000000002C50E7"
"5CE567FA-676B-4F52-B222-08AB77A559AF","","AR-0058","0","16","21","","3007","58C90E03-DA3E-4E42-891E-A91D75713C11","0x00000000002C50E8"
"0F4FA6DD-5691-4466-8385-1A372C52E7BD","","NM-24678","0","150","180","","3684","8399D0A8-340F-48F4-AE3E-A936F88D4D6B","0x00000000002C50E9"
"0E4E81EE-08E4-473E-8935-4DA7798F6FB3","","BC-0246","0","230","250","","3538","04A1FCBF-03AB-422B-8448-A937CBC86226","0x00000000002C50EA"
"67D41FF3-7DBA-4A67-B673-A8D6A905E375","33342","EB-637","0","1290","1310","","685","DF0999A8-2A8B-44FC-B37B-A93BD06C6D2D","0x00000000002C50EB"
"99218CFB-8C26-4396-8EC7-B8807A8DC5DC","","QU-004","0","215","230","","1905","F905B927-17EE-42CE-A745-A93F559912DF","0x00000000002C50EC"
"837D7971-C716-4485-9C3F-284BDB660537","","NM-01368","0","380","440","","3035","1969CCBF-0A8C-47CA-A558-A94680AC311E","0x00000000002C50ED"
"776A5EC2-DDBA-4886-A2B9-1F752CBA1288","","NM-26947","0","500","520","","5087","6051AB4A-DAD0-4A4B-B022-A96F64DAF0F2","0x00000000002C50EE"
"5C4268B7-F7DD-49D6-B30A-A6729D6D6C95","165","EB-164","0","315","335","","201","564FD93C-9143-4232-B242-A9B4CE04B607","0x00000000002C50EF"
"CB1A7C6E-1A50-4F2E-911E-420E62FACC54","","NM-24783","0","275","295","","3642","1982E46D-F15F-4184-AFBC-A9B977FBE708","0x00000000002C50F0"
"5B187DD2-CDA3-44FE-ABDC-B5A6BDA915BE","","BC-0084","0","180","210","","5022","5ADF3638-AF13-4985-9253-A9BA671462FC","0x00000000002C50F1"
"627D3CBC-4F42-754B-A04B-F82347B82EAC","","WL-0206","0","280","340","PVC with 0.032 inch perforations","5630","8140FAE6-924E-904E-9FCF-A9BE117BA544","0x00000000002C50F2"
"2BCF2466-0548-4316-991E-184C71A01005","","NM-23298","0","240","260","","3283","FAD2DE33-50BB-46D8-8EE7-A9C6D159C6AB","0x00000000002C50F3"
"F0EF4F62-27C7-486D-A8F7-08C375614C8C","","SO-0239","0","45","50","","3243","44BCCF9F-5133-4168-A984-A9C7C6FD18DE","0x00000000002C50F4"
"4078FB79-3EA7-4BB3-AB2D-D0046D4A5494","492","EB-483","0","428","606","","566","A247C277-4785-4AFC-9BD5-A9CFBCFEB620","0x00000000002C50F5"
"127FCC70-BF72-43BB-B401-62232FB58256","","WL-0019","0","140","240","","3852","A9AC0157-BB7B-41EA-A01C-A9CFFCDF44D6","0x00000000002C50F6"
"2DEE8E1E-9982-43F1-9907-A4222903CDC0","326","QU-015","0","525","625","","947","E76ADC34-24FD-42FB-AF8F-A9E5A5FD632E","0x00000000002C50F7"
"587FD932-A666-45B7-8380-ADB02912220A","","NM-09564","0","134","213","","5560","63AE9E30-9ECB-CE46-8EEB-A9FAE4E29641","0x00000000002C50F8"
"EC063552-924C-44E2-8DD0-86643708EC8C","87","EB-086","0","602","623","","104","905EE83A-B154-4250-8D47-AA2576A454CD","0x00000000002C50F9"
"EE9F1029-D1CF-0C4B-A85E-647E23851E4D","","WL-0274","0","180","240","","5705","F386A3FD-F8F5-0A4F-9FAC-AA2714F4BA0D","0x00000000002C50FA"
"A98F5724-6C4D-460F-9928-AA76D7B8B1CE","","SO-0136","0","49","54","","3134","CB523FD6-D6E0-4D2A-B88E-AA5117A53562","0x00000000002C50FB"
"C50262FA-CAE4-4B70-BC50-B934E44D536F","","NM-01380","0","88","128","","3038","56D9FFDE-0601-4861-91DF-AA5216EDCB29","0x00000000002C50FC"
"8A27AA22-1467-4E53-BE02-F28FB90F45CE","","AB-0219","0","336","960","","2738","D0671168-8FF3-4A9A-AF99-AA5392344E7F","0x00000000002C50FD"
"DA609535-8D92-4F66-B4D3-7741BB5D4F77","","AS-068","0","645","688","","1555","D1247D01-22BE-43E4-B669-AA5F57B2175C","0x00000000002C50FE"
"B127562B-5426-4401-8800-B9A0B7699164","","AS-067","0","340","380","","1554","D03FAB5B-7AD7-454E-A083-AA64ED86B98B","0x00000000002C50FF"
"123E2E23-905F-4C41-9878-D1C5C703BFEC","468","EB-463","0","635","804","","529","4D4BFBF5-276D-409F-849C-AA9DD2C2DC24","0x00000000002C5101"
"793C222B-B014-4E18-BBE2-6323910DE867","","BC-0001","0","240","250","","3907","CD4CCE16-E75F-42DE-9A4B-AAA90E266767","0x00000000002C5102"
"FDF4A9C1-BE47-4509-9631-6EBB131E1F10","351","MG-023","0","142","182","","917","3C460B02-CD0A-43D9-A29D-AAAE0E104966","0x00000000002C5103"
"1D6C6E64-2218-4E6C-A356-412F1FD94EE1","173","EB-172","0","451","470","","212","A913D257-B933-45CA-BA0F-AABEDA593349","0x00000000002C5104"
"988B7C1A-C942-4059-9564-1C5993049169","","AB-0211","0","679","684","","2731","BCBCB01B-EC51-4B9F-B1DC-AAC296301917","0x00000000002C5105"
"24D64431-3340-4C81-8876-04E86D60AF7F","","BC-0054","0","200","220","","4988","82DC0645-15FC-4A67-A1DB-AAC68D71CEB6","0x00000000002C5106"
"4D1C6B9A-D8CF-4A47-B383-9E9832CE6960","129","TV-109","0","300","330","","1044","4CEC58BE-D879-460B-920D-AAF5619E5622","0x00000000002C5107"
"1F20AF51-E78E-4121-BB1E-0235EB6751CF","","AH-074","0","150","218","","1761","D3DB4BCD-6FE7-4D5B-838E-AAFC8F0BE22C","0x00000000002C5108"
"32CDE65B-26C9-489A-B97B-10BBE04E7B95","","NM-24740","0","431","452","","3661","C7331677-B4CC-4504-A039-AAFDAC28FB79","0x00000000002C5109"
"0114420D-FB39-41E0-84C6-E329E693291D","","LC-010","0","160","180","","1471","357A93DC-4B20-401B-A5A0-AB1B64351249","0x00000000002C510A"
"B28CC80B-B149-CC47-8A02-7CF9BC74BBFA","","PC-062","0","335","365","","5364","E149A539-4663-9C41-9461-AB6ADDF10BF4","0x00000000002C510B"
"5BFC696F-20F4-4874-868B-6BBB7059D6A4","155497","TB-0045","0","20","80","","1246","0DF24992-9FDB-4F05-B615-AB6B9FB238CC","0x00000000002C510C"
"AB324A60-2368-44E2-8677-D73B4029D8BE","","SO-0162","0","44","50","","3160","6915682C-55CC-4F92-B7FD-AB6C7CC62B21","0x00000000002C510D"
"382B26FA-6974-4CAD-9784-F16E6145EEC7","","SO-0220","0","44","50","","3224","965C474A-F71A-4D35-87DE-ABA35373802B","0x00000000002C510E"
"12AA0900-5364-4731-B1AB-704E0691D53A","","SV-0095","0","120","140","","3391","7562E1D2-4DB1-4974-9B1C-ABA6926DF5AE","0x00000000002C510F"
"5A7F8F20-34FF-4C42-AFEB-0BD0C159E832","","AB-0204","0","59","64","","2724","D1CA4A97-9AAF-4EB2-BDF1-ABB49F97CB7D","0x00000000002C5110"
"FC7273C2-34BA-4E77-945C-B9D7D676B22E","300","QU-001","0","216","396","","940","CFC00718-DB57-4799-B47A-ABBA87EE0FCC","0x00000000002C5111"
"208F34EB-3D27-4244-83BB-2135964B0208","","PC-081","0","110","150","","5378","DC987BA7-6E67-8D44-BB7D-ABC5FA5F8D44","0x00000000002C5112"
"1ADAE638-707C-448D-9D23-C1FA4D3E141E","270","EB-266","0","149","159","","325","55D27544-D4C2-4D91-88F3-ABC9518F8686","0x00000000002C5113"
"53A2CC2C-D867-4BF0-A040-B2D9D97C8DCD","","NM-21811","0","146","186","","3850","563F7991-2333-454A-80A5-ABCDCE709D66","0x00000000002C5114"
"F345261C-66C6-4189-9346-8CBF66D2582C","259","EB-255","0","582","592","","313","75ABFCAD-7643-4CCD-96B3-ABD74B0B5E9A","0x00000000002C5115"
"F45FE46F-D699-4D09-ABC4-20FED3B94832","","NM-06181","0","240","290","","5532","41AC992F-EC30-3345-9104-ABE3CA40A5B2","0x00000000002C5116"
"0A516EDF-6F33-4C64-90F7-615B00E9C4D2","","BW-0942","0","38","138","","3118","189E8A26-1DEE-4EE1-8441-ABE471EF8D2F","0x00000000002C5117"
"A29A5B80-40E2-411E-AFBE-BF482395AC53","","TC-223","0","450","490","","2112","95D58372-0948-4266-A235-ABE5EE458F0F","0x00000000002C5118"
"883EA4B7-C0D4-4243-A762-FDAF352DC264","","WL-0107","0","500","680","","5445","7ED8A48F-36A9-FC4B-9AE5-ABFF93C69CA3","0x00000000002C5119"
"416282CD-15EC-4F7E-97DF-DE477746E707","","SO-0184","0","35","59","","3182","E4409BD4-44ED-407D-B041-AC37F2597864","0x00000000002C511A"
"BA035273-FAE2-4531-AF2C-4BAB46DB32C2","","NM-25073","0","302","322","","3486","9A0F672E-407E-4855-B6BF-AC38C98CAABB","0x00000000002C511B"
"8E01FD70-D8CE-4233-9285-40CE5B55BBF4","237","TV-217","0","1973","1981","","1168","FAD58BDA-8230-4442-9761-AC4AFB86DF51","0x00000000002C511C"
"4393B909-DBAA-4667-AD33-8ED3CB6C4016","","AR-0214","0","120","370","","3571","50C7FD0F-7BAE-4EC5-84F0-AC6521E7D986","0x00000000002C511D"
"D80DA348-C400-4BA7-8066-322A50B11B09","","AB-0142","0","820","1290","","2676","DB7C2850-CB16-4D25-B4E1-AC70E32FCF8A","0x00000000002C511E"
"7CD68F9D-CF12-4CCA-8625-8D3F7A6E8AAB","33350","SM-0031","0","480","680","","1222","73E2A7B3-8FEF-4D14-814A-AC800FC2A943","0x00000000002C511F"
"9E71EE96-5A6B-4FFE-913D-335BAF4010E0","19","EB-018","0","30","40","","25","16DBA0BF-FBA0-4466-841E-ACAFB6BC90CE","0x00000000002C5120"
"56257F1B-CF6A-426F-A4EE-C1AE3AA86878","","BC-0452","0","43","444","","5766","DF246503-F42A-4D52-8FBA-ACCE0ACA0AEB","0x00000000002CF3A7"
"412F11DE-B061-4DF3-813A-366CBC596D33","","AH-035","0","420","440","","1590","A9DCE416-7B79-4AF8-B012-ACD6F0E520BA","0x00000000002C5121"
"B82BC92E-8410-4234-B29F-0F2823C3F141","482","EB-429","0","201","740","","488","F4D91C1D-BFB0-402F-9FD2-ACE82B5E08C7","0x00000000002C5122"
"05EDBCBB-E6F1-488E-B43E-55E46AB5D0C1","456","QU-120","0","63","113","","979","7EF0888A-98D3-4190-9534-ACFA28299B95","0x00000000002C5123"
"922F821B-F96E-4E5A-91CE-7720A958D888","22","EB-021","0","130","400","","31","BDAB6A17-32B4-4FA8-B819-AD1A0CD26213","0x00000000002C5124"
"A48923E2-1818-C848-BA2F-57923B6B5EC5","","TC-431","0","368","590","","5305","F4BB3200-D2AC-A346-A3DE-AD3426745EEA","0x00000000002C5125"
"F1BD35BA-4B54-4726-B68C-CEB5D79FD369","33236","EB-560","0","180","200","","607","47486B99-FE18-481A-9E25-AD91DFC5ABD2","0x00000000002C5126"
"55737B3D-9DB5-411F-A7B4-7021B400C493","","NM-21757","0","192","250","","3846","AD2B2DAF-F029-4EAF-9BCA-ADB4D29DFFB3","0x00000000002C5127"
"2FFFCA5A-ED8F-4A45-8D0F-684789E73713","","AB-0050","0","550","610","","2596","C6316E45-6160-44C0-B882-ADC4EE1DB7BE","0x00000000002C5128"
"58253128-B70B-4C9D-9533-61FCF8CFDB97","","BC-0012","0","135","160","","3913","8F67B72A-6027-4155-A4DA-ADCA2D2E1D49","0x00000000002C5129"
"8C08DC9F-251D-40E2-BBD1-F6E26E42D3B4","155678","TB-0173","0","88","148","","1298","6A4F7565-94B7-4FFE-B3B5-ADCEF6820155","0x00000000002C512A"
"FAA4B842-6044-4035-8D7F-7AF521E68167","191","TV-171","0","2497","3160","","1094","D66CB642-13AB-4E2C-8270-ADD1D87AE25B","0x00000000002C512B"
"0FB03DDC-ACFD-4F75-84C3-624099D53FAD","","BC-0112","0","60","80","","5045","87E3CFC9-41CE-49FC-A4AE-ADD70C85A396","0x00000000002C512C"
"3BF801C5-A430-4B8F-9501-C0ED270CC668","","AB-0182","0","375","395","","2706","81D2CF53-7610-4761-876B-ADDA776776A7","0x00000000002C512D"
"0754A95C-2531-4BE1-9726-AB8EDACFE1B5","203","EB-202","0","140","154","","265","4155489E-7494-4CCE-B04E-ADDD8E3F6B4F","0x00000000002C512E"
"2E125850-DDC5-4B66-B09E-EF135BAF2B4D","318","TV-277","0","720","920","","1185","081732C7-0056-47B3-AA0E-ADEEE4743538","0x00000000002C512F"
"DD00C125-6842-414F-A287-E2B4DE20CFF5","","TC-237","0","297","337","","2116","22320AFD-4E93-4258-993C-ADF5E95CCEC1","0x00000000002C5130"
"5D984BD1-02B6-444E-AFA0-B3113EA07887","","UC-0222","0","35","55","","2840","E4B5D94D-7FBC-455F-BA5D-AE02F11A39F4","0x00000000002C5131"
"F56C33F4-D7DB-43C2-B7BE-D357891939EE","238","TV-218","0","418","460","","1129","8487E535-9C11-46B2-A8EC-AE2119A7553D","0x00000000002C5132"
"E6A4063C-1657-074D-9C15-78E477806D44","","WL-0261","0","520","540","PVC with 0.032"" slots","5690","9913C3D7-07EF-4F46-96BD-AE25D3DFF202","0x00000000002C5133"
"96B4BEBB-CB61-457E-9772-D92D9BC69875","554","GT-002","0","460","500","","1335","701A49A1-D42D-4972-B93C-AE452639E6CD","0x00000000002C5134"
"C50EE55B-6033-4764-AF6F-1E677A0FF7C8","","NM-04102","0","281","300","","5618","F5BEA9BB-9EAA-9D49-8A1A-AE481350D5FC","0x00000000002C5135"
"6EE7149C-3CB3-47F0-8945-26EF772956E3","33388","EB-676","0","268","278","","727","6A21D9A3-6BAB-41D6-A9B0-AE4ADB675C01","0x00000000002C5136"
"3B2881A2-DD13-49D8-8D17-84470379BCAD","279","EB-275","0","840","860","","336","C91AB860-5696-4133-BF41-AE68F9AD9EAF","0x00000000002C5137"
"70CF4130-AB26-4C8E-8F26-FD188C577915","","AB-0229","0","280","300","","2743","0AA23A23-79C3-41BE-94A4-AE6DDEC3603B","0x00000000002C5138"
"DB792578-F0E5-49A2-8B1F-ACFD53CC02CA","","AB-0028","0","142","172","","2580","4A4A64D9-C757-4F49-A537-AE857294813E","0x00000000002C5139"
"71FDBA14-5DE0-40F7-B00E-FEECE7B6CC68","239","TV-219","0","1099","1260","","1131","E80B5D9D-926D-497F-8049-AE956268CFDD","0x00000000002C513A"
"8C9E7B6A-E966-419A-A477-29F7A1DB0AD1","472","EB-467","0","260","320","","538","A1826816-01AF-4ABC-86F2-AEA6111DA8F3","0x00000000002C513B"
"44139B9D-08A0-4C0B-9452-611A692333E5","490","EB-481","0","460","470","","562","B2482E7B-3E4A-4857-8999-AEBAF3C89952","0x00000000002C513C"
"8168685C-B181-4935-83F7-F8893594B52E","","UC-0220","0","100","160","","2837","18F43AD3-58E3-4DCD-A0C5-AEBFC2609647","0x00000000002C513D"
"D1EE4A7A-AE18-41B3-BC22-6F0B811418A5","","NM-01819","0","510","765","","5569","D4454ADC-F84B-3E4B-84C4-AEC351D0AFD7","0x00000000002C513E"
"8B8AE7EA-1AA3-43CA-9E06-55C40CC507CE","","BC-0109","0","260","320","","5042","6A37A495-6EF6-4C2A-8B20-AED9E3404174","0x00000000002C513F"
"206E56DF-7CD7-472F-B96B-6F4A7532F16A","378","EB-374","0","180","200","","435","3A99A3C9-7013-48A5-A95B-AEF721EA7CE2","0x00000000002C5140"
"27392551-3EBC-4D59-A8A2-BD93E07584CE","","SO-0187","0","4","19","","3185","CD36E96B-7E03-43D9-9E7C-AF0232F84E6F","0x00000000002C5141"
"0399F4E5-32F8-4E8A-A48F-35A3207FEE8D","","AB-0087","0","101","141","","2627","48C8C940-688F-4E3C-A7FA-AF1BB9363744","0x00000000002C5142"
"DC3CEE75-D7D5-4541-8543-FF22BD282957","","SO-0218","0","42","46","","3222","9509CF52-2D00-4BDB-9B77-AF2C8825539F","0x00000000002C5143"
"45DAD2BB-9944-4141-A23E-860FE0B827E2","444","QU-112","0","90","140","","976","A3B7CA65-6410-40A0-A0CA-AF39B93E0465","0x00000000002C5144"
"8AE4BD3D-A48E-4F86-A3A8-97D7789BD161","","NM-26921","0","415","425","","5068","32ADCDE5-6199-44C0-AD4A-AF4D66877AD3","0x00000000002C5145"
"F7DFB8A0-CDD8-496F-8775-2B77C3DE52BC","21","EB-020","0","416","429","","29","1FEF8C28-C4D5-4D18-A7D3-AF52E871147C","0x00000000002C5146"
"618D642E-8BE1-44DE-9310-917ED6258FFB","416","QU-081","0","64","74","","986","85E41A66-18F3-42AE-8F51-AF7DDD2DC3C0","0x00000000002C5147"
"EAE4EB45-C013-46BF-95A6-A22021D3EEB0","15","EB-014","0","260","300","","23","02C953F1-5A2A-44C0-9DC6-AF7E13ADE5CC","0x00000000002C5148"
"6ECA50DF-FA9C-4310-9C4A-D097DB756B60","156","EB-155","0","316","334","","188","9C854604-0A0C-4BEC-98B8-AF801F4C182E","0x00000000002C5149"
"E324A9D0-2E02-4102-8387-B257BA0509B7","","NM-01668","0","232","452","","3756","AC2F3032-0B8E-461F-A568-AF8469FF062D","0x00000000002C514A"
"3F2ACD5E-4F87-4835-BB10-7CCACDEDEF4C","","NM-24703","0","340","360","","3677","12C464AB-2EA9-4B63-A3E6-AF88854FD67F","0x00000000002C514B"
"D6B2DFF4-D869-441C-A98C-B0DC4149EADA","","NM-25120","0","421","456","","3465","CFA04BEE-D601-4D54-B7E9-AF8A58DAE7F4","0x00000000002C514C"
"F4341C81-B465-4C41-AD19-2E12B3933D27","","QY-0495","0","125","130","","2977","D36F19CB-8319-4F4E-B620-AF9042E14DBE","0x00000000002C514D"
"E1CB2915-697F-4ED5-B59D-228EFACA0561","179","TV-159","0","200","260","","1087","35B2AD89-BAE6-4D95-B2F9-AFA4254796B5","0x00000000002C514E"
"A4429D8F-6A88-4883-937B-C28623B49128","33397","SM-0044","0","280","320","","772","04DC45D1-DBA4-4DFE-9D6B-AFB2A3DF5E3D","0x00000000002C514F"
"81CF490E-2CB9-46B5-A3B4-8AF797721844","146","EB-145","0","62","77","","179","0AC31759-14E6-4D0A-8FBC-AFB682BD93E1","0x00000000002C5150"
"760578B6-03C2-CF47-93B8-AE0BDCB09DE1","","PC-011","0","505","525","","5319","202536E1-318A-514C-8B7A-AFCAE75679BA","0x00000000002C5151"
"85777128-D515-4472-BCC9-B74BFB62ABC8","","NM-26934","0","50","60","","5079","8124F7AA-EDA4-418B-82EB-AFDD64545BAC","0x00000000002C5152"
"95997687-3488-4C94-92C7-2D5E4D5A05DF","166","TV-146","0","40","60","","1076","C270A8FF-A840-4B5A-8C67-AFFCAACDDD05","0x00000000002C5153"
"A19FDC08-3F8E-40F6-9FAC-A4D81509E818","116","EB-115","0","280","320","","146","C2E0165F-538C-4ADA-8F1F-B0025B97C6B5","0x00000000002C5154"
"A0A5E10F-39A7-AF45-B948-D85AC14C51D7","","WL-0245","0","400","420","","5673","1ED3E4D0-4548-F242-B877-B00D65797BF8","0x00000000002C5155"
"9281E47A-ACD3-4E8E-A0E9-18AEE018F655","","QY-0356","0","230","270","","2966","35F86DC2-03EB-4083-855C-B02736220BDD","0x00000000002C5156"
"C6B814D3-5556-4B5F-99A2-C72BBB276054","","SV-0004","0","220","230","","3289","C6D37FD4-EE82-45BB-BF00-B02B8696075D","0x00000000002C5157"
"5A5191EC-B23B-4F67-9F09-8676A0ABE353","33509","SM-0065","0","10","40","","787","3A543214-BD00-43CF-B25B-B02CA92F6A77","0x00000000002C5158"
"7BFDE412-0E31-D045-B848-77CE3DD3D589","","TC-439","0","80","120","","5232","E32AA8A6-F120-8C4C-8808-B0621ED9DA67","0x00000000002C5159"
"6C9CC5CB-D292-4FBB-9AED-BBE172149483","189","EB-188","0","360","380","","235","CBFA36A9-7720-482B-AA7F-B06B9659E829","0x00000000002C515A"
"F1BD35BA-4B54-4726-B68C-CEB5D79FD369","33236","EB-560","0","240","260","","608","901B9A59-A6E7-4348-AA25-B0B06590D3EC","0x00000000002C515B"
"32619A63-F945-47CE-BE7F-058696513590","","NM-27195","0","160","180","","2918","BF2400CA-17B2-4483-A2BD-B0CFB8012A57","0x00000000002C515C"
"A442C938-8576-4C4F-A6B5-C681B73DFAB8","81","EB-080","0","400","600","","94","D9503324-2BCE-45E2-A549-B0D0ECB49757","0x00000000002C515D"
"A400AC14-7747-4DF7-A7EF-E039F40A26AF","","SO-0193","0","6","21","","3191","C31962B3-EC80-4ADD-AAC2-B0F70801D31E","0x00000000002C515E"
"FEF10EF2-7D96-4973-9A11-CCFBD8CA4199","","NM-26909","0","20","30","","4950","33A9C8DA-4180-47DD-8FF4-B1181F1588D0","0x00000000002C515F"
"CB992C86-9CBA-4187-87FE-238A689086CB","155498","TB-0048","0","180","320","","1247","409360CB-18D2-4F2F-AC5A-B1204A4BF2CB","0x00000000002C5160"
"B1238A32-615C-4FBF-9596-B73C3EE6CA45","33240","EB-521","0","76","365","","595","30BBD232-1372-4282-A548-B12EF1E40206","0x00000000002C5161"
"F85359F6-A267-4A53-94C4-786F1D13F75E","","SO-0161","0","5","20","","3159","E6EEB21A-0ADD-4AFA-B2D1-B13F32116EEA","0x00000000002C5162"
"9D904B6E-03EF-4E58-A1EE-30612180A0B9","","AB-0188","0","260","300","","2710","D0F46C40-58DB-4A93-A332-B145DD5F96CF","0x00000000002C5163"
"3EE69184-DA8E-4F87-8070-E34419458026","","SO-0246","0","4","19","","3250","58DFD51D-2FF6-460C-92E7-B152A11FADE5","0x00000000002C5164"
"525EB75B-69EC-4B30-B7BA-1DBDB15DE8EF","","BC-0038","0","240","300","","4963","20F452FC-CBF2-4A29-B7BB-B1564AE791A5","0x00000000002C5165"
"86469A59-DAD3-4681-B9D6-91F65176A08D","","AH-064","0","480","520","","1751","0CF516FA-134D-41FF-A562-B15D8D849037","0x00000000002C5166"
"7B2885C6-035D-413F-8214-C4AE6593F750","33395","EB-681","0","280","400","","733","1943674F-D8BC-422B-B686-B183FF057138","0x00000000002C5167"
"09139B59-D5E3-4799-8439-FECF829A7D66","","NM-24745","0","108","128","","3655","830AFEA5-4D0D-4667-9A7B-B1949135DB0F","0x00000000002C5168"
"CE79978A-CB17-436F-824A-700E1CD8ED06","","SV-0119","0","315","335","","3420","205E8301-67A2-4318-B668-B1AE002BEFB4","0x00000000002C5169"
"6FEDAD46-60CD-412D-891E-00E006E330DD","33668","SM-0143","0","680","760","","815","80FFCCC3-F6C4-4F45-8E74-B1B9092BF130","0x00000000002C516A"
"93D29428-A858-4824-96D4-91BFE6BDE0DF","","NM-01425","0","229","269","","3052","03B5278C-DF04-4856-83DC-B1C8C0EA7033","0x00000000002C516B"
"BC3040C8-83B5-46E7-B367-CDE1353ADD42","155554","TB-0091","0","90","110","","1267","2C059E70-5244-4C66-9165-B1F349DDF5B9","0x00000000002C516C"
"DB40B26B-AB27-4DE8-90CD-D89F7DC973F9","","AR-0067","0","0","61","","3010","FCBF3919-6024-42FA-B407-B21EC84B2D0B","0x00000000002C516D"
"00DFABC1-108D-4DF9-89A1-0B01A1028322","33241","EB-517","0","115","320","","589","89C5C665-5FCB-499B-963D-B22C3C761815","0x00000000002C516E"
"2E72A9FD-16C1-41E9-B2B7-C900FC90B68C","","BC-0197","0","340","360","","3519","7BC2BCB9-B933-49BB-974C-B22D1836C52F","0x00000000002C516F"
"7EB2F7E6-EC6D-4BCE-AEB7-1196F4F1BEDB","190","EB-189","0","410","430","","237","97534C11-CDB3-47D8-8371-B239DB17D4B6","0x00000000002C5170"
"56257F1B-CF6A-426F-A4EE-C1AE3AA86878","","BC-0452","0","16","40","","5765","59F85940-0694-41AC-B002-B262D88F26F8","0x00000000002CF3A6"
"BF872765-FC9B-4F84-B6EB-63E70F2A80CD","","NM-03333","0","28","33","","2817","0E8ED5C7-1B2E-4128-8529-B2686DDFCE66","0x00000000002C5171"
"08D818CC-504A-4AF5-9667-481E68DFA645","","TC-231","0","239","254","","2114","332127F6-1E9D-4F1C-8915-B268DBC396DF","0x00000000002C5172"
"546C470F-5939-409E-A248-98733CE6A98B","","QY-0334","0","21","31","","2965","C437974D-5C21-4DEB-B119-B279AA9D7C25","0x00000000002C5173"
"102BFEBB-3819-4E46-8BF2-4FA1F36474B6","","NM-26952","0","521","551","","5090","25C8A3BC-CBA6-43BA-9D9B-B286697B915A","0x00000000002C5174"
"D588B538-D146-4515-BFD2-30B55E7DA764","","SO-0251","0","49","54","","3255","5CF0198F-2916-43C9-9C86-B2A2CF03A5AF","0x00000000002C5175"
"8A50A235-B354-E94D-9A93-D0E6061743BD","","WL-0287","0","280","300","","5736","B1A3B9A9-2705-A840-9224-B2A90938046D","0x00000000002C5176"
"6E0C9EDF-D43C-402E-8D33-414CF4A98BF9","","AH-100","0","470","500","","1813","A1B525FA-53F4-4FC2-8072-B2B9EFD94DCA","0x00000000002C5177"
"02D4CC66-3B9B-475B-B2F8-095D6D1945EB","","NM-01254","0","614","645","","3072","A5BD7827-4666-4621-B354-B2EA945ACCB1","0x00000000002C5178"
"AD2FF055-AD9C-4068-9131-E2AD997ED892","","SO-0133","0","4","19","","3203","A7C61439-8FAC-4DC1-85E8-B3009D2EA6CE","0x00000000002C5179"
"5B4D9B04-4F47-4EE4-8651-7F7F7169CD3E","","EB-394","0","128","","","745","46D27B48-3B01-4F53-8237-B30AB8388231","0x00000000002C517A"
"C7077A32-6C0A-45D6-BE6B-6F1A6B4271AE","","UC-0230","0","108","208","","2847","449FA1AB-3102-442B-8421-B34EFF9A476A","0x00000000002C517B"
"AB66BCF0-EBD2-4C88-AEFF-F3E16F710869","","BC-0039","0","375","425","","4964","284D2692-B0A3-4AB6-87F0-B35A3CC53B1A","0x00000000002C517C"
"906D5017-443D-4CBA-932C-E413B36A0C21","","AH-071","0","115","175","","1758","4E186749-54CB-4C32-933D-B377A3EC5385","0x00000000002C517D"
"49BE6191-A9EA-43E9-A51B-8AD575BB410D","419","EB-415","0","330","530","","475","75122AF2-5B76-4416-B467-B37B1DA84F30","0x00000000002C517E"
"3F85E68A-9AF1-4AE7-9392-39FE114666D3","","AS-003","0","340","380","","1499","EE1DA97A-7D01-46B0-9CD9-B37EF42AC297","0x00000000002C517F"
"D68FDC2C-9E84-435E-9866-39ED0BA8F769","","TV-251","0","230","270","","3078","12634140-B501-4CC9-AC4D-B39A787D1C80","0x00000000002C5180"
"9987C318-9771-403D-9767-0042DD9D1230","","AB-0132","0","965","980","","2666","69711A5F-5B7C-469A-9741-B3C039F9AADC","0x00000000002C5181"
"D04EB6C0-BEF6-463A-96C7-B828B4DF10BF","","BC-0198","0","280","300","","5706","39629AA3-43ED-3646-BC9A-B3D1D3BE2050","0x00000000002C5182"
"1E679B3A-A163-45CA-82D7-15BD5858B60D","","AB-0145","0","982","1599","","2679","0280F72D-0E54-436C-837D-B40A5584AE06","0x00000000002C5183"
"CADAEA9C-171E-4D2D-98D3-C89198FCB66C","","NM-24998","0","141","144","","3566","96B8D5FE-BE6B-490C-9956-B40E13CB4644","0x00000000002C5184"
"FC833FE3-BE55-419A-B0F5-63AF296E284D","","NM-00886","0","192","202","","2914","2BDA64A6-0635-420E-9CBE-B413D6050A1D","0x00000000002C5185"
"F09A4C5E-94D2-4130-837A-70E4E8723E9F","155465","TB-0005","0","12","24","","1238","82675C81-FBBB-47A3-9A9D-B41AF192851E","0x00000000002C5186"
"438E6A4B-A91C-413C-A382-B3257F61D6AF","33369","EB-659","0","350","370","","705","9EE611DE-FB06-46FF-8E32-B4371A6D2D85","0x00000000002C5187"
"908164A2-851F-47D5-955F-4CD6BD7020AE","","NM-24921","0","206","224","","3594","6257C683-B726-4294-A9AC-B45DC9705FF7","0x00000000002C5188"
"94586F84-93F3-436E-8E25-D5275D2103B3","78870","SM-0233","0","40","80","","839","6740E82E-A2D9-49B1-AC5A-B480F3AE16F6","0x00000000002C5189"
"71AB03E4-CDED-46AD-AAF8-EA5A91F5A0E5","200","TV-180","0","380","440","","1099","52628B3D-1CA7-4543-B70A-B4928DF700C0","0x00000000002C518A"
"292F5FC4-EA5C-4233-8CFA-33B58EE09186","402","EB-398","0","130","150","","455","2898F42F-A4C2-45EB-A0E2-B4A5C966874B","0x00000000002C518B"
"79F04CBA-BE04-4B87-BCE4-5C723E87555C","","TC-258","0","128","140","","2131","55DAB4CF-90AF-41B4-B4E9-B4A88AC4BC39","0x00000000002C518C"
"E45450D0-8C9A-4DFA-BCC3-726E555F2C87","","NM-24776","0","310","334","","3647","C9CDE644-99DC-4997-B203-B4BE06E39874","0x00000000002C518D"
"7331D91A-D8B2-BE4C-8278-ED9A63A0B9E6","","WL-0243","0","416","495","Open, uncased hole; limestone","5672","B51CD19B-17A3-ED4F-AB19-B4C080023650","0x00000000002C518E"
"4E09A43F-F688-4B4B-9BBD-12023AED5566","303","EB-299","0","1300","1330","","374","38661164-12B1-4C4D-9821-B4CD152A2836","0x00000000002C518F"
"EF930E18-215A-AA47-80F3-132E493A62FE","","WL-0123","0","116","119","","5462","82E2B7B7-80D6-9049-848F-B4D610714468","0x00000000002C5190"
"3D73E5D3-D73B-497E-8C31-3FB65D83BD46","33411","EB-692","0","118","123","","742","D3CFF57B-2302-4A60-B7AB-B4F4D832A32E","0x00000000002C5191"
"825E8EE4-2187-D54A-AC69-0EFC427E0F98","","PC-078","0","190","220","","5376","87653E3E-D91D-8F40-B8C9-B52650F4A3CC","0x00000000002C5192"
"4E96B9C6-F28A-4592-9618-C8939DBB6A0D","33298","EB-596","0","565","585","","641","03C35A8E-ED82-4B1E-A4EA-B5314839D0CE","0x00000000002C5193"
"F6890D0B-D3F1-401D-9C03-580DFBFA839E","425","SA-0139","0","100","150","","864","E638A2EA-EDBB-4268-9DA0-B53C704A48F6","0x00000000002C5194"
"71E84734-C890-43B2-9DAC-FB42537712C6","","SO-0233","0","45","50","","3237","FF0A530B-1F4D-4B6F-B37C-B5451B200F28","0x00000000002C5195"
"EA1B7CF3-F645-4B7B-836B-9A36A5ECF20D","177","EB-176","0","580","640","","218","DCB92ACC-C8C4-4DEC-A8B8-B569CB3F898F","0x00000000002C5196"
"23F2F99F-8EA7-754B-83EC-21FDE2A6CC0A","","NM-28337","0","590","650","","5511","BBB30DAB-2E1E-DD49-9F26-B58A16727758","0x00000000002C5197"
"272025D9-3C49-447B-8EA5-436258E3CEC2","174","TV-154","0","20","30","","1083","EA6817A6-9124-4876-B735-B596EB498A0D","0x00000000002C5198"
"C58CEB81-FD4C-214A-B0B4-E51BFB6FCCD0","","WL-0155","0","545","575","","5680","E010AA39-41A0-A248-86A0-B5998826FCBE","0x00000000002C5199"
"1D114D39-0DD3-44C1-B70F-D829F0A142AF","","NM-25417","0","317","341","","3772","13698E76-D739-4C93-B733-B5A1D2C23F2A","0x00000000002C519A"
"E993A486-38AA-4122-B72D-5A634B958145","86","EB-085","0","688","715","","101","E81C5C23-8284-45CF-AED0-B5A45A12C1F5","0x00000000002C519B"
"9784A97F-8371-4B27-BA9F-00294AFDD11F","58","EB-057","0","310","430","","67","04DB7DB9-CA82-4C21-A9A9-B5A9EF201997","0x00000000002C519C"
"02B87432-CA6E-4013-A657-42BD0571FD31","","NM-26908","0","200","220","","5292","F4E79304-A4D4-C141-BBC5-B5B14A4A5613","0x00000000002C519D"
"627D1560-4783-464E-8A38-B845FD0A26F5","","AB-0077","0","10","40","","2618","C162294D-21B3-4B6B-8BA6-B5C0858FBD08","0x00000000002C519E"
"00499383-82ED-4B81-9CDC-6FB0E138953F","230","TV-210","0","815","895","","1119","43F1256C-F105-4562-BB80-B5C65DFAB2EA","0x00000000002C519F"
"80E877FF-E289-4DD6-918E-9FE5DCDD5B14","","NM-24800","0","11","24","","3638","674201B1-1FE7-4EF0-96E7-B5EF8590072B","0x00000000002C51A0"
"BA035273-FAE2-4531-AF2C-4BAB46DB32C2","","NM-25073","0","134","141","","3484","14B50DDC-9AE7-462F-BE21-B5FDBCD7C6C8","0x00000000002C51A1"
"8193AF2A-6DC4-4C21-83EB-9857B1032100","","SV-0060","0","420","460","","3361","02DD8904-F305-45B4-B3B2-B61C292AE859","0x00000000002C51A2"
"03F33514-EAE6-4507-AE04-3DF222B0F824","33586","SM-0077","0","40","100","","796","16858A07-A5A1-4CD2-80F1-B62493FA4F3A","0x00000000002C51A3"
"30C39AA0-5D79-4DC8-B32A-59F17ACB7FF8","","AR-0123","0","55","60","","3085","EE61EF4B-8096-4544-B77D-B6305E2BEE43","0x00000000002C51A4"
"457D95A9-C615-5C46-B1A8-1952F0F86720","","PP-038","0","70","110","","5243","D2133AD0-6EDB-8F4D-963A-B65EEB65F74E","0x00000000002C51A5"
"050A486B-57E8-489E-8D84-343019D8A8AC","40","UC-0024","0","164","180","","1318","4A01C887-A7DE-43D2-AFD5-B66D691C1BD7","0x00000000002C51A6"
"C2D23159-49E1-4E00-AD4E-89176B64852B","","AB-0044","0","40","45","","2592","BBBABA41-0AE2-4A6E-9849-B673F2D61618","0x00000000002C51A7"
"3E27FD3B-6D34-4321-94CA-C2B48383681A","546","SA-0318","0","0","150","","882","A67162AB-BB3B-49F4-80C1-B675AFF92ED3","0x00000000002C51A8"
"C785775F-ECEA-4ECC-AEE2-6A47ECA7AD71","366","QU-037","0","420","450","","955","AFAC0CD6-4B10-4F06-8FC5-B675C9C76B0F","0x00000000002C51A9"
"08378379-777C-4EA2-9959-FA604124EBD0","14","EB-013","0","170","200","","22","4BE32C7F-EDB5-4556-8C1E-B681FACDEBC2","0x00000000002C51AA"
"82D24790-228F-457D-B968-10CD0949006C","","NM-00450","0","150","250","","2908","BC398B79-42BC-4C01-9576-B69A9E7F526C","0x00000000002C51AB"
"5646FF49-5636-4EAF-9403-0391527C8DFF","470","EB-465","0","229","250","","535","439A9870-9527-4F61-B807-B69FD954F8BE","0x00000000002C51AC"
"4914CE9C-8F90-45C6-9CBE-21FB563C7117","","BC-0063","0","345","385","","4995","2D5E259E-309D-4FF5-ABF1-B6B614D8E1D3","0x00000000002C51AD"
"ED65DCCE-C438-4ECE-8AE8-CB5BA82388C3","33365","EB-656","0","400","480","","698","6B7FFEEF-4DBB-4B8F-B607-B6F286901E9A","0x00000000002C51AE"
"A7263075-B048-4818-A530-7832E1A85966","136","TV-116","0","220","240","","1055","EBD508F2-0D20-4986-8A59-B7074569D8AA","0x00000000002C51AF"
"657FD03F-6DAA-40FD-80CD-8EB49138B836","33299","EB-597","0","800","820","","644","F7054B20-FF9B-487A-B3AB-B70A5EAE374C","0x00000000002C51B0"
"E7EF19F8-0377-4EFA-9754-B70F4DC51E90","449","EB-444","0","300","320","","507","DC0659EB-1230-479F-95F4-B7115F23DB70","0x00000000002C51B1"
"CE5E8F69-3C63-4B58-B72C-5618BFC70007","","NM-24834","0","400","500","","3632","52180F1D-75AA-4B6D-BE52-B716FC365EEF","0x00000000002C51B2"
"EA01E45E-0351-4ADD-8DC3-2A8707CE8ECF","286","EB-282","0","256","296","","343","AEBAD457-D9B9-4C0D-B5EB-B725E9D1ABCD","0x00000000002C51B3"
"ED88220A-A850-489F-BDD3-344F2515FAB8","","AB-0083","0","550","800","","2623","747B6E83-DE28-413C-9C1B-B73852E72CB7","0x00000000002C51B4"
"99218CFB-8C26-4396-8EC7-B8807A8DC5DC","","QU-004","0","245","295","","1906","730F2732-2606-48EF-B31C-B7388C09CC42","0x00000000002C51B5"
"A034D8FB-786E-5542-9570-22F50CE91FBE","","TC-425","0","25","285","","5230","44C3E217-5796-C446-B426-B73FE15F8804","0x00000000002C51B6"
"A11122C1-AE0B-AC48-83D4-72C349C551B3","","AR-0222","0","28","34","","5468","AB8E8DAC-DA18-C448-AA09-B740DB413D20","0x00000000002C51B7"
"2AD3B0E9-1A79-462B-996A-C526A500F856","","NM-21381","0","60","100","","3834","208A182F-8AE0-41E7-8A2B-B74BB5614779","0x00000000002C51B8"
"C53BA703-28D9-A448-B806-D6A601C39007","","WL-0233","0","34","154","","5651","1D546BE6-EBD3-CC4C-B50E-B74F8AA7EB49","0x00000000002C51B9"
"24B83C28-E8A5-431C-8D9C-AC236908DFDC","","NM-00758","0","985","1005","","2900","721697DD-EB12-461C-857C-B75F8B48D03A","0x00000000002C51BA"
"38EBB610-0212-E24B-902C-4FBC540532BF","","PC-057","0","190","210","","5359","B2BC2435-CC7A-224F-A56E-B78A3FE91B07","0x00000000002C51BB"
"757F0F7A-E2AD-4A80-9EBE-DD79BEAE9C8C","380","QU-050","0","53","93","","961","3B1B7AC7-11FF-4BE3-8581-B790586A293B","0x00000000002C51BC"
"5501C3DA-00E6-40E3-A0CC-2A219D0B44D7","538","QU-151","0","84","89","","1023","A866EA37-A9A9-4B9A-AFFE-B7B0AE035EE9","0x00000000002C51BD"
"DF1CC0C3-D167-401F-95B7-6A3239392985","","NM-21368","0","260","300","","3833","B126FA96-1A67-4520-87F9-B7C76D791FAC","0x00000000002C51BE"
"2157857B-9957-8D4F-AA81-A2FA191A8446","","PP-017","0","70","85","","5238","C6ED770F-4A6B-B04C-ACEF-B7E7A72B731F","0x00000000002C51BF"
"D21F711D-1784-4496-8425-5170CB8064E1","487","EB-478","0","306","366","","557","CADDCFC7-D877-4E76-9E8A-B7EA9CD0EACB","0x00000000002C51C0"
"F06BE847-7C89-4CE7-BF7A-AA528ECCD0A6","","NM-24710","0","255","258","","3671","841AE69F-D4A3-47B8-9C7A-B8096DDE382F","0x00000000002C51C1"
"3E1E3E08-3D59-4359-BF7E-803CF8D4F251","","AB-0174","0","560","580","","2698","63E369DA-8D87-42CA-96F4-B826F5786D09","0x00000000002C51C2"
"CD2351DD-3BAB-4DAE-9A8A-FD67CC8ABC46","","NM-26875","0","120","300","","5239","5EF5A23F-DC8A-2D43-A01D-B82FB1EDE0FE","0x00000000002C51C3"
"599EB7E3-A4A2-459A-9569-A5353502AE00","","SO-0261","0","45","50","","3271","13738429-CC55-4995-853C-B82FEFF67C8D","0x00000000002C51C4"
"CE025933-6CD2-4548-9D32-FBCAD45BD508","33338","EB-633","0","1430","1450","","681","890A34B3-E128-44AE-9582-B83086A3F6C8","0x00000000002C51C5"
"2EC1DF32-7F8D-479E-877F-B0C2AEEA7F4A","","UC-0218","0","50","70","","2862","30D15C65-DEC9-470A-B00D-B830A95E0E41","0x00000000002C51C6"
"77BAA104-200B-4A7C-B7C0-247DB4C3D33C","","NM-25040","0","589","692","","3554","AC028AB3-706B-4B88-9C23-B8328ACDB62C","0x00000000002C51C7"
"E1BD348B-6371-4543-B575-A3E0C9EBF13E","","NM-10282","0","75","210","","3905","88CF5338-4B2C-497E-8CEF-B844FF21EDC9","0x00000000002C51C8"
"AA3DAFE9-D484-4BEC-93F0-CAD0C9B8B2E8","","SO-0170","0","4","18","","3168","88916E7F-8E6B-4463-BC7C-B8742F7E0EAE","0x00000000002C51C9"
"1D2F4D94-F4FA-4B8C-913A-667658206192","119","UC-0088","0","400","595","","1327","E2DEB440-E660-4592-BABA-B87F8BEB6763","0x00000000002C51CA"
"2E5899CC-4AA6-2245-AFC1-967AC47C0E11","","WL-0104","0","100","140","","5441","9107BAE5-B34A-F64B-B5AA-B8BFE4FB597A","0x00000000002C51CB"
"B967147C-3526-4FD1-A318-283217268BEC","288","EB-284","0","435","455","","345","8AF2DA1B-81BD-4785-AF79-B8C03E9AABF2","0x00000000002C51CC"
"0E3B6CF8-1F9D-4081-B62D-A0AE371F654A","","AB-0056","0","300","315","","2601","C87D8D51-1AD2-489F-B910-B8CCDD136727","0x00000000002C51CD"
"0AFAA229-A713-45E5-9CD0-30CC906C09F0","","NM-24788","0","327","352","","3640","29019905-21D5-4F8C-A332-B8CE0DC2476A","0x00000000002C51CE"
"595C3B1B-DC97-4348-9728-964B51BD95A9","","NM-06423","0","100","301","","5533","34F4E3CD-BC82-C349-9751-B8E614121E6B","0x00000000002C51CF"
"AE89D625-F83D-415F-846B-181250248C30","","BW-0938","0","1240","1340","","3116","CF722743-1E4F-475B-A376-B8FE6A579EFA","0x00000000002C51D0"
"682F3914-80E7-7248-8217-57635A75ADA4","","PC-117","0","460","470","","5409","E34462CE-8BD8-CA40-BA56-B900C93B9588","0x00000000002C51D1"
"8625573D-7FC8-4C54-9B78-82EA09029E35","","NM-06691","0","60","100","","5534","CFABCDC0-4C3F-694B-89E1-B905194CA2E6","0x00000000002C51D2"
"EFE79C0D-67F1-4073-BFD6-EC29E32D8AB0","","NM-24728","0","118","132","","3665","93ED34E1-5CF7-4E00-B028-B91A503D625D","0x00000000002C51D3"
"F798DEF1-9177-49EF-9ABE-2A467D2C715B","","AR-0102","0","18","23","","3022","43A39B52-9400-4F73-9049-B940BB7BFBEC","0x00000000002C51D4"
"9BAA44C5-2768-49D8-9DFB-73CA21DACBCC","","AB-0095","0","332","562","","2635","6327A25C-675E-4F59-A3A3-B9488EA1F04D","0x00000000002C51D5"
"2F1F6B46-A00B-425A-9A16-B8133C142793","33310","EB-606","0","590","600","","654","14183DA4-82D8-4A42-B34C-B973EE9B227B","0x00000000002C51D6"
"E652C8D5-809F-46A4-A91A-2B03262D0298","","NM-25102","0","652","695","","3478","E8D0A65F-CA64-48E6-84D6-B99497D64E88","0x00000000002C51D7"
"17BA7965-9F5C-4DE0-8DC2-1136F276E38E","66","EB-065","0","645","670","","77","0EE78580-3286-4155-B12C-B99A3253A846","0x00000000002C51D8"
"BD04EBC3-4F44-4B0C-9D03-9640C9453956","","SO-0158","0","5","20","","3156","7845D6B1-CEAC-4710-8110-B9A616D0D98B","0x00000000002C51D9"
"D06D8C6E-7FF5-414F-8E1B-DD543BE106EA","","WL-0115","0","125","205","","5476","C0EE8234-2C3C-C64B-9880-B9E3D4F8156C","0x00000000002C51DA"
"DDFA41BE-A2DF-408F-BCAD-86CBED88E572","147","TV-127","0","380","385","","1064","3B897A95-7C71-440C-96AB-B9E601547CA5","0x00000000002C51DB"
"3E816E4D-797B-444B-B46A-479BF6F44E2C","33348","EB-640","0","200","220","","690","C1259C43-C681-41D6-867D-B9E6A24D3065","0x00000000002C51DC"
"F90A5E9E-9681-4D61-B283-E9DA5EBA5927","33389","EB-677","0","160","200","","728","374D3DEA-510A-4504-9F16-BA27747D2F8F","0x00000000002C51DD"
"783F76ED-8715-489F-A9BF-425032C73587","78892","SM-0249","0","650","770","","847","641968BA-EBFC-4D7A-A6FF-BA396D8D8FB9","0x00000000002C51DE"
"683E5981-96DC-40E8-BDD2-A45F545C16C0","194","TV-174","0","88","143.5","","1097","2C896191-DEA4-4A9D-A2DC-BA47F2D2D3CE","0x00000000002C51DF"
"04426B19-6565-459D-83B7-F86776D4ECC9","","AR-0080","0","20","26","","3114","E35F276F-AFDC-4E95-B0D3-BA4C5B2D9FEF","0x00000000002C51E0"
"538195D4-4C22-43A9-AA97-3A9A0B45D4E7","","BC-0075","0","140","170","","5009","D98926E4-6E7F-4D97-BE90-BA59EA710C35","0x00000000002C51E1"
"092AC8FF-7F89-42DB-9751-AA69E84006CC","","AR-0074","0","8","18","","3023","5FB6C544-A8C0-4A62-89C0-BA5D4D1EE525","0x00000000002C51E2"
"9D9E2D03-FC98-4986-8090-34C7D6F82B05","33371","EB-660","0","690","710","","706","0ABD4B0B-D7BA-4E7C-B616-BA831F01F613","0x00000000002C51E3"
"1D26B8A0-EED3-4BBA-9F6C-4F77E2BA34B0","","NM-21280","0","140","160","","3822","D0D969EC-5988-46F5-958F-BAB06A0243D5","0x00000000002C51E4"
"B3B09EC7-3FC5-42B9-A18A-2CEEF28E9417","340","EB-336","0","1880","1900","","417","39AE8199-316C-4AEE-A8BC-BAD22C44ABBF","0x00000000002C51E5"
"E492EA2B-1D04-4798-B2DD-84CC05E8187E","270","TV-236","0","120","160","","1148","568ABE89-C340-4B89-A59B-BAD76D0AB1BD","0x00000000002C51E6"
"4D8AF5C0-F331-452B-8874-123FA338A209","59","EB-058","0","650","790","","68","D2AF5D9C-07E1-4019-9E38-BADA91338065","0x00000000002C51E7"
"0CC8B83D-8915-4A0D-832B-859E84F53DD8","","NM-25131","0","525","535","","3460","3C81F43A-A387-4B77-A627-BAE19DCBD00C","0x00000000002C51E8"
"19CC9502-7C12-4238-97AF-ACE69F766F40","119","EB-118","0","340","360","","149","5960C453-AA9F-40CD-8B9B-BAE6672A4704","0x00000000002C51E9"
"157DE72B-6859-4195-92DD-516A5F34B4A9","37","EB-036","0","72","74","","37","C6C676C7-E063-4434-B9EB-BAF8719FE7F3","0x00000000002C51EA"
"3342D988-13BD-4FBB-AE50-258516A1807E","448","QU-116","0","45","125","","978","3B268FB3-A198-4F71-B609-BB01BA75F9B0","0x00000000002C51EB"
"D81F94B1-1D06-4865-8607-589437E68AE1","","BC-0064","0","360","380","","4999","9E6387EF-4435-4188-AFDC-BB2ED1482E25","0x00000000002C51EC"
"C56515EE-74E4-488C-BBD8-D3B592A5334A","","SO-0238","0","3","18","","3242","1987253E-84ED-4C1F-8BE9-BB4A887A307C","0x00000000002C51ED"
"8561B7A3-FABA-40A6-8E80-E21A858973CE","","AB-0249","0","","","","5757","C52D57E3-A114-4C68-A4A5-BB5F49A6D868","0x00000000002CF38A"
"5F8D0B2A-02E9-4793-9238-935CB23CB587","","NM-24656","0","269","284","","3696","7828E302-5C06-477A-8339-BB614B530762","0x00000000002C51EE"
"B1B29061-FFF9-4045-835D-9165BD9F4C6F","","AB-0049","0","20","95","","2595","FA9DE772-F982-4FEA-8D36-BB818E9DA8A5","0x00000000002C51EF"
"32B0F43A-C595-4D67-8EE8-77FE0A119BEB","130","TV-110","0","238","258","","1045","007CCE91-E274-4B3B-8344-BBA2E764FF11","0x00000000002C51F0"
"5E5492DD-139B-7B40-A38D-27CF0AA27C24","","DE-0012","0","300","600","","5660","8FE9CDB4-0F3E-F841-B012-BBD2B24AC257","0x00000000002C51F1"
"4CFD5DC3-7019-4837-BC20-D1BFEA4D12D8","193","EB-192","0","25","45","","245","E94DE6B1-BF50-477D-88A3-BBE03147052A","0x00000000002C51F2"
"9C3FFEA2-F032-4A1B-88D9-0704EEFBE59C","","BC-0160","0","200","260","","5132","9137E5A6-6A11-4330-A500-BBF292555B95","0x00000000002C51F3"
"BEE0A6DD-C3F1-FC42-9CA1-F804435106C5","","SA-0240","0","267","287","","5172","8D2C103B-AADB-F743-9054-BC09F1E834AC","0x00000000002C51F4"
"66403802-3772-462F-8793-A1A4B454106E","155735","TB-0230","0","62","102","","1307","5ED9F236-2687-4840-B88A-BC186009B8A6","0x00000000002C51F5"
"CCE9C304-4D38-F242-82F2-BAE848C7121E","","PC-055","0","280","300","","5357","FDF39A41-EBDC-0946-8457-BC1C81C40F64","0x00000000002C51F6"
"8828F1E4-82C7-478C-8D17-05E2F44B5BC9","","AR-0209","0","5","20","","5590","5659100C-7B55-7C45-8F15-BC22EF5F6816","0x00000000002C51F7"
"88AC32BA-CD1F-4070-B9A3-E444A82EB9E9","","SO-0255","0","50","54","","3259","D6AC9E28-DFFD-4D85-959D-BC234CE43B7D","0x00000000002C51F8"
"922FD43D-143A-42F6-AC20-8758DAD6F8F5","534","QU-147","0","33","38","","1019","0773669D-554C-47B4-8327-BC318CF6B7DE","0x00000000002C51F9"
"B1FBD489-2800-4024-9EF8-21B043EE61DB","428","EB-423","0","590","610","","480","B5044AEA-E6CA-45D3-8641-BC6361112BD3","0x00000000002C51FA"
"348D8FCD-EEDD-4A07-A82E-E47490EF0E46","33589","SM-0080","0","160","180","","798","6426E085-6E29-4F55-BEC5-BC7B07E1D19F","0x00000000002C51FB"
"71926012-0CFC-E844-9CCC-B2EBE43BD453","","WL-0062","0","25","45","","5220","519648DC-C165-4F42-AA1F-BCB1E4E275CF","0x00000000002C51FC"
"876A4BBB-0C60-D944-9A2C-EE0D18337A83","","WL-0065","0","70","150","","5222","4D7343FC-3025-BB4B-929C-BCB29600816D","0x00000000002C51FD"
"247DF468-A161-9F4D-BA27-8BB70A40F392","","TC-442","0","115","155","","5237","93314DEE-987B-8A4F-9194-BCC79E757CE2","0x00000000002C51FE"
"73516B06-2856-425C-A45C-E7E13B7542A3","33332","EB-627","0","1080","1100","","675","93DF95F1-F79D-4182-8BBD-BCC7BE3A2C6A","0x00000000002C51FF"
"9592418E-4447-467D-81F1-DA8E44AF7D16","","SV-0103","0","310","350","","3400","1001B7C5-3C01-48AC-9D7E-BCCB02D67940","0x00000000002C5201"
"7B7326A6-070E-4AD6-807C-3C16ABAA615D","145","EB-144","0","63","78","","178","191CB5CD-916E-46B4-B25A-BCFC92F499C2","0x00000000002C5202"
"6D81C9B8-C75D-413F-9560-9FB0E347BBEC","","NM-25936","0","87","89","","3884","5652BA24-413E-4BF0-9CF1-BD05E0B9FED3","0x00000000002C5203"
"AF0ED497-7888-BA48-B02C-B52C805B3A64","","NM-28317","0","120","160","","5498","F23532F6-1B75-F74A-9396-BD246643D0AC","0x00000000002C5204"
"3D859FA2-023D-4778-83C8-92706799B549","","AS-025","0","100","140","","1518","23D41C42-A54C-4D0F-98DF-BD3F2C5991D7","0x00000000002C5205"
"7F3F49E0-51D0-4790-9FC0-FE2C7CC68E25","","NM-00253","0","0","290","","5529","47E567C6-B1EA-3A40-87D2-BD4DC89D7274","0x00000000002C5206"
"454C7F47-5965-4DC4-8645-51A44178733A","","AH-109","0","500","560","","1796","32D94C6C-BA4F-4237-AADF-BD760FEFF740","0x00000000002C5207"
"A0E45379-30EF-430D-A9D8-55FAA0457273","","SV-0007","0","240","260","","3294","1500E293-43C0-43E8-B8AD-BD7826AA1BBD","0x00000000002C5208"
"DE156F4E-8959-40C1-855D-CFD2A383AEBC","","AH-050","0","620","660","","1604","D6FA22D7-CAA3-42E3-A1C7-BD89BBEED984","0x00000000002C5209"
"8A73AD94-51F0-4A34-87CB-27684552C933","289","TV-255","0","180","200","","1162","3DBD028E-7115-4E8C-A122-BDA4140E01C0","0x00000000002C520A"
"828CD22F-7723-4FDA-97F5-3760361F96B5","","NM-26911","0","103","125","","5057","40251563-86C6-4A8D-854B-BDA5F9F3CF1F","0x00000000002C520B"
"348D8FCD-EEDD-4A07-A82E-E47490EF0E46","33589","SM-0080","0","280","300","","800","E3BE5CC6-0682-4656-A37D-BDB1F95EB8E8","0x00000000002C520C"
"3FDBF118-7EB1-4680-AC63-64092EB935EF","155555","TB-0092","0","90","170","","1270","9F3DE72A-1120-44BB-9CFC-BDC6125545C8","0x00000000002C520D"
"DDDB523A-500C-6148-A075-76A2127F583B","","WL-0213","0","555","585","","5642","293B09D2-BD55-4748-8E6B-BDE30CABBE12","0x00000000002C520E"
"89293004-E6D2-48A6-9178-5E5D7D8C034F","","AB-0113","0","698","703","","2651","04A98878-A5DA-43B3-A690-BE085CCBD4C4","0x00000000002C520F"
"75A1FCAB-7FBA-4045-8124-EB4C848F0AC4","399","QU-101","0","137","142","","1026","A3D564C9-9C95-48BA-A00E-BE1682794D3E","0x00000000002C5210"
"041DD833-8363-4DEB-A388-4B04636B5347","278","EB-274","0","700","800","","333","D060DB6A-9551-4E94-A3EC-BE246878CC5C","0x00000000002C5211"
"023368B0-BFB1-4CAD-950D-4349ABC61D74","","SO-0240","0","79","84","","3244","CEAA0962-33C6-4733-8BD7-BE3482DEB641","0x00000000002C5212"
"E29EF07C-0B6B-4B55-AEF7-FB9F598CD055","","QY-0566","0","50","110","","2983","8104367D-9887-43C4-8DA7-BE366ADDCD41","0x00000000002C5213"
"5FC7CC80-83EB-CA48-BDE7-08178603D1EA","","NM-28279","0","25","62","","5433","B07BE3A7-A49D-6D48-87BA-BE3C2D40BA56","0x00000000002C5214"
"8A8D77D5-A188-4D80-A798-A53C4E90B1B2","","SV-0049","0","200","220","","3347","6F9D9E4C-F406-4564-97C5-BE64D1A31E0E","0x00000000002C5215"
"00FAF079-7E2E-4D73-95D4-FAB3B9183A6F","","BC-0057","0","175","225","","4992","F01ACC3C-3BCC-4B85-80BF-BE7274C25BDE","0x00000000002C5216"
"491EE5C2-F7F7-41B0-93F9-C493A0128BCC","","BC-0179","0","420","440","","5151","1221FABB-8B3A-48A9-96BA-BE8DA8746077","0x00000000002C5217"
"8C7F8F00-3C99-4B94-BC88-DF44A2E14EA3","","NM-23925","0","40","60","","3866","B07B8476-ADDE-4F99-8305-BE9332B669D1","0x00000000002C5218"
"94E9947F-EF22-4785-8549-66F35B3B08B2","","NM-26959","0","302","317","","5095","379145AF-7B7E-4B08-8F57-BEA2351F6BC2","0x00000000002C5219"
"782BD36D-C337-455B-81F7-366429D300DA","","BC-0024","0","65","125","","3920","67319C0A-0A04-4EB8-9F05-BEA2892D7359","0x00000000002C521A"
"15434E3C-06AA-4133-8074-67E5EF235624","","SV-0107","0","250","270","","3404","21DB8BF6-70DD-433E-B790-BEAADEE20EC5","0x00000000002C521B"
"6677FA7B-4086-4268-B4DA-32547A513485","155468","TB-0017","0","400","585","","1241","550AF6E9-3357-461A-A7C7-BEB439100FD3","0x00000000002C521C"
"EA199671-4F25-4B8C-B567-D4885B1694A1","291","EB-287","0","757","831","","354","DCC3234F-111B-498D-8149-BED1E84F9673","0x00000000002C521D"
"61755B32-2699-4C7C-83E5-5A299A57E092","","SO-0130","0","44","49","","3200","51E30702-64EF-4302-BDFB-BEECA7EA21D5","0x00000000002C521E"
"BA035273-FAE2-4531-AF2C-4BAB46DB32C2","","NM-25073","0","262","282","","3485","82ACA4E6-4A86-4B37-970B-BEF4A649E036","0x00000000002C521F"
"F81BB22F-2439-41B7-8370-97D88194E40D","","SV-0121","0","240","260","","3421","4AEA5C22-223D-48F1-A769-BF1D903F7EA6","0x00000000002C5220"
"559C4E54-44C5-4060-9ECF-68B4F31BF39D","","SO-0222","0","44","49","","3226","F3BA8FEB-DD6D-4953-9EC5-BF1F111950CF","0x00000000002C5221"
"F2CF0E35-3EEC-4A2A-8058-C0243B9F9F90","","NM-24355","0","360","380","","3596","AEFDC779-8397-4B67-AE6B-BF3B16CDCEF0","0x00000000002C5222"
"D3FB5488-3D6E-4B68-84A1-964D5E8827E6","","AB-0114","0","260","320","","2652","92AA260A-9496-4A8E-BD3F-BF743BB7879D","0x00000000002C5223"
"CE7F7364-F4F1-46AC-83F7-8EBD8E7D91B4","","TC-208","0","305","335","","2106","B622DEF2-E567-46EB-AD59-BF74C6D0270F","0x00000000002C5224"
"D774DC4C-52B9-4770-AC9A-ECF370A44161","","NM-03900","0","0","101","","3100","2CB1F3F8-5736-4448-9913-BF7A25BA2E56","0x00000000002C5225"
"AE850EB9-B875-45DA-B765-5C709110AA21","","BC-0168","0","420","440","","5140","887FB8CF-34A1-4B3D-BD86-BF7DD3BF77FB","0x00000000002C5226"
"33FDCF12-A5A3-4497-BEA0-5A9527A7D736","","AH-092","0","470","500","","1779","C31FEE0D-8C6A-4DAD-8AE4-BF813EE92F75","0x00000000002C5227"
"B6B1575C-A34C-476A-8CD8-ECA034EC668E","33380","EB-669","0","500","580","","716","11560E34-DB6E-40C0-B6AB-BF982CB0569C","0x00000000002C5228"
"BE193094-0967-984C-BDD9-E22E30CA18CF","","LC-039","0","255","275","","5449","D23340F8-06AA-7041-A2C8-BFC92C8BEEB5","0x00000000002C5229"
"8EBAA17A-64E8-4E96-8D6B-7BB6D819FE6D","","NM-02082","0","200","310","","5581","94949327-E7B1-3949-9515-BFE0F2203517","0x00000000002C522A"
"6D615E27-E392-438B-A481-E32CAE1FD782","","SV-0018","0","380","400","","3303","16E7CAA5-3D28-421A-BBE0-BFEBCC4A6740","0x00000000002C522B"
"FD6C6E58-158E-5E40-BB0E-9143C82559E0","","PC-013","0","130","140","","5326","DD1B0288-FE13-4847-AFC9-BFF126DCB4A5","0x00000000002C522C"
"45C5CD4E-989D-4939-B928-9C4EC7A27F37","33250","EB-509","0","251","271","","587","014A85BF-B49B-47D6-AAE4-C02A720ECDA8","0x00000000002C522D"
"254073EF-CDB9-49B3-9F95-0A71F2912177","","NM-24653","0","180","225","","3699","D3C21F93-8C45-40B5-AC34-C03ADD1B5F83","0x00000000002C522E"
"F640BB92-6AF9-41D4-BD2F-5C866128C6F6","","QU-176","0","395","435","","2863","BB4212F8-C449-464D-BF09-C0573673CF82","0x00000000002C522F"
"3349A8F1-E3BC-4829-8B96-EF6F46C50AA6","","TC-249","0","513","536","","2045","6C8DE984-4BE6-4C73-A9A9-C057CB309532","0x00000000002C5230"
"21FB0E10-147F-4A31-9ABB-15DE6C4E49E2","53","EB-052","0","210","280","","56","9D144087-839B-4218-8C4A-C06C9BF4BDC7","0x00000000002C5231"
"87D1580F-C467-2946-A786-07A91F09AF11","","WL-0250","0","248","293","","5699","9A05179E-4DF6-8744-80C2-C07E398D8F75","0x00000000002C5232"
"BBA39325-319B-4912-8437-4281821AAFFD","","BC-0018","0","110","130","","3917","BCE3B078-D07B-4EDE-8F65-C086B0BA06B4","0x00000000002C5233"
"FBE0A2AB-CA0D-42B1-8C39-614DF55F573D","","NM-26872","0","120","180","","5240","46BA088F-20D9-7346-A90A-C090795D374B","0x00000000002C5234"
"2A4C2CDE-57DE-469A-9B35-44B02888BE58","","NM-01314","0","595","615","","3440","90672154-AC9D-41A3-BD96-C095A5C92274","0x00000000002C5235"
"3A6FBD14-F56A-4A2D-86F8-717450A19840","312","JM-013","0","130","329","","892","EDD4CA76-CD68-4FFC-9564-C096572502AF","0x00000000002C5236"
"88851353-FBA8-DB49-9C6B-4B962EC9EEC4","","WL-0069","0","150","300","","5226","10BEC619-7B1B-694E-9031-C0B05AA0C7A0","0x00000000002C5237"
"3747F809-9911-499C-A3BF-3B0D04ADD95C","365","QU-036","0","605","835","","954","0C4A8751-F891-424D-A043-C0CA50E97DC0","0x00000000002C5238"
"A8118712-5EC5-4532-8D7E-32D1EA0FBAEC","","TC-287","0","230","250","","2152","85D873B3-B606-43C0-94E0-C0CF099F844A","0x00000000002C5239"
"01535DFB-D713-244F-A9A1-E04B9ED102DD","","WL-0286","0","343","345","","5734","BB4986D9-1CAD-144A-8624-C0DA454F44D5","0x00000000002C523A"
"3F7A8623-7F65-450C-BF5C-0E947915EB4C","","EB-161","0","629","638","","2924","C9798721-F698-4B04-A79F-C0F9EAC717DE","0x00000000002C523B"
"5210B475-DD5C-4A4D-AAE1-34A25C468E83","422","SA-0136","0","78","98","","862","DEE40B75-48F2-417B-8BB6-C1071FAD33AB","0x00000000002C523C"
"8BD1E860-22DC-4D75-B13F-E82B860EE756","511","SA-0207","0","840","940","","875","9F76A71C-9139-4F3D-B50A-C1102B291E98","0x00000000002C523D"
"593A6885-3589-4AFE-A5AF-3D89BB0DFC75","","SV-0056","0","280","300","","3355","64555D25-C8D7-4644-B2AD-C11AD75D4225","0x00000000002C523E"
"BC0A6E6E-AC2D-4CDE-9D5B-B6AB1446096A","155578","TB-0115","0","200","260","","1281","C8E72A7F-56C1-46CE-BEF0-C12A0FCCDDC4","0x00000000002C523F"
"E8803045-8434-4AA5-AA97-4E15D972BA85","","AB-0133","0","390","400","","2667","703A0248-A1AB-4552-B11E-C14B355F4EF2","0x00000000002C5240"
"FF4BD5E4-05A9-4069-A111-0FA118F5C68A","","BW-0948","0","","","","5776","8C6A28FA-5CFE-4ECA-A515-C155568F75E5","0x00000000002CF3E9"
"97425580-6640-49EC-ADFC-BD38B75E5296","","NM-03060","0","173","212","","2812","3DA2753B-3CAE-4697-A5CB-C15A40E8C517","0x00000000002C5241"
"32CDE65B-26C9-489A-B97B-10BBE04E7B95","","NM-24740","0","390","411","","3660","5DB40C0F-DAD4-48CA-BB7F-C16597164F5F","0x00000000002C5242"
"4EFF9A1B-3D14-4EF1-AC5C-349AE8F61278","","QY-0371","0","152","182","","2967","DB54D4D7-108F-48E6-8DF5-C16877DE2203","0x00000000002C5243"
"EF054D1C-A82B-4D4E-8665-026849D04358","368","EB-364","0","194","214","","249","F17F491D-799D-40A4-9D7C-C18DFC79DB28","0x00000000002C5244"
"0B734823-1B8B-0447-8E98-C2FF763B3CD9","","SV-0145","0","380","400","","5483","85EB9C3A-3D8F-A442-B8C9-C1A89A9E77FA","0x00000000002C5245"
"4374F641-A786-E447-BBE4-FF0C65EB3B78","","AR-0226","0","45","50","","5470","BC633673-B341-CD40-ABE3-C1AEE37B11A9","0x00000000002C5246"
"90671ED0-8148-E24F-B3B3-27AEA061E191","","PP-063","0","137","167","","5251","29FF3B44-CA0F-5740-8D1F-C1C1FB528606","0x00000000002C5247"
"BCFF6A03-9655-412E-886A-61783A94E5B0","","NM-00391","0","115","170","","2876","7F4404EB-643A-4AD4-8FF0-C1D391456BBA","0x00000000002C5248"
"A1C4B610-4105-481B-ABF7-746792531448","298","EB-294","0","400","600","","369","A9A3C40C-ABB0-47AC-975A-C2156DE826BF","0x00000000002C5249"
"8F895269-4739-4061-9AEF-115ECF0F1D89","118","EB-117","0","380","460","","148","38767A28-2E49-4F3F-9811-C21752BEBFE4","0x00000000002C524A"
"7A446BFD-497D-456D-95A7-69E60B327805","","NM-04574","0","218","258","","5531","602DF960-A545-DB43-93EE-C225859E41A6","0x00000000002C524B"
"81841905-F218-48DD-B09D-C50AF7B87924","","NM-01180","0","305","410","","2804","2273A204-D0C4-4E00-824F-C229158AD025","0x00000000002C524C"
"A4370D62-A274-4FFA-9FEB-C07DA315A931","33510","SM-0066","0","28","48","","788","36F12B8D-E28F-4E61-B297-C243CE71B3FC","0x00000000002C524D"
"DF2AA4F9-D9A6-4316-B695-764F32604ED6","","NM-03329","0","114","119","","2821","2A8F3ABB-F157-4DDE-B583-C2627745DF11","0x00000000002C524E"
"AA01E5AF-4E4D-4584-BAC2-E59A963A2B66","","BC-0193","0","230","260","","5164","C3831A58-BD44-4195-96BF-C26B4D5D69A6","0x00000000002C524F"
"5B80DF9E-41E6-504D-A581-8704B6885976","","WL-0279","0","260","300","","5716","5D2938B3-A52D-FB43-B639-C28AD3D68AD6","0x00000000002C5250"
"D3650168-15E1-4F96-9749-695A92D8C23E","","SV-0099","0","140","160","","3397","C20839F2-33F4-40F1-B3AF-C290AE7D6632","0x00000000002C5251"
"F7DFB8A0-CDD8-496F-8775-2B77C3DE52BC","21","EB-020","0","520","535","","30","E1B1556B-EF06-487A-B1C9-C2A406E4FE54","0x00000000002C5252"
"2BC326F9-468E-4D9D-A8A9-0D6856BD8F1E","","SO-0131","0","2","16","","3201","AB2A6FB9-F727-4242-B39B-C2B9358D51A7","0x00000000002C5253"
"7618616E-7660-42F5-AC30-D7D1864378CC","348","EB-344","0","360","380","","422","A509DCEC-E0A9-4321-A38F-C2C330316900","0x00000000002C5254"
"9311525A-1996-4775-ADC7-94130E09719E","330","TV-288","0","820","980","","1197","0174045E-2A5C-486A-B019-C2C8013426B7","0x00000000002C5255"
"1C25EDAD-0B30-4B82-A552-896F9AC94FFA","104","EB-103","0","152","156","","128","E6F97FAF-59E0-475C-B5D0-C2F046C7D9D6","0x00000000002C5256"
"B01798F3-B061-40B5-80C9-E2642FC14BB3","","NM-25082","0","680","860","","3482","085EAFAD-8F2D-4B38-8D27-C303673514D7","0x00000000002C5257"
"41FDE0B1-2181-E940-8A87-8A67950E9BF1","","NM-28325","0","240","280","","5503","5151F5E4-B843-1240-BCD3-C3225DF55941","0x00000000002C5258"
"6EBF943F-3340-44B5-8E3A-70D98B454BEE","408","HS-048","0","22","42","","1209","7155C354-6F28-496A-A6BD-C327730740CB","0x00000000002C5259"
"67CECF28-E4D6-4E60-A434-45CBF4BC3674","","BC-0258","0","180","260","","3544","6DB3C7FB-C159-437C-B990-C32B31FF7666","0x00000000002C525A"
"92CC2B8A-7677-4C96-974B-2AA0DEB1A15D","","BC-0049","0","50","190","","4984","F207FF5C-F52E-447E-A8ED-C340C17077DC","0x00000000002C525B"
"D573FAC8-6C08-44EA-B1E5-6EC8E899470D","","NM-24350","0","460","480","","3600","886DD79F-43DF-4118-9C78-C3547231D4CF","0x00000000002C525C"
"03455212-26E0-4DC0-AC76-5441F8CC4F86","","SV-0109","0","300","350","","5197","02001886-D8FE-E74A-9193-C355488A77D0","0x00000000002C525D"
"76ACF5B3-94BB-AB4A-9E8C-95CE024EC369","","PP-010","0","200","220","","5257","653B7CC4-A631-8246-ABE9-C3792A50CB39","0x00000000002C525E"
"33AA79C0-D2C0-4A35-B6AB-7EE8A05B4A97","33352","SM-0022","0","140","200","","748","AE712135-7F4C-4125-BFC8-C3838584687A","0x00000000002C525F"
"6BFD8B97-D5BF-4626-8E52-4990431C30A9","","SO-0221","0","5","20","","3225","C92D87FE-29E4-4EA6-A25C-C3905C520555","0x00000000002C5260"
"061DF41F-C811-403B-A2AF-FE20CC66BE4E","303","TV-268","0","20","215","","1174","6204C201-77E1-402E-9FCB-C392B54FB67A","0x00000000002C5261"
"3C1C504D-C14B-4478-B6DA-9F350E3E3413","","NM-09502","0","78","253","","5555","C2775E14-13D1-1B42-8B7D-C39603600930","0x00000000002C5262"
"530B7F03-CE98-4CDD-8704-3E7B81375B53","389","EB-385","0","210","740","","442","F652C647-38DF-49EB-B173-C39D6FB26926","0x00000000002C5263"
"52FE6ABF-15AA-456B-B2F6-75ACBC206B84","","SM-0040","0","355","395","","3859","B4A7E6B8-7721-4539-8EC0-C3A184E131B5","0x00000000002C5264"
"21BD3E9E-3B13-4E4A-96E9-4CED68B809ED","178","TV-158","0","180","280","","1086","63A17A34-A2FC-42D0-A83A-C3B8D3C41CFE","0x00000000002C5265"
"71BF3525-1F66-A249-B0D5-3752156B4D05","","WL-0282","0","433","633","","5722","FECBC291-A02C-2246-A762-C3BA442483AF","0x00000000002C5266"
"F82EEE0A-6C6D-4ED5-9187-F9ED0E6A8B69","","NM-21170","0","400","410","","3817","A000002C-E2B2-4E96-A5AE-C3BD3190B294","0x00000000002C5267"
"9334CA6A-FE02-49E9-BFED-7E3E9008D4D0","417","QU-082","0","65","100","","980","868A8007-20AF-493D-B0CC-C3BD65E835BF","0x00000000002C5268"
"09E36C43-B8BD-4712-B8B8-BD62691E476C","","SV-0021","0","120","140","","3308","1449BE5A-39B3-480C-B49F-C3CCC104AED6","0x00000000002C5269"
"72786592-067E-4B58-BAE1-A429F4266B8E","568","GT-016","0","95","135","","1342","25A2D26E-CAD1-4D10-84DC-C3D1659113BB","0x00000000002C526A"
"E993A486-38AA-4122-B72D-5A634B958145","86","EB-085","0","741","768","","103","9874D5ED-EE4E-4D52-9DC5-C3E3B3786C4C","0x00000000002C526B"
"B2191F02-1030-4EC2-9945-B9E9D37FFAC6","","NM-26960","0","95","115","","5096","3FBAD432-D86C-420A-89C4-C3EBC74306BD","0x00000000002C526C"
"8BE3AB5D-1662-47F0-A33B-92EB4A4B41D2","33597","SM-0086","0","260","300","","805","6D939454-01AB-446D-8464-C3FA70B22FB6","0x00000000002C526D"
"AC04BA00-1547-4602-98BF-3787B97EBD43","352","QU-024","0","78","118","","952","FB61C10E-3568-42B7-B351-C400849590F5","0x00000000002C526E"
"2ACFA6B4-3470-074C-80DD-B64425FDA7FB","","WL-0237","0","30","55","","5745","5B6D24F4-6CA7-FD4E-B711-C40629AC8D7C","0x00000000002C526F"
"7FEE0937-B92F-412A-A3E2-562968C2CAAB","527","SA-0220","0","435","475","","879","D1566812-0096-466C-96F5-C431BA4FDDA4","0x00000000002C5270"
"224F61BA-85E9-44E3-9B63-8B7C5A91DB32","109","EB-108","0","820","840","","134","CF5234F6-D35F-4B79-A875-C4330F7DCBF8","0x00000000002C5271"
"CDD44303-21C8-4136-A754-9C4F5F43C7E4","","SV-0087","0","280","300","","3382","9D79A49F-259D-4369-8DCA-C436FF658546","0x00000000002C5272"
"5E82DE32-F500-414B-B64A-44B7F8404364","","WL-0309","0","360","400","","5744","F0E45612-189E-644C-AC2F-C43DA20E4E7B","0x00000000002C5273"
"B10268A1-36EF-4C38-B735-E1A9E5DC99FF","","SV-0091","0","150","190","","3387","620DAE4F-7511-479F-99C6-C442CF1E8E13","0x00000000002C5274"
"093C4B93-A8B0-4A1F-88C9-C94D1722B752","6","EB-005","0","520","530","","10","C1E12BC7-7888-48F6-B6BD-C443F081F7FC","0x00000000002C5275"
"02D4CC66-3B9B-475B-B2F8-095D6D1945EB","","NM-01254","0","692","683","","3075","D3E577DD-7AAC-4E47-95D2-C447732C95EC","0x00000000002C5276"
"6CED4734-4E7A-45DA-A5D6-6ECB13B5A803","","AR-0064","0","10","15","","3009","08F07FE1-C858-4AB3-AB76-C449E1F438EE","0x00000000002C5277"
"52EA0E73-6E5C-48CE-968E-4E679A9D9DA4","","TV-302","0","1000","1180","","3123","5F0BE089-1489-4B05-BA33-C454FA3F4BD0","0x00000000002C5278"
"43CF4BF2-0BF2-4859-B4EF-A21BCA7118DB","155672","TB-0167","0","2","176","","1294","12653820-9F98-4521-B2C1-C45EE9FFD044","0x00000000002C5279"
"1503986D-98BF-4154-AAEB-57BBC50CDBD8","","NM-23679","0","275","285","","3930","0796CB35-5E07-475A-A88A-C4893A2B0DF0","0x00000000002C527A"
"88480C51-CEC7-4CFF-80CD-6E19D262026C","","NM-02116","0","100","225","","5597","905DFDBD-853B-5C49-8BFD-C4B3B00FC752","0x00000000002C527B"
"39CE4E6A-61A2-4366-B24C-7D86784C8FE4","353","MG-025","0","225","325","","934","DA40CD22-B1C4-4A28-AE1E-C4F49686EFF6","0x00000000002C527C"
"C69F11DA-5B6E-40C6-8CCA-B2C42B6D9F27","296","EB-292","0","667","688","","367","B8E12F21-A082-4411-91B8-C4FDB857EA3C","0x00000000002C527D"
"C297586C-32FE-48F5-8C82-6E883DD6C624","33322","EB-617","0","282","302","","670","8BEED59E-EDBA-4929-979A-C4FFDFB77DC8","0x00000000002C527E"
"36283AA6-0640-463D-95E5-8ACC3E1C449D","355","MG-027","0","490","530","","919","639E5E88-E57A-4705-8EFE-C5014C823662","0x00000000002C527F"
"B8B62A81-82E3-4AEA-8E53-6B1999931A99","268","EB-264","0","40","50","","323","919D0B00-725F-4AB4-BAC6-C512A1F69A46","0x00000000002C5280"
"99ABA3A9-4E90-454F-98EE-450D81410852","375","EB-371","0","751","919","","256","BE57C35A-FA72-41FD-BA4E-C520A15EAC85","0x00000000002C5281"
"867F415C-5B28-4FDC-B76A-1DA920EA6A67","","AB-0026","0","1355","1655","","2578","04787DD9-B76A-43A3-9791-C5218518B9C2","0x00000000002C5282"
"9D7ED5D4-7A24-47AD-8FC1-39507E8A2343","","BC-0065","0","360","400","","5000","40F4D6A7-03B1-43CB-8D7E-C528010CA58E","0x00000000002C5283"
"78EC166D-744A-4496-BB8E-FB4B19B00966","33412","SM-0054","0","120","140","","777","28DBF19D-4AE1-492B-89CD-C55D41F87D01","0x00000000002C5284"
"BC6BB9E4-7116-435E-BBC5-D8FF30DE35B4","542","QU-155","0","220","255","","1030","2866FB8C-254E-49F8-8BBD-C56D3A3ADC21","0x00000000002C5285"
"6668148B-852D-E54B-90D2-7DBD18C8D6F5","","AR-0234","0","43","48","","5524","5BC9C91C-D6B3-8148-92C4-C56DFA6C433D","0x00000000002C5286"
"B8EE7B20-753B-45E3-A19E-C083C11C1F64","33590","SM-0081","0","222","300","","801","A6AD73A2-56D1-462C-B281-C56EB0C046B8","0x00000000002C5287"
"840CB02F-D31B-443E-A6EC-C2434BBAF542","","AB-0023","0","550","1150","","2575","8865F6FD-AB18-4D89-98AB-C587C0E3C019","0x00000000002C5288"
"D5C219E6-C96E-8A46-A669-7E353224F761","","NM-28439","0","164","184","","5641","EF5C5F42-C268-EE44-9C1E-C589768AE3D1","0x00000000002C5289"
"5E6B58EC-4B0F-465D-AF13-9BD3817B9BA4","33234","EB-524","0","135","155","","599","FA0E1D23-F6D4-4AA2-AE80-C599011F4F2B","0x00000000002C528A"
"A9B0FC98-4D76-4493-9D5B-AEF0974BAABC","","SO-0198","0","20","35","","3196","A0C719E0-400A-493E-B07A-C5B34669FCDC","0x00000000002C528B"
"E7201AE5-878B-463E-9B9F-7B53CDA5693A","499","EB-490","0","1000","1980","","580","649C9360-1D9E-4964-893D-C5C2E422122F","0x00000000002C528C"
"E6446ED1-87F7-44A2-B163-D43F0E1C2CE7","","AS-029","0","60","250","","1522","9B0BD1CA-3C20-4AE8-BD66-C5C57BECD2DE","0x00000000002C528D"
"553FD900-3A72-4EDA-9D2F-0C65DFF04A65","","AH-007","0","280","315","","1564","6E7CF26D-2C9A-400B-B4E3-C5C7DBF1B26C","0x00000000002C528E"
"DD2B3214-1342-467A-A1A1-9AE9A22BFF96","","SV-0035","0","145","165","","3329","92C49A6A-2309-494F-A7A6-C5FE50D2F077","0x00000000002C528F"
"F1EC07E4-D8F5-4390-A3DF-CF2D93ACD0D8","33375","EB-664","0","370","390","","710","8505D6F7-CAEF-4DD5-B3FA-C611BA3088FC","0x00000000002C5290"
"1884B8CA-6B5B-475C-8989-5F5865F30DE9","33391","SM-0038","0","375","475","","767","7CEEB919-4707-41FA-9F11-C63B1D5740A8","0x00000000002C5291"
"272025D9-3C49-447B-8EA5-436258E3CEC2","174","TV-154","0","30","40","","1084","E37E66CA-4F85-419A-BE11-C64DAB891203","0x00000000002C5292"
"87896DED-C8B5-4471-A09C-4EE1053E7943","","AB-0126","0","46","51","","2662","C2198BC3-EEE3-4373-B86A-C67709E2F204","0x00000000002C5293"
"C8B7A42D-4CA1-49CB-B2A9-49ECF47FE780","93","EB-092","0","902","912","","114","0BBEBEDD-9BCF-4E32-992F-C695D0DC4939","0x00000000002C5294"
"E9FF5E15-5577-4615-8CC0-6A9A8B12EE05","","NM-24781","0","85","105","","3644","8FB7DDE6-4B5B-43BC-AC60-C69A4091CB88","0x00000000002C5295"
"24F485E5-5982-4308-A60B-11EB91747A11","","NM-02481","0","0","200","","5608","9DFF1EA5-44E1-5949-B4DD-C6B05362385B","0x00000000002C5296"
"E993A486-38AA-4122-B72D-5A634B958145","86","EB-085","0","639","667","","102","E843735B-0AB3-4F01-AC1B-C6BAC6111C73","0x00000000002C5297"
"8350CB05-7342-49A0-AAB5-4B089ECD95A7","","TV-292","0","1921","1942","","2552","36422150-634F-46D1-B0D9-C6BF1EBC36DA","0x00000000002C5298"
"E0F22A21-E44F-4803-BE5F-4A3CAA605737","","AB-0003","0","1102","1107","","2561","0C56CB21-2C8A-4F79-B064-C6EC8A1C45BE","0x00000000002C5299"
"1134F3B1-0054-4F54-9151-FE113A7D11AF","","NM-25060","0","478","568","","3491","DDA617C0-57BE-4307-B6E9-C6F3A671763B","0x00000000002C529A"
"FE6242FA-1405-4EA4-BB84-7AD2E016F6FB","","SO-0244","0","5","20","","3248","8AF5382D-4741-4781-820F-C70C4AF896C1","0x00000000002C529B"
"9C20BAF9-2936-4DB4-B6C3-F5F450EAA159","426","QU-091","0","135","155","","987","B804A184-D96E-456B-996B-C72FC8A6414C","0x00000000002C529C"
"ABF8CDB7-2109-4B7F-A74F-C89AF86DEBCF","","SO-0188","0","44","49","","3186","021B3E97-E1DF-4230-9FCD-C738D6852A13","0x00000000002C529D"
"56D7745E-D097-47F2-A009-C84AE7CFF7C2","155502","TB-0070","0","180","190","","1252","548B7B28-8D7B-4F2C-A5D8-C76AF00B40D6","0x00000000002C529E"
"3D73E5D3-D73B-497E-8C31-3FB65D83BD46","","EB-692","0","433","455","","5459","33B5ADDD-C93E-9B44-ACCE-C791C9DEA62C","0x00000000002C529F"
"A5DC41E0-A5EF-4A3D-98C0-CA4448076430","78867","SM-0229","0","320","380","","836","930840CF-7CE5-441E-A794-C79A7DA8EA79","0x00000000002C52A0"
"E80498BE-D199-4162-90EE-C404E7781A4C","183","EB-182","0","650","670","","226","43039049-C43B-4333-9273-C7D5FCA8FEF9","0x00000000002C52A1"
"3E816E4D-797B-444B-B46A-479BF6F44E2C","33348","EB-640","0","400","440","","689","12BCED96-A9B1-4EBD-9E3D-C7DB5E763582","0x00000000002C52A2"
"9EEC0F83-4F36-43B8-A584-355A01CE0155","33379","EB-668","0","360","380","","715","03719DC1-D0D9-4367-A0CF-C800E9520D1B","0x00000000002C52A3"
"408C3DA6-9F69-418E-9587-0E1D47D116CC","","WL-0364","0","","","","5770","ACCA0E60-D027-41C4-B98E-C81A12AB1A50","0x00000000002CF3B1"
"AE6DDA3D-C765-4858-9E6A-EE7336143DFC","","BC-0007","0","300","420","","3909","A18A6AE1-E6C9-4B1F-9DCA-C81B7683321B","0x00000000002C52A4"
"FEF10EF2-7D96-4973-9A11-CCFBD8CA4199","","NM-26909","0","80","90","","4951","1D414F2D-22E1-4B5A-A4F3-C823AE732DE3","0x00000000002C52A5"
"ED65DCCE-C438-4ECE-8AE8-CB5BA82388C3","33365","EB-656","0","300","340","","699","0AED47E9-C395-49DE-86CE-C82CE99A231D","0x00000000002C52A6"
"658EDE9E-348F-42CE-87D7-AD2C166E39FB","398","HS-038","0","40","60","","1199","5903BD7C-DE16-4411-BAB9-C82ECE90EE0F","0x00000000002C52A7"
"A11C7928-3E07-4577-AEBF-C4166F3D986D","","SV-0088","0","140","180","","3383","28A38BA6-EA16-4739-AC4B-C842FE7AED83","0x00000000002C52A8"
"C6D33182-8511-4DE3-9DD5-5E462A3D63E1","","NM-24879","0","209","219","","3621","CF9125A0-5CAB-4501-83F7-C846FE27856D","0x00000000002C52A9"
"C6DC52B4-E0F4-9E4E-BF45-A939D64B23C4","","AR-0227","0","64","78","","5471","ABD82E1B-E1F5-C74E-A66E-C847E54E0058","0x00000000002C52AA"
"C45F987E-FDD2-48F7-9026-AA072E872957","33383","SM-0014","0","450","490","","764","0F0CB48E-B0AA-476B-8E70-C859841C8ED1","0x00000000002C52AB"
"F777228D-0214-420D-96A5-6FF5CBE3041E","33335","EB-630","0","1620","1640","","678","72009EDA-E8BB-4290-8C46-C8AC71F11546","0x00000000002C52AC"
"AD759A14-00CE-4288-9A1D-E2C756BC0482","","AS-006","0","130","170","","1501","62C537D1-0CC5-4AE1-A8A1-C8B89C7FB08A","0x00000000002C52AD"
"B1396814-B99B-4C4E-B6CE-F192BA466C1C","","SV-0122","0","240","260","","3425","1E4D85D0-DCF5-4C0E-AFEC-C8B963672711","0x00000000002C52AE"
"75B4FB4B-9057-4F41-BC11-BC72CC0B65C2","454","EB-449","0","360","400","","512","C47A92C0-75C4-4474-97D7-C8C1C408975B","0x00000000002C52AF"
"EF326E75-DFBE-4655-A8F1-0E430590D14A","","NM-24593","0","280","300","","3718","63E8E055-7C78-4EBA-8F8B-C8C1D824CAA9","0x00000000002C52B0"
"7CF3241C-8223-EA42-B5F2-26C058761700","","PC-114","0","320","340","","5405","5CD2D811-C184-B847-98DB-C8DE64153527","0x00000000002C52B1"
"484372C6-1C2F-471B-BA49-B337CF7FDB5D","84","EB-083","0","706","716","","99","9A4BCA1E-91FA-45D0-8291-C8F003F139F4","0x00000000002C52B2"
"F9602428-2E13-43A4-B3C4-1FE8D8088A1D","","AB-0146","0","1120","1520","","2680","BC3F38B5-CC7A-430A-AC6C-C8F1DDD0206D","0x00000000002C52B3"
"581CCF28-F542-45BA-A918-EDCA7ED3396A","33235","EB-523","0","220","280","","598","F1688105-F0D1-4B12-82BE-C9061E059221","0x00000000002C52B4"
"41108FEA-8869-438F-942C-CDCFD185BA8A","","NM-09589","0","71","231","","5562","FF5E3CCB-C98C-364E-AF51-C931E70B22CB","0x00000000002C52B5"
"9A7C85DC-0CA7-F249-94F9-3ACD3A1BC9DF","","PC-012","0","397","412","","5320","3B3E6898-5CCD-D944-819D-C93CB8A97777","0x00000000002C52B6"
"56D7745E-D097-47F2-A009-C84AE7CFF7C2","155502","TB-0070","0","120","130","","1250","BA9F23BC-4A30-49F4-895B-C94D79256B42","0x00000000002C52B7"
"CAD2B4D7-149E-4E8F-9409-C691B927D5C5","69","EB-068","0","299","320","","82","B312E8FA-E3DC-49EA-8FFE-C95EFC7511A9","0x00000000002C52B8"
"1F93CE8B-FF2F-4E25-B7A9-5AD9DEA85C5B","406","QU-071","0","35","40","","1002","DA13FE2A-20B9-4BA5-8E1F-C96B0234AAE0","0x00000000002C52B9"
"0CF682DC-7131-4057-94DE-90BE9048FD6B","","AS-054","0","260","300","","1542","03BC678B-E8A7-41D2-8ED0-C96B6B976C01","0x00000000002C52BA"
"6D81C9B8-C75D-413F-9560-9FB0E347BBEC","","NM-25936","0","77","79","","3882","48E31F48-56EE-48BE-9FF8-C96EC923C5B4","0x00000000002C52BB"
"85EF298A-F48A-43E8-8495-3BD95E488E90","","AB-0147","0","120","130","","2681","C9A473DC-D4B1-4633-8AAF-C98791949882","0x00000000002C52BC"
"BE7C68D5-8967-4DD2-A31F-61137ADF6662","","TC-260","0","122","162","","2133","BA416227-3B86-4733-94F6-C9A4AF2CB75F","0x00000000002C52BD"
"0E004374-320E-4766-890B-5AD9274AF2F4","","AH-020","0","382","398","","1575","7319933B-2E2F-43DF-B8C2-C9A8FEA01C2D","0x00000000002C52BE"
"1A80BC2A-D656-4F0F-9A03-1AD1CEF6AA00","","SV-0108","0","440","460","","3407","6506EB06-96CC-49E4-9BF9-C9AC743589FE","0x00000000002C52BF"
"D892AF2C-D47E-4796-8F88-91CF79983289","","NM-25485","0","4832","4962","","3776","F7211B55-6E69-4400-9D14-C9BB12DB2DC4","0x00000000002C52C0"
"0ED94190-C69A-46F5-BD7E-7E67C424A00F","33282","EB-578","0","300","320","","624","F5065D85-53C1-4F3B-BB0D-C9D879569D7B","0x00000000002C52C1"
"B220A61A-6A60-4F89-9D2A-EF9E045A9527","333","MG-005","0","690","730","","903","73145A78-E76A-4C61-8596-C9E1FA6F31E5","0x00000000002C52C2"
"E81679DD-D815-4FB7-A5D5-521F20BBBF17","432","QU-097","0","60","95","","981","05FDAAF5-52AC-4562-BAA4-C9F97D6C8AC3","0x00000000002C52C3"
"EA199671-4F25-4B8C-B567-D4885B1694A1","291","EB-287","0","579","607","","353","1F5A5074-A7CA-42E9-B1C2-CA35A74B6CEF","0x00000000002C52C4"
"94B6FE3A-C704-4E06-A08B-9A06C2E34060","","NM-24624","0","260","320","","3710","954ABE68-5D8F-4DDD-9A67-CA363D50AD03","0x00000000002C52C5"
"3B953B75-431F-4C87-BB45-1A44D6BE2034","","SV-0041","0","100","120","","3338","0633C4BF-A189-4C2D-899B-CA3E2DC066F6","0x00000000002C52C6"
"5D49E611-3C60-40E9-8A52-30E41718F1A2","","BC-0255","0","430","450","","3543","D96FF41E-4CFF-42D2-B532-CA508EE6AD19","0x00000000002C52C7"
"BB0AE4F4-D0E1-4A89-851F-5BA62F3B9A1F","","AH-047","0","440","520","","1601","087D33FC-BCCD-40F8-BBE9-CA615F71D0D4","0x00000000002C52C8"
"2637550A-40FE-478A-950A-F1E0ADD0DA22","","QU-174","0","262","302","","3115","FED1F036-DC54-4668-9110-CA67EC8B08C5","0x00000000002C52C9"
"D6A2E847-4200-4C77-BFB0-DD4C56E1C2C5","","AR-0114","0","20","60","","3727","3C7D5D3D-C6A8-4763-9267-CA6FF91DF833","0x00000000002C52CA"
"7A8403BA-ACE4-4209-9C86-7830852F6DBE","","UC-0211","0","480","500","","2859","AD87F62E-E62A-48F0-9635-CA7122F01C48","0x00000000002C52CB"
"AD57AA73-7832-4A8C-8B98-D27B9D42430F","","NM-01202","0","185","194","","3811","F3F3F88A-CD0B-4AAC-AA61-CA71632514A6","0x00000000002C52CC"
"F9FA7B1C-F615-4650-94E6-06B8CD279EE8","155543","TB-0080","0","80","140","","1265","C12A64A4-DD9B-4E09-9607-CAC190D3D8C9","0x00000000002C52CD"
"B7ECF8B7-D787-404A-9DE4-6FF476505226","","WL-0080","0","280","320","","5308","DB928461-B455-DD41-81CE-CAC5E863D110","0x00000000002C52CE"
"29663F01-7F8F-490B-ADDB-0070FEE086F4","","NM-03078","0","210","220","","2823","7B2FA8D0-59B5-4644-AB61-CAF851847A46","0x00000000002C52CF"
"85D523D7-C2A3-4CC5-ACB8-89BEC6F57E22","","AR-0032","0","4","18","","3080","4978B378-43BC-4E87-A509-CAFBC0E116FE","0x00000000002C52D0"
"1BCC7CD8-56C1-41F1-8088-FB3612ACF744","","SA-0009","0","268","297","Steel with torch cut slots","5624","3040F7D8-E624-F446-8BE3-CB084C37EB45","0x00000000002C52D1"
"D0C3569C-B682-41FD-93EF-E76982514801","","SV-0126","0","280","305","","3428","DD172D3C-B919-47A6-B4D8-CB0DE5D884FB","0x00000000002C52D2"
"F5DABD7B-535A-42D5-84E2-7C38350C8CC5","","AH-019","0","200","260","","1574","D874E6B6-4595-4075-BC90-CB0F2F4B6C02","0x00000000002C52D3"
"1450FC5F-BBE4-4A65-8146-129502F92E73","","NM-26889","0","436","446","","4936","5730315B-7811-4444-B4B1-CB1CD0009433","0x00000000002C52D4"
"31A93F84-CBA7-4B73-A2E6-E3C3AF2CE0AE","186","EB-185","0","220","240","","231","C3C6121F-656B-4749-A5AD-CB3C0B0C40BD","0x00000000002C52D5"
"EFD9E189-0C9E-466B-AFC8-1A8E0278F06A","","NM-01859","0","160","202","","5573","7B521984-6629-BF4E-9E3E-CB3EF7BE0063","0x00000000002C52D6"
"406638FB-EF3B-49D3-B64F-85ACB1E3F411","","AB-0002","0","1534","1539","","2560","B2CA4805-8E53-4028-864E-CB524D30799F","0x00000000002C52D7"
"7F1ACE59-834A-4AA0-9F14-F34336192AAA","","SO-0195","0","50","56","","3193","9E416818-799A-4B61-A503-CB597417637A","0x00000000002C52D8"
"DA89CA22-609B-CB45-8C1D-716157D075C6","","WL-0267","0","441","500","","5701","99ACD835-2BC1-5942-87F2-CB5E3B5ADB34","0x00000000002C52D9"
"10500EB0-AB82-4A12-9867-D80F94BB40A5","","NM-09008","0","0","300","","5543","A1E9836E-0967-A646-9196-CB6C94563908","0x00000000002C52DA"
"4D888923-8C44-1746-9CCD-AF83EFA8511E","","NM-28329","0","80","100","","5509","5E9DE65A-DC0F-A442-B3D3-CB6E9775706F","0x00000000002C52DB"
"282DE52C-A637-485D-9014-285E42262D98","","BC-0167","0","340","380","","5139","D32857C1-51A2-4D1B-B41D-CBACC90BE98F","0x00000000002C52DC"
"C8AD51A2-A91D-4495-BA9C-461F1B85C94F","","AS-060","0","300","340","","1548","B585062B-E326-443B-B286-CBB031F3E59F","0x00000000002C52DD"
"6EA7707B-FE6A-48E1-A85E-1609030F9D2C","54","EB-053","0","260","280","","60","B4E028F5-CCE5-4A04-8485-CBBA800A2C64","0x00000000002C52DE"
"B4154C7B-BB6A-44F9-B3A4-5DCC922C6435","","NM-00678","0","460","480","","2895","FAF0FE15-77C2-4314-A2A0-CBCAF8D91E00","0x00000000002C52DF"
"A590900F-DC41-4DCF-920E-052F077F4BD8","","BC-0101","0","260","280","","5038","B722CD4D-AF2B-4C38-BC7B-CBD6E1C9C500","0x00000000002C52E0"
"B5B88D1F-4A39-45A3-BC9B-7A41E3F44DF3","","NM-26914","0","70","90","","5060","9CD4A0C6-4C45-487A-8589-CBEAA57140D0","0x00000000002C52E1"
"72546D2F-F43E-4574-9531-B1A580ADAD3C","","SV-0110","0","380","480","","5198","668FEDFB-4944-A549-9024-CBF3AFC122D7","0x00000000002C52E2"
"F999084D-5FEB-4B57-AD6E-953C4C3BD6EC","","NM-26936","0","280","420","","5080","5ABA9AF3-CC36-42A7-8B1D-CC09ACA093F1","0x00000000002C52E3"
"BD941312-3E34-4AD1-9AFC-448550B3A810","311","EB-307","0","65","125","","381","D34DA678-8381-468A-8B58-CC24A7A19B1B","0x00000000002C52E4"
"596E59FE-6FBB-45CC-B836-3F4DB6AB5A25","","BC-0196","0","420","480","","3516","1E718B4B-933E-4A53-9DD0-CC25C8DFFD30","0x00000000002C52E5"
"FAE8FBCA-0478-4C48-BF8F-B8739AD6BDCF","","QY-0685","0","76","116","","2987","F9EF29B8-D98A-4F32-99B1-CC2B7EFE5905","0x00000000002C52E6"
"58CC9B8E-1B95-4B61-8A75-CC215339B65B","","NM-24726","0","125","145","","3666","E9B0D9EE-9D43-4974-9C9A-CC2C46845485","0x00000000002C52E7"
"C8664DC4-3AD9-4101-A2EC-AECA2E3B9ED2","","NM-26961","0","540","560","","5097","3D99C2C7-4D52-4CDE-9F86-CC50E338C7E7","0x00000000002C52E8"
"7F11A3B4-6090-AB46-A515-7260A4969E1C","","PC-111","0","350","500","","5401","E8C6A53A-00A7-6242-80CA-CC62EE843439","0x00000000002C52E9"
"E00A34B2-D9DD-42D4-B6DA-C4D1BDB5E009","","NM-23243","0","240","260","","3278","400154A5-5619-4220-91EE-CC736AA9EB26","0x00000000002C52EA"
"CB26BC39-ED26-486D-865C-8FF1F14E469F","155","TV-135","0","72","112","","1068","981CE52F-D39A-45A5-B6E8-CC75F39111E0","0x00000000002C52EB"
"45043B44-BEEA-0748-92C0-C94C57DACA67","","PC-063","0","140","180","","5365","F97B50EF-A2EB-2E46-81F2-CC86611DE30F","0x00000000002C52EC"
"87D00501-C53A-4E3E-9955-9A03BDF03F27","","NM-08909","0","500","780","","5541","071AC56F-7DF6-6A41-81B1-CC8853C8A89F","0x00000000002C52ED"
"0B734823-1B8B-0447-8E98-C2FF763B3CD9","","SV-0145","0","340","360","","5482","2DE8B037-FC21-094D-A12A-CCA2AA4697AE","0x00000000002C52EE"
"5C7C53BA-892F-4F3F-B9BC-AD47B991E810","","NM-03883","0","555","565","","4965","8DE52A9A-C0CB-4DB8-A832-CCA5584771BC","0x00000000002C52EF"
"28E72EFB-290D-4B4D-B36D-FA744625CE1C","","PC-051","0","250","272","","5353","ED5AE248-669B-734A-B00B-CCE79B8AB6B6","0x00000000002C52F0"
"DC1C1FE3-C2F2-4C5D-8F9A-293857CE8D25","537","QU-150","0","15","20","","1022","8E520F2C-4FA0-48A5-BB71-CCECBDA705C5","0x00000000002C52F1"
"7AF22EE0-A5DB-4F08-82D3-A0397EE241B4","","BC-0088","0","225","245","","5027","BF9CA933-9FD4-4F7D-B2CB-CD00049859E7","0x00000000002C52F2"
"BFC3FF86-DD42-DA49-86A6-B37E11562D79","","PB-0029","0","150","180","","5652","918C0CFF-948D-DB4B-ADB5-CD04165392ED","0x00000000002C52F3"
"F0416D8F-9E73-4DA3-BF71-8FCC50DEE31E","33511","SM-0067","0","75","155","","789","859C638F-72FC-4C65-B594-CD151BF06D13","0x00000000002C52F4"
"446644D8-8080-439C-80FB-699A0F834C26","","NM-24794","0","137","144","","3643","CDEBF155-ED43-4973-A6ED-CD3C71E2F891","0x00000000002C52F5"
"D08478AF-FB8B-47EC-AB4E-4FF5D7F5B454","","NM-24677","0","256","266","","3685","E96C812C-3DCA-4B50-BE1F-CD532B279369","0x00000000002C52F6"
"7FCB85DD-521D-4962-BEE3-32B7FD56C2F1","301","EB-297","0","505","655","","372","CF11AA8B-A927-4252-BF12-CD84686F35D5","0x00000000002C52F7"
"F17FF5AB-2124-4399-B545-624632923150","43","UC-0027","0","272","292","","1321","F55FA231-09B2-4411-A9CA-CD863FD02BBD","0x00000000002C52F8"
"A894CE22-F082-4EA7-B78E-083D2E0792EC","533","QU-146","0","295","305","","1018","92BF5835-4DA5-4ECB-ADA9-CDADF21DCEB9","0x00000000002C52F9"
"BB0F1F44-181D-4E78-95B4-FAA226B2DE8F","","QY-0440","0","280","300","","2972","594DEAAB-BD93-40FD-9D57-CDD600A95B6A","0x00000000002C52FA"
"7A1954D0-887D-4127-AEEB-B9554F18B8A1","","NM-24613","0","313","319","","3713","7639747F-805A-4781-A293-CDEAE24007EF","0x00000000002C52FB"
"28F629AD-BBF6-4E23-A6E7-889B12D4BF32","","UC-0232","0","200","250","","2849","54E1D9C8-3D9F-4699-8E5E-CDF11CBDB293","0x00000000002C52FC"
"A96BD399-2E42-284D-8279-3225CEB8D056","","WL-0281","0","285","305","","5717","760FC370-19A4-9144-A64B-CDF9DCFEFB46","0x00000000002C52FD"
"8C5953A0-D364-4A5A-B2F2-44BFEDC556BE","","BC-0164","0","130","150","","3274","F1EA472C-CE6F-4888-A082-CE0671B05D33","0x00000000002C52FE"
"5AE3710E-05CC-46B8-8B16-6AE1DCBF4AF8","","BC-0244","0","300","375","","3536","6C66B3CB-D042-4A20-BE01-CE0FE7488DDF","0x00000000002C52FF"
"6A99AA87-C4DE-4152-9CE0-CBDD30786860","","NM-24687","0","120","140","","3679","7B62B922-D39E-4F72-8458-CE14F170582A","0x00000000002C5301"
"E32CA757-9B05-8642-83E8-A60052548EF0","","PC-115","0","650","655","","5407","C4CD6214-DF49-174E-8E7C-CE1FDEDD98D0","0x00000000002C5302"
"3483392A-C2E9-8D4D-A0DA-97B2D5C9CF71","","WL-0230","0","790","1200","","5646","BA76EED2-A2BA-C44F-A0DA-CE40863C00AE","0x00000000002C5303"
"0205DFEC-B828-4DFD-8D49-1AEAFF60C0B3","261","TV-232","0","100","120","","1144","21E3E07B-10C1-4DED-9141-CE4B0906D3DE","0x00000000002C5304"
"D62FFAA0-76F9-4EAA-A6ED-BC247D692545","","BC-0186","0","510","570","","5156","4A24222B-4BA5-42F5-8FE9-CE5179CC758C","0x00000000002C5305"
"A3113DEA-B822-C447-A453-9062D9097E53","","DE-0006","0","135","155","","5656","1815AD33-4BC5-2047-A290-CE5C3A57A544","0x00000000002C5306"
"DB4B0D3F-21A2-6A49-837B-4CD5BD18914B","","WL-0240","0","180","300","PVC w/0.06"" slots","5669","02ACA154-C6C3-794A-8745-CE60FF8EBADB","0x00000000002C5307"
"6111C568-0978-4B34-BA3E-9E1A06EE8746","","AH-013","0","210","270","","1570","57C7B0A1-A96C-44C4-9111-CE6F8B447AF7","0x00000000002C5308"
"94CD3655-AFC3-44E5-9F2A-02B007AE5705","","AS-028","0","420","520","","1521","7BF80674-0DB9-4363-AE6C-CE7EEC7D5429","0x00000000002C5309"
"3157BE78-EBBE-49F1-93DD-261BD9E96747","33385","EB-674","0","435","475","","723","B7C61122-C5B5-4D24-8EBD-CE9B9E1A128E","0x00000000002C530A"
"631B060C-74B2-40BF-AB37-BDF6AB2D6063","","SV-0127","0","270","350","","3429","4B9A8943-66CD-4597-AC39-CE9DD05D455F","0x00000000002C530B"
"2D7C1EBB-7E4B-4D09-A560-3B5E56786F43","","AB-0162","0","1015","1020","","2690","32406770-3DCA-4AA5-9530-CEA74F8BDFC6","0x00000000002C530C"
"04E335CB-9AD8-479E-B943-61523F060AFA","155508","TB-0014","0","80","100","","1256","50B491A8-AC70-4E27-B7F5-CEABE71D9977","0x00000000002C530D"
"E3301AC3-2783-4D57-B7D1-7D7F7239F158","290","TV-256","0","200","260","","1164","1FA10A86-05B9-40F7-B266-CEB0CB35E534","0x00000000002C530E"
"F06BE847-7C89-4CE7-BF7A-AA528ECCD0A6","","NM-24710","0","262","264","","3672","7F6F5B9B-E57B-4B6C-A84E-CEC8D2A904B9","0x00000000002C530F"
"48405FAA-FF66-4360-B870-73B03B3878F2","388","QU-058","0","160","235","","967","1272788B-E8A4-46B2-8137-CECC2FF94BD3","0x00000000002C5310"
"EE8E9C7D-6C8E-41B7-ADF6-E93B3334F3AD","","AB-0010","0","180","804","","2567","9D04522D-BA12-4665-B65E-CEE0E3BC954B","0x00000000002C5311"
"FB1F5499-4B21-426C-BE26-F60EDE6698FD","33330","EB-625","0","1900","1920","","673","933D6D1A-8434-4FDE-838C-CEE3792E5F38","0x00000000002C5312"
"E34F58B6-6F16-4694-9477-235503BA8539","","NM-25000","0","91","94","","3560","4562606D-050C-4EFB-A919-CEF1BE991754","0x00000000002C5313"
"8C73B4FF-EA8C-4A3B-B4FE-3D919174707C","184","TV-164","0","60","100","","1089","167F2C69-2E4F-402E-86DE-CEF5B63C4068","0x00000000002C5314"
"5B7DD296-A8FA-416E-AA61-43034D2523AB","","NM-23363","0","285","325","","5200","EE8AA1E5-CBC8-3944-B8D6-CF03954E5A56","0x00000000002C5315"
"3A5D07BA-A3A2-43AE-B22E-E82A38734999","","AR-0007","0","27","32","","2947","447D9E9F-F901-4841-B01F-CF0A30BEDDAA","0x00000000002C5316"
"2E889D4F-C879-41D2-A05D-20D177C7226C","398","QU-100","0","25","30","PVC","1027","17ADE0B4-9899-46E2-BA42-CF3C5CCA4A07","0x00000000002C5317"
"695CF0C9-D248-414F-AE04-FA71A54F40E2","","QU-166","0","151","185","","2481","7D828408-715B-4E4D-914E-CF56BDA0BC1C","0x00000000002C5318"
"2F4D875B-BD8A-40E9-A142-CCB78A941F4C","","NM-26215","0","1320","2125","","3779","D36B0753-1BFF-42DF-8887-CF612C12917A","0x00000000002C5319"
"140BF149-C856-4945-89F1-8E44DEFA2B8B","97","EB-096","0","492","477","","118","E5DCC05B-29F6-469B-8CA2-CF8443833CC1","0x00000000002C531A"
"87368E25-32A2-4AD9-9BB8-43AA0DD2BCFC","404","EB-400","0","65","118","","457","69D72297-7A5B-4A2A-816A-CF8744C316D2","0x00000000002C531B"
"CA40C510-9FBE-40AC-81EB-2EF8C1008755","","AB-0089","0","288","1128","","2629","0C75EDA6-2BA2-4604-BA48-CF8AE2CE05D2","0x00000000002C531C"
"FD65BB51-71A0-4F57-BEC8-61051CE96441","","AB-0059","0","260","916","","2604","81A2B7B7-1A60-49CE-A0E4-CF8E15AD9956","0x00000000002C531D"
"1D914A8B-21F2-40C1-9FC4-7070A52CC9A1","","NM-00557","0","315","400","","2883","EA2A9F71-4C01-4BFD-9659-CF92A1678A2E","0x00000000002C531E"
"0CA68EAE-2561-4B18-B73B-B59E3D5AC6B2","","BC-0076","0","220","240","","5011","B9C6A70C-9315-4D22-AEC2-CFBED57DC9BA","0x00000000002C531F"
"85E67012-EB5F-4EB5-B0DB-BAD9D03CDA2F","","AB-0164","0","383","583","","2692","851089DE-5807-44E6-B0FB-CFC5B0A509CD","0x00000000002C5320"
"B502DC0E-EBC8-49D9-8812-C8F7B6A418A5","","NM-24739","0","341","354","","3659","6EA0E36F-B6CD-4E97-891B-CFE4AEE3E0EB","0x00000000002C5321"
"76794085-9CE7-43A0-9533-92F69B185D43","185","EB-184","0","480","600","","230","F019C208-B867-4F9A-89BE-D00B868A7B6C","0x00000000002C5322"
"D0BB92F8-F1A1-4D8C-B4D8-AC4FC01F9847","","NM-24919","0","234","264","","3601","42C700CC-F3A0-4E58-AB64-D00CF1587F1B","0x00000000002C5323"
"0C882ABB-893C-4635-84DD-6E17610C4AC1","33698","SM-0173","0","330","","","825","0B53BBB2-9387-484B-9EC7-D0139D0E5DB5","0x00000000002C5324"
"EC748491-0EE1-4352-9458-EDAEC4720600","","NM-01222","0","340","360","","3024","C7C19593-B4AB-4211-BD48-D035A481C441","0x00000000002C5325"
"4DB7A0D1-B963-44F0-9CC9-54B75D3AACD5","","QY-0507","0","94","100","","2981","3E896775-EF7F-48B2-9E15-D042D3D166CC","0x00000000002C5326"
"EAB43F41-9B52-445D-BC52-75FEAC09262C","","NM-24672","0","225","235","","3688","ECFBEB82-D70F-41A6-BC4B-D047B43D8437","0x00000000002C5327"
"9A2B757F-2E79-4CF0-BB94-53E9ECEF8B92","","TV-297","0","327","348","","2557","65008CA1-B22C-45D0-A767-D057FE54BA50","0x00000000002C5328"
"CDA775E7-92EF-444E-BC38-C6FD84E72232","","AB-0052","0","995","1010","","2598","80F48E1B-B73A-44AE-ACD1-D067628C331D","0x00000000002C5329"
"E53AEB8C-9FC9-4ADE-B14E-897D0CF91225","","NM-25053","0","731.6500244140625","741.6500244140625","","3494","E185C827-FEE1-4112-AF57-D06D8B90E57B","0x00000000002C532A"
"F7AB7088-17F7-45C8-898D-69737E1C38E9","485","EB-476","0","200","725","","553","8CB96831-D8BC-40DA-AF92-D0730DD5B8A1","0x00000000002C532B"
"93D0CACE-5828-4C9F-A87D-0889463AC255","","SO-0247","0","5","20","","3251","1A7AE1EE-C8C5-4142-AC0A-D07B0ABADCD7","0x00000000002C532C"
"0A7BA070-C6F1-42D0-B55C-DA059FFEC3C6","204","EB-203","0","97","111","","266","6DB392BA-E01C-48A0-B0DB-D08622680610","0x00000000002C532D"
"4DBB5795-1F95-4BE4-BA2B-C05EAB92936B","135","EB-134","0","90","134","","167","E6FF8543-8DDB-479D-BFA7-D0957E811A9C","0x00000000002C532E"
"B6836B56-1103-47AE-892B-E18CDE759695","","NM-00663","0","116","136","","4955","71040E59-3E6A-4022-80B0-D0B987C4BF9C","0x00000000002C532F"
"DAE80998-FD59-E649-B7C2-69719B66D9B8","","NM-28320","0","61","101","","5501","A68932B1-FA81-0040-AA9D-D0BCE2ECCAC2","0x00000000002C5330"
"6E5776AB-D8AE-44A7-94F0-60558A29B8A4","258","EB-254","0","80","100","","310","802EB1AE-9785-492A-B879-D10CFCB73C4C","0x00000000002C5331"
"D600E421-C7A5-4B48-B846-517CF9E6F570","155573","TB-0110","0","60","80","","1278","0AB455B5-6FF5-4683-9134-D12CE2421E3E","0x00000000002C5332"
"11C38C17-3AA8-4528-ADC0-F8953E10D144","","NM-09329","0","106","146","","5553","767B2582-A9ED-FB43-93B0-D16317D25245","0x00000000002C5333"
"2F3E0BDF-3BC3-4B4B-B014-11F53F1ECAB8","","NM-24571","0","259","273","","3752","598168AF-013A-42BD-8556-D1904FE4BCF2","0x00000000002C5334"
"AB57B1EC-7F92-46DE-8473-107BA50239EC","","NM-00774","0","462","482","","3745","BA092039-A9A0-4F81-8690-D1F775D5F02F","0x00000000002C5335"
"2D2133DA-4359-3F4F-88DF-EB7A9201A7B9","","WL-0103","0","296","440","","5440","895D1525-5683-864D-8D62-D208F9399C28","0x00000000002C5336"
"6ECA50DF-FA9C-4310-9C4A-D097DB756B60","156","EB-155","0","264","308","","189","C8E38848-A51B-4C71-A52D-D20C51CA5306","0x00000000002C5337"
"D02D537A-A1D9-4673-A289-7682A6F9E5CB","","UC-0213","0","190","250","","2834","AA6AD26C-B065-492B-838D-D213CE2ADF5C","0x00000000002C5338"
"D8B774AF-CCEA-4B9D-A350-C174A322A6F6","","NM-03819","0","112","162","","5612","506E8DDF-E05B-4947-981E-D22613D29F29","0x00000000002C5339"
"B627A3E4-A230-4F50-B15E-EB5E2FA37CC5","","AS-009","0","75","180","","1504","3C2F78F3-1D15-432B-AA3F-D23EC7DA3F56","0x00000000002C533A"
"3F7A8623-7F65-450C-BF5C-0E947915EB4C","","EB-161","0","866","878","","2929","61A70FCB-2B56-4525-9334-D2415E958840","0x00000000002C533B"
"F6243B22-CC24-46C0-BFC5-4569DE838D74","","NM-24966","0","1940","1960","","3767","B6AB1192-B227-44A5-8DE7-D25DE161270A","0x00000000002C533C"
"4052762E-CC1F-4C55-8E4A-E118A1EF9046","338","EB-334","0","60","120","","414","C9E84F3F-4189-4E54-B422-D270E6131191","0x00000000002C533D"
"B061C12A-99CC-4B7E-8165-307E84A3830F","","SV-0111","0","300","380","","3408","5513238D-522F-4FE6-8625-D2846024F48F","0x00000000002C533E"
"6AE53A94-F44A-4E31-8E02-E3DBF098B5C5","","NM-04044","0","203","503","","5615","B733BB61-9EF1-9D4C-B8FE-D28EEEDA8F51","0x00000000002C533F"
"EDE6AD0A-9950-4A80-8A11-B1CAF53189F8","","BC-0151","0","230","250","","5121","8BAEBD35-91DB-4221-A062-D29828EC6746","0x00000000002C5340"
"431BFF9C-5F28-4E55-8610-2AAE12484B10","","NM-24714","0","400","420","","3669","4B4EA6F8-B9E4-4CC1-838A-D2A025E56BE3","0x00000000002C5341"
"01161C36-655A-4AF0-965A-7829EE8150C0","427","QU-092","0","140","160","","996","9179BFA7-058B-4C2E-9430-D2B6CE8AF1CE","0x00000000002C5342"
"4117662C-DFCB-4B9D-8F15-8EEF421645D4","33302","EB-600","0","821","831","","647","19DED16C-CBCB-419A-B5E8-D2BC53310A50","0x00000000002C5343"
"63AE00FC-5341-40B3-B2CE-0CC93CE3CD41","","QY-0499","0","160","210","","2978","590D3AD0-22A5-44C1-8585-D2CB3ADB47C9","0x00000000002C5344"
"BD4879F1-3995-4503-9765-805474EB28DB","134","EB-133","0","80","120","","166","855D6FAA-8D4C-4D2B-84F3-D2CDAA9EFBD1","0x00000000002C5345"
"C8DD9FF9-C311-4AC2-AEFA-D511EAE94F07","","NM-00736","0","110","150","","3744","B330B1A4-831E-4C96-A517-D2D620FD674D","0x00000000002C5346"
"FA8DED1F-F41C-4B87-9E9D-BC425DA8A2CE","","NM-26667","0","47","50","","3803","B3429975-DA50-4D04-99BC-D2EED72D3632","0x00000000002C5347"
"371C40C9-82F2-4E97-AF38-4E1EB4A71523","","NM-06964","0","4169","4187","","2869","409411C6-8339-4F91-A5BF-D321A5071C48","0x00000000002C5348"
"FB2A3D11-8177-4946-B73C-18D75041A413","255","EB-251","0","250","260","","305","820168A5-25D6-4962-99F0-D36CDE601891","0x00000000002C5349"
"AAE63F34-7FD8-423D-A6EA-686B955048C5","","NM-21424","0","85","104","","3836","A15C882D-67D9-453E-AD9B-D380F9BA2F05","0x00000000002C534A"
"B0193969-D692-4072-89CA-01DE95F4FE1E","294","EB-290","0","630","647","","361","723C9E40-8968-4050-A89F-D38635459879","0x00000000002C534B"
"D1EEA243-469F-4F68-BFD7-B7F8384A0756","","UC-0214","0","295","335","","2861","FAF37604-AC1E-4261-B930-D38F2169F45F","0x00000000002C534C"
"D09E2541-02D5-48A1-B6CC-72EDD01A7DCF","469","EB-464","0","380","400","","532","DC740D9B-BE4E-4C33-A896-D394B0DF3EB5","0x00000000002C534D"
"7B2C740A-7B7F-4065-B45C-A064AA4596DE","33242","EB-518","0","160","205","","590","5EBD4429-F3D9-4C07-AFC6-D3961285E444","0x00000000002C534E"
"2BCF2466-0548-4316-991E-184C71A01005","","NM-23298","0","280","300","","3284","76A08C64-DA89-497D-9B91-D39694F2AAF4","0x00000000002C534F"
"F4A5A8E4-5F06-4B3F-8DFB-60E07F36750E","","SV-0038","0","360","370","","3332","64898A50-5A1D-441F-867B-D39958C128D1","0x00000000002C5350"
"8FA2DE80-5A81-4D64-A1B3-E8EEBAAFEF6E","","SV-0136","0","218","278","","5210","E0360D0D-6FD4-5D4C-B13A-D3B84A142B73","0x00000000002C5351"
"B4A0AC50-1E5B-4F45-958A-46A91F1DDA28","429","QU-094","0","121","141","","995","12396D41-8FAE-4544-846B-D3C01D5FA825","0x00000000002C5352"
"7925856B-F53D-4B49-AB5F-DED7BDA1CF08","33420","SM-0062","0","50","80","","783","5AB405C0-0FFC-4C1A-B95F-D3C73B17E47D","0x00000000002C5353"
"E1C05C90-7720-4C63-B19F-F3FB81A6E9B2","33316","EB-589","0","520","580","","633","B82162B4-3B17-43BE-A918-D3C818BE56D0","0x00000000002C5354"
"F1005B8F-6F74-452B-91D3-17253502C232","","AB-0093","0","490","590","","2633","2E380420-5456-4FB2-A929-D3C83359E240","0x00000000002C5355"
"CCF92B28-8BCE-4E80-A0FB-6F93F304BC49","","BC-0227","0","200","220","","3525","CC308A63-01AD-456D-A2AA-D3C9028DE257","0x00000000002C5356"
"9C732E3F-71A5-DF4A-A565-7CCD48A26484","","PP-064","0","250","285","","5284","4F0A17B3-AB83-A141-A6EC-D3D9611612F0","0x00000000002C5357"
"F77B7259-9C40-491C-A111-0191815D9FA4","","BC-0263","0","240","260","","3551","4AC46006-5713-44EF-8A91-D3E417863382","0x00000000002C5358"
"D724EE34-9B26-44BA-8386-FC91A9952BA5","308","EB-304","0","20","40","","378","65D23239-0564-4CF2-9F31-D3F05297D050","0x00000000002C5359"
"73463C13-2599-ED46-A15A-0D6D64FBC090","","BC-0365","0","500","690","0.05"" perforations","5727","BC06A030-B9F6-3F47-8041-D41B78200C89","0x00000000002C535A"
"C31263EE-9E1F-2A4B-84A7-8E9BAF224AA9","","PC-067","0","160","200","","5368","F244B7C7-0BE2-CD4C-89C6-D43A17D468FC","0x00000000002C535B"
"E77F60D1-298D-406D-B94A-C2A1D4CEF157","","BC-0187","0","405","505","","5159","1F7C3304-EA22-4434-AB1D-D44B46BAA051","0x00000000002C535C"
"1E41E5B3-D1DF-C441-9BBA-E20BAEE7BBF0","","SB-0920","0","680","740","0.032 inch slots","5632","AAA727DF-3522-8847-A538-D44C043F2EB9","0x00000000002C535D"
"195DED4B-6BD9-4919-889B-A607BF4986BF","","QY-0985","0","65","70","","2999","F6629096-CEC1-438D-9CA7-D450B29DA851","0x00000000002C535E"
"DC10417A-EA65-4ACB-89F1-F3F3FCF807DC","312","TV-276","0","270","290","","1184","EF0C3EDE-8782-4B98-8567-D492AC9D43F0","0x00000000002C535F"
"55F887F9-E3C4-4505-B24D-2A669AFA3B76","","TC-239","0","265","280","","2118","866776A7-7DEE-4906-AD1E-D49DDD95E8D6","0x00000000002C5360"
"23A43421-105A-482D-AEA4-A697758DA85D","433","QU-098","0","39","59","","985","E5AEB395-CE0A-43E4-B95C-D4AA6FE4C1AF","0x00000000002C5361"
"93C0A76E-F8BA-4ED6-893D-EFBE75B7A0C1","","NM-25121","0","692","712","","3464","46BBFDC9-5DA0-4246-BCF4-D4AACF674B67","0x00000000002C5362"
"7A3BCE38-D499-48A5-81DE-01424B3BA651","","NM-25118","0","346","368","","3466","C38212F3-1E93-4DE9-8C71-D4C3E32C51AE","0x00000000002C5363"
"E67AADF7-ECD2-4F09-B637-50E6008245B5","","AB-0184","0","789","794","","2708","30F4E703-B702-4EBD-B0C0-D4C9C42F726E","0x00000000002C5364"
"045243FE-9281-4E76-A991-83769B370F4A","33366","EB-657","0","170","300","","702","5CBAD1A6-D48D-4474-8127-D50029FE8BAD","0x00000000002C5365"
"DD4C5A61-5E1F-4897-9733-8D0DEB8C5284","","SO-0203","0","44","49","","3207","D1F62B18-1826-44C3-A39B-D50ABE3ECC48","0x00000000002C5366"
"8EFE0A0B-673D-314F-A464-1A9BE5D1F7C2","","PC-015","0","80","100","","5325","0EEF4E4E-8567-4F49-B60C-D50CB234760D","0x00000000002C5367"
"89BC1296-1E93-46B9-B609-EF931687D0B2","410","EB-406","0","250","595","","463","8A67F1D3-6519-4079-BD76-D50D227D381C","0x00000000002C5368"
"38213188-92DD-48C7-957F-1238529AE432","","TC-267","0","233","250","","2138","FF98CCB4-ECEF-4042-9AAD-D5102C241926","0x00000000002C5369"
"C3B83C0B-4F77-4244-B405-CE33FF3F9D78","","WL-0020","0","120","320","","3853","A3874CBD-7972-435A-B07B-D5210D67DF17","0x00000000002C536A"
"29862621-7897-401F-BBE8-57F6887C8B5D","","NM-01904","0","280","430","","5575","FDDACF25-C3E1-0946-8D46-D52195913CF0","0x00000000002C536B"
"E53AEB8C-9FC9-4ADE-B14E-897D0CF91225","","NM-25053","0","774","784","","3495","19E7AF31-3C3C-4AD5-8D89-D5294EEBFBB9","0x00000000002C536C"
"68DC19C9-6EAE-4943-87D3-BDFDDF862BB8","","NM-26965","0","300","340","","5101","7CEA1C52-CE1E-4EF8-9866-D59B682B930F","0x00000000002C536D"
"EDE6AD0A-9950-4A80-8A11-B1CAF53189F8","","BC-0151","0","270","290","","5122","0FE5CC86-635A-40DA-8E66-D5C3BF07334F","0x00000000002C536E"
"0A12AA63-CDF5-4331-8AFE-801B1216B887","","NM-21780","0","65","105","","3848","3E1BCBB1-248C-45FD-A0AA-D5CFF998C770","0x00000000002C536F"
"0930A01B-CADA-489D-83B8-D3369404985C","33730","SM-0201","0","540","590","","828","4ECC19FB-390E-4D0B-BAC8-D5E044A09AF7","0x00000000002C5370"
"01535DFB-D713-244F-A9A1-E04B9ED102DD","","WL-0286","0","300","302","","5733","4DE4D2E8-B151-624D-81C6-D5E0BE6088D6","0x00000000002C5371"
"784B7266-CAFD-B541-831E-2E6278246422","","PC-027","0","80","100","","5332","F2D135BE-0DF3-8448-B437-D5E10A8B7505","0x00000000002C5372"
"C122A4FF-8AA3-4CD8-88B6-1088DEE2B6C3","","SV-0090","0","200","240","","3386","47EB2094-D1F9-4E0E-8369-D5EFD7B6DC4B","0x00000000002C5373"
"EFE5ED74-F76B-4DF0-A019-497B29DB138F","33394","SM-0041","0","330","370","","769","FEE1C6BA-71B3-4A4B-A2C3-D5F7F501BEE1","0x00000000002C5374"
"1804C956-89DE-415F-A8FB-0AC857123E47","","SO-0138","0","42","47","","3136","42D59AD1-F455-4A4C-82E7-D60470D95E71","0x00000000002C5375"
"FDDC897E-43D0-4399-AE01-CD66B080EA5F","","AR-0054","0","20","25","","3005","A4477DDB-D408-45CA-B085-D6082E5B0854","0x00000000002C5376"
"C6B2D377-4B13-4339-A138-B630522AED92","","NM-21159","0","55","80","","3815","8792E866-A65D-4453-B3FB-D61C6745B5B6","0x00000000002C5377"
"3D73E5D3-D73B-497E-8C31-3FB65D83BD46","","EB-692","0","198","203","","5455","76E2600E-07F5-884D-8A09-D63414AD55D4","0x00000000002C5378"
"07BFEF11-1834-4164-851E-761BA4702182","","NM-26903","0","360","400","","4948","69CAF52C-D61B-405A-BC87-D6425087C4FA","0x00000000002C5379"
"52EA0E73-6E5C-48CE-968E-4E679A9D9DA4","","TV-302","0","1000","1180","","3119","F7E3022C-54D5-43EE-BC6B-D65549D29D82","0x00000000002C537A"
"6A5138FF-309D-4E0A-AFD1-0BF6FF14DD7B","","AB-0157","0","517","547","","2685","87BA9634-747D-4CE5-8757-D67DF3E1293A","0x00000000002C537B"
"1A566D4A-D058-4EE2-9B63-D5ED2ACEA849","342","EB-338","0","580","600","","419","C5EF9B52-615D-4AFA-98A8-D684612CB9A6","0x00000000002C537C"
"4551B9D3-42DD-D448-B52F-81E799DEC80E","","PC-041","0","202","222","","5344","942336FD-DC39-4048-A523-D69D2D6F99CF","0x00000000002C537D"
"093CDAAB-AD2A-44B4-B1D9-B80783155E09","","NM-01691","0","330","341","","3763","D35D689E-E827-49A3-8C7F-D69FB307D250","0x00000000002C537E"
"393FAD87-36D1-4B55-8739-47626EF930C0","","NM-03330","0","39","44","","2822","2ACD272D-9214-4315-A944-D6A1345871D2","0x00000000002C537F"
"CA0D6C82-54E5-4A12-8B59-C3E42E84D9F8","155673","TB-0168","0","110","140","","1295","4EA40F64-8CD8-4784-AC89-D6AB2B18EA3B","0x00000000002C5380"
"45137610-CC42-470F-A911-B740944DBFB3","155525","TB-0058","0","180","200","","1258","CB561628-8DAA-4813-AE6D-D6B3CF4B203C","0x00000000002C5381"
"9D7BE9E9-F953-4738-8DBC-7F553258CCAF","33237","EB-522","0","170","210","","597","DB8495FE-BFAD-4B7C-A4E4-D6B6DA1C472A","0x00000000002C5382"
"7B5BC315-30B4-4675-9FD1-D871A19A1D2B","","NM-26253","0","1575","2047","","3780","77E27E03-0815-4EE4-8F03-D6C1C899F833","0x00000000002C5383"
"6CB0C675-CA6E-4B4D-833A-6E3546F89498","","NM-06901","0","280","360","","5589","6DE588A8-EDB3-E049-ADA2-D6E76CE1A248","0x00000000002C5384"
"AFD3E223-73E4-48E5-940A-FBD87DC0016A","","AB-0025","0","555","616","","2577","1BC9A788-475C-4506-9BB8-D71C0FA2AF05","0x00000000002C5385"
"435544A7-5BDD-48DE-997F-74F6B50C8D22","33293","EB-591","0","570","620","","634","70FD0AFF-7B31-4421-96A7-D7207E7ACF8F","0x00000000002C5386"
"7A6BF1B2-8E2D-42E2-AFC5-A51F77545DD3","401","MG-040","0","120","160","","937","36754B49-1B34-4E9E-A0F1-D7262CA44BE7","0x00000000002C5387"
"1ACEF15A-E2C9-4D10-82D9-9B88530D9680","411","HS-051","0","40","50","","1206","947A2D25-DE7D-481E-A908-D73375544B33","0x00000000002C5388"
"5F231DB8-1D9C-470D-9C18-CD94BFFFF0F5","","SV-0105","0","185","205","","3401","CE205D0A-E8CA-4C2B-B5E7-D74973C0EA59","0x00000000002C5389"
"5C74D71F-D4BE-4BD7-9D95-D7FD0A29CDF9","","AB-0100","0","1460","1500","","2640","B857C06A-C726-4F2B-8CBD-D7620C17D0EB","0x00000000002C538A"
"C1AE76E3-2A26-4802-805F-9D1D4CA233EE","4","EB-003","0","260","300","","4","CCB115A4-76B7-4E0C-829A-D76C187873E1","0x00000000002C538B"
"C2E22F6E-A5D3-44D4-B935-99C5E7ED4737","","NM-24609","0","230","260","","3715","98424A94-ECD7-422E-AC17-D78AF70CA213","0x00000000002C538C"
"8A804FB3-3077-8143-B0DF-8097D6C22B89","","WL-0246","0","60","100","","5675","51F203F0-BCCC-DB4C-B14F-D7B87F3E4C44","0x00000000002C538D"
"32619A63-F945-47CE-BE7F-058696513590","","NM-27195","0","140","160","","2917","0A6A7FE9-EC0B-46C2-B1AB-D7C4BCDFFD33","0x00000000002C538E"
"110DBB5D-ADC7-3446-AE47-A518CB8AE883","","WL-0121","0","230","250","","5454","3685A4CC-A1A7-4A49-BD5F-D7C80FEF4312","0x00000000002C538F"
"3171A0B7-00BC-4D90-AE06-94A3A086451A","","BC-0238","0","510","710","","5728","DBD41F3C-F3BB-E54D-8FEE-D7CA00CFA575","0x00000000002C5390"
"5B82C24E-E20B-4214-AEFE-F7B758B0E056","","NM-01504","0","420","440","","3065","E1BD8340-49AA-4A15-88C3-D7EC7A705CD4","0x00000000002C5391"
"441DAF07-52F9-4F0D-8C7B-7A754B24FD71","155523","TB-0056","0","340","518","","1257","335627D9-64B6-40BA-8DDF-D7F0068E2A3E","0x00000000002C5392"
"E4EA939B-1AB4-4D3F-B69C-45B234CC5B28","","NM-21770","0","200","300","","3847","7C44BBBE-DF13-49D3-8480-D7F0400E7532","0x00000000002C5393"
"D3AC0876-A564-4FAB-A4DC-55AFF23BE8CE","33355","SM-0016","0","210","250","","749","EFE8B3AF-0688-436D-8E9E-D7F53533FDDF","0x00000000002C5394"
"6A98EF55-825B-4F07-BDE7-C1333B512B89","","AS-010","0","65","105","","1505","4E563E60-D142-4FE6-9DDA-D80CF49C81F9","0x00000000002C5395"
"D1A5389D-FBA5-8541-98C6-81A8E5B7AEC1","","PC-016","0","300","345","","5322","290FE41C-5983-7648-9715-D83639AA1DF0","0x00000000002C5396"
"80E877FF-E289-4DD6-918E-9FE5DCDD5B14","","NM-24800","0","37","51","","3639","F1280FE7-1A10-4DFA-8C3F-D8628DD0C45E","0x00000000002C5397"
"108CF161-8AFD-4D34-83BF-C0E3236B196B","33418","SM-0060","0","390","410","","780","37DAF12F-74D2-4036-9D87-D863959CBBC5","0x00000000002C5398"
"C97ECA76-58CC-4371-844E-C6877961CF37","192","TV-172","0","62","92","","1095","91BEBBD7-C4FE-43BA-A458-D86631C44CB9","0x00000000002C5399"
"411D4FE4-DDF3-4F33-92A4-9AA23FCDF560","","BC-0031","0","260","280","","3922","D4CCF578-217D-4457-911B-D869F2DADCE5","0x00000000002C539A"
"5BE5F7B9-3CCA-4D7B-9B69-64D4143EF3AD","","AB-0076","0","175","180","","2617","C931048D-4392-4244-B66D-D87783AEB4BB","0x00000000002C539B"
"D09E2541-02D5-48A1-B6CC-72EDD01A7DCF","469","EB-464","0","340","360","","531","777B024E-06A7-42F5-A40E-D8802A68FB57","0x00000000002C539C"
"F0C95D1F-A207-44EF-AB3E-895D01C2D6C6","","AB-0220","0","715","725","","2739","3D854BBC-EE04-4C22-AACA-D88BAE0FB3F1","0x00000000002C539D"
"EF930E18-215A-AA47-80F3-132E493A62FE","","WL-0123","0","120","121","","5463","CE068ECE-CC06-1348-B42F-D893E4A3658A","0x00000000002C539E"
"102BFEBB-3819-4E46-8BF2-4FA1F36474B6","","NM-26952","0","571","591","","5091","3DBBA318-E8D1-44FF-AADC-D89CF3A3327C","0x00000000002C539F"
"0930A01B-CADA-489D-83B8-D3369404985C","33730","SM-0201","0","674","754","","829","080DD87E-EDF2-4153-A197-D8A1FBEBBB79","0x00000000002C53A0"
"F118E5AD-1D61-4E4E-B42E-24915D4B0918","","NM-01419","0","200","220","","3050","EEC3E984-6EFD-4E55-AB1E-D8B18EA8C2D3","0x00000000002C53A1"
"26CE07C7-BA10-42F3-8B0E-CC76A4484B1D","33312","EB-608","0","1960","1980","","657","75F17C83-BD49-482F-BA67-D8C1A173C733","0x00000000002C53A2"
"BD9ACDEA-B25E-41EA-9502-9FDEC652B332","495","EB-486","0","1021","1336","","570","8A8C017C-FD1F-44EA-B2AE-D8CA50F72F68","0x00000000002C53A3"
"DD897F76-810E-41F1-BE23-E66375A98384","416","EB-412","0","250","270","","471","F4A0D4AB-D23B-4438-9EFB-D8D64EB7926E","0x00000000002C53A4"
"18F15FB6-220A-4D93-943F-CF963018E2B8","","NM-00728","0","55","75","","4957","BF31587B-804F-4910-80ED-D8DD458990CF","0x00000000002C53A5"
"78D727CF-4982-45E9-872B-BEEB40BBB5BC","","NM-24572","0","25","35","","3738","2F418521-9FE3-4CC9-BE94-D8F887393334","0x00000000002C53A6"
"A98DC623-90E7-4F73-950C-5548EBC9B208","","QU-180","0","425","445","","2936","7A55A122-D9EE-42E6-8201-D911CEAF3202","0x00000000002C53A7"
"DF6F3602-BD8D-4361-86F8-4E3D482E989B","","AB-0169","0","190","210","","2696","B95C2F13-10E2-455A-B452-D913789C3E45","0x00000000002C53A8"
"1C18B62C-0F8C-4922-810E-23A032C889FE","","AH-058","0","460","510","","1745","19AE1639-53B2-4DC0-A070-D92D60BB9333","0x00000000002C53A9"
"A1F47094-2F5B-4E2D-A309-64386AC863DC","","NM-24908","0","220","240","","3609","4579AA1A-76CF-4DFE-9A29-D9322986BF46","0x00000000002C53AA"
"8B23EDF3-3090-45A7-A9A5-167B46B34865","","NM-26963","0","180","200","","5099","6094187F-5572-4633-9953-D9501B90EA7A","0x00000000002C53AB"
"7747FFD3-82DB-49F8-BF24-0554F6B4C31D","","SV-0022","0","100","120","","3310","5F54145D-B188-4626-9F1B-D953A7A4230C","0x00000000002C53AC"
"DFE3D8EC-B754-437E-BF57-D227381FCDD4","","SV-0083","0","480","503","","3377","743013E8-C211-4157-9923-D97401BB37B2","0x00000000002C53AD"
"8ECA02E4-6AB3-4F38-ABA4-266B65CE39AF","","NM-24731","0","402","422","","3664","AE4BC99F-B162-400A-AF18-D977B67C7CD9","0x00000000002C53AE"
"CAD2B4D7-149E-4E8F-9409-C691B927D5C5","69","EB-068","0","401","440","","83","7DA1B4E1-E000-4475-9FF8-D97C71C29E0E","0x00000000002C53AF"
"48560988-B0D5-4EE7-A9D0-F8BBFACF9E6B","","BC-0051","0","200","245","","4986","D571378F-CB97-40FE-9635-D9822F0258E0","0x00000000002C53B0"
"B54CCEDC-BFFB-4906-A3CE-17D9A3F91BC9","498","EB-489","0","1000","1900","","578","9592F93C-0ADB-4E34-9A52-D982ABE1F89C","0x00000000002C53B1"
"1ACA981A-099B-4253-888E-6DB5E46EA3E5","","NM-24683","0","200","220","","3683","F0B4AC28-1CCF-416A-86D7-D9904E10055A","0x00000000002C53B2"
"6662EA7A-CFF6-405B-B4FC-257F31DBAB5E","33300","EB-598","0","520","580","","645","3893D0C6-035D-403F-8F3A-D9940C62864E","0x00000000002C53B3"
"F17FF5AB-2124-4399-B545-624632923150","43","UC-0027","0","372","392","","1331","C440F8F0-15FD-4C82-B4CB-D999296BA283","0x00000000002C53B4"
"B2CF637B-8C49-48B9-B923-47C7CE4CAE96","","AB-0181","0","140","200","","2705","3CF5DA1E-1FD2-4CD4-9DC6-D9ADCFC0617E","0x00000000002C53B5"
"99218CFB-8C26-4396-8EC7-B8807A8DC5DC","","QU-004","0","200","210","","1904","7EE20891-4EB2-46CD-A082-D9AE2188843E","0x00000000002C53B6"
"8C6D9CAB-D786-418E-B55C-6DA4CA4C561C","33602","SM-0091","0","660","680","","807","C73E3076-BD63-4385-808B-D9C631EDC54F","0x00000000002C53B7"
"BA8F2918-1017-41A9-AB81-A250F8560AC9","","WL-0039","0","720","730","","5202","359766C5-40CE-1C4E-8429-D9C8BF312FE3","0x00000000002C53B8"
"B8E54263-A883-7149-BC11-8A8918CC9E60","","WL-0153","0","250","350","","5504","751E85DC-95F0-B047-AD30-D9CE77CC0C84","0x00000000002C53B9"
"8943545B-9C61-4048-BF54-8E943A7EADE0","199","EB-198","0","115","135","","262","50EC0F72-5742-45BE-A6FC-DA0355853BCC","0x00000000002C53BA"
"D892AF2C-D47E-4796-8F88-91CF79983289","","NM-25485","0","4766","4798","","3775","B1529EE1-B075-428D-8068-DA0AF6D4F896","0x00000000002C53BB"
"72C06B26-EA64-4E7E-84C0-DBC509097A2C","","SO-0225","0","9","24","","3229","0BEE167F-F171-43D7-B434-DA112EBC5472","0x00000000002C53BC"
"9A1923D7-791D-4163-BA5A-90351839C9DB","","UC-0226","0","273","333","","2844","5800419C-D059-43E5-BF16-DA26969C9386","0x00000000002C53BD"
"87516ACB-A1A9-4047-A94B-B563C35E719A","","NM-24887","0","230","250","","3616","1F5B7DF0-DEA1-41D8-89FD-DA7E8C2212D6","0x00000000002C53BE"
"F114CAE9-6AD7-44F8-9904-C0A86EB806B9","","AS-033","0","240","335","","1526","AAE71520-25B6-47CB-8773-DA7EF887308C","0x00000000002C53BF"
"0C62F9A6-A15A-4155-A57E-922CE6249507","","SO-0234","0","4","19","","3238","FBCA81DD-6380-4EDB-A9D4-DAA444586DE4","0x00000000002C53C0"
"127EC6BE-8505-4502-9B29-0A2D157C88A1","","QU-173","0","460","500","","2539","AF31B8CC-5234-43D8-9803-DAABBA9FBF6E","0x00000000002C53C1"
"3E816E4D-797B-444B-B46A-479BF6F44E2C","33348","EB-640","0","320","340","","688","E3A97542-416B-481E-8EF5-DAB25CCA80BE","0x00000000002C53C2"
"8CCAF058-5BA8-4C76-A141-8BE958B541DA","","SO-0160","0","4","19","","3158","809A13F4-BEB0-411A-B063-DABC0D530B11","0x00000000002C53C3"
"5AB74A95-0BC2-4785-A0C6-52F6A2CCAE1E","","BC-0094","0","75","85","","5031","43D15146-C0A1-4A2F-8FBC-DABDAACEEC36","0x00000000002C53C4"
"25C7F9BD-7E10-432D-878B-AAF87BE5F015","","NM-02539","0","300","340","","5610","27107767-E248-FD4B-A898-DAC93AE14041","0x00000000002C53C5"
"149C4549-41D4-484F-BDB6-393ADFD7D604","","NM-04073","0","340","380","","3105","EA9DC7ED-22EE-463E-9BD9-DB039097DE11","0x00000000002C53C6"
"9488EFF2-AA28-E743-9C70-3695D767C548","","PC-059","0","120","150","","5362","857FFD2C-0AB0-6241-83EA-DB34C2540FCB","0x00000000002C53C7"
"9908CAE6-1317-40F2-B8E7-3035AB0237DC","","NM-26945","0","440","500","","5084","0263481D-26AD-4964-A246-DB3827A2D1F8","0x00000000002C53C8"
"D712D779-6A34-4983-9EF3-2EE8AE13E231","","SV-0129","0","240","260","","3432","3BF8A6E4-E2BE-4320-8B9A-DB57362F8870","0x00000000002C53C9"
"8F87C556-FF3A-4E50-B953-4DC3ED759E1C","","AH-039","0","270","330","","1594","A014D63F-B543-423E-872E-DB66F1B86267","0x00000000002C53CA"
"2F8CD42C-75B3-4482-B39E-45DC4D729110","99","EB-098","0","740","760","","121","27807192-00FF-4C58-BA0D-DB713F480403","0x00000000002C53CB"
"E2888A6D-01C0-4679-96D2-DA2D200CB01D","419","QU-084","0","207","247","","983","0A7FB40E-BE76-4AFB-9800-DBA041B0DD23","0x00000000002C53CC"
"06CA006F-516A-4D6B-81C6-742E848916D3","","AR-0151","0","19","24","","3090","321A8312-274F-4414-B375-DBB971F66777","0x00000000002C53CD"
"0BE447B4-5E61-4F88-A8CB-008A5B94AE6B","","NM-26800","0","730","750","","5453","6A8B25BD-5F25-FC40-BB02-DBD820DB7F1F","0x00000000002C53CE"
"DC3BAEF8-E889-4D47-828C-57F23D567FF6","","NM-25072","0","59","63","","3488","7438BEBE-1061-4A34-A962-DBDEC1DBC2B5","0x00000000002C53CF"
"4BBFF235-ADCB-40C8-A021-9CC7EA36E989","","AB-0043","0","65","70","","2591","8CFB77F3-1B94-4E5F-9368-DBDFF5AA9189","0x00000000002C53D0"
"E4CB746F-DB84-40F1-9D6C-40691FEC4846","33363","SM-0005","0","275","295","","757","255F73AB-7E29-4378-AF41-DBE6B49D8502","0x00000000002C53D1"
"A71BDC76-207F-4B67-8F5B-54D0391CE430","","NM-00037","0","20","518","Open, uncased hole","5681","8C6CEEDB-EE9E-694A-92B0-DBFEE5F6209E","0x00000000002C53D2"
"A9779C27-58A6-7B45-85E4-0CB26B0554F5","","PP-026","0","70","80","","5266","69E2E1C0-2149-9840-AB39-DC23A72A8456","0x00000000002C53D3"
"095FBB71-3ACF-496B-8BD3-52C48C82A7B5","","BC-0069","0","70","100","","5003","F82842CD-39EE-41AD-8E89-DC2B36252FF4","0x00000000002C53D4"
"0205DFEC-B828-4DFD-8D49-1AEAFF60C0B3","261","TV-232","0","60","80","","1143","1B9933BF-4F0B-4618-B506-DC2C6F32088A","0x00000000002C53D5"
"6CA06EE9-4A84-4BE8-8B12-5A86840138B2","","SA-0226","0","160","400","","2856","A55AE1CD-5089-445C-9BDC-DC2E628B7A63","0x00000000002C53D6"
"650871B2-1DA8-5B4E-B3B9-158C3A022AC9","","WL-0258","0","30","110","","5688","CCCA46CE-8AA1-A640-A627-DC40C1A74972","0x00000000002C53D7"
"BFDD3347-4567-4631-B8F9-CA6EDD867808","","NM-26735","0","27","34","","3807","5255B86C-E406-4C07-A934-DC75AA67EE4B","0x00000000002C53D8"
"2E41D15C-2BB9-B749-BCBA-BF706CBD5DC0","","NM-28312","0","220","240","","5497","A29F222D-AAD9-B94D-ADD2-DC7D0F11787A","0x00000000002C53D9"
"F21AE9A1-6839-4811-B08B-BC9AB1A311A2","","NM-02463","0","340","403","","5588","E07A9926-BE05-7F4D-8074-DC80F18D57AD","0x00000000002C53DA"
"EE0FCB37-4D3A-48C8-BE22-D7F2F2683900","325","SA-0019","0","250","350","","855","72B6CA64-E227-42EB-ABB9-DC82F66B5113","0x00000000002C53DB"
"EFC62544-C42E-4001-87D0-8267641C3C27","193","TV-173","0","160","200","","1096","762927BD-8395-4C9C-B207-DC936E4FDBF7","0x00000000002C53DC"
"7E2A9F45-DF74-4615-AE2E-7796024B0183","","EB-697","0","408","420","","2930","DA853027-8A0F-4FDE-9727-DCAC05B140FB","0x00000000002C53DD"
"EF4A38BB-FE28-4E75-92D7-3D402EC446FF","33372","EB-661","0","580","620","","707","A6AD6BAF-2462-4011-9532-DCAD6FA74B26","0x00000000002C53DE"
"7A34736F-0182-40AE-A684-8196750AF52C","","SV-0062","0","420","440","","5192","2427E9F5-C1F0-9444-99FA-DCB7C92C9EFE","0x00000000002C53DF"
"84354BF9-80AF-4845-9922-FED592D0253F","","NM-27235","0","690","705","","4975","446E2416-2D5C-4199-A966-DCCC6B1175DD","0x00000000002C53E0"
"42343E46-11B8-429A-9BC3-70E3CC8D2EF1","308","JM-009","0","90","130","","888","375BDFD6-60DF-4D17-AF74-DCCFA9D187BC","0x00000000002C53E1"
"19CC9502-7C12-4238-97AF-ACE69F766F40","119","EB-118","0","450","490","","151","4196DBCF-73AF-4F48-90C0-DCD1F8688704","0x00000000002C53E2"
"7B3F41EE-A5EE-5E4F-95D1-0D4829E9C33B","","WL-0228","0","75","97","","5650","CBDDC85F-C516-CC46-AEB8-DCE15B61C1E9","0x00000000002C53E3"
"0A67C5AC-975C-4B66-ABFA-BFE3A2760A64","40","EB-039","0","80","400","","42","9DAE0DE2-BB3A-4D0C-941C-DD1CB89AE98C","0x00000000002C53E4"
"8C64A201-8864-45B8-ABB5-E5E8CF5ADD81","33384","EB-673","0","700","780","","722","B38A46BB-EF56-4A12-94E9-DD29F4817119","0x00000000002C53E5"
"737F3D89-07E0-43A7-A652-23FEB9C56B1A","","BC-0120","0","780","800","","5054","2E48A307-2DA7-4353-8FC4-DD433465BBE0","0x00000000002C53E6"
"4A8DC4A3-5009-477B-8CDC-7746AF5D7960","","NM-10271","0","130","165","","3903","84A564B4-A325-4936-BB68-DD5D1CE9A839","0x00000000002C53E7"
"CB3A3CAD-1871-423C-BA3A-5C6C60AD5221","","NM-26881","0","85","125","","3931","845D8CCF-DF82-4953-BB70-DD68AAD3FC57","0x00000000002C53E8"
"019C5AA9-3F5C-4B9D-B53F-9279D826900E","","NM-21461","0","7.5","17.5","","3840","BA719D7A-E791-4A8A-B486-DD797593E382","0x00000000002C53E9"
"84329DED-33F8-48CE-AD10-82335219B9D9","","NM-03387","0","40","45","","2797","9450E690-2B24-43D3-B142-DD9A86002FDA","0x00000000002C53EA"
"B061C12A-99CC-4B7E-8165-307E84A3830F","","SV-0111","0","440","420","","3409","1DB4FD95-461D-4428-9CF0-DD9E4B5F7ABB","0x00000000002C53EB"
"9580A9CD-DBEC-4DF9-B3FF-E5890FD0A16F","","NM-24639","0","90","130","","3706","91B8B0E0-73F3-42C6-8369-DDA179AE93FF","0x00000000002C53EC"
"C561EFDD-92C3-4E7F-BD72-544A023B2378","332","MG-004","0","280","320","","902","E66921EE-F423-4849-80F4-DDA4F48F321A","0x00000000002C53ED"
"5184D03E-5C19-4080-98FB-0E78770809FD","445","EB-440","0","305","315","","504","1682683B-B20E-4708-8BCE-DDB008F51F83","0x00000000002C53EE"
"D81F94B1-1D06-4865-8607-589437E68AE1","","BC-0064","0","320","340","","4998","C8A1A739-E062-4815-AA34-DDB1845F6541","0x00000000002C53EF"
"EA80F27A-28D0-4CF2-AB7E-2BFD286B57C9","484","EB-455","0","250","259","","518","2A7F5E3B-C805-442F-BF00-DDC2F63AD056","0x00000000002C53F0"
"6C563339-DEB6-4FA6-8319-B8E3E3AAA5BB","","BC-0194","0","360","380","","5166","8C9FE39A-45B7-4EE3-8C30-DDCBF9872FFC","0x00000000002C53F1"
"74CC7281-11A8-410B-9B79-480B471A8F56","","SV-0089","0","190","210","","3384","629AC658-7D01-4B50-8645-DDDE219241F4","0x00000000002C53F2"
"A90E62D9-2F0B-4267-8295-AA8FB3F146E9","249","EB-245","0","1025","1030","","302","E5908930-F7EE-4647-8E04-DDE9975D43B1","0x00000000002C53F3"
"C198B228-7883-4742-AB83-4DD87DFA2CF1","435","HS-019","0","22","42","","1201","E7E74BCC-514C-4204-BE2D-DDE9CEAE2A17","0x00000000002C53F4"
"02AEFCE1-E8F8-400C-8F20-D1FC37D5AC45","","AB-0148","0","580","600","","2682","0B2D7D62-3EED-4991-BB0D-DDEC6EC7BB47","0x00000000002C53F5"
"B2B6629F-2D43-4898-BEC5-08703FBC130F","","NM-03331","0","139","144","","2815","80DBD717-B193-487E-BF65-DDFAA4F8D1CF","0x00000000002C53F6"
"3D73E5D3-D73B-497E-8C31-3FB65D83BD46","","EB-692","0","266","301","","5457","3BE26CC5-AA16-494C-8303-DE0A2A9478E1","0x00000000002C53F7"
"DFED61C2-1B73-4E97-967F-7F870818AAEB","","CP-0026","0","310","330","","2939","0408E552-F5FA-4B45-A6D3-DE161526E45F","0x00000000002C53F8"
"6B0AADAB-A483-49EF-8E65-CD6A617FD737","","AB-0001","0","650","1180","","2559","8AC31645-1723-41BB-8FD3-DE2A6A79FEDE","0x00000000002C53F9"
"3F9CF305-22BE-4BF0-A132-636CDA5CA933","","NM-01826","0","537","723","","5572","BC2B0107-5B27-574F-8A1E-DE2F7CEEC47F","0x00000000002C53FA"
"36782F7E-1F97-444F-B951-6EA5E6A1A435","","NM-26927","0","80","100","","5074","52B23EFD-2F47-4588-8305-DE4F6D4896DF","0x00000000002C53FB"
"B4E733BB-1990-495B-974A-75C3CFED7E1F","","NM-05946","0","308","400","","5583","5C0C3EDE-E7AC-3B41-8322-DE5FD49EA4F9","0x00000000002C53FC"
"4BD5B6D1-18CD-4893-BF0D-3E6109347671","299","EB-295","0","1080","1090","","370","71290677-CC5C-4FB8-9250-DE65D0CE2817","0x00000000002C53FD"
"4887E67C-173B-4E2E-8644-12356BC089DE","225","EB-221","0","160","220","","282","B85E2BED-F8CD-4B01-B4D1-DE913D8C619B","0x00000000002C53FE"
"217FE465-49F5-E44D-BFE1-460AB83C8CBC","","PC-010","0","220","230","","5318","2AAEBF4B-CC92-8044-BDD0-DE975D2F14A3","0x00000000002C53FF"
"0A7E0BE9-4D2E-48E0-B9AD-F50BEC0D4F54","451","EB-446","0","340","400","","510","AD8D8F6F-613C-4740-9CF1-DEA60213C35E","0x00000000002C5401"
"A4337B54-DBE6-45F8-B3B6-13DA810B1C98","","NM-00808","0","81","84","","3748","88552FEF-E6C3-4959-B4F7-DED475BA8278","0x00000000002C5402"
"46045373-93B7-43D7-9996-04CC02A6C2AC","33306","EB-603","0","580","640","","650","3123EFD8-CA0E-4861-8DF2-DEE3056D71C2","0x00000000002C5403"
"A8E82DFC-62A4-8545-B373-1F58070A161F","","PC-054","0","40","100","","5356","1BE87A45-9192-E84A-A9E9-DEF429751E70","0x00000000002C5404"
"66DAE851-CF8F-4204-AB54-6989887815C5","176","TV-156","0","280","380","","1085","EF43431C-EE9D-4BBB-8294-DEF5726C9D54","0x00000000002C5405"
"C69F11DA-5B6E-40C6-8CCA-B2C42B6D9F27","296","EB-292","0","625","645","","366","2C6857CF-1242-4E3F-8A57-DEFC2D0D4AF6","0x00000000002C5406"
"9A55E877-B723-4762-B27C-3662F486F6A9","304","EB-300","0","340","350","","376","6E2BB5BE-E12B-4692-A871-DF005C788A6D","0x00000000002C5407"
"E80498BE-D199-4162-90EE-C404E7781A4C","183","EB-182","0","690","710","","227","F65E58A9-546F-4376-994F-DF16D1605E71","0x00000000002C5408"
"045243FE-9281-4E76-A991-83769B370F4A","33366","EB-657","0","110","130","","701","13A10058-1ADC-46D6-BB73-DF1FE8B7C631","0x00000000002C5409"
"F510B757-4A82-4316-B061-C36211797AA2","","SO-0171","0","45","50","","3169","4C281679-9CDA-4083-9013-DF3DB930E27C","0x00000000002C540A"
"34B2042E-E117-4B42-970F-30BFCE1207BD","","SO-0206","0","6","9","","3210","D1EB53B4-E6A5-43A7-9BE3-DF56D5110077","0x00000000002C540B"
"C5465CCB-EF55-4718-992A-A2A3A8CFF451","","NM-02572","0","20","58","","5611","3BEF319F-3C8D-DD4A-8C2F-DF5B6A080A56","0x00000000002C540C"
"31BEC324-DB5B-C34B-928D-2A080B8751EC","","PC-036","0","480","505","","5341","83C11E62-901E-4647-AFE2-DF6A4733EB68","0x00000000002C540D"
"B6FE0880-D7D2-482B-98A2-08762A0136D0","33341","EB-636","0","1982","2002","","684","CB55DF1B-8276-49F1-9C8C-DF988B55622A","0x00000000002C540E"
"11DD1585-1C64-1745-84EF-9CBB72EC49C5","","PP-022","0","90","100","","5262","F1AA4F70-C953-C543-9A26-DFA10C7E9935","0x00000000002C540F"
"1566B3BF-8027-4EA4-AA30-76EFCBEB41AF","","TC-246","0","800","860","","2123","CCE1DF1F-9121-4D8F-8968-DFB47FDBBEA6","0x00000000002C5410"
"1D96DE47-603C-46DE-8085-0DBB3F90C87F","","NM-24876","0","140","160","","3625","EE7C00C9-5B9A-456D-B232-DFB60221900B","0x00000000002C5411"
"609D834D-E670-48A7-9594-63541C46F72E","","NM-25261","0","40","115","","3447","EDEE6D2E-CE6D-4423-B3EF-DFC061F33501","0x00000000002C5412"
"F1BC25D7-0EA7-4FD0-8C03-237AC5326065","428","QU-093","0","260","280","","998","39D58F5A-A786-415D-B770-DFC56B487CD3","0x00000000002C5413"
"B384E107-A93E-4BA6-A862-3EB5EBB7CC15","","TC-270","0","235","265","","2140","11B8711F-5193-48A2-90B5-DFCD20849A0B","0x00000000002C5414"
"B1FBD489-2800-4024-9EF8-21B043EE61DB","428","EB-423","0","430","450","","481","B084D7C5-03D5-427B-95A2-DFCD21D320B2","0x00000000002C5415"
"150BDE7B-93C0-4287-AFB6-23FFB688CE4A","","NM-00461","0","60","180","","2878","F15955F8-ABAC-4831-ACA4-DFDC23005E4F","0x00000000002C5416"
"B0EE8181-BEA3-4C5E-86E9-28E72E8B1392","","NM-24973","0","408","422","","3580","204FC9F3-9564-4476-863E-DFEE163DCB18","0x00000000002C5417"
"2D8CA33E-3568-4337-B0F9-250CBBB0CCE1","","AH-049","0","260","300","","1603","FDDAB02C-2130-4D1F-A77F-DFF7FB69663F","0x00000000002C5418"
"77BE5748-C850-49E3-A054-6FBD60AE72F8","","SO-0205","0","46","50","","3209","950FA4F0-B03B-4C62-8718-DFFFE7E2CF7C","0x00000000002C5419"
"F9B2854F-D2B6-45E0-9BD0-AD564ACCCB92","","WL-0362","0","550","560","","5759","DDFAC455-8C43-4B4B-B6CD-E017304D6D04","0x00000000002CF392"
"E6A4063C-1657-074D-9C15-78E477806D44","","WL-0261","0","640","660","PVC with 0.032"" slots","5691","45B9EBA0-99B9-1C4E-9E9A-E036974CE1CA","0x00000000002C541A"
"BDC84EE3-F0A7-F547-9E6A-61E0C758063E","","PC-108","0","500","540","","5398","0CE73C56-F2F1-2E48-8D92-E03AC923037F","0x00000000002C541B"
"E38F0A84-FAB1-439B-9AE1-E6EB6363658A","","TV-298","0","185","206","","2558","DA884AEF-AC0D-4E6D-8314-E04082AC1B34","0x00000000002C541C"
"8CE50522-0DEB-4E41-9055-8F4D56B0BEE2","164","EB-163","0","656","897","","198","84C3EC28-80A7-46AA-B03E-E064E63E8A83","0x00000000002C541D"
"C35A7E0C-51CF-4453-99F2-B41CF6E8396F","","AB-0042","0","95","100","","2590","6F38BF07-1940-4DEA-94D9-E072D46BD203","0x00000000002C541E"
"3F9CF305-22BE-4BF0-A132-636CDA5CA933","","NM-01826","0","420","530","","5571","E80A1C32-FB2B-F744-BEDC-E09EF7251068","0x00000000002C541F"
"03B105CD-04A4-4B30-99AF-54BE43FF43DE","","BC-0177","0","400","480","","5146","6FFC349C-D554-40D6-8BC5-E0B3BEB7663F","0x00000000002C5420"
"23CEBA55-36D6-40DB-A010-9B1CFC641623","","NM-24666","0","336","353","","3693","27328672-B454-4893-B9E4-E0C701C9907C","0x00000000002C5421"
"5F53A7C2-BF23-4F09-AE3D-EEF2F1BBFF12","496","EB-487","0","1000","1740","","574","97C4FBC4-DA30-49D3-A1DF-E0F8566095D4","0x00000000002C5422"
"8EA85C21-0764-4E30-8E61-D1B8B89CED74","77","EB-076","0","67","68","","85","57F42050-36FD-4304-A74C-E0FC188871F8","0x00000000002C5423"
"DC10417A-EA65-4ACB-89F1-F3F3FCF807DC","312","TV-276","0","180","220","","1183","0FC592EA-378F-4A6A-BF0F-E1082F1EFFF8","0x00000000002C5424"
"53D600D7-1264-4F0B-B5A2-06AA77F79A53","354","JM-055","0","120","240","","896","C0132D77-F9AE-47DE-98C9-E13C05DAA675","0x00000000002C5425"
"5BB9442C-D842-A74B-9949-1198AF191428","","WL-0241","0","45","85","PVC","5670","539484AD-F75A-E94D-9EBB-E13CC04BD056","0x00000000002C5426"
"25083BD9-23B9-0A4C-9400-4C417E8CC71A","","PC-006","0","80","90","","5314","D21E239A-9F4A-C34A-A31D-E147CC940F55","0x00000000002C5427"
"B1396814-B99B-4C4E-B6CE-F192BA466C1C","","SV-0122","0","120","140","","3423","5A9805C7-32AE-4DEB-9A8F-E151C86E06C1","0x00000000002C5428"
"8A8D77D5-A188-4D80-A798-A53C4E90B1B2","","SV-0049","0","240","260","","3346","F7980EEA-5C98-435B-B347-E15D37F753DA","0x00000000002C5429"
"C0DE0F0A-E2A8-461D-A5E4-1E5B7941CB03","558","GT-006","0","906","1005","","1337","D2EA5EE7-24D5-46F3-8847-E15F5D55B298","0x00000000002C542A"
"398135A3-3693-4828-A711-84F2E00E5BF0","33664","SM-0139","0","317","338","","811","24A732F7-3082-4DD5-AEB6-E1978655C7E9","0x00000000002C542B"
"D2D06DDB-7AAC-41FF-BD2A-A61EF74A05BB","","SO-0212","0","93","98","","3216","2010CC80-3D38-427B-89AA-E1A1686E3954","0x00000000002C542C"
"3A676C0A-E16C-4BA3-B8A4-B3453EFDE21A","417","EB-414","0","1360","1370","","474","1BA0483E-C5B2-4FF9-A3A2-E1A17EB1CF85","0x00000000002C542D"
"375C8559-F9A1-421B-ABEB-02EE8B6A45C4","566","GT-014","0","20","40","","1338","087E9187-A9DA-43CC-8B8E-E1D320506051","0x00000000002C542E"
"0E78871D-1715-4CA3-BE06-EBEB7F6A373B","","SO-0245","0","45","50","","3249","F7BE4380-A932-48AD-B6D1-E1E2771BBB22","0x00000000002C542F"
"02D4CC66-3B9B-475B-B2F8-095D6D1945EB","","NM-01254","0","573","575","","3070","D279251D-DEE6-4821-B554-E20243EC665F","0x00000000002C5430"
"99900D7D-556F-4C3A-9323-4F86FDABAFD7","","NM-03691","0","218","238","","2828","03FB4163-DF7E-4618-B401-E207FF5DAEB1","0x00000000002C5431"
"F81501AF-929E-4C89-8FB7-FA0591C562BF","","BC-0229","0","380","400","","3528","97C88282-389C-4B09-B85D-E216F7F9A76E","0x00000000002C5432"
"9442868E-3A17-44F6-BD24-F5EEF5358905","","SV-0045","0","465","505","","3342","32E09B16-17F0-44A2-BCA9-E222DA52D203","0x00000000002C5433"
"5D6365C4-131E-407C-85C9-96725C9409FC","393","SA-0115","0","280","330","","858","7518380D-CD1A-4115-9A8E-E224DC3EEAFA","0x00000000002C5434"
"98C38C53-4B82-DA42-BE6D-BD1CC8C067A4","","PC-130","0","260","310","","5417","70DEE349-BDB4-3A47-A938-E23E2409F739","0x00000000002C5435"
"F690649A-1CCB-4640-9DD0-5F0461173695","","NM-25042","0","545","570","","3497","DA61FEA6-A691-4F91-96F4-E24845563131","0x00000000002C5436"
"28B1F51C-77F9-4DEA-AE44-B5048262DC45","","NM-03339","0","39","44","","2820","3F07BD5E-980E-4A3E-B288-E25221648E0A","0x00000000002C5437"
"9B622A6D-68C3-4A0D-905C-913B9527A491","","NM-01620","0","614","789","","3753","131B8AE9-A761-454E-805D-E2530D9441A4","0x00000000002C5438"
"B936E760-342A-46A7-91C8-EDECD5E13EA1","","BC-0153","0","243","283","","5124","92F1CBA7-40A0-4639-AD7A-E263FC080180","0x00000000002C5439"
"48C1FE2E-A759-46D5-9398-4E51ABC73949","","TC-204","0","440","490","","2105","0E526DF1-1753-473B-A2E3-E271CE900AFB","0x00000000002C543A"
"C469CC1C-A12B-4E42-BB16-C109ED153A0E","","SV-0048","0","535","575","","3345","3C0FC15A-3ABC-46C4-879A-E28677352808","0x00000000002C543B"
"85FCEB57-2255-44B4-B7AE-E4DF53450DD6","370","EB-366","0","184","204","","251","E0848EB8-F18C-4758-8EDC-E28C9E16676B","0x00000000002C543C"
"E0A7162E-DC82-4E6E-9547-311FE7BAA3CA","","AS-062","0","262","302","","1550","A88AFBF1-1F0A-4260-96A0-E290EF171789","0x00000000002C543D"
"B388C22C-9701-47DF-9632-041BDC40AF03","","NM-25037","0","562","602","","3555","8B8E896A-03C4-42B3-95E4-E2951FAC5472","0x00000000002C543E"
"E0CD1A6D-FAF7-43CD-9250-6F4EEF16C474","33411","SM-0053","0","315","344","","775","C885353B-1805-4E42-977C-E29E8900F36E","0x00000000002C543F"
"E8FD938A-40B7-4115-A41D-A15A12257278","","AR-0164","0","17","22","","3093","F9D1742D-E34D-4911-A912-E2AE5819059A","0x00000000002C5440"
"5F60BF58-6A49-47FA-8A75-F6A431B3C625","","BC-0053","0","200","240","","4987","80C0B266-9E35-4101-87E8-E2B07D28775C","0x00000000002C5441"
"7129ED03-844F-5F47-A1D3-CFAC8149F0EB","","WL-0076","0","180","420","","5228","1887FFC9-5E92-EE46-A2FE-E2B736DB0A07","0x00000000002C5442"
"32A29457-C0FB-45FB-88BC-A211A99801E2","","NM-24587","0","187","247","","3719","2E9BB5FA-B8F5-4A2C-A127-E2DA777BD24C","0x00000000002C5443"
"03A96018-B57D-4EC8-B454-A9CA0FA240B6","","SO-0165","0","4","19","","3163","B7047E93-A982-4F6D-89C9-E30A1E9A45C4","0x00000000002C5444"
"21FB0E10-147F-4A31-9ABB-15DE6C4E49E2","53","EB-052","0","320","340","","57","2A643038-2D5D-4A05-B23A-E323A0D4C337","0x00000000002C5445"
"99900D7D-556F-4C3A-9323-4F86FDABAFD7","","NM-03691","0","258","298","","2829","CE3D5698-6469-4043-AFC0-E32C78196698","0x00000000002C5446"
"9C3C002C-E029-F740-B1D3-9C6A2DCD7DB6","","WL-0232","0","65","90","","5648","630FADB0-F18E-AA45-9A2C-E34057DF8553","0x00000000002C5447"
"4183CE7A-4531-4D45-9E41-595C7C3B1B4A","33321","EB-616","0","340","360","","668","9DE49420-FA87-49E3-A228-E340D58E83DF","0x00000000002C5448"
"5A59AF9C-6661-4D82-A009-4F62CDB21B78","","NM-00882","0","480","620","","2913","A4557774-CEFB-4B25-AE08-E3418E13F91E","0x00000000002C5449"
"59B492FB-4813-424E-BC91-52CB6F078767","187","TV-167","0","400","460","","1091","3E08460E-3404-4EDE-9AE2-E346B1E2BDF7","0x00000000002C544A"
"9969E82B-BAAF-47FA-A6D8-4409A0BD6FFF","","SV-0024","0","240","260","","3313","5B06563D-33C9-46C5-A9A9-E347730D56D4","0x00000000002C544B"
"5473A547-475F-4610-B46A-2804B360DB3A","","NM-25108","0","547","562","","3476","485D1402-0786-4CFD-BEB6-E35EB05F47BE","0x00000000002C544C"
"3161190D-E421-C642-9467-EAA421C7B98B","","WL-0255","0","80","100","","5712","E235D3D0-68CB-044D-B404-E37B9F6F82A3","0x00000000002C544D"
"C8634A0A-D40A-41F8-9427-EAC3FD42DA8A","","AS-020","0","340","420","","1514","B1CA3F0D-8F22-43DA-A769-E3817D5B10DF","0x00000000002C544E"
"E9B59DC0-F16E-4A7C-9AF7-9E04E1CD415D","","NM-26894","0","400","440","","4939","77F0C2BD-B646-4D8B-BFD2-E397F6B953A9","0x00000000002C544F"
"253DAA80-E094-45FC-B927-DF2D205270BE","","AS-027","0","60","100","","1520","CF8F7C6A-23B1-40B5-856D-E3A1D590D989","0x00000000002C5450"
"316F269A-BCB9-486E-B834-FE85C0659193","","NM-09532","0","60","236","","5556","CC4A1439-92F7-6B4F-8FFB-E3A6E35FE313","0x00000000002C5451"
"718BBA91-AE78-424F-8280-35E9210A741C","155542","TB-0079","0","100","295","","1264","F7A8C28F-7367-4F44-918B-E414DD19AFD4","0x00000000002C5452"
"95704E14-D055-4849-A052-662A8EA26CC3","","NM-25116","0","560","600","","3470","3AE5A3A7-9D5E-4140-936F-E4460BBA4FB8","0x00000000002C5453"
"0BF62E29-2C94-40BA-9303-A5CDECA310D6","300","EB-296","0","900","910","","371","6B36F436-6995-41D6-B3ED-E45A23601C43","0x00000000002C5454"
"B8F4E068-92D1-48D4-B060-1086D86E1314","","NM-25167","0","110","120","","3452","4AA815ED-F35E-4E02-9056-E4764C9E50BB","0x00000000002C5455"
"2392B91B-5F4D-4AC6-B512-244A89BF404D","132","EB-131","0","180","220","","164","DFD4C31B-CB79-4835-9CD9-E4797A913A68","0x00000000002C5456"
"0CD11939-B283-984B-AC7C-D4057A81FE99","","PC-029","0","120","140","","5334","47219DEC-131E-B440-833C-E47B4268C57E","0x00000000002C5457"
"6851EEFC-6A19-46F1-9266-34C177A247FE","","SV-0039","0","320","340","","3335","0C21B0D4-B49A-4217-A150-E47D35FCF2DE","0x00000000002C5458"
"B0193969-D692-4072-89CA-01DE95F4FE1E","294","EB-290","0","547","570","","359","57E73E23-C2E5-4E84-B467-E47DAF179A42","0x00000000002C5459"
"6982FDED-1156-4152-BC94-8C9E6A8314D2","","NM-00995","0","540","560","","2790","A85817E2-DF3A-4439-B159-E48920EC57C5","0x00000000002C545A"
"D3F121D5-0B6F-4E13-A0E4-308AC8BA7839","","SV-0141","0","260","300","","5216","CFF96EA4-218C-A340-9076-E4928891AB74","0x00000000002C545B"
"6851EEFC-6A19-46F1-9266-34C177A247FE","","SV-0039","0","260","280","","3334","71524A8E-57EC-4421-B095-E4A2DB74D907","0x00000000002C545C"
"10BD81E6-6A3E-4DBB-9084-EACA9BA833DA","","NM-24918","0","220","240","","3603","07859DBC-0305-442F-922F-E4B8907F4E7F","0x00000000002C545D"
"D8C18F48-6860-4249-AEE6-7117A99FD740","","NM-04335","0","45","181","","5619","F566E86D-A842-3848-91B0-E4BF9A951FF3","0x00000000002C545E"
"5AD24383-E49C-4A86-8EDD-3F9BE2D2CF82","","TC-241","0","700","730","","2119","A27E46E4-3F48-4D83-9DC0-E4DAC95B6CA0","0x00000000002C545F"
"7764FBE4-CAE5-4A2A-9F89-BB89F8444E89","105","EB-104","0","785","825","","129","D8194718-0A14-4CB8-85AD-E4F1C9AE165C","0x00000000002C5460"
"D774DC4C-52B9-4770-AC9A-ECF370A44161","","NM-03900","0","0","502","","3101","2F32918E-1717-49A6-9181-E4FD77C746C8","0x00000000002C5461"
"18F43C6A-60D5-43D1-9F72-38285198D905","350","QU-022","0","77","137","","950","62B10916-4B67-4C22-9EE3-E5051D2B46FB","0x00000000002C5462"
"B4154C7B-BB6A-44F9-B3A4-5DCC922C6435","","NM-00678","0","540","560","","2897","6A725E8E-C1B0-46A8-BAB1-E50DFA4BF341","0x00000000002C5463"
"058902E8-0F22-4349-ADE1-EE74BAB436FE","323","TV-282","0","65","85","","1189","0E0CE173-C534-4DD9-8C4A-E5255E0E00C2","0x00000000002C5464"
"144FC6FA-8676-443E-AEC8-849E60C08682","78845","SM-0217","0","375","395","","831","6F1D9DC4-DBA5-464A-AC05-E527AB093A5E","0x00000000002C5465"
"BADB74D7-54DB-4628-9217-F6980ED96B4D","","AB-0129","0","964","1693","","2664","4DB708B8-BDFA-4B2E-8ABE-E5298A7297BA","0x00000000002C5466"
"522F79D0-F820-4C66-9EF4-ABCF1307BFF3","394","EB-390","0","200","220","","445","1C022E7E-53E2-4EA7-A0C8-E54E27425D32","0x00000000002C5467"
"B26C3CD1-A8DF-BB4B-9520-2C478B2EA5C5","","PP-024","0","82","102","","5264","309B0F49-58C6-6A45-8D70-E552F25CD9D5","0x00000000002C5468"
"70F1A72F-247C-4AB9-88B4-043A5115C3BE","","SV-0057","0","260","280","","3358","6D8D9451-E07C-486A-9A69-E56B02B83B08","0x00000000002C5469"
"3B46781C-88BC-44C1-8227-14E8315E6E2B","384","EB-380","0","160","201","","440","368EDC30-3391-42BE-8262-E572DF7CDA0B","0x00000000002C546A"
"75492087-8A39-4186-9DAE-5DF898501586","96","UC-0072","0","260","300","","1326","07D7CB9B-5347-42CA-B70C-E5884D5D1122","0x00000000002C546B"
"7129ED03-844F-5F47-A1D3-CFAC8149F0EB","","WL-0076","0","380","800","","5229","B7F2C0E9-6897-0548-96A1-E5951234229E","0x00000000002C546C"
"8E01FD70-D8CE-4233-9285-40CE5B55BBF4","237","TV-217","0","1952","1960","","1128","B2D749A5-63AB-4E47-988A-E597371F087F","0x00000000002C546D"
"F2D6597C-2A7F-4EA4-B0E3-D716BB86A27C","","SV-0098","0","320","340","","3396","463F168E-9D72-4F5C-AC1C-E5A4C8945CDF","0x00000000002C546E"
"5D8A735F-4860-49CF-A2AB-C66F308753D8","","BC-0114","0","120","140","","5047","BA7F95DF-FB35-4CF3-8C89-E5CB8A58EC4E","0x00000000002C546F"
"7B2B1BA0-12F0-4553-BE60-E31FD181C8F4","386","EB-382","0","231","252","","441","3BD78C8D-74CC-4C0B-890B-E5CDBC81DB67","0x00000000002C5470"
"0084348E-120D-40B5-989D-EE4BF43C3D25","","SO-0248","0","44","50","","3252","F478EB7B-D672-41F4-ACB1-E5E0E76FED06","0x00000000002C5471"
"5412743A-2FAC-4AC0-8D5C-039C5A2D568D","","BC-0013","0","100","140","","3914","017B8ED8-D518-4DE9-8A98-E5F1A304445E","0x00000000002C5472"
"C3CD5B8B-FD05-4E79-A695-1C8BE35C66EC","","NM-04691","0","340","380","","3868","C5E85BC8-1A09-4DB8-B3AB-E618750E4757","0x00000000002C5473"
"3C6C9A04-4E66-4100-98D1-531F44ADD6E7","","AB-0232","0","750","800","","2746","4CA1FCA4-F8EB-4784-A636-E61CA1EBF681","0x00000000002C5474"
"2822D158-1432-48B9-91D0-DDA7AB449300","","BC-0087","0","360","380","","5025","A947638B-860A-4587-930A-E62B236BF41C","0x00000000002C5475"
"4AD6872B-0522-48F9-AEFA-9571CE083C88","","NM-26133","0","0","1407","","3778","5B4A9C2D-4FC4-406D-8C59-E62EF717644E","0x00000000002C5476"
"D168C5B2-08D7-43FD-B0FF-8D789F146F3F","","AB-0198","0","60","320","","2719","EE4470CF-1FFB-4DCD-B83B-E6306374C856","0x00000000002C5477"
"DA1A0469-D8EA-443A-8E67-E5831D9676C5","262","TV-233","0","309","347","","1146","62F7A660-F84E-448B-8D6B-E63B758C7BD7","0x00000000002C5478"
"FEC4574A-FC18-49BF-AD99-49BD1EF380B2","295","EB-291","0","603","619","","363","CF2C9332-9882-41B8-930F-E6458841676C","0x00000000002C5479"
"C98FF74F-5776-4CB6-9BDA-89CEA3145415","","NM-21892","0","260","300","","3865","8822AFD5-DD02-4DB6-8AD7-E64ECBCBC260","0x00000000002C547A"
"E21645C8-3145-482E-A26C-73E8AE694F1C","33254","EB-505","0","30","51","","583","936A2500-8358-47CB-9DB4-E65823C5F5F3","0x00000000002C547B"
"6EE7149C-3CB3-47F0-8945-26EF772956E3","33388","EB-676","0","200","215","","726","B7852078-7CD3-4C3D-B810-E666CBDFF97E","0x00000000002C547C"
"01B0D526-AAE2-4EB0-994D-8DBB238F683C","95","UC-0071","0","201","261","","1325","32461362-1FF4-4FEA-8E6D-E67C12A25A68","0x00000000002C547D"
"ABB00A9A-0D9D-4B30-9C1F-D78B3AAF239F","467","EB-462","0","390","410","","527","2989C2BB-2CB0-43F3-9694-E68D4ADC7E5C","0x00000000002C547E"
"8A07E894-30C3-4D6A-A822-11B90EAEFEE2","","SO-0168","0","45","50","","3166","048B2B2E-024D-4C86-9DAD-E696E327DF4F","0x00000000002C547F"
"77D48A6E-67D8-4C3B-9347-0D49F5FCEA2A","","SA-0174","0","240","324","Steel with torch cut slots","5484","3B2C512E-0D49-1549-912E-E6AA0C762A14","0x00000000002C5480"
"4117662C-DFCB-4B9D-8F15-8EEF421645D4","33302","EB-600","0","872","882","","648","2AAC78F9-1212-43FE-B881-E6DA6F50C52E","0x00000000002C5481"
"70B19642-A912-5A40-816E-A59ECA60056F","","AH-011","0","280","300","","5306","AF5E3659-F06E-CB42-B19A-E6DB05B62CD9","0x00000000002C5482"
"204E7423-41D3-4D42-8198-CD41E163AF3E","","AH-027","0","440","480","","1582","CCF8FE4D-C601-4032-882E-E6E25CD9BDC8","0x00000000002C5483"
"E3650985-C37B-AA46-A95C-CADBEF2BA211","","SA-0241","0","802","842","","5221","D7FF7281-3C7E-C14C-B6E0-E6E81B25D4B5","0x00000000002C5484"
"D221EF5D-AB92-4C93-B999-C772D86179D6","","NM-04977","0","348","408","","3873","7060C88A-99ED-4722-B410-E7141788B629","0x00000000002C5485"
"8E01FD70-D8CE-4233-9285-40CE5B55BBF4","237","TV-217","0","1695","1938","","1127","60304F67-7CEB-4ACB-AD7D-E71C0051B90A","0x00000000002C5486"
"DB13C1C8-2838-4C10-9A08-0C056B0D7896","","SO-0181","0","5","20","","3179","0885E372-980A-49F2-9F18-E71EF4372404","0x00000000002C5487"
"81D73012-3E44-4D80-822E-177BD18E2A65","155504","TB-0051","0","260","280","","1254","8B3865CF-E2EA-42C7-B1F8-E72BE06B5C68","0x00000000002C5488"
"B7417163-D9AE-4CBC-8FE3-189B94C53C6C","","SV-0131","0","302","322","","3436","28654036-DDFD-47CE-BDA0-E739F2AD1D94","0x00000000002C5489"
"3CF1696D-0641-48AB-9B77-A53562FB63BC","","NM-24985","0","254","295","","3573","29DD05E6-F79F-4917-AA17-E73EAC5C99DE","0x00000000002C548A"
"EBE7706A-8D77-482B-B289-A0D65DCC3A4A","155570","TB-0107","0","0","500","","1277","2BBB9599-DF88-493F-8171-E74EF2736F4C","0x00000000002C548B"
"C785775F-ECEA-4ECC-AEE2-6A47ECA7AD71","366","QU-037","0","520","560","","956","7BAA861B-CB3B-4FEE-AD12-E7653F89A7E4","0x00000000002C548C"
"8508F688-E93A-4DBB-83FA-607B31C22551","","AB-0032","0","550","1564","","2582","239CB79A-0BF6-4BBF-B00B-E778FD0920C3","0x00000000002C548D"
"FB87E8F2-42CC-4863-88C7-0F2061024407","","AB-0088","0","218","228","","2628","11D765B0-7A8D-4419-8496-E77A5EEA960F","0x00000000002C548E"
"177BA916-8E6D-4C20-98D4-82BAB9800FED","","AB-0138","0","330","590","","2672","4326644D-4FC5-4C4A-8E97-E785A079C0E2","0x00000000002C548F"
"4D95B48B-1F80-4277-A443-6985DAE56334","130","EB-129","0","160","220","","163","4263B798-AA1F-4413-951F-E786CEAC5B4C","0x00000000002C5490"
"EA06C6BC-2F16-47A1-9292-C7EE5B1DD599","","NM-24578","0","248","288","","3735","B5C003B2-1980-4FA6-B27B-E78FD33F773B","0x00000000002C5491"
"A25859D2-860E-4A34-A853-26A333F1C7AA","","NM-03667","0","275","330","","5426","022173FA-A2C6-D048-AC70-E79989EC53DD","0x00000000002C5492"
"37C27819-112F-864E-B502-9772D75ABDE0","","WL-0122","0","100","120","","5465","5A5D1D1D-21DC-EB45-AB85-E79F89CFB439","0x00000000002C5493"
"63210E9C-7EDF-403D-8577-62C52CD4E7D0","","NM-09553","0","23","255","","5559","5F63482B-ABA7-FD4E-ADE8-E7BFA99B5E34","0x00000000002C5494"
"5A5A278F-0701-4F5C-96E3-BBD874CF8B5D","33373","EB-662","0","1020","1140","","708","E41F7F07-6979-4D1A-96F8-E81AE3E0816F","0x00000000002C5495"
"12EF8B30-9A3E-4B7F-9FBF-27CCFF759B44","","BC-0128","0","720","740","","5109","EAFD3251-8EA6-4CDE-9E4D-E820FAF0B021","0x00000000002C5496"
"960EAB56-D367-4848-B55B-48FE88E9D34E","","NM-23313","0","140","200","","3273","9F940A33-D28F-4FE2-9AA3-E8269E983D01","0x00000000002C5497"
"621E0E60-CA3B-FA48-9A03-8E0D31EA9BA5","","PC-092","0","565","570","","5383","9F2D66E2-F6B7-8547-B1D0-E82EC963D87B","0x00000000002C5498"
"000C2EF3-B792-420C-B490-CB97124C634B","","SV-0013","0","200","240","","5175","B820172C-F4E0-934D-8B98-E83375E76BB8","0x00000000002C5499"
"04DEC3BC-CED7-4479-85D0-498891285A9F","267","EB-263","0","110","120","","322","AB1555BD-1BB8-40C1-98AF-E8379CD1D2F9","0x00000000002C549A"
"9D0581A8-4DF3-434D-8989-C59B5015785C","","WL-0363","0","","","","5769","AFD02843-8939-4E05-9E45-E83EC9DCCF49","0x00000000002CF3AE"
"A0A5E10F-39A7-AF45-B948-D85AC14C51D7","","WL-0245","0","440","460","","5674","872D2E07-F2CA-7442-9FD0-E8502C967895","0x00000000002C549B"
"5F53A7C2-BF23-4F09-AE3D-EEF2F1BBFF12","496","EB-487","0","1860","1980","","572","1E877E6B-ADD2-4A7B-98E9-E85F3230336A","0x00000000002C549C"
"4BAA497B-2060-4DA3-8CC0-82437D199C7E","","BC-0036","0","250","350","","4960","DD512ED6-03BA-47D2-A0EE-E8642D064B69","0x00000000002C549D"
"1B3ABF31-E2A0-454D-B68C-0BF2614F67DC","275","EB-271","0","45","80","","330","C54F27CD-C2FB-48B2-BF7C-E86E3776D55D","0x00000000002C549E"
"E34F58B6-6F16-4694-9477-235503BA8539","","NM-25000","0","54","55","","3557","1AF6955A-3513-4069-9F61-E8826112E255","0x00000000002C549F"
"BE5D1112-D83E-0A49-9E57-2519097B29A3","","WL-0272","0","190","202","","5703","719987C5-9175-4F43-934D-E88CBB8F0AA4","0x00000000002C54A0"
"B4525646-069E-4F27-BF36-873605EEF4D1","","AB-0110","0","826","831","","2648","8B4FA37E-49E1-4BF0-8BAA-E89A2683D8E1","0x00000000002C54A1"
"CE89B311-A7F6-48EA-ABEE-A4A750301B53","","SV-0012","0","190","275","","5181","07D46A12-FEA8-544D-9E50-E89ACAE74D55","0x00000000002C54A2"
"0884C4E0-AD45-4408-A0F9-18D6154E73BD","404","QU-069","0","160","180","","1000","E2EC2B43-6ACF-492B-B581-E89FD3B8C804","0x00000000002C54A3"
"3ED8ABFA-6596-8F48-8C9F-5B2C16B505BA","","PC-107","0","580","623","","5397","F0074899-AC46-7044-834A-E8C45C56CB6C","0x00000000002C54A4"
"7B56AEFA-0C15-4CF9-BF2A-609F83F02F64","41","EB-040","0","204","355","","43","AA027948-1F5C-4D90-A704-E8DB3EE30C1E","0x00000000002C54A5"
"0B917E9D-8BFE-4AE2-8B63-5443A6E24B34","33382","EB-671","0","380","400","","719","FD40AB31-8444-42A8-8502-E8E72394A792","0x00000000002C54A6"
"4CF6DB44-A59E-4FE7-BECE-0087721BE7E8","","NM-05451","0","200","580","","3876","06380EC3-805E-4444-97F5-E905633A2259","0x00000000002C54A7"
"FB0C2D31-C499-45FA-A301-2BA730437D22","","UC-0208","0","101","121","","2830","93D8BC2E-F3DF-4849-ADCD-E91335E18C8A","0x00000000002C54A8"
"9103F62E-9212-46B5-8BF7-B8B57216BA7C","155645","TB-0182","0","102","162","","1292","CCCC31E5-0EFE-4244-8A1D-E91F6DEFE40D","0x00000000002C54A9"
"11275315-7565-42FC-A199-ACB2DE7E4BDF","174","EB-173","0","640","660","","215","592AEDA9-1553-4B51-9931-E93C164C3C8D","0x00000000002C54AA"
"09EBC420-883E-4896-A5F5-B7E889F41970","243","TV-223","0","25","70","","1133","B9B5D23C-8DD6-4340-8EF3-E986232C1E27","0x00000000002C54AB"
"3833073F-D9B3-410C-8FB8-0DD2C9F27075","347","MG-019","0","160","200","","935","B77BC7A3-961F-4544-8C00-E98FDC18FB10","0x00000000002C54AC"
"00EBFB49-0FEC-494B-9CD6-124CE9D41585","","NM-00698","0","215","235","","3740","98389A94-0C53-4192-9D8D-E992C3B0E8A4","0x00000000002C54AD"
"EAEA4A49-DF67-41EC-B896-3F753A008FB6","","AB-0168","0","472","492","","2695","FAA46E8F-EF49-46FE-85B9-E994B7669BD9","0x00000000002C54AE"
"32B62C2E-0952-46DA-A272-92117EA2674A","","PB-0021","0","1","6","","3267","A921E5A5-72EE-4FE5-84DC-E99E9EF1EC83","0x00000000002C54AF"
"E6C1732F-1378-AF45-96FC-D13F4CFA28E0","","PC-083","0","320","340","","5379","B8CC4151-93DA-084F-B363-E9B33CADD260","0x00000000002C54B0"
"2EC5915B-BDFA-476C-B2F4-E67F6B1FAFFA","","NM-01357","0","206","246","","3032","016B7F6E-CD28-44E9-BECD-E9BAB9DBFD65","0x00000000002C54B1"
"A359517E-8942-4E16-8E7E-E9DBBDF6AD1F","431","EB-426","0","260","340","","485","B21AFAB9-73D9-45B9-966A-E9C2D724E0BE","0x00000000002C54B2"
"71BAF346-D81E-4873-824E-322FFB0420A0","","QU-178","0","415","435","","2934","3D6AB29B-C028-43A2-A9F6-E9F6F039C4E9","0x00000000002C54B3"
"045243FE-9281-4E76-A991-83769B370F4A","33366","EB-657","0","340","380","","703","C5D97562-3FFB-4FC8-9E39-E9FEB8A33AF0","0x00000000002C54B4"
"C84E0BD1-9CA4-4852-A7D5-494B65562DCB","33280","EB-576","0","435","455","","622","1969DFAF-EC05-41E0-A4A0-EA0D349F40E3","0x00000000002C54B5"
"499A69FA-31AE-43CF-B3BE-19E9058B8AB8","335","EB-331","0","70","90","","409","F3C53920-EF91-4E32-8F27-EA267B86E89E","0x00000000002C54B6"
"785D9570-C7D8-4479-8410-678259EB6F6A","162","TV-142","0","45","65","","1072","0E093A43-B69D-4879-8C93-EA297E496090","0x00000000002C54B7"
"8EE5DDF8-BAFD-42ED-85B1-959A799E7CCB","471","EB-466","0","640","800","","537","5117FB70-5716-4479-9A0C-EA47BA62AACE","0x00000000002C54B8"
"1E61E283-A882-4E43-8A4F-79B93FD45F16","","BC-0086","0","322","422","","5024","66851205-FC94-4D5E-9A50-EA679D7A8FEE","0x00000000002C54B9"
"0339B18F-5A8F-477E-9E05-5386F4B3A180","","AB-0066","0","845","850","","2609","90E85B3B-4DDE-4CC5-ADE7-EA6F604138F5","0x00000000002C54BA"
"6EE971B6-71DF-467C-996B-06E44A8BFBCD","444","EB-439","0","262","277","","503","0E7091D3-E0D3-487D-BCAD-EA730A88FCA3","0x00000000002C54BB"
"583C1C43-FB9F-4546-B78D-0A6931845150","","AS-047","0","660","740","","1535","711F8EFF-B869-43CC-8597-EA877E3E47D6","0x00000000002C54BC"
"6E1753D1-6AA5-3140-B6FD-AD000141D0DA","","PP-025","0","70","90","","5265","636F2E36-10B4-624C-94F4-EA8FCAAC7C2A","0x00000000002C54BD"
"834AAB63-E20A-4D87-86DA-5DCA13B87D18","","NM-02128","0","56","212","","5598","2E17DFC5-EEDA-884E-BFA3-EA98712797E7","0x00000000002C54BE"
"DDC35985-1905-4F63-ADE5-D7B4CC09CA07","","TB-0071","0","539","638","PVC with horizontal slots","5629","1DAAF2D8-F875-4246-94FF-EAE5466038D1","0x00000000002C54BF"
"56D7745E-D097-47F2-A009-C84AE7CFF7C2","155502","TB-0070","0","150","160","","1251","55A8941B-50F9-4DA4-A34B-EAE6E0D59CDE","0x00000000002C54C0"
"774CAC5C-47A3-4032-84C7-28E9C4FE76B5","","SV-0059","0","400","440","","3360","3F2577D4-1A0A-489F-A5E3-EAFFA87616A1","0x00000000002C54C1"
"61FCCF5A-49AE-B54F-8170-4F9E1EDD42F6","","TC-447","0","105","145","","5452","30E21B6D-A382-7E45-9B3D-EB19EA576C3C","0x00000000002C54C2"
"8143C7F0-6D4A-4B5D-A3B8-2466EE2E6AA1","351","QU-023","0","120","160","","951","41FB973E-1B57-40DA-802F-EB305E7430C7","0x00000000002C54C3"
"627D3CBC-4F42-754B-A04B-F82347B82EAC","","WL-0206","0","360","400","PVC with 0.032 inch perforations","5631","BC90EE5A-2640-4740-BF9F-EB36DF16A60B","0x00000000002C54C4"
"D8BCED35-3B48-4928-B742-3DEACB24D245","222","EB-218","0","317","332","","278","DF084A98-91FC-42C6-B917-EB50A7C4FBB7","0x00000000002C54C5"
"D0F74F13-54DD-4D76-9B2E-DA379A0B5DFC","","TV-301","0","1164.5","1175","","3004","2A71ACF4-E4D6-4768-BD53-EB682474A48B","0x00000000002C54C6"
"0443D262-CD45-4C44-B73B-D5588EBBACD7","","PC-005","0","80","90","","5313","8CE4DE1E-7B8E-1143-B808-EB6BD4C4DB15","0x00000000002C54C7"
"715B6322-CB82-4563-8D53-CE6AA7D4E698","","BC-0014","0","286","306","","3916","216857CF-6C8C-49C8-A0CC-EB6DE16B128B","0x00000000002C54C8"
"579CAC43-9F02-408D-B542-31098C933DD4","100","EB-099","0","400","725","","123","CB3ECEA6-93A1-4908-89D1-EB6ED3C17F9E","0x00000000002C54C9"
"7CD53210-F847-764E-BF6C-5299E1005DF3","","PC-100","0","290","370","","5392","F81B6076-3AF7-5147-8DF7-EBB28123CDD8","0x00000000002C54CA"
"0CEBDAF5-A140-4970-9F1A-E12A3D77205A","","NM-26948","0","230","270","","5088","F2E6D8F4-5078-4730-9E3E-EBBA9725C930","0x00000000002C54CB"
"5D62273E-5CAF-49E4-9706-9FA851FBD1E2","","NM-00441","0","535","595","","2907","F6521C2D-5DF9-4D77-96E6-EBD7049F728E","0x00000000002C54CC"
"BA57D501-C97D-440D-B344-C787427E5C9A","","NM-26292","0","1302","1656","","3781","1D599DF0-43F8-4592-9432-EBE6A74349C6","0x00000000002C54CD"
"FA15C5D4-D843-48D8-AD22-ABD7EBEBD657","","AB-0180","0","918","923","","2704","BFF8A455-3832-4B3F-B4DD-EC0F44977D2B","0x00000000002C54CE"
"3C7FB511-4C54-49C0-BCFA-ECE9C1C1E271","","AS-044","0","220","300","","1531","0B335308-C647-46C8-B7B5-EC0F5E333810","0x00000000002C54CF"
"00AA26B5-5CCC-434F-9190-B1BA50107573","","WI-0001","0","56","76","","3572","C5BA39CE-A125-4FCE-A379-EC1DDE84BBFF","0x00000000002C54D0"
"0EF96178-504C-0C47-9FE2-00B998EDC45E","","PC-118","0","385","405","","5410","11961295-CD93-6343-AA24-EC1FA8C4D9C1","0x00000000002C54D1"
"ED65DCCE-C438-4ECE-8AE8-CB5BA82388C3","33365","EB-656","0","200","240","","700","3E4C5328-6511-4700-842C-EC4510F8D3D8","0x00000000002C54D2"
"B1FBD489-2800-4024-9EF8-21B043EE61DB","428","EB-423","0","510","530","","482","F4E490C3-7290-4C0F-8BFF-EC5E75791244","0x00000000002C54D3"
"DB86C570-B336-4D1B-BE7E-BBFD719CEA71","464","EB-459","0","410","420","","521","E40C6DF6-910F-4B9D-B2E1-EC5FC76C89B4","0x00000000002C54D4"
"C819875B-438D-4367-B97D-2589AD235C0A","","SV-0029","0","360","380","","3324","808246C8-35D9-40C5-B900-EC65D6F487A9","0x00000000002C54D5"
"33500A74-8AA6-4627-A507-C5526961D6DE","","NM-09543","0","50","217","","5557","D34078D8-01EF-DF48-87E9-EC678DF690C8","0x00000000002C54D6"
"F9C932B0-1612-46B2-8070-39FBC68A48B4","","BC-0033","0","205","225","","3926","73E5747E-C654-418F-A655-EC6D0EB51964","0x00000000002C54D7"
"7F38592F-628F-46BE-8496-AF547490AAC9","","NM-24753","0","190","205","","3652","3A76D610-C664-4649-801F-EC8CB2705548","0x00000000002C54D8"
"880E4BC5-6DB0-4190-B463-AC15EDAE5187","","NM-24604","0","52","67","","3716","B2C69EF4-603B-4938-A4E6-EC9A42F13074","0x00000000002C54D9"
"DCE8AEEE-4180-422A-A068-48B160EA7E99","163","TV-143","0","280","300","","1074","3D90177C-FBAC-4FB1-BE4D-ECAE1E7E667B","0x00000000002C54DA"
"E8BA339F-87D1-490C-A4F5-87EA3CF2BB44","532","QU-145","0","282","292","","1017","A28153D2-FBA8-4964-9E91-ECDDCA203727","0x00000000002C54DB"
"1621D4CF-6106-4326-8F3E-3AF2E1C67FA1","","AH-059","0","560","620","","1746","DEA32A9A-2649-4097-8A9F-ECDDD50884AD","0x00000000002C54DC"
"A6359A67-F41B-470A-A95D-EDF55A9C60FC","","AB-0086","0","79","104","","2626","3A8B739E-B408-40AA-BCEA-ECDFF49904F0","0x00000000002C54DD"
"61FA0DA5-7741-42AF-A783-5F3AFC96BB8A","39","EB-038","0","280","320","","41","4AA9C15C-287C-4E8E-B139-ECE56AD6CE0E","0x00000000002C54DE"
"AA55FC7B-717B-4F43-B55F-74E1A3991A40","33362","SM-0012","0","255","355","","756","8C19672C-EEC0-4786-8227-ED04491D84DE","0x00000000002C54DF"
"8639BF32-99B2-49C8-AA57-767DAD1FEC85","309","EB-305","0","55","75","","380","097DD321-7949-4E18-B917-ED0744778877","0x00000000002C54E0"
"E0AA284C-D7CC-429F-8392-C58BA3D8FD80","","SO-0190","0","50","54","","3188","A89AB76E-3F25-4CC4-88EB-ED0D6BFF5016","0x00000000002C54E1"
"9535D7D4-D090-4273-8E12-AA3D34430266","45","EB-044","0","233","253","","48","6BC78F99-06A1-4F40-8953-ED2BE8F4A812","0x00000000002C54E2"
"D08478AF-FB8B-47EC-AB4E-4FF5D7F5B454","","NM-24677","0","276","290","","3686","B672777B-D1BF-47AC-9185-ED354E8979AE","0x00000000002C54E3"
"5840D5DC-3684-43A8-A712-FE289656C8B6","","SV-0093","0","292","312","","3389","D16D0241-3D5A-4C2F-90B1-ED437019A09C","0x00000000002C54E4"
"65865CEB-7AA6-45E4-A24F-7F98EB8C00BC","","BC-0147","0","480","520","","3502","22AA1EEF-A336-4D39-8173-ED4F37B1BE4F","0x00000000002C54E5"
"00B6FC01-9214-4C5B-8128-1A03AA427A80","415","EB-411","0","410","430","","469","94BBC63A-6C3C-4ABA-AAC2-ED64FB78FD78","0x00000000002C54E6"
"06462043-CC88-2848-99DB-3A8C0C0B51A8","","NM-28324","0","195","245","","5502","B389E297-D84F-D146-BAF7-ED6FA8250220","0x00000000002C54E7"
"7A1954D0-887D-4127-AEEB-B9554F18B8A1","","NM-24613","0","321","323","","3714","4AE4461E-D13E-477C-88C7-ED87570D0B18","0x00000000002C54E8"
"1F0009E2-B6C8-4476-83E5-72D4F02D7CB7","","BC-0248","0","162","263.25","","3540","3E9EEF88-36BF-4A17-B43B-ED8DA3657000","0x00000000002C54E9"
"87D00501-C53A-4E3E-9955-9A03BDF03F27","","NM-08909","0","320","420","","5540","AEE680D1-11F7-1B47-916E-EDA7506884C2","0x00000000002C54EA"
"97D309FA-B322-6F46-81B7-ABF6337190AD","","PP-045","0","30","55","","5274","889F4661-A5B8-6A48-BDA0-EDA8CE30B8DB","0x00000000002C54EB"
"7E526469-3009-40DD-9507-63607F475ECE","406","EB-402","0","108","118","","459","6E978E8D-4EE1-433F-A130-EDAD789ED730","0x00000000002C54EC"
"21FB0E10-147F-4A31-9ABB-15DE6C4E49E2","53","EB-052","0","380","400","","58","0CBB5725-A6F2-444F-AEDC-EDD0B7A0E331","0x00000000002C54ED"
"C50315E6-C2EC-4580-9B57-266791257D5F","410","HS-050","0","40","53","","1221","F320811F-935F-4170-AE8A-EDDC5D7F55F2","0x00000000002C54EE"
"C86E26A9-209F-44BF-A902-5373CD7BFE5C","","AB-0160","0","460","480","","2688","E300825C-2BAC-4E25-B163-EDEB63229677","0x00000000002C54EF"
"6E367730-6533-4EDD-9A38-1E9E48ACD2A7","","SV-0037","0","280","320","","3331","79010AA8-C331-4378-B1CE-EDEFCE540A2A","0x00000000002C54F0"
"9580A9CD-DBEC-4DF9-B3FF-E5890FD0A16F","","NM-24639","0","30","70","","3707","D59AA11D-40F5-4B20-ADBB-EE0EA08A7DAD","0x00000000002C54F1"
"B230C2C5-1885-419C-9B3E-51FFE6F637CA","","NM-25014","0","106","111","","3511","4386602C-7343-4EF9-A09A-EE0FF69A8578","0x00000000002C54F2"
"2E0EB942-D7DA-E541-9226-7D97FD2FF102","","PP-047","0","40","70","","5248","0F86EBA3-7BA8-AC43-AD47-EE1C54F1370B","0x00000000002C54F3"
"D8CAF88A-5DAE-434A-A42E-287153EF1579","33252","EB-507","0","354","364","","584","E74AE1C2-75F7-4E49-83D7-EE2199826DF5","0x00000000002C54F4"
"318EF5B5-77A0-4010-BA32-3EC83D167E64","","NM-09061","0","100","180","","5544","87F0934B-7F75-A744-A1B8-EE52F5A3ED0D","0x00000000002C54F5"
"14B3757E-BF1C-4DE7-9D04-1AD2ADE2F234","","BC-0154","0","225","265","","5125","E9ED61D4-FA55-49AF-AB69-EE6CD91D831E","0x00000000002C54F6"
"A1F47094-2F5B-4E2D-A309-64386AC863DC","","NM-24908","0","180","200","","3608","30F15850-00E8-456D-8FA3-EEB87818CCB2","0x00000000002C54F7"
"108CF161-8AFD-4D34-83BF-C0E3236B196B","33418","SM-0060","0","490","510","","781","58397D6D-47DC-4EF0-A7AD-EED116C47B23","0x00000000002C54F8"
"89CA9D18-6AF4-45B0-9AD1-F1C311FB89BF","","TV-241","0","1000","1200","","3018","7FA0389F-C862-49F0-813B-EEF69A4C6E7B","0x00000000002C54F9"
"B4154C7B-BB6A-44F9-B3A4-5DCC922C6435","","NM-00678","0","500","520","","2896","37241431-9AD7-4B32-B6CD-EF0F1FB3A0E9","0x00000000002C54FA"
"6D2490B9-540B-4977-B3FC-2605E7F8B0F4","140","TV-120","0","64","125","","1058","32B2450D-8776-49B3-A745-EF2E3A24A658","0x00000000002C54FB"
"D3D16546-D556-43A7-B218-6322B8EFA968","33403","EB-686","0","100","120","","734","0378026D-D0BF-4084-BE1C-EF31B4BBCE47","0x00000000002C54FC"
"877CDAB3-6216-44D0-9A0F-956D15CC8126","","NM-05258","0","395","455","","3874","3A3028B5-6A53-4A23-A010-EF3CC4DCEEBB","0x00000000002C54FD"
"3DB12D48-D855-49CF-B14F-3D6BEA0D95BB","","BC-0079","0","360","400","","5015","51D02A77-B2BA-4314-806E-EF554A69152C","0x00000000002C54FE"
"90985A92-1040-45A0-A19E-1C61760369A5","","NM-04199","0","108","140","","3107","552F79A5-F340-4693-83F9-EF5CCA672002","0x00000000002C54FF"
"9265416C-798F-45C7-92AE-5FBD9DCBA9BE","","UC-0219","0","40","60","","2838","CA2E8176-903B-43F4-937A-EF679BC33787","0x00000000002C5501"
"8ECA02E4-6AB3-4F38-ABA4-266B65CE39AF","","NM-24731","0","362","382","","3663","79E35BFC-BAE4-49E9-9472-EF6C1B48054C","0x00000000002C5502"
"3438E7A0-2C5B-4715-A1D3-1B9C9E2B1608","78879","SM-0239","0","360","400","","842","13A9FF14-8513-4773-A82F-EF6DC5CDBBDD","0x00000000002C5503"
"A7C3E101-292C-4979-B50A-002FCE0CE827","33374","EB-663","0","1500","1580","","709","453162A5-FAA1-4A7B-874A-EF6F47D343A2","0x00000000002C5504"
"865A8642-751B-4346-8D7F-9D37C57BC20F","","PB-0028","0","85","90","","3269","9B5F7101-D5A6-4F67-B8FF-EF7E6F1E07C4","0x00000000002C5505"
"177114AE-3AF4-4E2C-B655-4681B4A8D250","","SO-0183","0","86","91","","3181","2F2EEFE1-135D-4EDC-8330-EF896507F4E9","0x00000000002C5506"
"FDF7334A-939B-47FA-AE21-93BF7C10A79F","247","EB-243","0","91","107","","300","71C54C4D-C5E3-4A44-8CE7-EF92033BBEED","0x00000000002C5507"
"B9D804D3-392B-48A3-A28C-8FC180F625C9","","SO-0257","0","45","70","","3261","9FCB27F7-9F2D-475D-A7D0-EFC03A09D6F3","0x00000000002C5508"
"D600E421-C7A5-4B48-B846-517CF9E6F570","155573","TB-0110","0","120","140","","1279","DA1DF621-CDBE-4BCE-8A42-EFED6831C619","0x00000000002C5509"
"EE4402EC-84D8-415F-BE86-69F4F7621D87","","QY-0726","0","120","140","","2991","8608689F-1752-44A4-B0EC-EFFA8C9C6C8F","0x00000000002C550A"
"83B05E6D-FEBC-4AE1-B39B-9739571B7192","","NM-21365","0","400","440","","3830","DEC04CA5-8D91-4883-ABA0-F0029A9EB908","0x00000000002C550B"
"4C80D4AA-63F9-4535-87D4-E0B4A7EC9220","52","EB-051","0","200","400","","55","62BAA2BB-76B0-4186-B625-F01D79D33F3C","0x00000000002C550C"
"9D07C22B-48F0-A840-A7D9-004D5DE5C5C7","","PP-040","0","37","42","","5245","5F900C80-57BB-4544-82E2-F01ED7B699AE","0x00000000002C550D"
"2C348F92-0A9E-44DA-B3C0-3915EBE24C3A","519","QU-132","0","15","35","","1006","49C2ACE8-7977-460C-89C4-F0202DF82518","0x00000000002C550E"
"0117E49E-DABC-4A89-95FF-42A6EFBB8AE7","","NM-01877","0","104","383","","5574","3A865A57-18A0-0042-AC1B-F02C398871A6","0x00000000002C550F"
"BD9AADE8-C1D7-41AF-91CB-6B0500328A84","","AR-0173","0","37","43","","3096","CD29711F-526B-4321-BDEC-F06187837FED","0x00000000002C5510"
"B1C2B354-13DD-41B9-B258-85315C16055F","192","EB-191","0","40","60","","243","45C08CC2-4F36-447F-846B-F0743CC46332","0x00000000002C5511"
"D81F94B1-1D06-4865-8607-589437E68AE1","","BC-0064","0","280","300","","4997","3D38DB70-7C1E-448C-9ED6-F0778F16757F","0x00000000002C5512"
"125CB524-F60C-0648-91FE-F49B25D9A1BA","","AH-012","0","75","115","","5307","F687729E-61B6-F043-9961-F08F5014DDE9","0x00000000002C5513"
"0F7F219A-5263-43A8-A294-BB6E854EE77B","330","EB-326","0","260","280","","404","966F3126-9037-4F41-A807-F0909BC55000","0x00000000002C5514"
"0B3E56BD-E8E4-4A21-ABAB-88FC2265040C","","AB-0065","0","1508","1513","","2608","958CA533-F100-45D0-95B7-F091FB80B732","0x00000000002C5515"
"C115E05C-EF79-4223-946B-446801FD6E90","","BC-0090","0","260","300","","5028","DD7EDF0F-0B1B-461F-8E3F-F0BB7F4C509B","0x00000000002C5516"
"F1E81124-2A22-411B-84D6-43844F662175","","NM-09605","0","120","130","","5563","6B6BFEAA-3127-A84A-9DC6-F0C914A29A28","0x00000000002C5517"
"6188B6BB-6FD3-456C-81CA-C75017676C9B","","NM-26885","0","575","590","","4933","EF4DAEAC-5023-4562-9755-F0D1ACF2E77D","0x00000000002C5518"
"A60AF7DA-CD93-4B7E-A5B8-E80F738D639E","","AH-033","0","303","343","","1588","3809C49C-C043-4A36-A16E-F0D23E28D8FA","0x00000000002C5519"
"0D744B32-F65B-4222-A8A1-57354B619591","","AB-0165","0","485","525","","2693","C999B71B-37D1-4ADC-8A35-F0E1611A8B28","0x00000000002C551A"
"0E130A19-EEE5-45B3-9EE9-B95A483447A2","","SO-0137","0","5","20","","3135","17D2AC35-8EAE-49F9-A838-F0E5739D02A4","0x00000000002C551B"
"453ADD72-E30B-4EE9-8162-AC57EBA817CB","128","EB-127","0","260","300","","160","B572BA42-AEE0-457E-AC65-F119BCF989C8","0x00000000002C551C"
"05996B77-ADAD-4830-AC4D-17C111320698","435","SA-0150","0","470","490","","867","ACDE8F7C-2FBE-47AA-B4D0-F121D3E529ED","0x00000000002C551D"
"D9AD3C7A-DC0E-ED41-8C3C-49C63F5DD83B","","WL-0162","0","174","177","","5512","E87F19D6-C3FB-C349-8D70-F12E3A3D7786","0x00000000002C551E"
"A99B29D2-8222-4792-95A6-36CCBF589D5C","151","TV-131","0","420","460","","1067","A34EBA6C-E49C-4F3B-A63A-F12EDEE1E3CD","0x00000000002C551F"
"61EBBFE9-0F41-4D56-83AA-6D95BE18F0F1","","TV-264","0","110","210","","3019","D76D4609-6AA0-4CC4-A341-F15115AAE4C0","0x00000000002C5520"
"55393A69-D316-41A5-9F62-F4463E7F65A7","","SV-0138","0","400","450","","5212","7D9607D6-2AEE-034F-A142-F152217DA86D","0x00000000002C5521"
"277CF6CE-26CF-43A9-8674-12D658C202FF","","MG-043","0","170","230","","2933","AA376497-0FF9-47AE-874A-F1537099B776","0x00000000002C5522"
"AFD8F3F0-EE0D-48EE-B941-07A39472BCB5","","BC-0134","0","420","440","","5115","6FBE729B-8DA9-4AFF-A03C-F15E273893C0","0x00000000002C5523"
"29DE62E4-ADDC-4E1F-A80B-BEAC5BCA12DA","310","JM-011","0","50","150","","890","DA113724-2745-47A1-A4B0-F1675A56A0E4","0x00000000002C5524"
"42D7A3BF-1AEB-4246-BD66-5A2D0DB1FA08","33352","EB-644","0","660","670","","693","B1FBDF98-089E-4EC8-BF34-F16954443424","0x00000000002C5525"
"A10BDBCE-5598-AE4F-83A9-B94E6D2A6803","","WL-0147","0","750","790","","5491","9A848A42-036E-5243-AE40-F16AF459DC67","0x00000000002C5526"
"76ACF5B3-94BB-AB4A-9E8C-95CE024EC369","","PP-010","0","250","255","","5258","7364640F-992F-A44D-89A9-F181DA9D34F1","0x00000000002C5527"
"82B39893-FCEC-4186-8FA8-B613FB912055","","TC-279","0","60","279","","2146","C124E579-CAA9-4110-941E-F19A8A543CD7","0x00000000002C5528"
"5CEC45B9-40AB-4D27-9E0A-4170ED41C105","257","EB-253","0","110","131","","309","9780680A-CBE3-4503-B7F7-F1C8B8BC82D0","0x00000000002C5529"
"C90A77AC-2112-4D7C-AC57-9CA653C76C39","414","EB-410","0","320","360","","466","A2B5A505-F4E4-4CA1-99CA-F1CB6A5FF75B","0x00000000002C552A"
"C8551EEB-1173-4265-94D4-EC72EEF01936","","BC-0136","0","302","322","","5117","F1BD0403-4177-4CA4-9B7B-F1CFF1EEF9E5","0x00000000002C552B"
"B684F7FD-8B3C-4368-8E2A-F00ED3322BCB","","NM-09228","0","357","362","","5549","83F40A95-FFA3-4049-8CD4-F1EAB051B48B","0x00000000002C552C"
"4892C5A0-C6FD-4968-A60B-08B30E4BFE33","","SO-0166","0","46","50","","3164","FBDE94AE-BFD4-4171-AD58-F1ED1EC5C6E1","0x00000000002C552D"
"3F7A8623-7F65-450C-BF5C-0E947915EB4C","","EB-161","0","684","763","","2926","23613AFB-F2AD-4044-8F02-F1F1B99243D8","0x00000000002C552E"
"066659B4-4588-45CB-9361-0EAA468A8936","","AS-017","0","220","280","","1511","EEFA122B-1F49-41E9-8FBD-F21CDC30F6D9","0x00000000002C552F"
"2AA1FF8C-B555-416F-AC9C-89ACA3579ACA","","AS-059","0","200","260","","1547","C7B4F3ED-E95E-43D7-A527-F22A7058363E","0x00000000002C5530"
"D0CF7085-9782-4F50-B423-766B5B5AA7A2","155557","TB-0094","0","160","200","","1272","67449D9A-8E3D-4F4F-9E20-F24FA52E2321","0x00000000002C5531"
"A0D068DE-EC0C-407D-8F35-3DE5EDBC2D44","","NM-01246","0","259","274","","2801","5F5177E3-98DF-4C3F-B6E4-F2548E992971","0x00000000002C5532"
"CEA0CAEC-49FA-4DED-B7F1-94CF0936D461","","NM-00848","0","232","432","","2910","B71BBA13-E51B-4498-9A2D-F26198D1156B","0x00000000002C5533"
"54A04C97-222F-44B7-8E0D-B3ABE9CDCBD8","","UC-0236","0","80","100","","2853","DCE0DD74-D50B-47DE-B796-F281DB72CC36","0x00000000002C5534"
"8DFDBC4B-F54D-4AE1-BCC1-601A7C2E0448","","AH-090","0","755","815","","1777","C0F68B43-E66C-4FB8-9E63-F29C46B3C9EB","0x00000000002C5535"
"CE9A1685-A286-0940-ACA2-0EE20EF8A3EE","","PC-028","0","180","200","","5333","369B45BB-24CD-9A4E-8F5C-F29ECF3C3EFB","0x00000000002C5536"
"770D871B-A6AB-411D-B2F1-813B85F4FA9C","","NM-03424","0","80","90","","2807","C9BF3975-9387-4FF1-92B8-F2B308E2C06D","0x00000000002C5537"
"5ABDC77D-F41C-4F2A-9FD6-9454832615BB","33333","EB-628","0","797","817","","676","F549E3A7-46FD-44F4-9690-F2B7F9C407D0","0x00000000002C5538"
"81EBC93A-2C08-4BB5-9D05-FDE15E800494","124","TV-104","0","980","1080","","1039","F0FE282F-82B2-4C97-838D-F2CB1BBC3418","0x00000000002C5539"
"0D2A97AC-D0CC-4356-9D20-E5BE5B582604","397","HS-037","0","40","60","","1205","B8B50AB2-8441-491F-8366-F2E97987A418","0x00000000002C553A"
"6A7D3208-6D63-4563-984C-E076706C4CE4","","BC-0083","0","220","300","","5019","3896C176-C907-4A28-920A-F311ECB4B5C4","0x00000000002C553B"
"414FD68A-E4B8-4B48-8664-591B7AFA6E8A","361","MG-033","0","618","638","","927","DDDF7EE7-99C5-4002-8921-F340B00CCA86","0x00000000002C553C"
"FF40E45E-2619-4B48-8489-75F0DBF48249","43243","BW-0946","432","99","999","fdaf","5750","08FA56D0-F810-427D-8DC4-F35B69598780","0x00000000002CF37D"
"71A06967-FBB4-4362-A99A-8B5860F33541","","BC-0008","0","200","260","","3910","B8C40F80-624E-4A01-B014-F39940051B12","0x00000000002C553D"
"34B795EE-B0F8-49FA-A2F2-109ECAF60F29","12","EB-011","0","200","260","","20","40B26C07-2EBA-439A-8018-F3A2FD5FAD82","0x00000000002C553E"
"054EBBDD-3C81-4F66-9FDD-49AB3400A2F5","155569","TB-0106","0","116","136","","1276","40CFF74A-30ED-40BA-B084-F3ABDFE27700","0x00000000002C553F"
"033C9CD3-A3C0-4A27-B8F7-EBA9155B2088","33272","EB-545","0","461","475","","604","FB167E49-9215-465F-A640-F3BDF3F4F0EE","0x00000000002C5540"
"B8432F4A-00A4-45B3-81A4-A3A00040AFDE","","AH-080","0","360","380","","1767","75876178-3B75-4BA5-B903-F3CCADB93F2D","0x00000000002C5541"
"B09CD4DD-AC82-4295-9202-404FB7C8305C","425","EB-420","0","675","710","","478","9FE414B7-0819-48FE-8C3A-F3D04916CCDF","0x00000000002C5542"
"88A8E20F-BDCD-4959-AC2E-0BA07F54E297","442","EB-437","0","300","320","","498","1D43A357-DD9D-4D18-9AC1-F3DB79988AE2","0x00000000002C5543"
"67814F3D-8116-4521-8EB9-1EB6E373C265","301","TV-266","0","40","75","","1172","A2C69D59-AD7B-4483-94AE-F422C17BA458","0x00000000002C5544"
"08299411-2E13-4963-A84B-521EE66B561E","","AH-018","0","520","560","","1573","2F362E00-9901-4B78-8FAA-F42A47777982","0x00000000002C5545"
"5B82C24E-E20B-4214-AEFE-F7B758B0E056","","NM-01504","0","500","520","","3066","E49E0DAD-EB12-4F8D-AF5A-F444D7DC18AE","0x00000000002C5546"
"8FCE66ED-E650-4855-A9F8-3FEBF44E29A4","","SO-0132","0","45","50","","3202","0278B3B7-CE3C-4E3F-A42A-F44F8EC0202B","0x00000000002C5547"
"2EE9DCA9-2BAE-43CF-842B-51E77D7EA95D","","QU-168","0","449","509","","2502","045E8AE2-6F9E-4B1C-84C5-F47B39BD883C","0x00000000002C5548"
"A5CEAE93-333A-4F46-801C-4D391662EB90","","AR-0191","0","14","19","","3097","8DA1DDDC-45F1-47A5-BA2D-F4B3583BE1CA","0x00000000002C5549"
"BE3D2C3A-A4F5-4F0C-9B59-AE51A62A9ACC","","NM-26962","0","280","320","","5098","6AC7BAF9-1443-4D02-9831-F4C30A2FBD41","0x00000000002C554A"
"0940A952-6CD3-41DD-A2F5-8826F7AB866B","","UC-0233","0","268","408","","2850","83D2BA5C-2904-47B6-B516-F4CCFF6C9420","0x00000000002C554B"
"664225B7-B010-44F3-86B6-DE03D6B282B3","","AH-038","0","450","490","","1593","59AC5D00-C309-4A48-BB84-F4D8515A13D9","0x00000000002C554C"
"62A2E57D-F441-4891-A5EC-82AB3AF8AAAD","","AH-025","0","480","500","","1580","0348FCA2-DF9C-4C63-A30F-F4E46EC010A8","0x00000000002C554D"
"EBD2DD45-B6A0-4F30-B249-3716755612BC","","AB-0036","0","460","480","","2584","529ED0F3-307A-44BA-85ED-F4EBD4C029FD","0x00000000002C554E"
"414FD68A-E4B8-4B48-8664-591B7AFA6E8A","361","MG-033","0","518","538","","926","27585B9E-2970-4804-AC82-F5199B554E62","0x00000000002C554F"
"F471F79B-58D0-4BA9-8103-586747B93E33","371","EB-367","0","385","495","","252","4E26B51C-AE77-415D-AFB7-F52CB3F5D01A","0x00000000002C5550"
"108CF161-8AFD-4D34-83BF-C0E3236B196B","33418","SM-0060","0","290","310","","779","6C8B01E9-5E53-4B2F-9FAB-F53198247083","0x00000000002C5551"
"411D4FE4-DDF3-4F33-92A4-9AA23FCDF560","","BC-0031","0","300","320","","3923","8A82D238-76AE-46CF-81DB-F53F91D85F7B","0x00000000002C5552"
"B4154C7B-BB6A-44F9-B3A4-5DCC922C6435","","NM-00678","0","23","38","","2884","4DA39F84-1B26-46B3-AD05-F547D2F2A824","0x00000000002C5553"
"0F7627E1-11D6-4DBA-9C0B-C551425F9B1A","33540","SM-0073","0","160","220","","1232","74B225DA-9BB6-4899-B6DD-F551D216BB98","0x00000000002C5554"
"25A22480-44AD-4551-9604-2088498694DB","","SO-0159","0","46","50","","3157","40E683BD-10EB-4364-8AB4-F55ED3BC1414","0x00000000002C5555"
"E7E43180-3A1C-4BFC-A707-2380A234774F","371","QU-042","0","165","225","","958","1B7FFE43-ED00-4492-903B-F56169F3EA11","0x00000000002C5556"
"583982CE-8099-4A39-8832-FC73A1B8480A","","AB-0206","0","360","852","","2726","6C42CC48-B05B-405B-8FCD-F568B9092919","0x00000000002C5557"
"78EC166D-744A-4496-BB8E-FB4B19B00966","33412","SM-0054","0","15","50","","776","1F302CA0-F291-44C0-A49E-F57BD615CF4A","0x00000000002C5558"
"3AE580C0-372F-4A4E-A896-29FD43CA2A7A","","NM-26341","0","175","242","","3792","F8F8FB81-66C7-4923-8D35-F5D27D752E03","0x00000000002C5559"
"22E9769D-3B17-4FF5-BEDA-2DEB3F6A9DFE","","AH-010","0","120","180","","1567","05E455CF-D148-4017-BA6A-F5E8EE2AD069","0x00000000002C555A"
"9EFE695A-FF93-47E8-9FD6-432FA49892D1","33313","EB-609","0","1290","1310","","658","1B029D95-AFEC-4E3F-BD78-F5EF424786D6","0x00000000002C555B"
"F2F0B4C4-0C9D-2B4E-97F8-EC08E15C0D98","","PC-056","0","100","120","","5358","AE5B2DA5-0919-5249-9D78-F5F0933334FA","0x00000000002C555C"
"187E4060-1402-471B-ACE5-50EEDA7B4848","","NM-02227","0","110","213","","5599","172595B4-5884-6B4E-BF61-F6190F01C054","0x00000000002C555D"
"6E88628D-A493-4429-94CB-08E1A12A8044","","NM-26525","0","36","44","","3801","8A41AD59-47CD-4689-AB44-F627A9B06929","0x00000000002C555E"
"89CDC273-80FB-4B15-92F9-119153D44396","","QY-0494","0","0","102","","2976","1DE6DA27-1693-4F0B-BF19-F62C745CDAF6","0x00000000002C555F"
"FDFE189F-20B3-4C48-9884-F0849130EF44","","WL-0072","0","530","690","","5749","9DBBEE2D-658E-8245-8D4A-F62D981FDD70","0x00000000002C5560"
"6EB2CE3E-75E9-4897-9FFD-5FE61DBE0573","33291","EB-588","0","680","780","","632","F2395482-D098-44B5-8826-F65A0FA28CCE","0x00000000002C5561"
"5210B475-DD5C-4A4D-AAE1-34A25C468E83","422","SA-0136","0","118","138","","863","2F97F82A-B5C7-45FA-B775-F6B0D21A4877","0x00000000002C5562"
"B1D222DD-43E9-4F3F-91EA-E4979C0C3497","","NM-01388","0","266","282","","3040","0EE55514-470B-4427-89E4-F6B45B36403D","0x00000000002C5563"
"81393C84-599B-4252-8ED9-7E24BDFD8D54","","NM-24871","0","21","46","","3627","44C501F7-829F-4D7D-AF4C-F6CF55675A18","0x00000000002C5564"
"6D6D36C0-2317-45DB-8FDB-6B4699BD2051","347","QU-019","0","60","120","","948","5EC2C946-2CD3-4466-BF50-F6DDC2495440","0x00000000002C5565"
"102A58AF-CB5F-4E7C-8B60-C6E708DCD3D0","","NM-01374","0","345","385","","3037","76A103AE-D4F2-416E-8D32-F6ECFD7F7FAA","0x00000000002C5566"
"BBA47012-2516-47BE-8AB6-3D433F81803A","","SV-0074","0","380","400","","3371","A8E4A2A4-D1E8-40A7-8B2F-F6F9AD49DD44","0x00000000002C5567"
"5C79A4E4-CAC5-43F9-B8D1-40C96C6B0104","321","SA-0081","0","310","345","","852","782FF608-057E-46F4-A038-F706B9A6EAFE","0x00000000002C5568"
"1A8C45D5-0BD1-4895-8C26-9AFA661A695E","33415","SM-0057","0","220","280","","778","FBA77DDC-9D1A-42C5-87AA-F710B38896CF","0x00000000002C5569"
"57D88A14-271C-F147-A37D-128EB2E25B2C","","PC-110","0","260","280","","5400","46784978-A63D-CC45-ABEA-F715682F872D","0x00000000002C556A"
"491EE5C2-F7F7-41B0-93F9-C493A0128BCC","","BC-0179","0","500","520","","5149","D057FBA3-2446-44B6-84A7-F72DBE46CF55","0x00000000002C556B"
"BAF89B3C-F39E-405F-8FB4-3E37E88E8618","","SV-0003","0","165","185","","3287","39C5432F-C948-43F5-A8AA-F735BA1665B2","0x00000000002C556C"
"4A732948-4995-4BA1-8F98-45E20E3DCABD","536","QU-149","0","153","158","","1021","B4C77088-8262-4045-95C5-F73804C334A3","0x00000000002C556D"
"8743BA6D-EDF1-46A6-99D4-C38DE1EE10CC","362","EB-358","0","1137","1157","","427","4EC4029B-1FFA-40AA-8546-F74A4CA26D1D","0x00000000002C556E"
"53FC7947-31F9-4677-97F9-D83EAEF18693","","NM-03425","0","30","40","","2808","BE633F7B-059F-42EA-B25F-F752A50294E5","0x00000000002C556F"
"D5C2458D-6883-4753-9C89-074C2475C6C6","","AS-061","0","220","260","","1549","201F49A8-B3CA-448E-BEB4-F77496A31523","0x00000000002C5570"
"3BBD0EC4-0A1C-493F-ACC3-D7BF3D17F0FA","324","EB-320","0","160","200","","395","3008F071-F7A2-417C-BC2D-F77F77B985E2","0x00000000002C5571"
"4FF7ECB3-871E-AA4A-99AD-E016F2E73060","","DE-0013","0","80","98","","5661","59B949D3-769D-5F4F-8E4A-F784BC06ED9D","0x00000000002C5572"
"B1396814-B99B-4C4E-B6CE-F192BA466C1C","","SV-0122","0","200","220","","3424","E83FC314-5270-46CF-869B-F784DFD0F438","0x00000000002C5573"
"EA80F27A-28D0-4CF2-AB7E-2BFD286B57C9","484","EB-455","0","209","223","","517","DD67F247-FEB1-4E90-AF02-F7A0E65678E7","0x00000000002C5574"
"952B4D0C-560F-4C12-90CC-F98B85E5D227","","NM-26340","0","425","750","","3791","434F89F5-C8DD-45C5-9F67-F7C4ADFEBE31","0x00000000002C5575"
"D78C0730-771A-40C8-8171-B70F37CE7859","243","EB-239","0","370","398","","295","0C7D60D4-B70E-4F73-B08C-F7E0BD8A6E2D","0x00000000002C5576"
"8A209CB7-0011-410C-A286-3C9742E50C58","","NM-23599","0","363","420","","5295","C5EA3862-2D01-004B-BD3F-F7FAA73BAAC9","0x00000000002C5577"
"6AF24437-33C4-45DB-8165-49DB55740E44","","SO-0191","0","4","18","","3189","1BE094C1-42BC-4A3A-BB01-F8048857E1E2","0x00000000002C5578"
"FF253173-CA88-40FF-BEFD-41B658462F86","","AB-0022","0","425","845","","2574","B59D105A-27A5-4746-B3B3-F817D09D1D35","0x00000000002C5579"
"57FED340-907D-44E3-9046-BDC067B509E8","","SO-0157","0","45","50","","3155","DE82BB16-B5A3-4395-A6D5-F830567930CC","0x00000000002C557A"
"1A86962E-DED1-4AD2-BF16-B9952760358B","33311","EB-607","0","230","330","","656","8E5A09E3-AA32-4570-B626-F83C1D77225C","0x00000000002C557B"
"129E3113-9AAE-496B-8180-EA4CE8E1BCB4","","NM-00770","0","365","385","","2904","B0CF1DBF-9AE2-4A5F-8318-F84A548559F1","0x00000000002C557C"
"C7C3D5C2-92D9-4988-B7C5-9B5F9444C1B6","","AS-008","0","240","320","","1503","C001A4A7-C6CF-46BA-9702-F8649A0A4E54","0x00000000002C557D"
"9C43EC08-86D5-44EE-8FCA-8F63CC39BEB3","139","EB-138","0","500","580","","171","FE029786-1368-4D6A-84D6-F86AA50CFCC8","0x00000000002C557E"
"D7C49030-4FB5-471C-983E-579AA47C5838","10","EB-009","0","240","300","","18","D1F300B3-CE6B-4937-AECB-F8931FA631D6","0x00000000002C557F"
"C34E52A0-342E-44DE-9EA9-CA2AB991E688","276","EB-272","0","603","605","","331","284228CD-F6A4-4BFB-BC2E-F8A81E662E35","0x00000000002C5580"
"01B52B25-88CD-4A1F-AA10-C08F9F0F215D","535","QU-148","0","50","55","","1020","2CD07123-AB0B-456F-9CBC-F8AFC1898E30","0x00000000002C5581"
"84354BF9-80AF-4845-9922-FED592D0253F","","NM-27235","0","815","830","","4978","54718BD0-3C27-44E5-AC58-F8C8B2748122","0x00000000002C5582"
"55C2F4F2-51AB-BF43-8353-6EBAE5C2DCAD","","PC-060","0","320","360","","5363","3CBDF835-67DB-454F-A570-F8C9DD2AC3DF","0x00000000002C5583"
"F009BA6C-CF9C-4F8F-A7EB-F0CA1C13B134","528","QU-141","0","8","29","","1015","33B72893-8F3A-45C5-829E-F8D8369E24B3","0x00000000002C5584"
"7E0BB3FB-29BE-4605-8376-6402080BA95D","185","TV-165","0","90","120","","1090","72D78504-276D-41AB-9305-F8F1FFF1EDCF","0x00000000002C5585"
"1C25EDAD-0B30-4B82-A552-896F9AC94FFA","104","EB-103","0","142","147","","127","EF58B5A2-3F29-4418-B883-F8F921EB0326","0x00000000002C5586"
"4A2ED905-977E-504F-A063-0F56A50F9F77","","PC-017","0","295","305","","5323","AD134C19-AE02-1F43-9B19-F8FF303B32FE","0x00000000002C5587"
"D3C97BDA-52A2-40F8-88D2-9D1ED8D78A4C","168","EB-167","0","660","800","","206","D790C15A-2737-4847-B493-F905C67C2B63","0x00000000002C5588"
"39179CFA-9EA5-4095-A0F7-65E7D93E629E","60","EB-059","0","600","800","","69","D2CC6A63-3DC3-4D1D-9272-F917022ED316","0x00000000002C5589"
"03FDADC7-A482-49AA-B42F-42098ABFC02B","","BC-0230","0","150","200","","3529","EF0FA812-A9FA-4B32-8FBD-F95472242C2E","0x00000000002C558A"
"EF0DC739-0BA5-41D8-8D0E-7FF7FBCAF8BD","","BC-0002","0","300","360","","3886","C70344F9-6C20-43EA-8798-F997FF0C8B62","0x00000000002C558B"
"01535DFB-D713-244F-A9A1-E04B9ED102DD","","WL-0286","0","147","149","","5729","ACB467F0-6C8A-FD45-B637-F9C95AE714C2","0x00000000002C558C"
"DD897F76-810E-41F1-BE23-E66375A98384","416","EB-412","0","490","510","","470","CE7B8915-CF7F-4A54-88B6-F9CF11B28021","0x00000000002C558D"
"5CF2D720-B0BB-4D2F-BF8E-B74E031BD14F","","BC-0161","0","205","225","","5134","7D546896-0E74-4DEB-9330-F9D10B9D482A","0x00000000002C558E"
"FEC4574A-FC18-49BF-AD99-49BD1EF380B2","295","EB-291","0","560","582","","362","9E5D4733-510A-4F2A-82FD-F9D8D16DFECC","0x00000000002C558F"
"C96202C7-653E-4B1A-9BB6-B075CC3C99A5","","NM-21131","0","305","345","","3816","CE2289B3-3A8D-4020-9077-F9DB624A509F","0x00000000002C5590"
"E34F58B6-6F16-4694-9477-235503BA8539","","NM-25000","0","98","99","","3561","80F888EE-F7DC-4ADD-853F-F9DDB878DE54","0x00000000002C5591"
"0A8652F3-1F36-4AB6-9374-D2E8D474FE2D","78882","SM-0240","0","583","625","","843","9260A78B-267D-481A-BF65-FA19D510B302","0x00000000002C5592"
"941EEE06-D4FB-4A1C-9A46-08021E73B00E","","BC-0171","0","500","640","","5141","31B09816-4033-4EAF-B4B4-FA1C40AAB139","0x00000000002C5593"
"CEA00D03-202F-4D2C-B943-2754BC179C33","155476","TB-0018","0","340","400","","1243","43E3C394-49F0-4824-AF9E-FA28D7B2410F","0x00000000002C5594"
"DC26922F-FC81-4428-AF4B-528D8C763745","282","TV-248","0","160","180","","1158","37C502BE-9E24-456E-845A-FA2E38C9046A","0x00000000002C5595"
"8C3B82BE-8FD4-45D4-A6EE-F1C1B5D7DCD6","284","EB-280","0","240","280","","341","87170FDB-E8C3-4AEB-8B8C-FA4D9C54AFBB","0x00000000002C5596"
"311A6F19-D19F-4852-99E0-5A97E07FD523","","AH-036","0","297","347","","1591","75903A1C-7387-435B-ABD1-FA6700F446F8","0x00000000002C5597"
"FEBA2C3F-832A-4B53-B4B0-CF7F6689B6C5","","SV-0118","0","380","400","","3418","6D57BDFA-AE6F-4740-AC13-FA7157216401","0x00000000002C5598"
"00030781-EB8A-4356-BA81-2F872A7FB48B","403","EB-399","0","120","150","","456","D1218912-7345-4D92-91FA-FA76CE9F454C","0x00000000002C5599"
"A091899E-6364-4D32-8414-9BF6081A51D6","152","EB-151","0","313","353","","184","596D1890-9532-4FEB-850B-FA7D8B3D3F64","0x00000000002C559A"
"72232B4F-DF27-4D19-9261-00EFE4C3211B","537","SA-0309","0","760","800","","881","D3D8A078-BF0F-4540-80C8-FA86BC3DF13B","0x00000000002C559B"
"39C153D9-DFF2-42EC-91AC-2ADEB4561708","","NM-24961","0","284","301","","3585","07A05E4E-5E65-4EB2-BB97-FABAF037B5AE","0x00000000002C559C"
"8D033064-B3AA-4F56-8637-AF2E62191A77","","AH-061","0","560","620","","1748","1F2B80A5-A2CC-4786-8E8C-FAC13D2B2DE8","0x00000000002C559D"
"590DB116-9ED9-400F-B313-CC05BA6AFD35","","AB-0140","0","800","1435","","2674","078ECF5D-4329-4230-8D16-FAC3A6CE7AA2","0x00000000002C559E"
"C44F807E-9670-4117-B561-8C9891B27FA2","","QU-167","0","62","77","","2495","A6379702-A651-4F09-95CA-FAC6AFD817AE","0x00000000002C559F"
"5F8D0B2A-02E9-4793-9238-935CB23CB587","","NM-24656","0","194","209","","3695","D09BE1E0-AE43-48FA-92C7-FAE298CE07F1","0x00000000002C55A0"
"5A8AF12E-4CC0-F64A-9DA1-C10083817B21","","PP-034","0","7","28","","5270","21E93056-848D-DB49-9CAE-FAE5586E02CF","0x00000000002C55A1"
"CBCA0833-DDD2-498A-B5EF-A9E54F8E4F6A","","AB-0108","0","185","195","","2646","0C57235F-1E14-4DFD-A464-FAEC3F60789F","0x00000000002C55A2"
"FD0D72F7-64D4-471D-852F-1FD409E906B1","","NM-26923","0","386","708","","5070","BB272FA3-915B-4737-AF5F-FB02923CD117","0x00000000002C55A3"
"98BE9901-127E-4AC0-A6CF-D25106CA9627","","AB-0159","0","264","996","","2687","6C01A267-640D-4FC7-98CC-FB0646ECFC4C","0x00000000002C55A4"
"FCC66EA5-46CF-4C01-A565-2BAD38B90D94","445","HS-063","0","0","99","","1210","C34D6FEC-D075-484D-A560-FB198463B165","0x00000000002C55A5"
"406319A6-57F5-4120-82FA-7BF5EF5A82A3","78904","SM-0253","0","40","60","","1235","9B822437-B45F-4237-ACCF-FB2064384772","0x00000000002C55A6"
"D7E19BAA-84B7-4E36-95AF-CAEE2E8AEDA1","337","EB-333","0","80","120","","413","6720DAD2-7961-4A41-AE4E-FB20AF6683BE","0x00000000002C55A7"
"EA199671-4F25-4B8C-B567-D4885B1694A1","291","EB-287","0","440","468","","352","11B3B59B-F75C-4435-AFC0-FB3DCEC26099","0x00000000002C55A8"
"30A04A76-0676-4484-80EA-120679068D1E","","NM-24747","0","56","61","","3653","18E56E44-6E92-4693-BD14-FB4CAE95C1B4","0x00000000002C55A9"
"3B7C8053-0151-410F-86E9-799C32E6931E","158","EB-157","0","305","325","","191","8438A81A-BBBC-41B8-B22B-FB4CC650DC86","0x00000000002C55AA"
"0F4C0D7A-9584-4D9A-A754-A195CFD212D6","","NM-25067","0","416","430","","3489","ACE98279-339D-483F-B99A-FB510110D4C8","0x00000000002C55AB"
"194FB67A-CC55-456F-ABE2-0EDD2EACFF65","33314","EB-610","0","380","440","","659","423063B1-4658-4BA2-84AC-FB7E2AD5DB64","0x00000000002C55AC"
"A6D35286-68B9-4F6A-BC67-1877EF0563E7","408","EB-404","0","135","148","","461","5A4567F6-47BD-40ED-91A3-FB807C013427","0x00000000002C55AD"
"009626EB-D392-4996-9E49-A3D4DC47AF01","","AR-0213","0","440","500","","3570","5AFAFF43-A9F1-43E6-9D72-FB9BB3E2D877","0x00000000002C55AE"
"B055AD39-F423-4FB6-8462-6226EAD5194C","","SO-0258","0","4","18","","3262","92F78F41-48DD-404E-8D2C-FBA57A6A68B8","0x00000000002C55AF"
"D86EE586-0223-43C9-8C1E-7B6903F08840","","NM-01418","0","220","260","","3047","98D7AB70-E6A7-4467-A95D-FBA840C04497","0x00000000002C55B0"
"277D6630-FD7D-42B1-AE22-DF78852AED5B","","TC-305","0","300","400","","3786","1139D30E-023F-4DBB-BB3A-FBA8CA71CAE2","0x00000000002C55B1"
"6C5D62D6-50C1-4AA6-A3A1-41215106165E","78869","SM-0234","0","240","260","","838","9CAC8007-6AE1-458D-A5FE-FBB6C4927B86","0x00000000002C55B2"
"3201FAD8-6633-4508-A825-5E7D1AB4043B","","BC-0098","0","139","179","","5035","79E0FCC2-A4F8-40CA-BED2-FBBB2A546FA1","0x00000000002C55B3"
"3BAA4A2A-74A6-498B-802C-23231BA1E03C","33296","EB-594","0","760","780","","638","7EDC6BE8-3F4E-4AFE-9D84-FBBC0ED80B12","0x00000000002C55B4"
"1E6F6A6F-0887-44DF-96D2-D2909DBA94B3","","NM-25025","0","600","620","","3506","C69FE8D2-E3FD-4EFD-8B21-FBD1FD82E1B9","0x00000000002C55B5"
"8C5953A0-D364-4A5A-B2F2-44BFEDC556BE","","BC-0164","0","270","290","","3276","A12795C9-85B2-475C-9C81-FBDCFDDE3436","0x00000000002C55B6"
"26A57626-C063-4EE6-907D-C8952EB20C68","","AH-102","0","500","555","","1789","541B41B1-8D47-455F-9141-FC06791C4A97","0x00000000002C55B7"
"007D543A-1A75-4C95-9AC9-3E3B4108D751","155590","TB-0127","0","60","80","","1285","0A26C098-4DC9-4DE9-A9DE-FC22468D1564","0x00000000002C55B8"
"157DE72B-6859-4195-92DD-516A5F34B4A9","37","EB-036","0","81","85","","38","8AC876B0-BC2C-41E5-AFD6-FC2571C4768C","0x00000000002C55B9"
"59EDEB19-932B-4704-A5C7-E0FC92DD7E4E","","AB-0136","0","139","144","","2670","89FF403A-CD74-4CB5-8F60-FC30C6FD2311","0x00000000002C55BA"
"D5A9AB04-66C2-49E7-A48A-50022C82F1C6","","UC-0212","0","50","90","","2833","6DEFDFEE-40BC-47E3-8AFD-FC4F1AC09813","0x00000000002C55BB"
"53DE0B95-0141-48F8-AF87-2E6498D2C402","","NM-24620","0","220","235","","3711","C1702F3E-75C8-48E8-AD73-FC5F01373CFB","0x00000000002C55BC"
"5465A226-ABBD-4399-96AD-3FD6B82AD329","33215","EB-563","0","410","425","","610","477A6107-4B12-45D5-B197-FC6D228AD299","0x00000000002C55BD"
"C11687ED-ED25-46E9-8411-9AC83BBC10B6","","NM-03332","0","94","99","","2816","4BC0FFF0-D9D0-4AF2-8336-FC6DE6A4C1FE","0x00000000002C55BE"
"5D60A341-18D6-4300-A4FD-9867A256ECFC","","NM-24645","0","240","280","","3703","5641EB0D-9C09-4F2E-AB6D-FC7BD11A7444","0x00000000002C55BF"
"8C7E194F-20D9-42B7-BE86-B18DC27B54A3","218","TV-198","0","400","480","","1115","4F8F3E15-34EA-4538-90EC-FCB5BBF6E43E","0x00000000002C55C0"
"7C5BDF78-605C-4F30-AA6B-2CCB658EA15F","","NM-24939","0","220","245","","3589","2C9378D6-257B-4ABD-9BF9-FCCB8AE56F88","0x00000000002C55C1"
"5465A226-ABBD-4399-96AD-3FD6B82AD329","33215","EB-563","0","446","506","","609","79A23D7D-24C7-4698-8135-FCD49DCE3A27","0x00000000002C55C2"
"2E8F6AB3-DEFD-4DE6-913C-F2C3344867CE","452","EB-447","0","400","410","","511","92591B63-D5C9-4E41-A383-FCD8DECDDDA4","0x00000000002C55C3"
"0E60F36E-AE8F-436E-B622-331EF968A41F","","NM-24975","0","116","137","","3575","C837EC7D-A1DE-4297-B3CD-FCD98254E046","0x00000000002C55C4"
"4284699F-8A98-4114-B988-8DA78E4A6150","","AB-0106","0","990","1010","","2644","2E9E2CFE-5E94-4597-BB95-FCF0D29787BC","0x00000000002C55C5"
"947F716C-94AE-462D-99B2-9835742750CA","169","EB-168","0","740","760","","209","01EE492D-E703-4F1F-9E4A-FCF69ED9D4D9","0x00000000002C55C6"
"24987D28-CF86-7548-9149-FA6289EDC2AB","","PP-060","0","7","25","","5283","0C1A552D-6D1D-F042-A7A4-FD132D0EDFBB","0x00000000002C55C7"
"53A01440-56FE-40B0-808C-ED8D22AD288D","","NM-21428","0","460","480","","3839","907FE3CF-E699-4A1C-BC14-FD19F36238E3","0x00000000002C55C8"
"D1619517-9085-4AF6-AC1F-507DAD9CDB83","","AB-0227","0","750","770","","2741","57FFF1F9-F370-4354-995A-FD2C6E868543","0x00000000002C55C9"
"855BC954-3D5B-41C5-8574-7716B6A6DBCB","437","QU-105","0","90","215","","974","6ADFA21F-2C50-472B-8584-FD4F386CF2F2","0x00000000002C55CA"
"CD3B6B48-E44F-469D-B05F-9255C68E6E0E","","SV-0063","0","150","170","","3362","509C8834-1236-494D-B05C-FD5915D26F3E","0x00000000002C55CB"
"D3A92432-2016-43AB-A437-CEFCFD24E8C3","","AB-0196","0","60","240","","2717","8A26B38C-F066-4E06-B82C-FD5A587DDA7E","0x00000000002C55CC"
"9B35932B-003A-412F-8A6C-EAE8B0A05863","33378","SM-0032","0","80","120","","1229","3AEDB146-E056-4B59-9BC6-FD80223EC068","0x00000000002C55CD"
"8F15C914-CC42-44B7-A2B6-C379C5684241","8","EB-007","0","122","144","","17","9A5D9B5C-3420-4204-AF50-FD86A5659719","0x00000000002C55CE"
"68B92FA5-7CEB-45A3-AB70-FCAD52BE5F92","","AH-077","0","380","420","","1764","4FA7E2E4-B091-4003-9800-FD8A973DC163","0x00000000002C55CF"
"BB3CE71B-511A-4F5B-8C06-31BCF40EC232","155461","TB-0001","0","50","300","","1237","D3BAF658-9B97-473D-B3A7-FDB89D8FBF07","0x00000000002C55D0"
"F22EF8FC-CE7A-4B36-8BFD-61668703CBCA","","SO-0178","0","44","50","","3176","CFD16F5C-C5DA-4408-9428-FDB96A490E7F","0x00000000002C55D1"
"33FA9BB7-36DA-45DA-A246-7F29270259C4","","NM-26943","0","272","472","","5300","8825BA7C-4D71-624B-9933-FDCF97BB101A","0x00000000002C55D2"
"36F7E176-1CC0-420F-AE80-32D3038EBC7F","155738","TB-0233","0","0","200","","1308","B1B41B01-0CB0-4819-ADC9-FDDDE3EDAC40","0x00000000002C55D3"
"FC72583A-2F30-4F70-906B-466A360A6B89","423","HS-007","0","487","507","","1217","80429976-587F-4687-A720-FDE2E8475172","0x00000000002C55D4"
"28D62B0C-ADAF-4DE3-BB59-B92DC81890B8","","NM-26548","0","220","250","","3802","F9CB7C49-7AC1-4DE1-A735-FDF5B6B00FA9","0x00000000002C55D5"
"2D5D644D-6242-AF4C-A494-996A44076FAA","","PC-048","0","95","105","","5350","73E8E056-A3D1-1E48-A458-FE04D40E56DE","0x00000000002C55D6"
"B0E3A7E3-781F-4A3B-9D8B-88E113413391","","SA-0225","0","160","400","","2855","A78ABC45-42F8-4299-966E-FE0EB3EA6E96","0x00000000002C55D7"
"8BAA1DE7-BF79-42C4-B550-8E52D3593132","","NM-00845","0","70","285","","2909","98CCAD80-76C7-4669-8ECB-FE2CC5E6C913","0x00000000002C55D8"
"87D00501-C53A-4E3E-9955-9A03BDF03F27","","NM-08909","0","860","980","","5542","7A09F716-BFCA-304C-809F-FE3D848FA670","0x00000000002C55D9"
"A4337B54-DBE6-45F8-B3B6-13DA810B1C98","","NM-00808","0","100","105","","3749","96F08D89-DC54-4B32-B86B-FE3F3A6A91B6","0x00000000002C55DA"
"9295A19B-840A-49C5-B167-29001573F0F3","395","EB-391","0","240","260","","448","5DDD6316-9967-4225-8C72-FE4868F95287","0x00000000002C55DB"
"B2217473-1644-47A3-BADB-07CCAB557587","422","QU-087","0","269","289","","988","F00DD27C-F562-497B-AAF3-FE4B4C25C850","0x00000000002C55DC"
"C7F8532B-A6DA-4A38-870C-55953E4689FC","306","JM-007","0","450","500","","887","98ED90A6-8FED-4DC6-8E4E-FE554FE054D8","0x00000000002C55DD"
"3DB12D48-D855-49CF-B14F-3D6BEA0D95BB","","BC-0079","0","300","340","","5014","12CF29B2-C17E-46EF-B4CA-FE8EB8CD9295","0x00000000002C55DE"
"3A1EE303-F916-A541-89FD-55F796B5E276","","NM-28272","0","355","435","","5430","357C173F-D717-C449-8E17-FEB4F5EB5387","0x00000000002C55DF"
"C95DA221-68C7-455D-BDE5-D2F40B09D3D6","171","EB-170","0","76","210","","211","7D17D128-7D77-4EAD-8CF0-FEB9F0DFB11C","0x00000000002C55E0"
"F6720734-566E-4B1B-8FBF-D8DC28E354D9","294","TV-260","0","235","275","","1166","E352C709-C6A8-424C-BB24-FECC696449C3","0x00000000002C55E1"
"A4C24A6C-0DCF-4423-903C-A24E0E483A07","","AH-062","0","480","520","","1749","79F78239-CDAD-4CD1-A5F0-FEE04A912A0B","0x00000000002C55E2"
"16DC3A3A-1DAB-4013-860F-A1E8CFBC003C","","SV-0117","0","180","200","","3415","BDB22CDE-65FA-46F3-85F9-FEE5039F8F6C","0x00000000002C55E3"
"635D7861-97DE-4053-9994-C36552172C60","","TC-256","0","90","125","","2129","B972C675-5710-4FA6-8B16-FEE7549C3126","0x00000000002C55E4"
"E63D3D8F-C471-4699-92A2-45BAC2E1814E","","NM-01417","0","93","94","","3045","95F867DE-E877-46C4-AA93-FF23474ACE99","0x00000000002C55E5"
"FA599519-55F4-47EC-9736-F33FE1F375D5","","SV-0014","0","230","268","","5183","2A86171F-18B0-F440-94BA-FF339E0D3F31","0x00000000002C55E6"
"303B58BE-CC39-40A3-A3BB-73BB7FEAACE5","","NM-25081","0","700","760","","3483","077D1C28-73E1-41ED-96FC-FF3445D1B1D6","0x00000000002C55E7"
"1C4DE8FE-049D-444A-8EB3-E48DB94D24F0","","NM-23307","0","150","225","","3285","3FC3C10C-2FEB-4ED7-BE51-FF385684EE58","0x00000000002C55E8"
"D9F1E745-ED28-4CAA-B736-E06DC83958D0","","BC-0158","0","240","280","","5129","79671CD3-E28F-4936-BF6D-FF49D31F860F","0x00000000002C55E9"
"9B88A9FC-9B41-49DE-AE37-8DFDDE9EECA5","","NM-25023","0","114","115","","3510","C3C1A1F4-62BE-4474-87BB-FF5EC987307B","0x00000000002C55EA"
"EE5D56D8-5085-4010-97BF-614F4C93E13F","","NM-24826","0","326","341","","3634","9DAE59E2-0E5D-4C1C-AF68-FF60EB176E42","0x00000000002C55EB"
"FBF0E520-4521-4529-85DD-03CC008819C1","","AH-001","0","360","400","","1609","015C96AC-20BB-47B0-8F9B-FF7A6E25D960","0x00000000002C55EC"
"FC6F1528-1257-AD42-B18A-182B8D5E2053","","PP-070","0","30","50","","5287","26E15C2F-65A0-0946-BE6B-FF8F6E8D0B96","0x00000000002C55ED"
"C463AE72-E64D-4D06-84D8-068AC1554AC3","155528","TB-0062","0","12","190","","1260","D4D109AE-65C0-4B91-905B-FFAF6F29A699","0x00000000002C55EE"
"491EE5C2-F7F7-41B0-93F9-C493A0128BCC","","BC-0179","0","460","480","","5150","7CE4F5DB-C625-4444-BF3C-FFC15BC50C19","0x00000000002C55EF"
"4F2B9ED4-2B2F-46DD-B595-A4FECB8CF5F1","","AB-0135","0","572","1412","","2669","4072AAF1-FA4E-4E42-AC07-FFC233233C57","0x00000000002C55F0"
"168A3F47-9FD1-4347-B1C4-33C73BA59217","264","EB-260","0","280","290","","319","A7C94F48-F052-4C09-BD64-FFC6E40DE6E5","0x00000000002C55F1"
"2510CE1B-AFF0-4B10-912A-72D09B78EB48","34","EB-033","0","160","260","","34","3354EB8F-8E3C-42AE-B1C8-FFD0DB20C9D5","0x00000000002C55F2"
"9517345C-C67C-4CBB-822A-F9A5550D0FE5","","QU-072","0","28","78","","2278","75DB112E-73BD-401F-B120-FFD6BE594923","0x00000000002C55F3"
"1AF2D0AB-15B6-4E2E-AF9B-394E068D6EE1","","NM-01465","0","99","100","","3063","9AF95E70-5005-4E32-ADB9-FFDD4F28E6EB","0x00000000002C55F4"
"2E0BF6A4-781D-4E46-B736-3DC01395A87A","","WL-0145","0","155","160","","5490","740B975A-9CC1-F545-BFF9-FFE15BFAC4F6","0x00000000002C55F5"
"44F90235-404A-4EEA-9578-39BFCA3558E5","33594","SM-0085","0","72","150","","804","5E6CC938-115C-4597-9325-FFF405A511D7","0x00000000002C55F6"
"0DC1DADB-1FC3-411A-B1C9-88FA7893316C","359","MG-031","0","225","325","","922","CCF77C6C-F88A-4AEC-8598-FFFA4D20F09F","0x00000000002C55F7"
"6B81C7C1-AE7C-6B4E-97EE-536822FC7E1D","","PP-014","0","106","126","","5259","E9F0F127-062F-1A4E-B2DA-FFFC4F5E62C0","0x00000000002C55F8"
