LocationId,WellID,OBJECTID,PointID,OSEWellID,OSEWelltagID,HoleDepth,WellDepth,DepthSource,CompletionDate,CompletionSource,MeasuringPoint,MPHeight,CasingDiameter,CasingDepth,CasingDescription,DrillerName,ConstructionMethod,ConstructionNotes,AquiferType,AqClass,FormationZone,StaticWater,WaterNotes,Status,CurrentUse,StatusUserNotes,MonitoringStatus,OpenWellLoggerOK,MonitorOK,SampleOK,DataSource,Notes,MonitorGroup,WellPdf,MonitorStatusReason,HydrographInterp,PrimaryUseSite_USGS,PrimaryUseWater_USGS,SSMA_TimeStamp
701B8774-F6A9-40C8-BF98-057ED5D0119F,F12017A4-8F9F-4E1D-B947-009461A29361,31986,QY-0940,,,44.0,44.0,R,1946-01-01 00:00:00.000,R,WLs reported bgs. Entered zero for mp height for calculated fields. Actual MP height may not be zero.,0.0,0.4166667,,,Driller_7081fe79,,ConstructionNotes_ac859d06,,,110AVMB,,WaterNotes_cfa1b7ae,,L,StatusUserNotes_6f35cbb3,,0.0,0.0,0.0,"GW9: Groundwater Resources & Geology of Quay County, NM (1966) Charles Berkstresser, Jr. & Walter A. Mourant, NM Bureau of Geology",Notes_395ea758,0.0,,MonitorStatusReason_c9915973,,,,0x000000001FF5CB5D
A5BD83FC-BAC7-4FBA-814D-004F06CAB411,C9048929-69E0-40D9-89E5-009E912E9ECD,18992,NM-15515,,,,190.0,A,,,WLs reported bgs. Entered zero for mp height for calculated fields. Actual MP height may not be zero.,0.0,,,,Driller_7081fe79,,ConstructionNotes_08d4810a,,,210CRCS,,WaterNotes_0bc0144d,,I,StatusUserNotes_6f35cbb3,,0.0,0.0,0.0,USGS,Notes_395ea758,0.0,,MonitorStatusReason_c9915973,,W,I,0x000000001FF5CB61
6EE5EBB2-CD05-4846-95A6-04C50B0FE95A,2B3D6D40-3B3D-477A-936C-00B356134458,12734,NM-09257,,,,130.0,A,,,WLs reported bgs. Entered zero for mp height for calculated fields. Actual MP height may not be zero.,0.0,,,,Driller_7081fe79,,ConstructionNotes_08d4810a,,,121OGLL,,WaterNotes_0bc0144d,,X,StatusUserNotes_6f35cbb3,,0.0,0.0,0.0,USGS,Notes_395ea758,0.0,,MonitorStatusReason_c9915973,,Z,U,0x000000001FF5CB6F
DCBD66A4-17A6-4DA3-8840-03D4932DF443,06BC9B46-BD59-4FF4-8142-015603BBDA38,16700,NM-13223,,,,143.0,A,,,WLs reported bgs. Entered zero for mp height for calculated fields. Actual MP height may not be zero.,0.0,,,,Driller_7081fe79,,ConstructionNotes_08d4810a,,,110AVMB,,WaterNotes_0bc0144d,,T,StatusUserNotes_6f35cbb3,,0.0,0.0,0.0,USGS,Notes_395ea758,0.0,,MonitorStatusReason_c9915973,,W,T,0x000000001FF5CBE9
8AA4573E-A578-4C88-984E-01548E868244,140F17B3-13FB-4BDF-8E8D-0277C34CC879,20665,NM-17188,,,,,,,,WLs reported bgs. Entered zero for mp height for calculated fields. Actual MP height may not be zero.,0.0,,,,Driller_7081fe79,,ConstructionNotes_08d4810a,,,110AVMB,,WaterNotes_0bc0144d,,D,StatusUserNotes_6f35cbb3,,0.0,0.0,0.0,USGS,Notes_395ea758,0.0,,MonitorStatusReason_c9915973,,W,H,0x000000001FF5CC80
63180F82-CFC8-46FF-B096-0117B7FF078F,4BD9EADB-9DF8-471F-BBCF-0294526F7ABB,18614,NM-15137,,,,,,1954-01-01 00:00:00.000,A,WLs reported bgs. Entered zero for mp height for calculated fields. Actual MP height may not be zero.,0.0,,,,Driller_7081fe79,,ConstructionNotes_08d4810a,X,,318ABOU,,WaterNotes_0bc0144d,,X,StatusUserNotes_6f35cbb3,,0.0,0.0,0.0,USGS,Notes_395ea758,0.0,,MonitorStatusReason_c9915973,,U,U,0x000000001FF5CC94
0C076904-8BFB-4AB4-9768-061946F5CA7C,6C44E33D-088D-4026-A07C-03261144B10C,22702,NM-19225,,,,491.0,A,,,WLs reported bgs. Entered zero for mp height for calculated fields. Actual MP height may not be zero.,0.0,,,,Driller_7081fe79,,ConstructionNotes_08d4810a,,,121OGLL,,WaterNotes_0bc0144d,,I,StatusUserNotes_6f35cbb3,,0.0,0.0,0.0,USGS,Notes_395ea758,0.0,,MonitorStatusReason_c9915973,,W,I,0x000000001FF5CCDE
3D210CC2-0EB7-4BFC-B6A9-00D801E9398C,32C15B82-8FED-4EF0-9181-033BB7182318,34001,BW-0833,,,,,,,,WLs reported bgs. Entered zero for mp height for calculated fields. Actual MP height may not be zero.,0.0,0.5,,,Driller_7081fe79,,ConstructionNotes_08d4810a,,,112ANCH,,WaterNotes_38920c53,,S,StatusUserNotes_6f35cbb3,,0.0,0.0,0.0,"Hood, J.W. and Kister, L.R. (1962) Saline-Water Resources of NM. USGS Water-Supply Paper 1601",Notes_395ea758,0.0,,MonitorStatusReason_c9915973,,,,0x000000001FF5CCEC
A016DBFD-7595-486B-B8CC-04DFCB4CE2C9,54362B85-74CC-4E32-B7B6-03CF975EED27,316,EB-317,RG-22251 X6,,200.0,200.0,D,1973-10-18 00:00:00.000,D,TOC,1.5,0.5,200.0,,Driller_97bcce59,H,ConstructionNotes_08d4810a,U,,121TSUQs,135.0,WaterNotes_ea3af3b0,I,X,StatusUserNotes_89597077,,0.0,0.0,0.0,Well record; field check with SFC Utilities (Leonard Quintana 490-0065),Notes_395ea758,0.0,EB317.pdf,MonitorStatusReason_c9915973,,,,0x000000002666E4A0
5EFD7535-BDD7-41FD-BFB2-059CC32B9805,6FCE12EF-71EE-406A-BB31-0485081730A2,30558,NM-27079,,,,190.0,O,,,Entered zero for mp height for calculated fields. Actual MP height may not be zero.,0.0,,,,Driller_7081fe79,,ConstructionNotes_08d4810a,,,,,WaterNotes_0bc0144d,,O,StatusUserNotes_6f35cbb3,,0.0,0.0,0.0,Data from Lynn Brandvold with NMBGMR chemistry lab.,Notes_395ea758,0.0,,MonitorStatusReason_c9915973,,,,0x000000001FF5CD9B
D307DA5A-6158-4388-9E04-01DF00167784,C16B79BD-9282-4D17-B87A-058D454ADB27,19581,NM-16104,,,,,,,,WLs reported bgs. Entered zero for mp height for calculated fields. Actual MP height may not be zero.,0.0,,,,Driller_7081fe79,,ConstructionNotes_08d4810a,,,121OGLL,,WaterNotes_0bc0144d,,X,StatusUserNotes_6f35cbb3,,0.0,0.0,0.0,USGS,Notes_395ea758,0.0,,MonitorStatusReason_c9915973,,U,U,0x000000001FF5CE13
5B34A2EF-90C5-4D3C-8BD0-054454F27D0C,823D1FE7-C9E9-4AE7-9E5F-059DB4179BD2,7447,NM-03970,,,,308.0,A,,,WLs reported bgs. Entered zero for mp height for calculated fields. Actual MP height may not be zero.,0.0,,,,Driller_7081fe79,,ConstructionNotes_08d4810a,,,110BLSN,,WaterNotes_0bc0144d,,,StatusUserNotes_6f35cbb3,,0.0,0.0,0.0,USGS,Notes_395ea758,0.0,,MonitorStatusReason_c9915973,,W,,0x000000001FF5CE1A
873D8911-B6E7-451D-878B-0512B860610C,7903FBD9-4951-483F-9D45-05C14BC8D6BA,1127,SA-0313,X,,575.0,575.0,R,,,MP height unknown. WL's reported as bgs. Entered 0.00' for MP height for calculated fields.,0.0,,,,Driller_7081fe79,,ConstructionNotes_08d4810a,,,123DTMGign,,WaterNotes_0bc0144d,,,StatusUserNotes_c7349e1e,,0.0,0.0,0.0,"Myers, Everheart, Wilson (1994) Geohydrol. of San Agustin Basin, Alamosa Creek Basin upstream from Monticello Box & Upper Gila Basin in parts of Catron, Socorro & Sierra Cty, NM, USGS WRI 94-4125",Notes_395ea758,0.0,,MonitorStatusReason_c9915973,,,,0x000000001FF5CE30
D1996EED-EB34-4F6E-A9FB-0328CC878755,9FE9CB9B-AB29-4016-BDCC-05D6ED93742D,17553,NM-14076,,,,311.0,A,,,WLs reported bgs. Entered zero for mp height for calculated fields. Actual MP height may not be zero.,0.0,,,,Driller_7081fe79,,ConstructionNotes_08d4810a,,,313SADR,,WaterNotes_0bc0144d,,I,StatusUserNotes_6f35cbb3,,0.0,0.0,0.0,USGS,Notes_395ea758,0.0,,MonitorStatusReason_c9915973,,W,I,0x000000001FF5CE40
CF22F9FB-815A-4E5F-9AD9-04E65E30AFF7,F58F2150-AE54-4DC8-95EC-06503052ECB5,14692,NM-11215,,,,,,,,WLs reported bgs. Entered zero for mp height for calculated fields. Actual MP height may not be zero.,0.0,,,,Driller_7081fe79,,ConstructionNotes_08d4810a,,,,,WaterNotes_0bc0144d,,,StatusUserNotes_6f35cbb3,,0.0,0.0,0.0,USGS,Notes_395ea758,0.0,,MonitorStatusReason_c9915973,,W,,0x000000001FF5CE82
B5859298-8301-42ED-86CA-05AAEE1F88CE,B8F83045-4F1D-42CA-8F54-06AF008CC144,25596,NM-22119,,,,73.0,A,,,WLs reported bgs. Entered zero for mp height for calculated fields. Actual MP height may not be zero.,0.0,,,,Driller_7081fe79,,ConstructionNotes_08d4810a,,,317ABYS,,WaterNotes_0bc0144d,,D,StatusUserNotes_6f35cbb3,,0.0,0.0,0.0,USGS,Notes_395ea758,0.0,,MonitorStatusReason_c9915973,,O,H,0x000000001FF5CEB7
77A2284B-DADF-46BD-AE3D-02E57F6F0174,2793C6EB-D216-46CF-8A9A-06DB76119BBD,5516,NM-02579,,,,,,,,WLs reported bgs. Entered zero for mp height for calculated fields. Actual MP height may not be zero.,0.0,,,,Driller_7081fe79,,ConstructionNotes_08d4810a,,,313GRBG,,WaterNotes_0bc0144d,,L,StatusUserNotes_6f35cbb3,,0.0,0.0,0.0,USGS,Notes_395ea758,0.0,,MonitorStatusReason_c9915973,,W,S,0x000000001FF5CED4
E00EC212-030B-4F8F-9092-01BBFED800D0,6BEFE573-19B9-41B3-A256-073BBF9EA04E,29554,NM-26077,,,,82.0,A,,,WLs reported bgs. Entered zero for mp height for calculated fields. Actual MP height may not be zero.,0.0,,,,Driller_7081fe79,,ConstructionNotes_08d4810a,,,121OGLL,,WaterNotes_0bc0144d,,X,StatusUserNotes_6f35cbb3,,0.0,0.0,0.0,USGS,Notes_395ea758,0.0,,MonitorStatusReason_c9915973,,W,U,0x000000001FF5CF11
8EB4B3F4-7C81-45F2-B987-011A52F9C123,26359FCE-C220-4916-ACC2-0814DDA4369B,11270,NM-07793,,,,82.0,A,,,WLs reported bgs. Entered zero for mp height for calculated fields. Actual MP height may not be zero.,0.0,,,,Driller_7081fe79,,ConstructionNotes_08d4810a,,,110AVMB,,WaterNotes_0bc0144d,,X,StatusUserNotes_6f35cbb3,,0.0,0.0,0.0,USGS,Notes_395ea758,0.0,,MonitorStatusReason_c9915973,,Z,U,0x000000001FF5CF8F
885616D1-E2E5-4E7F-97DC-03A443903D78,D4B9C8B9-657C-415D-AE83-086D8C6D9A6A,14116,NM-10639,,,,170.0,A,,,WLs reported bgs. Entered zero for mp height for calculated fields. Actual MP height may not be zero.,0.0,,,,Driller_7081fe79,,ConstructionNotes_08d4810a,,,110AVMB,,WaterNotes_0bc0144d,,I,StatusUserNotes_6f35cbb3,,0.0,0.0,0.0,USGS,Notes_395ea758,0.0,,MonitorStatusReason_c9915973,,W,I,0x000000001FF5CFC7
97E7DC49-8131-4331-AF72-02586BEBD733,B706394F-FA52-409A-95FE-08B294DE49EF,1566,TV-230,RG-76468,,1400.0,1400.0,D,2002-06-10 00:00:00.000,D,,1.0,6.63,1400.0,,Driller_6a8b332b,A,ConstructionNotes_08d4810a,F,,410PRCQf,1105.0,WaterNotes_392167f6,C,D,StatusUserNotes_6f35cbb3,QX,0.0,0.0,0.0,,Notes_2d61c8f1,0.0,TV230.pdf,MonitorStatusReason_c9915973,,,,0x000000002666EAB6
CF572B03-E934-42CD-ABE2-00031536DC10,4518ECA5-68B7-400C-A864-09D9ABDE561C,4935,NM-01998,,,,,,,,WLs reported bgs. Entered zero for mp height for calculated fields. Actual MP height may not be zero.,0.0,,,,Driller_7081fe79,,ConstructionNotes_08d4810a,,,231SNRS,,WaterNotes_0bc0144d,,X,StatusUserNotes_6f35cbb3,,0.0,0.0,0.0,USGS,Notes_395ea758,0.0,,MonitorStatusReason_c9915973,,W,U,0x000000001FF5D0A3
1CDA6F5A-DD7A-42B1-9970-010FA2686629,F875CE75-76B1-4232-9737-0A0A1C81319D,9375,NM-05898,,,230.0,,A,1948-03-01 00:00:00.000,A,WLs reported bgs. Entered zero for mp height for calculated fields. Actual MP height may not be zero.,0.0,,,,Driller_7081fe79,,ConstructionNotes_08d4810a,,,,,WaterNotes_0bc0144d,,I,StatusUserNotes_6f35cbb3,,0.0,0.0,0.0,USGS,Notes_395ea758,0.0,,MonitorStatusReason_c9915973,,W,I,0x000000001FF5D0C4
31B5E55E-AC5B-459B-9DBD-011A34C4FC99,F52CCDC2-C04C-4835-A4D8-0A1417D45A7F,25063,NM-21586,,,15.0,15.0,A,2004-02-15 00:00:00.000,A,WLs reported bgs. Entered zero for mp height for calculated fields. Actual MP height may not be zero.,0.0,,,,Driller_7081fe79,,ConstructionNotes_08d4810a,U,,112SNTF,,WaterNotes_0bc0144d,,X,StatusUserNotes_6f35cbb3,,0.0,0.0,0.0,USGS,Notes_395ea758,0.0,,MonitorStatusReason_c9915973,,O,U,0x000000001FF5D0C8
4C9EBDEC-FE0A-43A2-8529-0022A5A096D8,A9C96EFC-B2DD-4951-A2D3-0A1914A569E6,27575,NM-24098,,,445.0,445.0,A,1995-10-21 00:00:00.000,A,WLs reported bgs. Entered zero for mp height for calculated fields. Actual MP height may not be zero.,0.0,,,,Driller_7081fe79,,ConstructionNotes_08d4810a,C,,325MDER,,WaterNotes_0bc0144d,,D,StatusUserNotes_6f35cbb3,,0.0,0.0,0.0,USGS,Notes_395ea758,0.0,,MonitorStatusReason_c9915973,,W,H,0x000000001FF5D0CB
3F0B9D4D-2637-449D-970C-05C106161710,55C10D0E-0F4F-45E8-9057-0A49EDD1BBDB,6981,BC-0113,,,,,R,,,,1.18,,,,Driller_7081fe79,,ConstructionNotes_08d4810a,,,,,WaterNotes_0bc0144d,,,StatusUserNotes_6f35cbb3,H,0.0,0.0,0.0,"Bernalillo County, Sara Chudnoff",Notes_395ea758,0.0,,MonitorStatusReason_c9915973,,,,0x000000001FF5D0E5
5C6B018C-7215-4DFB-ADCE-0331C09B9EF9,DE084572-7629-4E0A-B80A-0A914711E264,37081,NM-28008,,,56.0,56.0,A,2004-07-07 00:00:00.000,A,WLs reported bgs. Entered zero for mp height for calculated fields. Actual MP height may not be zero.,0.0,,,,Driller_7081fe79,,ConstructionNotes_08d4810a,,,112SNTF,,WaterNotes_0bc0144d,,O,StatusUserNotes_6f35cbb3,,0.0,0.0,0.0,USGS,Notes_395ea758,0.0,,MonitorStatusReason_c9915973,,O,U,0x000000001FF5D117
6A885BAD-D83D-4ED6-9321-0502E5E1A933,4627DD7F-BF92-4C82-B99E-0B643567BDEC,39825,SB-0878,X,,,,,,,Entered zero for MP hgt for calculated fields. Actual MP hgt may not be zero.,0.0,,,,Driller_7081fe79,,ConstructionNotes_08d4810a,,,,,WaterNotes_0bc0144d,,,StatusUserNotes_6f35cbb3,,0.0,0.0,0.0,"PhD thesis by Mayer, J.R. (1995)  Role of Fractures in Regional GW Flow: Field Evidence and Model Results from the Basin/Range of TX and NM",Notes_395ea758,0.0,,MonitorStatusReason_c9915973,,,,0x000000001FF5D186
7D3E1408-9169-1944-9EA9-032B571F7AB7,D2025870-979C-3542-9501-0BA1A42B07FF,38241,WL-0133,RG-03501 S,,110.0,110.0,D,1969-11-10 00:00:00.000,D,,,,,,Driller_515b7da3,,ConstructionNotes_1b91b463,,,112SNTFA,13.0,WaterNotes_0bc0144d,C,I,StatusUserNotes_6f35cbb3,XI,1.0,1.0,1.0,,Notes_f2a5dd33,0.0,WL0133.pdf,MonitorStatusReason_c9915973,,,,0x000000002666EB46
46447123-7A89-4CC3-B599-01E69FF4A2A5,473E930E-79B6-4E3C-8A60-0BB3762D9751,36469,SO-0271,X,,5.0,5.0,D,,,TOC,2.0,0.17,,,Driller_7081fe79,,ConstructionNotes_46b30ff8,,,,,WaterNotes_0bc0144d,I,O,StatusUserNotes_6f35cbb3,6,1.0,1.0,0.0,NRCS Well development document (Excel spreadsheet),Notes_6c772911,0.0,,MonitorStatusReason_c9915973,,,,0x000000001FF5D1BB
DAD5A6ED-F395-40DB-BFFD-03C376B25381,165C9B81-4515-4DDC-B13F-0BFA3AECE48F,9690,NM-06213,,,,410.0,A,,,WLs reported bgs. Entered zero for mp height for calculated fields. Actual MP height may not be zero.,0.0,,,,Driller_7081fe79,,ConstructionNotes_08d4810a,,,231CHNL,,WaterNotes_0bc0144d,,X,StatusUserNotes_6f35cbb3,,0.0,0.0,0.0,USGS,Notes_395ea758,0.0,,MonitorStatusReason_c9915973,,W,U,0x000000001FF5D1E0
D7FBAB56-54F8-4F06-8F4F-051AA570DC47,05979508-A0AD-4CB9-AEA3-0CA238E3BFF2,32484,SD-0247,X,,105.0,105.0,R,,,WLs assumed bgs. Entered zero for mp height for calculated fields. Actual MP height may not be zero.,0.0,,,,Driller_7081fe79,,ConstructionNotes_b4d8e080,,,231CHNL,,WaterNotes_0bc0144d,,D,StatusUserNotes_1ef51584,,0.0,0.0,0.0,"HR5: Groundwater in the Sandia and Northern Manzano Mtns, NM (1980) Frank B. Titus, NM Bureau of Geology",Notes_395ea758,0.0,,MonitorStatusReason_c9915973,,,,0x000000001FF5D249
05F6848A-4F8E-4BE7-81A1-0158800B572B,1AA093F5-6A0E-4898-99DA-0CFA0D851F41,5104,NM-02167,,,321.0,319.0,A,1984-11-30 00:00:00.000,A,WLs reported bgs. Entered zero for mp height for calculated fields. Actual MP height may not be zero.,0.0,,,,Driller_7081fe79,,ConstructionNotes_08d4810a,,,112SNTF,,WaterNotes_0bc0144d,,X,StatusUserNotes_6f35cbb3,,0.0,0.0,0.0,USGS,Notes_395ea758,0.0,,MonitorStatusReason_c9915973,,O,U,0x000000001FF5D275
D0CCDAC3-9A83-4651-9E5E-01F3886269C3,657A35C2-7A3D-4001-A5EF-0D0DC34D7C7F,28764,NM-25287,,,2460.0,2460.0,A,,,WLs reported bgs. Entered zero for mp height for calculated fields. Actual MP height may not be zero.,0.0,,,,Driller_7081fe79,,ConstructionNotes_08d4810a,C,,211GLLP,,WaterNotes_0bc0144d,,X,StatusUserNotes_6f35cbb3,,0.0,0.0,0.0,USGS,Notes_395ea758,0.0,,MonitorStatusReason_c9915973,,Z,U,0x000000001FF5D27F
88F410B3-CE07-4BE9-B570-038DE8969BBD,B6711232-5278-4D45-84D7-0D1554C35491,9230,NM-05753,,,235.0,235.0,A,1942-05-01 00:00:00.000,A,WLs reported bgs. Entered zero for mp height for calculated fields. Actual MP height may not be zero.,0.0,,,,Driller_7081fe79,,ConstructionNotes_08d4810a,,,,,WaterNotes_0bc0144d,,P,StatusUserNotes_6f35cbb3,,0.0,0.0,0.0,USGS,Notes_395ea758,0.0,,MonitorStatusReason_c9915973,,W,P,0x000000001FF5D283
60B73407-5595-4C04-BE2D-00B2EFD35D9E,D1F8669B-7E34-4EFC-8E28-0D20C6E5CC69,26435,NM-22958,,,,45.0,A,,,WLs reported bgs. Entered zero for mp height for calculated fields. Actual MP height may not be zero.,0.0,,,,Driller_7081fe79,,ConstructionNotes_08d4810a,,,110AVMB,,WaterNotes_0bc0144d,,D,StatusUserNotes_6f35cbb3,,0.0,0.0,0.0,USGS,Notes_395ea758,0.0,,MonitorStatusReason_c9915973,,W,H,0x000000001FF5D289
DDF4CAC0-F38E-4CF1-A67F-00C60B065E27,C46DD248-A938-4AE9-818F-0E01D2655EEE,21433,NM-17956,,,,,,,,WLs reported bgs. Entered zero for mp height for calculated fields. Actual MP height may not be zero.,0.0,,,,Driller_7081fe79,,ConstructionNotes_08d4810a,,,313ARTS,,WaterNotes_0bc0144d,,L,StatusUserNotes_6f35cbb3,,0.0,0.0,0.0,USGS,Notes_395ea758,0.0,,MonitorStatusReason_c9915973,,W,S,0x000000001FF5D2F8
C3752059-3F21-4A2A-8902-000D1AD9FD8D,2DDF21E0-3DEE-47DF-A35D-0E193B80C0E4,24897,NM-21420,,,,80.0,A,1955-01-01 00:00:00.000,A,WLs reported bgs. Entered zero for mp height for calculated fields. Actual MP height may not be zero.,0.0,,,,Driller_7081fe79,,ConstructionNotes_08d4810a,,,,,WaterNotes_0bc0144d,,I,StatusUserNotes_6f35cbb3,,0.0,0.0,0.0,USGS,Notes_395ea758,0.0,,MonitorStatusReason_c9915973,,W,I,0x000000001FF5D307
681EE9D4-E676-4D39-AB16-02B274D723B4,F094C435-BE41-48B0-A5FC-0E8D605EEE2C,4128,NM-01573,,,,80.0,A,,,WLs reported bgs. Entered zero for mp height for calculated fields. Actual MP height may not be zero.,0.0,,,,Driller_7081fe79,,ConstructionNotes_08d4810a,,,,,WaterNotes_0bc0144d,,D,StatusUserNotes_6f35cbb3,,0.0,0.0,0.0,USGS,Notes_395ea758,0.0,,MonitorStatusReason_c9915973,,W,H,0x000000001FF5D343
B102537F-2D85-4F30-B4B9-01A92FA2A769,B51C526A-7195-4428-9E1F-0EB26579353D,14803,NM-11326,,,,160.0,A,,,WLs reported bgs. Entered zero for mp height for calculated fields. Actual MP height may not be zero.,0.0,,,,Driller_7081fe79,,ConstructionNotes_08d4810a,,,121OGLL,,WaterNotes_0bc0144d,,I,StatusUserNotes_6f35cbb3,,0.0,0.0,0.0,USGS,Notes_395ea758,0.0,,MonitorStatusReason_c9915973,,W,I,0x000000001FF5D355
53DB770B-B4AA-46F0-B5EE-0197B23155AD,C69539D6-A23F-449F-870D-0ED731FB597B,12747,NM-09270,,,,,,,,WLs reported bgs. Entered zero for mp height for calculated fields. Actual MP height may not be zero.,0.0,,,,Driller_7081fe79,,ConstructionNotes_08d4810a,,,,,WaterNotes_0bc0144d,,D,StatusUserNotes_6f35cbb3,,0.0,0.0,0.0,USGS,Notes_395ea758,0.0,,MonitorStatusReason_c9915973,,W,H,0x000000001FF5D369
6BC28806-09A5-4FE6-A84A-04F6F6CDF4FE,9F2224F0-85A5-4B56-98A2-0F10FFBA9E5B,9130,NM-05653,,,,800.0,A,,,WLs reported bgs. Entered zero for mp height for calculated fields. Actual MP height may not be zero.,0.0,,,,Driller_7081fe79,,ConstructionNotes_08d4810a,,,110AVMB,,WaterNotes_0bc0144d,,X,StatusUserNotes_6f35cbb3,,0.0,0.0,0.0,USGS,Notes_395ea758,0.0,,MonitorStatusReason_c9915973,,W,U,0x000000001FF5D38A
869F5B68-8115-4CE4-B58B-04B7BBC44AB7,8F67C9FA-C325-4637-9802-0FB0AF7A483D,25620,NM-22143,,,,58.0,A,,,WLs reported bgs. Entered zero for mp height for calculated fields. Actual MP height may not be zero.,0.0,,,,Driller_7081fe79,,ConstructionNotes_08d4810a,,,231CHNL,,WaterNotes_0bc0144d,,I,StatusUserNotes_6f35cbb3,,0.0,0.0,0.0,USGS,Notes_395ea758,0.0,,MonitorStatusReason_c9915973,,W,I,0x000000001FF5D3E5
E6A0714E-34CA-4182-919C-01091774C529,DEAA01A7-E125-46C1-9E31-10547647563F,3368,NM-00813,,,,200.0,A,,,WLs reported bgs. Entered zero for mp height for calculated fields. Actual MP height may not be zero.,0.0,,,,Driller_7081fe79,,ConstructionNotes_08d4810a,,,313ARTS,,WaterNotes_0bc0144d,,D,StatusUserNotes_6f35cbb3,,0.0,0.0,0.0,USGS,Notes_395ea758,0.0,,MonitorStatusReason_c9915973,,W,H,0x000000001FF5D440
4DC4974C-4784-4035-873D-0483C5C5CC6E,288515C9-2A4F-4A08-A933-107FCC00CAEB,36101,SA-0408,,,,240.0,R,1910-01-01 00:00:00.000,R,WLs reported bgs. Entered zero for mp height for calculated fields. Actual MP height may not be zero.,0.0,0.5,,,Driller_7081fe79,,ConstructionNotes_59d48856,,,,,WaterNotes_d19e9e59,,DS,StatusUserNotes_6f35cbb3,,0.0,0.0,0.0,"Circular 26: Water Well Records and Well Water Quality in Southwestern San Agustin Plains, Catron Cty, NM (1954) Bushman, F.X. and Valentine, C.P., NMBGMR",Notes_395ea758,0.0,,MonitorStatusReason_c9915973,,,,0x000000002A821FF5
674B43B3-1531-4A9D-AAAB-0465DDB51198,2B202D41-9C4D-45DA-8181-11249AAD56D6,1313,QU-043,RG-92585,,250.0,250.0,D,2010-01-01 00:00:00.000,D,TOC at plug,0.82,0.45,,,Driller_7081fe79,,ConstructionNotes_08d4810a,,,,170.0,WaterNotes_ee7a6284,C,L,StatusUserNotes_6f35cbb3,X,0.0,1.0,1.0,,Notes_28d4283f,0.0,,MonitorStatusReason_c9915973,,,,0x000000001FF5D4C0
1AB5BC1C-C8CD-40EE-AA6E-049B24F9607E,90D16A9D-0581-4488-A71D-1158EAC3DDEC,18721,NM-15244,,,,,,,,WLs reported bgs. Entered zero for mp height for calculated fields. Actual MP height may not be zero.,0.0,,,,Driller_7081fe79,,ConstructionNotes_08d4810a,,,210CRCS,,WaterNotes_0bc0144d,,I,StatusUserNotes_6f35cbb3,,0.0,0.0,0.0,USGS,Notes_395ea758,0.0,,MonitorStatusReason_c9915973,,W,I,0x000000001FF5D4DD
7EA074EA-CA0A-426E-9FB6-03E41FE81210,3C16B47F-4890-48F0-B563-117124487E84,25934,NM-22457,,,,71.0,A,,,WLs reported bgs. Entered zero for mp height for calculated fields. Actual MP height may not be zero.,0.0,,,,Driller_7081fe79,,ConstructionNotes_08d4810a,,,231CHNL,,WaterNotes_0bc0144d,,I,StatusUserNotes_6f35cbb3,,0.0,0.0,0.0,USGS,Notes_395ea758,0.0,,MonitorStatusReason_c9915973,,W,I,0x000000001FF5D4E8
49D67A94-921D-4A45-AA45-0463E862FA2B,0231C809-8DB4-441F-ADF6-11AD5BA88F1A,16271,NM-12794,,,,132.0,A,,,WLs reported bgs. Entered zero for mp height for calculated fields. Actual MP height may not be zero.,0.0,,,,Driller_7081fe79,,ConstructionNotes_08d4810a,,,121OGLL,,WaterNotes_0bc0144d,,X,StatusUserNotes_6f35cbb3,,0.0,0.0,0.0,USGS,Notes_395ea758,0.0,,MonitorStatusReason_c9915973,,Z,U,0x000000001FF5D50D
A1E15402-9827-442C-AE9F-018666CA799C,2F3E0BDF-3BC3-4B4B-B014-11F53F1ECAB8,28048,NM-24571,RG-23867,,,275.0,A,1973-10-12 00:00:00.000,A,WLs reported bgs. Entered zero for mp height for calculated fields. Actual MP height may not be zero.,0.0,0.55,275.0,,Driller_3481ae7c,C,ConstructionNotes_08d4810a,,,121TSUQ,162.0,WaterNotes_c682c3e3,,D,StatusUserNotes_6f35cbb3,,0.0,0.0,0.0,USGS,Notes_395ea758,0.0,NM24571.pdf,MonitorStatusReason_c9915973,,W,H,0x000000002666E6CE
BE02CD2A-898B-42DD-B6BF-03DDA4246ED2,CBAE9A21-6FF9-4814-B1DD-122DE2B22B31,7584,NM-04107,,,,,,,,WLs reported bgs. Entered zero for mp height for calculated fields. Actual MP height may not be zero.,0.0,,,,Driller_7081fe79,,ConstructionNotes_08d4810a,,,110AVMB,,WaterNotes_0bc0144d,,I,StatusUserNotes_6f35cbb3,,0.0,0.0,0.0,USGS,Notes_395ea758,0.0,,MonitorStatusReason_c9915973,,W,I,0x000000001FF5D563
BC0D47CB-4907-4DB9-93AB-02E69724F267,E8D06BD1-CE5D-49ED-AFAF-12878B3A4959,19108,NM-15631,,,,115.0,A,,,WLs reported bgs. Entered zero for mp height for calculated fields. Actual MP height may not be zero.,0.0,,,,Driller_7081fe79,,ConstructionNotes_08d4810a,,,110AVMB,,WaterNotes_0bc0144d,,L,StatusUserNotes_6f35cbb3,,0.0,0.0,0.0,USGS,Notes_395ea758,0.0,,MonitorStatusReason_c9915973,,W,S,0x000000001FF5D5A3
445F5C34-35F5-44E5-B83F-018E786FD664,BD12C48B-D6B0-40BA-895A-128F99FB8811,25562,NM-22085,,,,70.0,A,1958-01-01 00:00:00.000,A,WLs reported bgs. Entered zero for mp height for calculated fields. Actual MP height may not be zero.,0.0,,,,Driller_7081fe79,,ConstructionNotes_08d4810a,,,110AVMB,,WaterNotes_0bc0144d,,D,StatusUserNotes_6f35cbb3,,0.0,0.0,0.0,USGS,Notes_395ea758,0.0,,MonitorStatusReason_c9915973,,W,H,0x000000001FF5D5A8
FA403AE0-04B4-4D7F-A97D-029DF589DBFB,474B259B-0F02-4284-ABB6-12AA9E04D9FF,36703,NM-27383,,,35.0,34.0,A,,,WLs reported bgs. Entered zero for mp height for calculated fields. Actual MP height may not be zero.,0.0,,,,Driller_7081fe79,,ConstructionNotes_08d4810a,,,110ALVM,,WaterNotes_0bc0144d,,O,StatusUserNotes_6f35cbb3,,0.0,0.0,0.0,USGS,Notes_395ea758,0.0,,MonitorStatusReason_c9915973,,O,U,0x000000001FF5D5BE
E3129C1F-3A61-4468-9121-01CB8A68E411,01326E44-5E15-4878-ADD0-12B1D90917C0,10812,NM-07335,,,222.0,222.0,A,,,WLs reported bgs. Entered zero for mp height for calculated fields. Actual MP height may not be zero.,0.0,,,,Driller_7081fe79,,ConstructionNotes_08d4810a,,,,,WaterNotes_0bc0144d,,L,StatusUserNotes_6f35cbb3,,0.0,0.0,0.0,USGS,Notes_395ea758,0.0,,MonitorStatusReason_c9915973,,W,S,0x000000001FF5D5C2
4FEDD844-EEC5-459D-B6BE-01B3151EEBBB,F69E6803-F3BC-4784-AD7B-12C90812C3AC,13496,NM-10019,,,176.0,176.0,A,1993-11-10 00:00:00.000,A,WLs reported bgs. Entered zero for mp height for calculated fields. Actual MP height may not be zero.,0.0,,,,Driller_7081fe79,,ConstructionNotes_08d4810a,C,,110AVMB,,WaterNotes_0bc0144d,,C,StatusUserNotes_6f35cbb3,,0.0,0.0,0.0,USGS,Notes_395ea758,0.0,,MonitorStatusReason_c9915973,,W,C,0x000000001FF5D5CF
90B9019C-79ED-43BE-B738-01DE4FC1BCDB,6C2BD4B1-7439-461A-BFD1-134C648310DA,31288,QY-0053,,,100.0,100.0,R,1945-01-01 00:00:00.000,R,WLs reported bgs. Entered zero for mp height for calculated fields. Actual MP height may not be zero.,0.0,0.4166667,,,Driller_7081fe79,,ConstructionNotes_ac859d06,,,110AVMB/231CHNL,,WaterNotes_3bae7b39,,DL,StatusUserNotes_6f35cbb3,,0.0,0.0,0.0,"GW9: Groundwater Resources & Geology of Quay County, NM (1966) Charles Berkstresser, Jr. & Walter A. Mourant, NM Bureau of Geology",Notes_395ea758,0.0,,MonitorStatusReason_c9915973,,,,0x000000001FF5D610
13B3499A-1A39-41F6-B45A-01A545DBD209,0EBE8D01-8E3A-4AB1-A6C2-13DE22DEA11E,39914,NM-28418,X,,,,A,,,Entered zero for MP hgt for calculated fields. Actual MP hgt may not be zero.,0.0,,,,Driller_7081fe79,,ConstructionNotes_08d4810a,,,,,WaterNotes_0bc0144d,,,StatusUserNotes_6f35cbb3,,0.0,0.0,0.0,"Lowry, T.S., et al. (2018) Water Resource Assessment in the NM Permian Basin, Sandia Report SAND2018-12018",Notes_395ea758,0.0,,MonitorStatusReason_c9915973,,,,0x000000001FF5D657
00CC3172-4F1C-4C48-B043-05B87EAAC9AD,AECB937D-4F6A-4C9E-9657-1516BA9E7746,23162,NM-19685,,,,,,,,WLs reported bgs. Entered zero for mp height for calculated fields. Actual MP height may not be zero.,0.0,,,,Driller_7081fe79,,ConstructionNotes_08d4810a,,,110AVMB,,WaterNotes_0bc0144d,,,StatusUserNotes_6f35cbb3,,0.0,0.0,0.0,USGS,Notes_395ea758,0.0,,MonitorStatusReason_c9915973,,W,,0x000000001FF5D6FE
94F2DDB0-6691-495D-B19E-051CDBA70D53,03433875-A198-47D3-84D1-158EBC933B69,19171,NM-15694,,,,,,,,WLs reported bgs. Entered zero for mp height for calculated fields. Actual MP height may not be zero.,0.0,,,,Driller_7081fe79,,ConstructionNotes_08d4810a,,,210CRCS,,WaterNotes_0bc0144d,,L,StatusUserNotes_6f35cbb3,,0.0,0.0,0.0,USGS,Notes_395ea758,0.0,,MonitorStatusReason_c9915973,,W,S,0x000000001FF5D740
E3EF8505-C8AF-4C9A-AA58-01A2FA45DDAE,C5465258-DAAE-4D9E-A61B-15A32F415B66,23168,NM-19691,,,,,,,,WLs reported bgs. Entered zero for mp height for calculated fields. Actual MP height may not be zero.,0.0,,,,Driller_7081fe79,,ConstructionNotes_08d4810a,,,121OGLL,,WaterNotes_0bc0144d,,D,StatusUserNotes_6f35cbb3,,0.0,0.0,0.0,USGS,Notes_395ea758,0.0,,MonitorStatusReason_c9915973,,W,H,0x000000001FF5D74E
C8501B55-58C2-43AB-9A11-021D22B22576,DF6182F5-6F30-440A-B171-15A39F9BB93C,30414,NM-26935,,,,280.0,O,,,Entered zero for mp height for calculated fields. Actual MP height may not be zero.,0.0,,,,Driller_7081fe79,,ConstructionNotes_08d4810a,,,,,WaterNotes_0bc0144d,,D,StatusUserNotes_6f35cbb3,,0.0,0.0,0.0,Data from Lynn Brandvold with NMBGMR chemistry lab.,Notes_395ea758,0.0,,MonitorStatusReason_c9915973,,,,0x000000001FF5D74F
DEE3A403-4B92-594F-84D2-051EE380DE6A,C8FBC12F-49B7-7E41-8262-15C6F0EA7D35,41128,RA-101,,,,22.0,,,,Top of well casing.,2.4,2.0,,,Driller_7081fe79,,ConstructionNotes_6dc15b02,,,,,WaterNotes_0bc0144d,C,,StatusUserNotes_6f35cbb3,,0.0,1.0,1.0,,Notes_a967a8bb,0.0,,MonitorStatusReason_c9915973,,,,0x000000002A600226
BE40F14A-4F77-4D19-940C-000FF6A7370B,6E614CEC-DF19-4D02-B004-15D7CC951BF0,24847,NM-21370,,,,,,,,WLs reported bgs. Entered zero for mp height for calculated fields. Actual MP height may not be zero.,0.0,,,,Driller_7081fe79,,ConstructionNotes_08d4810a,,,110AVMB,,WaterNotes_0bc0144d,,O,StatusUserNotes_6f35cbb3,,0.0,0.0,0.0,USGS,Notes_395ea758,0.0,,MonitorStatusReason_c9915973,,O,Z,0x000000001FF5D76F
233E9684-1FC5-4FE8-A851-04A3BA19A3AB,0077DBD0-B176-4479-8907-15DB5FC56529,21373,NM-17896,,,,64.0,A,,,WLs reported bgs. Entered zero for mp height for calculated fields. Actual MP height may not be zero.,0.0,,,,Driller_7081fe79,,ConstructionNotes_08d4810a,,,110AVMB,,WaterNotes_0bc0144d,,L,StatusUserNotes_6f35cbb3,,0.0,0.0,0.0,USGS,Notes_395ea758,0.0,,MonitorStatusReason_c9915973,,W,S,0x000000001FF5D772
914AE0F9-433C-4800-A562-0246DE382C20,931AF92C-DB0A-4514-A6BF-167228BCD9FA,13988,NM-10511,,,,130.0,A,,,WLs reported bgs. Entered zero for mp height for calculated fields. Actual MP height may not be zero.,0.0,,,,Driller_7081fe79,,ConstructionNotes_08d4810a,,,121OGLL,,WaterNotes_0bc0144d,,X,StatusUserNotes_6f35cbb3,,0.0,0.0,0.0,USGS,Notes_395ea758,0.0,,MonitorStatusReason_c9915973,,U,U,0x000000001FF5D7DD
4485D14D-4657-476C-B1C3-034A3CE8EAC7,D8FB0417-8BB8-4508-9D76-16C325EA705C,15045,NM-11568,,,,110.0,A,,,WLs reported bgs. Entered zero for mp height for calculated fields. Actual MP height may not be zero.,0.0,,,,Driller_7081fe79,,ConstructionNotes_08d4810a,,,121OGLL,,WaterNotes_0bc0144d,,I,StatusUserNotes_6f35cbb3,,0.0,0.0,0.0,USGS,Notes_395ea758,0.0,,MonitorStatusReason_c9915973,,W,I,0x000000001FF5D80C
9D8D4887-B378-4EE7-8FF5-004B5EA033B9,C7966111-08D7-4D62-9EDF-16DC4A93B4CD,23171,NM-19694,,,,,,,,WLs reported bgs. Entered zero for mp height for calculated fields. Actual MP height may not be zero.,0.0,,,,Driller_7081fe79,,ConstructionNotes_08d4810a,,,121OGLL,,WaterNotes_0bc0144d,,,StatusUserNotes_6f35cbb3,,0.0,0.0,0.0,USGS,Notes_395ea758,0.0,,MonitorStatusReason_c9915973,,W,,0x000000001FF5D81E
CDA12D70-54BB-43CA-8328-0070AFC41186,EB4F3930-A5B3-407B-8665-17FD3F56C76A,22629,NM-19152,,,,420.0,A,,,WLs reported bgs. Entered zero for mp height for calculated fields. Actual MP height may not be zero.,0.0,,,,Driller_7081fe79,,ConstructionNotes_08d4810a,,,121OGLL,,WaterNotes_0bc0144d,,I,StatusUserNotes_6f35cbb3,,0.0,0.0,0.0,USGS,Notes_395ea758,0.0,,MonitorStatusReason_c9915973,,W,I,0x000000001FF5D8D5
B4E718E4-3910-4B9C-AF4E-03D779DF4105,486BA3A2-E165-466B-B621-18AC61F61DBE,14257,NM-10780,,,500.0,,A,,,WLs reported bgs. Entered zero for mp height for calculated fields. Actual MP height may not be zero.,0.0,,,,Driller_7081fe79,,ConstructionNotes_08d4810a,,,210CRCS,,WaterNotes_0bc0144d,,,StatusUserNotes_6f35cbb3,,0.0,0.0,0.0,USGS,Notes_395ea758,0.0,,MonitorStatusReason_c9915973,,W,,0x000000001FF5D931
467D7271-0899-402A-AD57-0326D06D07BB,9B6CB486-3938-430D-9982-18D56F2574E0,27565,NM-24088,,,463.0,250.0,A,1959-01-01 00:00:00.000,A,WLs reported bgs. Entered zero for mp height for calculated fields. Actual MP height may not be zero.,0.0,,,,Driller_7081fe79,,ConstructionNotes_08d4810a,,,110AVMB,,WaterNotes_0bc0144d,,N,StatusUserNotes_6f35cbb3,,0.0,0.0,0.0,USGS,Notes_395ea758,0.0,,MonitorStatusReason_c9915973,,W,N,0x000000001FF5D943
FB2F73B7-FE0F-4C13-BC9C-054A6EFF0B3D,F6356691-8D1D-4278-A569-18EBF74E1336,22383,NM-18906,,,,153.0,A,,,WLs reported bgs. Entered zero for mp height for calculated fields. Actual MP height may not be zero.,0.0,,,,Driller_7081fe79,,ConstructionNotes_08d4810a,,,231SNRS,,WaterNotes_0bc0144d,,X,StatusUserNotes_6f35cbb3,,0.0,0.0,0.0,USGS,Notes_395ea758,0.0,,MonitorStatusReason_c9915973,,W,U,0x000000001FF5D94C
5A355530-1353-4700-A6B2-000905087D1C,70786048-8DF8-4726-8715-199BA64EC7E6,26496,NM-23019,,,,146.0,A,1988-08-01 00:00:00.000,A,WLs reported bgs. Entered zero for mp height for calculated fields. Actual MP height may not be zero.,0.0,,,,Driller_7081fe79,,ConstructionNotes_08d4810a,,,,,WaterNotes_0bc0144d,,X,StatusUserNotes_6f35cbb3,,0.0,0.0,0.0,USGS,Notes_395ea758,0.0,,MonitorStatusReason_c9915973,,O,U,0x000000001FF5D9B6
BF722974-BE25-4BA1-9731-04C349263F5C,843CDF75-26AA-46AB-ADFC-19C3C1E5EF4B,7236,NM-03759,,,,260.0,A,,,WLs reported bgs. Entered zero for mp height for calculated fields. Actual MP height may not be zero.,0.0,,,,Driller_7081fe79,,ConstructionNotes_08d4810a,,,110AVMB,,WaterNotes_0bc0144d,,I,StatusUserNotes_6f35cbb3,,0.0,0.0,0.0,USGS,Notes_395ea758,0.0,,MonitorStatusReason_c9915973,,W,I,0x000000001FF5D9CF
A5185974-C5B6-41A9-99B1-050698D28235,7EFAFCE5-1EE2-4176-893B-19F75486D113,14032,NM-10555,,,,100.0,A,,,WLs reported bgs. Entered zero for mp height for calculated fields. Actual MP height may not be zero.,0.0,,,,Driller_7081fe79,,ConstructionNotes_08d4810a,,,121OGLL,,WaterNotes_0bc0144d,,L,StatusUserNotes_6f35cbb3,,0.0,0.0,0.0,USGS,Notes_395ea758,0.0,,MonitorStatusReason_c9915973,,W,S,0x000000001FF5D9E8
4FDC3D70-11C2-44CA-87F5-009922CF9BD5,79164B35-9EC2-4392-A76A-1A20D7A1C5C1,24317,NM-20840,,,,,,,,WLs reported bgs. Entered zero for mp height for calculated fields. Actual MP height may not be zero.,0.0,,,,Driller_7081fe79,,ConstructionNotes_08d4810a,,,121OGLL,,WaterNotes_0bc0144d,,X,StatusUserNotes_6f35cbb3,,0.0,0.0,0.0,USGS,Notes_395ea758,0.0,,MonitorStatusReason_c9915973,,W,U,0x000000001FF5DA05
BD37F6FA-C326-4CFD-8C25-00BF39AEB648,15BD39A7-E171-4FB6-8F13-1A31C28C5DAB,33692,BW-0540,,,,64.0,,,,WLs reported bgs. Entered zero for mp height for calculated fields. Actual MP height may not be zero.,0.0,,,,Driller_7081fe79,,ConstructionNotes_f07205d3,,,,,WaterNotes_0bc0144d,,,StatusUserNotes_6f35cbb3,,0.0,0.0,0.0,"McLean, J.S. (1970) Saline Ground-Water Resources of the Tularosa Basin, NM. Office of Saline Water, R&D Progress Rpt 561",Notes_395ea758,0.0,,MonitorStatusReason_c9915973,,,,0x000000001FF5DA0C
447DD62F-2EC0-4C00-A730-003AA7AC2C86,D886502F-B693-4BF8-A018-1A4DE5D3B0E6,12296,NM-08819,,,,125.0,A,,,WLs reported bgs. Entered zero for mp height for calculated fields. Actual MP height may not be zero.,0.0,,,,Driller_7081fe79,,ConstructionNotes_08d4810a,,,121OGLL,,WaterNotes_0bc0144d,,X,StatusUserNotes_6f35cbb3,,0.0,0.0,0.0,USGS,Notes_395ea758,0.0,,MonitorStatusReason_c9915973,,O,U,0x000000001FF5DA22
098257D5-2ACC-4376-8811-01D103AAB798,7147EBD4-D7F4-4E78-A39F-1A511BF73FBC,16795,NM-13318,,,,676.0,A,,,WLs reported bgs. Entered zero for mp height for calculated fields. Actual MP height may not be zero.,0.0,,,,Driller_7081fe79,,ConstructionNotes_08d4810a,,,313SADR,,WaterNotes_0bc0144d,,I,StatusUserNotes_6f35cbb3,,0.0,0.0,0.0,USGS,Notes_395ea758,0.0,,MonitorStatusReason_c9915973,,W,I,0x000000001FF5DA24
FEC283F3-D9C2-4FE1-AEFB-050F598EE363,B0E7D049-1CB8-405D-B5C2-1A74AFF76488,22709,NM-19232,,,,160.0,A,1981-04-29 00:00:00.000,A,WLs reported bgs. Entered zero for mp height for calculated fields. Actual MP height may not be zero.,0.0,,,,Driller_7081fe79,,ConstructionNotes_08d4810a,,,211CRVC,,WaterNotes_0bc0144d,,L,StatusUserNotes_6f35cbb3,,0.0,0.0,0.0,USGS,Notes_395ea758,0.0,,MonitorStatusReason_c9915973,,W,S,0x000000001FF5DA34
04C56388-A3CA-4B38-A55E-05B9BAECCEB6,EB442625-C157-4CAC-B42F-1B145F95189F,33538,BW-0386,,,,140.0,R,,,WLs reported bgs. Entered zero for mp height for calculated fields. Actual MP height may not be zero.,0.0,0.6666667,,,Driller_7081fe79,,ConstructionNotes_08d4810a,,,110ALVM,,WaterNotes_830ce44b,,,StatusUserNotes_6f35cbb3,,0.0,0.0,0.0,"McLean, J.S. (1970) Saline Ground-Water Resources of the Tularosa Basin, NM. Office of Saline Water, R&D Progress Rpt 561",Notes_395ea758,0.0,,MonitorStatusReason_c9915973,,,,0x000000001FF5DA90
1BBD03AE-6E0E-47F1-9221-0024BCA7524A,32CBBC89-DC14-4502-AD19-1B7599DEB9D9,11849,NM-08372,,,,60.0,A,,,WLs reported bgs. Entered zero for mp height for calculated fields. Actual MP height may not be zero.,0.0,,,,Driller_7081fe79,,ConstructionNotes_08d4810a,,,121OGLL,,WaterNotes_0bc0144d,,L,StatusUserNotes_6f35cbb3,,0.0,0.0,0.0,USGS,Notes_395ea758,0.0,,MonitorStatusReason_c9915973,,W,S,0x000000001FF5DAC9
ACC34ABE-CD40-48BE-9DEC-03C5345709C6,F6933845-2857-4D9A-ADD5-1C63B4BF7E8C,32379,SD-0273,X,,65.0,65.0,R,,,WLs assumed bgs. Entered zero for mp height for calculated fields. Actual MP height may not be zero.,0.0,3.0,,,Driller_7081fe79,,ConstructionNotes_1deadfd7,,,110ALVM,,,,X,,,0.0,0.0,0.0,"HR5: Groundwater in the Sandia and Northern Manzano Mtns, NM (1980) Frank B. Titus, NM Bureau of Geology",Notes_395ea758,0.0,,MonitorStatusReason_c9915973,,,,0x000000001FF5DB55
3E81A507-0BEC-459A-A154-010DAE7FEA28,D1D8E687-3D8E-42E1-8F4E-1D03F5F0C445,31029,MI-0087,,,,325.0,R,,,Entered zero for mp height for calculated fields. Actual MP height may not be zero.,0.0,,,,Driller_6bdbf8bc,,ConstructionNotes_056726e7,,,321SGDC,,WaterNotes_0bc0144d,,S,StatusUserNotes_6f35cbb3,,0.0,0.0,0.0,"Data from Groundwater Report 2: Geology & Groundwater Resources of San Miguel County, NM. (1951) NMBGMR by R.L. Griggs and G.E. Hendrickson.",Notes_395ea758,0.0,,MonitorStatusReason_c9915973,,,,0x000000001FF5DB9C
23F629CB-3908-4ABE-BA19-015F9DFEFCD9,BEFC547E-4926-4CD5-9857-1D5E468B4C0A,22210,NM-18733,,,,,,,,WLs reported bgs. Entered zero for mp height for calculated fields. Actual MP height may not be zero.,0.0,,,,Driller_7081fe79,,ConstructionNotes_08d4810a,,,110AVMB,,WaterNotes_0bc0144d,,L,StatusUserNotes_6f35cbb3,,0.0,0.0,0.0,USGS,Notes_395ea758,0.0,,MonitorStatusReason_c9915973,,W,S,0x000000001FF5DBD1
F89D37AE-7B47-4C34-A217-01A0F0B4A5EF,628D09AF-762F-4FC9-AAA0-1E0609CEE6DC,7402,NM-03925,,,596.0,550.0,A,1973-08-30 00:00:00.000,A,WLs reported bgs. Entered zero for mp height for calculated fields. Actual MP height may not be zero.,0.0,,,,Driller_7081fe79,,ConstructionNotes_08d4810a,,,112SNTF,,WaterNotes_0bc0144d,,X,StatusUserNotes_6f35cbb3,,0.0,0.0,0.0,USGS,Notes_395ea758,0.0,,MonitorStatusReason_c9915973,,O,U,0x000000001FF5DC24
CC254D16-495F-4BF8-991D-03395786A356,0075012E-59E4-46B5-9E51-1E2DC07E7EB0,12636,NM-09159,,,,,,,,WLs reported bgs. Entered zero for mp height for calculated fields. Actual MP height may not be zero.,0.0,,,,Driller_7081fe79,,ConstructionNotes_08d4810a,,,121OGLL,,WaterNotes_0bc0144d,,D,StatusUserNotes_6f35cbb3,,0.0,0.0,0.0,USGS,Notes_395ea758,0.0,,MonitorStatusReason_c9915973,,W,H,0x000000001FF5DC39
13683A28-B058-4881-AABB-04C8EB01A364,7531BA88-50E5-4C1F-A672-1E4D9615E836,7837,NM-04360,,,,,,,,WLs reported bgs. Entered zero for mp height for calculated fields. Actual MP height may not be zero.,0.0,,,,Driller_7081fe79,,ConstructionNotes_08d4810a,,,110AVMB,,WaterNotes_0bc0144d,,I,StatusUserNotes_6f35cbb3,,0.0,0.0,0.0,USGS,Notes_395ea758,0.0,,MonitorStatusReason_c9915973,,W,I,0x000000001FF5DC4A
7B428A8D-47EC-4A22-80B8-0308CA31D016,3D1934BD-7AF1-4D4F-AB5D-1E99F199B8D3,34239,DA-0035,,,,,,,,WLs reported bgs. Entered zero for mp height for calculated fields. Actual MP height may not be zero.,0.0,,,,Driller_7081fe79,,ConstructionNotes_08d4810a,,,112SNTF,,WaterNotes_0bc0144d,,L,StatusUserNotes_6f35cbb3,,0.0,0.0,0.0,"HR-1: Geology & Ground-Water Resources of Central & Western Dona Ana County, NM (1971) King, W.E., Hawley, J.W., Taylor, A.M. and Wilson, R.P. New Mexico Bureau of Geology",Notes_395ea758,0.0,,MonitorStatusReason_c9915973,,,,0x000000001FF5DC79
E97E8690-6403-469B-93D1-044897327E22,640DAB3A-E74F-4379-94B6-1E9B15C62279,13974,NM-10497,,,,,,,,WLs reported bgs. Entered zero for mp height for calculated fields. Actual MP height may not be zero.,0.0,,,,Driller_7081fe79,,ConstructionNotes_08d4810a,,,121OGLL,,WaterNotes_0bc0144d,,I,StatusUserNotes_6f35cbb3,,0.0,0.0,0.0,USGS,Notes_395ea758,0.0,,MonitorStatusReason_c9915973,,W,I,0x000000001FF5DC7D
ADCAF227-41C5-478C-8E57-0549833AAC57,B0E0A18A-86F5-478A-8413-1E9F5C0F2F12,11187,NM-07710,,,,,,,,WLs reported bgs. Entered zero for mp height for calculated fields. Actual MP height may not be zero.,0.0,,,,Driller_7081fe79,,ConstructionNotes_08d4810a,,,,,WaterNotes_0bc0144d,,I,StatusUserNotes_6f35cbb3,,0.0,0.0,0.0,USGS,Notes_395ea758,0.0,,MonitorStatusReason_c9915973,,W,I,0x000000001FF5DC81
F52A1274-9F07-4466-9999-021E2E0A4C00,C58B03D8-982C-468A-991B-1F0C8B05ADA8,6898,BC-0030,S-01679,,,127.0,R,,,,0.4,,,,Driller_7081fe79,,ConstructionNotes_ee2ccb3c,,,231CHNL,,WaterNotes_0bc0144d,I,D,StatusUserNotes_6f35cbb3,H,0.0,0.0,0.0,"Bernalillo County, Sara Chudnoff",Notes_395ea758,0.0,,MonitorStatusReason_c9915973,,,,0x00000000216E3334
B997CB36-B06E-434F-A3CA-01AF3B445019,62E0144A-831F-43C8-9707-1F65036B4765,35547,TO-0109,,,,130.0,R,1948-01-01 00:00:00.000,R,WLs reported bgs. Entered zero for mp height for calculated fields. Actual MP height may not be zero.,0.0,1.333333,,,Driller_e8b2331e,,ConstructionNotes_4774f125,,,112QTBF,,WaterNotes_e8b135aa,,I,StatusUserNotes_6f35cbb3,,0.0,0.0,0.0,"GW5: Geology and Ground-Water Resources of Torrance County, NM (1957) R.E. Smith, NM Bureau of Geology",Notes_395ea758,0.0,,MonitorStatusReason_c9915973,,,,0x000000001FF5DCEE
E5AE0BBE-D1E3-408C-B148-02403ABC4753,84E1489A-36E8-43E4-99D2-1F6F94C2B021,27366,NM-23889,,,350.0,350.0,A,1992-10-01 00:00:00.000,A,WLs reported bgs. Entered zero for mp height for calculated fields. Actual MP height may not be zero.,0.0,,,,Driller_7081fe79,,ConstructionNotes_08d4810a,C,,325MDER,,WaterNotes_0bc0144d,,D,StatusUserNotes_6f35cbb3,,0.0,0.0,0.0,USGS,Notes_395ea758,0.0,,MonitorStatusReason_c9915973,,W,H,0x000000001FF5DCF5
88C7D999-A422-4711-A1CA-01557BD270C0,86DA36FE-42AB-4A5C-9336-1F863DC4DD35,34488,CX-0041,,,,127.0,R,,,WLs reported bgs. Entered zero for mp height for calculated fields. Actual MP height may not be zero.,0.0,,,,Driller_7081fe79,,ConstructionNotes_08d4810a,,,211DKOT,,WaterNotes_0bc0144d,,DL,StatusUserNotes_6f35cbb3,,0.0,0.0,0.0,"GW-1: Geology & Ground-Water Resources of the Eastern Part of Colfax Cty, NM (1948) Griggs, Roy L., NMBGMR",Notes_395ea758,0.0,,MonitorStatusReason_c9915973,,,,0x000000001FF5DD08
9A10BABD-F60A-4D9E-ABA1-0128C9F6CEE4,C4F0FD5E-38A2-4B2A-A16F-1FD113B9BD8E,13571,NM-10094,,,,185.0,A,,,WLs reported bgs. Entered zero for mp height for calculated fields. Actual MP height may not be zero.,0.0,,,,Driller_7081fe79,,ConstructionNotes_08d4810a,,,110AVMB,,WaterNotes_0bc0144d,,L,StatusUserNotes_6f35cbb3,,0.0,0.0,0.0,USGS,Notes_395ea758,0.0,,MonitorStatusReason_c9915973,,W,S,0x000000001FF5DD3C
21A3F4E8-6E9B-46D6-B934-022E2A136D8F,0670240C-664F-4533-9547-208BE6F91FA0,11135,NM-07658,,,,,,,,WLs reported bgs. Entered zero for mp height for calculated fields. Actual MP height may not be zero.,0.0,,,,Driller_7081fe79,,ConstructionNotes_08d4810a,,,,,WaterNotes_0bc0144d,,L,StatusUserNotes_6f35cbb3,,0.0,0.0,0.0,USGS,Notes_395ea758,0.0,,MonitorStatusReason_c9915973,,W,S,0x000000001FF5DDAB
66CEDBF1-ECE2-493A-97BA-010A24640D57,54097883-5773-4C24-8FCE-2134EC0A8183,19365,NM-15888,,,,125.0,A,,,WLs reported bgs. Entered zero for mp height for calculated fields. Actual MP height may not be zero.,0.0,,,,Driller_7081fe79,,ConstructionNotes_08d4810a,,,121OGLL,,WaterNotes_0bc0144d,,D,StatusUserNotes_6f35cbb3,,0.0,0.0,0.0,USGS,Notes_395ea758,0.0,,MonitorStatusReason_c9915973,,W,H,0x000000001FF5DE0B
9E3FCEE0-A86B-49BA-8F31-05172FA52BDC,0A4C2B69-1F7C-45C2-B333-213E021838F8,35252,ED-0265,,,,,,,,WLs reported bgs. Entered zero for mp height for calculated fields. Actual MP height may not be zero.,0.0,2.0,,,Driller_7081fe79,,ConstructionNotes_08d4810a,,,312RSLR,,WaterNotes_0bc0144d,,X,StatusUserNotes_6f35cbb3,,0.0,0.0,0.0,"GW3: Geology and Ground-Water Resources of Eddy County, NM (1952) G.E. Hendrickson & R.S. Jones, NM Bureau of Geology",Notes_395ea758,0.0,,MonitorStatusReason_c9915973,,,,0x000000001FF5DE15
61440273-2B14-475A-A705-041366CAAF40,787CEC5C-8406-4CA1-8954-215F0154D636,33308,BW-0146,,,,44.0,R,1953-01-01 00:00:00.000,R,WLs reported bgs. Entered zero for mp height for calculated fields. Actual MP height may not be zero.,0.0,0.3333333,,,Driller_7081fe79,,ConstructionNotes_c3a4d49b,,,110ALVM,,WaterNotes_4d7162d5,,,StatusUserNotes_6f35cbb3,,0.0,0.0,0.0,"McLean, J.S. (1970) Saline Ground-Water Resources of the Tularosa Basin, NM. Office of Saline Water, R&D Progress Rpt 561",Notes_395ea758,0.0,,MonitorStatusReason_c9915973,,,,0x000000001FF5DE2A
AB54A1DE-00A5-4DB0-9E6D-060EAA2CF757,DDA9EE76-B859-40BA-A4AF-221558E08711,26869,NM-23392,,,,234.0,A,,,WLs reported bgs. Entered zero for mp height for calculated fields. Actual MP height may not be zero.,0.0,,,,Driller_7081fe79,,ConstructionNotes_08d4810a,,,,,WaterNotes_0bc0144d,,,StatusUserNotes_6f35cbb3,,0.0,0.0,0.0,USGS,Notes_395ea758,0.0,,MonitorStatusReason_c9915973,,W,,0x000000001FF5DE98
C6E5EB69-832B-4B76-8A59-03491201F940,35C5F184-94CC-4A24-9F08-22251E2BBE30,3669,NM-01114,,,,48.0,A,,,WLs reported bgs. Entered zero for mp height for calculated fields. Actual MP height may not be zero.,0.0,,,,Driller_7081fe79,,ConstructionNotes_08d4810a,,,231SNRS,,WaterNotes_0bc0144d,,,StatusUserNotes_6f35cbb3,,0.0,0.0,0.0,USGS,Notes_395ea758,0.0,,MonitorStatusReason_c9915973,,W,,0x000000001FF5DEA0
A652D082-841B-4BEC-B172-00161628FA9A,0818DA6D-BD9A-454D-A478-2229167DDA29,24875,NM-21398,,,,250.0,A,1981-01-01 00:00:00.000,A,WLs reported bgs. Entered zero for mp height for calculated fields. Actual MP height may not be zero.,0.0,,,,Driller_7081fe79,,ConstructionNotes_08d4810a,,,325MDER,,WaterNotes_0bc0144d,,D,StatusUserNotes_6f35cbb3,,0.0,0.0,0.0,USGS,Notes_395ea758,0.0,,MonitorStatusReason_c9915973,,W,H,0x000000001FF5DEA3
A597DF07-11D9-4404-A049-05C47F593988,41C6F014-F804-4572-8D25-223C5CD78401,39761,SB-0817,X,,,0.0,A,,,Entered zero for MP height for calculated fields. Actual MP hgt may not be zero.,0.0,,,,Driller_7081fe79,,ConstructionNotes_08d4810a,,,112SLBL,,WaterNotes_0bc0144d,,X,StatusUserNotes_6f35cbb3,,0.0,0.0,0.0,Texas Water Development Board,Notes_395ea758,0.0,,MonitorStatusReason_c9915973,,,,0x000000001FF5DEAF
9F711C58-A9E0-4D1D-9F6C-037ECB34D999,2B391FA0-4CD2-4A84-B03A-2260C35FC11A,17290,NM-13813,,,,345.0,A,,,WLs reported bgs. Entered zero for mp height for calculated fields. Actual MP height may not be zero.,0.0,,,,Driller_7081fe79,,ConstructionNotes_08d4810a,,,313SADR,,WaterNotes_0bc0144d,,I,StatusUserNotes_6f35cbb3,,0.0,0.0,0.0,USGS,Notes_395ea758,0.0,,MonitorStatusReason_c9915973,,W,I,0x000000001FF5DEC3
A007648E-6197-48F2-9A18-05162F6D31C6,8E4A656C-AEDA-43A8-B509-228B9CD3A97A,18827,NM-15350,,,,,,,,WLs reported bgs. Entered zero for mp height for calculated fields. Actual MP height may not be zero.,0.0,,,,Driller_7081fe79,,ConstructionNotes_08d4810a,,,,,WaterNotes_0bc0144d,,I,StatusUserNotes_6f35cbb3,,0.0,0.0,0.0,USGS,Notes_395ea758,0.0,,MonitorStatusReason_c9915973,,W,I,0x000000001FF5DED9
4FFFD004-D0FA-42B8-8B0C-032B8C274E4E,4E3B43A0-E489-499A-BB4E-22FADE4656B7,37263,NM-28190,,,,1691.0,A,1978-08-08 00:00:00.000,A,WLs reported bgs. Entered zero for mp height for calculated fields. Actual MP height may not be zero.,0.0,,,,Driller_7081fe79,,ConstructionNotes_08d4810a,,,,,WaterNotes_0bc0144d,,L,StatusUserNotes_6f35cbb3,,0.0,0.0,0.0,USGS,Notes_395ea758,0.0,,MonitorStatusReason_c9915973,,W,S,0x000000001FF5DF1D
BBC5512A-D339-4F9A-9F50-0332B601BA83,C572BCD4-2B4C-4DEB-8C7F-232144459D01,19648,NM-16171,,,45.0,,A,,,WLs reported bgs. Entered zero for mp height for calculated fields. Actual MP height may not be zero.,0.0,,,,Driller_7081fe79,,ConstructionNotes_08d4810a,,,,,WaterNotes_0bc0144d,,D,StatusUserNotes_6f35cbb3,,0.0,0.0,0.0,USGS,Notes_395ea758,0.0,,MonitorStatusReason_c9915973,,W,H,0x000000001FF5DF39
85D7203A-EC99-4C0A-8A17-0591B1D6923F,43590157-941D-4C86-952F-2349A32EFD79,10904,NM-07427,,,,,,,,WLs reported bgs. Entered zero for mp height for calculated fields. Actual MP height may not be zero.,0.0,,,,Driller_7081fe79,,ConstructionNotes_08d4810a,,,110AVMB,,WaterNotes_0bc0144d,,I,StatusUserNotes_6f35cbb3,,0.0,0.0,0.0,USGS,Notes_395ea758,0.0,,MonitorStatusReason_c9915973,,W,I,0x000000001FF5DF4F
A663F781-4CE5-4810-8A5D-0509E13D7EA9,2B83E9E4-D77C-493B-ACE3-23B254018FA2,23500,NM-20023,,,,100.0,A,,,WLs reported bgs. Entered zero for mp height for calculated fields. Actual MP height may not be zero.,0.0,,,,Driller_7081fe79,,ConstructionNotes_08d4810a,,,112SNTF,,WaterNotes_0bc0144d,,L,StatusUserNotes_6f35cbb3,,0.0,0.0,0.0,USGS,Notes_395ea758,0.0,,MonitorStatusReason_c9915973,,W,S,0x000000001FF5DF86
0EE6DEE7-0667-45A2-BAB1-000AA3C3A2BC,5EE2DC98-0856-4959-A3D9-242B85C480D0,5039,NM-02102,,,,140.0,A,,,WLs reported bgs. Entered zero for mp height for calculated fields. Actual MP height may not be zero.,0.0,,,,Driller_7081fe79,,ConstructionNotes_08d4810a,,,112SNTF,,WaterNotes_0bc0144d,,L,StatusUserNotes_6f35cbb3,,0.0,0.0,0.0,USGS,Notes_395ea758,0.0,,MonitorStatusReason_c9915973,,W,S,0x000000001FF5DFC5
B35D1862-95E8-4236-BDBC-054526F4A1C0,C78485CD-DE01-44E0-A1D3-24A70377AD71,13582,NM-10105,,,,278.0,A,,,WLs reported bgs. Entered zero for mp height for calculated fields. Actual MP height may not be zero.,0.0,,,,Driller_7081fe79,,ConstructionNotes_08d4810a,,,121OGLL,,WaterNotes_0bc0144d,,X,StatusUserNotes_6f35cbb3,,0.0,0.0,0.0,USGS,Notes_395ea758,0.0,,MonitorStatusReason_c9915973,,W,U,0x000000001FF5E00A
961D97D0-077E-417B-896A-019531A9D9D1,622A06D8-7DA5-4477-9325-24B657E38640,21757,NM-18280,,,365.0,365.0,A,1998-12-06 00:00:00.000,A,WLs reported bgs. Entered zero for mp height for calculated fields. Actual MP height may not be zero.,0.0,,,,Driller_7081fe79,,ConstructionNotes_08d4810a,U,,121OGLL,,WaterNotes_0bc0144d,,X,StatusUserNotes_6f35cbb3,,0.0,0.0,0.0,USGS,Notes_395ea758,0.0,,MonitorStatusReason_c9915973,,O,U,0x000000001FF5E013
263819C7-D551-4563-A7F9-00633036DA14,2D8CA33E-3568-4337-B0F9-250CBBB0CCE1,2362,AH-049,RG-64935,,300.0,300.0,D,1997-01-20 00:00:00.000,D,MP Hgt from report w/water levels reported bgs. Actual MP hgt may not be 0.0'.,0.0,0.5208333,,,Driller_79d9eeed,,ConstructionNotes_08d4810a,,,,210.0,WaterNotes_0bc0144d,,D,StatusUserNotes_6f35cbb3,,0.0,0.0,0.0,,Notes_395ea758,0.0,,MonitorStatusReason_c9915973,,,,0x000000001FF5E038
2E359AE1-5E47-41FF-9E70-04531820C035,6C99A54B-9D8C-4BC0-8756-253F16C608AB,39635,SB-0691,X,,,420.0,A,,,Entered zero for MP height for calculated fields. Actual MP hgt may not be zero.,0.0,,,,Driller_7081fe79,,ConstructionNotes_08d4810a,,,112HCBL,,WaterNotes_0bc0144d,,D,StatusUserNotes_6f35cbb3,,0.0,0.0,0.0,Texas Water Development Board,Notes_395ea758,0.0,,MonitorStatusReason_c9915973,,,,0x000000001FF5E061
737B2DE2-7265-4F3F-A7ED-00BDCDAF8B3F,3FABDE1F-E75B-4775-A028-261BB89DA018,35435,TO-0063,,,,10.0,R,,,WLs reported bgs. Entered zero for mp height for calculated fields. Actual MP height may not be zero.,0.0,,,,Driller_7081fe79,,ConstructionNotes_723effcf,,,310ABO,,WaterNotes_0bc0144d,,DL,StatusUserNotes_6f35cbb3,,0.0,0.0,0.0,"GW5: Geology and Ground-Water Resources of Torrance County, NM (1957) R.E. Smith, NM Bureau of Geology",Notes_395ea758,0.0,,MonitorStatusReason_c9915973,,,,0x000000001FF5E0C2
BCD82EB2-BB22-4E5B-959B-01A08644109D,3157BE78-EBBE-49F1-93DD-261BD9E96747,650,EB-674,RG-71979,,475.0,475.0,D,1999-10-16 00:00:00.000,D,,0.0,0.42,475.0,,Driller_39a45707,H,ConstructionNotes_08d4810a,U,,121TSUQa/400EMBD,250.0,WaterNotes_25ea855b,C,D,StatusUserNotes_6f35cbb3,,0.0,0.0,0.0,"J. Corbin, 2007, written communication",Notes_395ea758,0.0,EB674.pdf,MonitorStatusReason_c9915973,,,,0x000000002666E553
EA58FFE5-E624-4AD6-9D12-00764C302915,2C02E2CB-7859-42E0-A72A-26245E96F4E0,12507,NM-09030,,,,,,,,WLs reported bgs. Entered zero for mp height for calculated fields. Actual MP height may not be zero.,0.0,,,,Driller_7081fe79,,ConstructionNotes_08d4810a,,,313GRBG,,WaterNotes_0bc0144d,,I,StatusUserNotes_6f35cbb3,,0.0,0.0,0.0,USGS,Notes_395ea758,0.0,,MonitorStatusReason_c9915973,,W,I,0x000000001FF5E0C8
68551590-5722-4682-9588-0358787AAE5C,BA32AB09-70BB-4176-AD40-2670B25ABE34,11175,NM-07698,,,,,,,,WLs reported bgs. Entered zero for mp height for calculated fields. Actual MP height may not be zero.,0.0,,,,Driller_7081fe79,,ConstructionNotes_08d4810a,,,110AVMB,,WaterNotes_0bc0144d,,L,StatusUserNotes_6f35cbb3,,0.0,0.0,0.0,USGS,Notes_395ea758,0.0,,MonitorStatusReason_c9915973,,W,S,0x000000001FF5E0F9
C3EC7097-0926-45A5-A41C-00FE4EA011FF,357FC2E5-B4D4-4E52-B9C3-27127D224B57,29020,NM-25543,,,,90.0,A,1959-01-01 00:00:00.000,A,WLs reported bgs. Entered zero for mp height for calculated fields. Actual MP height may not be zero.,0.0,,,,Driller_7081fe79,,ConstructionNotes_08d4810a,,,,,WaterNotes_0bc0144d,,D,StatusUserNotes_6f35cbb3,,0.0,0.0,0.0,USGS,Notes_395ea758,0.0,,MonitorStatusReason_c9915973,,W,H,0x000000001FF5E161
9A1B9E80-B501-4350-8DFD-0616BB70698E,A448F352-FB57-452D-B7B4-279B7CB78880,24662,NM-21185,,,256.0,,A,1963-09-01 00:00:00.000,A,WLs reported bgs. Entered zero for mp height for calculated fields. Actual MP height may not be zero.,0.0,,,,Driller_7081fe79,,ConstructionNotes_08d4810a,,,,,WaterNotes_0bc0144d,,D,StatusUserNotes_6f35cbb3,,0.0,0.0,0.0,USGS,Notes_395ea758,0.0,,MonitorStatusReason_c9915973,,W,H,0x000000001FF5E1BC
70F25423-2EFE-4A0C-96D4-04BBA2D700C5,E1115171-B707-4E79-961B-27CA87CF1C8B,33803,AR-0136,X,,,,,,,,,,,,Driller_7081fe79,,ConstructionNotes_08d4810a,,,,,WaterNotes_0bc0144d,,,StatusUserNotes_6f35cbb3,,0.0,0.0,0.0,Source data for this location is from the US EPA.,Notes_395ea758,0.0,,MonitorStatusReason_c9915973,,,,0x000000001FF5E1D8
7EA6D24B-8EE5-43C5-9089-0372D8415388,9D6B2622-05CD-44B1-BDF4-28996CDCDC04,36450,BC-0265,RG-07569,,,42.0,R,1962-06-21 00:00:00.000,D,,1.68,0.17,42.0,,Driller_efad1c4f,,ConstructionNotes_08d4810a,,,050QUAL,7.0,WaterNotes_11dedf1b,,,StatusUserNotes_6f35cbb3,H,0.0,0.0,0.0,"Bernalillo County, Sara Chudnoff",Notes_395ea758,0.0,BC0265.pdf,MonitorStatusReason_c9915973,,,,0x000000002666E3C0
071BEA1E-CC60-4FC0-B7EB-04055606F7DD,8AEDD2D6-3206-4C35-9D6B-28F421890725,9984,NM-06507,,,,160.0,A,,,WLs reported bgs. Entered zero for mp height for calculated fields. Actual MP height may not be zero.,0.0,,,,Driller_7081fe79,,ConstructionNotes_08d4810a,,,110AVMB,,WaterNotes_0bc0144d,,I,StatusUserNotes_6f35cbb3,,0.0,0.0,0.0,USGS,Notes_395ea758,0.0,,MonitorStatusReason_c9915973,,W,I,0x000000001FF5E281
3D3E5388-5428-48B7-BA91-013D4C8BD426,977B20F4-1937-4668-9E2A-28FBE980D8F7,39473,SB-0529,X,,,1137.0,A,,,Entered zero for MP height for calculated fields. Actual MP hgt may not be zero.,0.0,,,,Driller_7081fe79,,ConstructionNotes_08d4810a,,,210CRCS,,WaterNotes_0bc0144d,,L,StatusUserNotes_6f35cbb3,,0.0,0.0,0.0,Texas Water Development Board,Notes_395ea758,0.0,,MonitorStatusReason_c9915973,,,,0x000000001FF5E288
1B1E5CB7-8DE7-4443-AB3B-03F0DC9C1EA6,D09CD779-6DB1-4034-8553-2935E793C103,20673,NM-17196,,,,125.0,A,,,WLs reported bgs. Entered zero for mp height for calculated fields. Actual MP height may not be zero.,0.0,,,,Driller_7081fe79,,ConstructionNotes_08d4810a,,,110AVMB,,WaterNotes_0bc0144d,,L,StatusUserNotes_6f35cbb3,,0.0,0.0,0.0,USGS,Notes_395ea758,0.0,,MonitorStatusReason_c9915973,,W,S,0x000000001FF5E2AA
A5E64520-E33F-4239-913C-046272D8D5D0,642BBF56-01B3-4734-AD5C-29BFECAD1D06,8279,NM-04802,,,,,,,,WLs reported bgs. Entered zero for mp height for calculated fields. Actual MP height may not be zero.,0.0,,,,Driller_7081fe79,,ConstructionNotes_08d4810a,,,,,WaterNotes_0bc0144d,,I,StatusUserNotes_6f35cbb3,,0.0,0.0,0.0,USGS,Notes_395ea758,0.0,,MonitorStatusReason_c9915973,,W,I,0x000000001FF5E2F3
A9744A59-BE0C-431C-AF14-03C123F8D3B4,24D454FB-2706-4318-B459-2A17C9CCA610,30108,NM-26631,,,,,,,,WLs reported bgs. Entered zero for mp height for calculated fields. Actual MP height may not be zero.,0.0,,,,Driller_7081fe79,,ConstructionNotes_08d4810a,,,110NTGU,,WaterNotes_0bc0144d,,O,StatusUserNotes_6f35cbb3,,0.0,0.0,0.0,USGS,Notes_395ea758,0.0,,MonitorStatusReason_c9915973,,O,,0x000000001FF5E328
80DB8A41-D012-4AA0-B0FC-04997EF6A007,03BD63A3-CF85-41CF-907A-2A23BDB547BA,29090,NM-25613,,,,161.0,A,1961-01-01 00:00:00.000,A,WLs reported bgs. Entered zero for mp height for calculated fields. Actual MP height may not be zero.,0.0,,,,Driller_7081fe79,,ConstructionNotes_08d4810a,,,112SNTF,,WaterNotes_0bc0144d,,P,StatusUserNotes_6f35cbb3,,0.0,0.0,0.0,USGS,Notes_395ea758,0.0,,MonitorStatusReason_c9915973,,W,P,0x000000001FF5E32F
053FA347-F619-4FC3-951C-04823ECA5A5C,86FB45FF-0A13-43D8-B326-2A6ED8404F29,14700,NM-11223,,,,205.0,A,,,WLs reported bgs. Entered zero for mp height for calculated fields. Actual MP height may not be zero.,0.0,,,,Driller_7081fe79,,ConstructionNotes_08d4810a,,,112SNTF,,WaterNotes_0bc0144d,,D,StatusUserNotes_6f35cbb3,,0.0,0.0,0.0,USGS,Notes_395ea758,0.0,,MonitorStatusReason_c9915973,,W,H,0x000000001FF5E350
C7D83009-67DA-4B51-8AF3-00B602CF7A92,72732530-E7A2-4EAD-9815-2A73EAA18A15,7788,NM-04311,,,,,,,,WLs reported bgs. Entered zero for mp height for calculated fields. Actual MP height may not be zero.,0.0,,,,Driller_7081fe79,,ConstructionNotes_08d4810a,,,,,WaterNotes_0bc0144d,,D,StatusUserNotes_6f35cbb3,,0.0,0.0,0.0,USGS,Notes_395ea758,0.0,,MonitorStatusReason_c9915973,,W,H,0x000000001FF5E354
E973404E-8857-4F11-B4F7-006AB98DEE8F,CB907AFC-7872-469B-8D75-2AD2C4A8B0F3,13338,NM-09861,,,,120.0,A,,,WLs reported bgs. Entered zero for mp height for calculated fields. Actual MP height may not be zero.,0.0,,,,Driller_7081fe79,,ConstructionNotes_08d4810a,,,121OGLL,,WaterNotes_0bc0144d,,I,StatusUserNotes_6f35cbb3,,0.0,0.0,0.0,USGS,Notes_395ea758,0.0,,MonitorStatusReason_c9915973,,W,I,0x000000001FF5E38D
DA4FC2B6-8715-4B90-B591-01240980E2D7,3B55F0E6-5159-42C3-9B46-2B34DFAD6F3E,35001,ED-0014,,,,320.0,R,,,WLs reported bgs. Entered zero for mp height for calculated fields. Actual MP height may not be zero.,0.0,0.5833333,,,Driller_7081fe79,,ConstructionNotes_08d4810a,,,121OGLL,,WaterNotes_9fb6c520,,L,StatusUserNotes_6f35cbb3,,0.0,0.0,0.0,"GW3: Geology and Ground-Water Resources of Eddy County, NM (1952) G.E. Hendrickson & R.S. Jones, NM Bureau of Geology",Notes_395ea758,0.0,,MonitorStatusReason_c9915973,,,,0x000000001FF5E3CC
39B51A54-2FA3-4FEB-B906-006D38F3872B,77B3C9F7-52A1-45DE-BA48-2B52D69F4505,36049,SO-0242,X,,50.0,50.0,G,2003-04-03 00:00:00.000,G,Top of 2 inch PVC casing,1.2,0.17,,,Driller_5367feeb,,ConstructionNotes_08d4810a,,,,,WaterNotes_0bc0144d,,O,StatusUserNotes_6f35cbb3,,0.0,0.0,0.0,"Exploratory & Shallow Well Drilling Rio Grande Watershed Study-Phase 1 San Acacia Surface Water/Groundwater Investigation (Dec. 5, 2003) S.S. Papadopulos & Associates for US Army Corps of Engineer",Notes_395ea758,0.0,SO0242.pdf,MonitorStatusReason_c9915973,,,,0x000000002666E973
E7231C67-47C5-4904-9410-03833A837BC2,24785AD3-5CCF-45CF-8B2B-2B6098731531,35537,TO-0001,,,,170.0,R,1935-01-01 00:00:00.000,R,WLs reported bgs. Entered zero for mp height for calculated fields. Actual MP height may not be zero.,0.0,,,,Driller_7081fe79,,ConstructionNotes_4774f125,,,310YESO,,WaterNotes_638b366a,A,X,StatusUserNotes_6f35cbb3,,0.0,0.0,0.0,"GW5: Geology and Ground-Water Resources of Torrance County, NM (1957) R.E. Smith, NM Bureau of Geology",Notes_395ea758,0.0,,MonitorStatusReason_c9915973,,,,0x000000001FF5E3E6
3C9EA984-D7F7-4F35-8E6C-0035CA77079C,B5B57C25-AF0B-4095-8977-2BBF9E027DC1,18394,NM-14917,,,,300.0,A,,,WLs reported bgs. Entered zero for mp height for calculated fields. Actual MP height may not be zero.,0.0,,,,Driller_7081fe79,,ConstructionNotes_08d4810a,,,313ARTS,,WaterNotes_0bc0144d,,L,StatusUserNotes_6f35cbb3,,0.0,0.0,0.0,USGS,Notes_395ea758,0.0,,MonitorStatusReason_c9915973,,W,S,0x000000001FF5E419
2F3C887C-DBB2-435C-AF19-04F653520086,811D1CA3-7419-4E5A-BDA5-2C3769FE7C69,33437,BW-0255,,,,,,,,WLs reported bgs. Entered zero for mp height for calculated fields. Actual MP height may not be zero.,0.0,,,,Driller_7081fe79,,ConstructionNotes_08d4810a,,,110ALVM,,WaterNotes_0bc0144d,,,StatusUserNotes_6f35cbb3,,0.0,0.0,0.0,"McLean, J.S. (1970) Saline Ground-Water Resources of the Tularosa Basin, NM. Office of Saline Water, R&D Progress Rpt 561",Notes_395ea758,0.0,,MonitorStatusReason_c9915973,,,,0x000000001FF5E460
2E85D620-0F77-403C-A171-0498F9845F3F,66E9D2AE-C5C7-430C-AF2B-2C4C97DB5C6F,39558,SB-0614,X,,,220.0,A,,,Entered zero for MP height for calculated fields. Actual MP hgt may not be zero.,0.0,,,,Driller_7081fe79,,ConstructionNotes_08d4810a,,,112EFBL,,WaterNotes_0bc0144d,,L,StatusUserNotes_6f35cbb3,,0.0,0.0,0.0,Texas Water Development Board,Notes_395ea758,0.0,,MonitorStatusReason_c9915973,,,,0x000000001FF5E46A
97B855C4-4256-423D-BC0F-03ADCF862B2A,D821423F-71BA-40A2-BE4B-2C661532EDA0,6809,AB-0176,,,,362.0,R,1992-11-05 00:00:00.000,R,WLs reported bgs. Entered zero for mp height for calculated fields. Actual MP height may not be zero.,0.0,0.1666667,,,Driller_7081fe79,,ConstructionNotes_6824a8b5,,,112SNTF,,WaterNotes_0bc0144d,,,StatusUserNotes_6f35cbb3,,0.0,0.0,0.0,"Plummer, LN, Bexfield, LM, et al. (2004) Geochem. Characterization of Ground-water Flow in the Santa Fe Group Aquifer System, Middle Rio Grande Basin, NM. USGS WRI-03-4131",Notes_395ea758,0.0,,MonitorStatusReason_c9915973,,,,0x000000001FF5E478
53D58C8F-6571-498F-BA1A-00E6B9616F11,7D4F7317-6783-4200-A612-2C896F269D8C,41174,CZ-0003,RA-13277,,,340.0,D,,D,TOC,1.25,0.68,,,Driller_7081fe79,,ConstructionNotes_08d4810a,,,,,WaterNotes_316dced3,C,D,StatusUserNotes_6f35cbb3,W,0.0,1.0,0.0,,Notes_395ea758,0.0,,MonitorStatusReason_c9915973,,,,0x000000002C3655AD
596E3673-2D25-4121-BC47-043BBF456FE2,9883A950-E6D1-40C4-A4F3-2CE09C74CC54,8694,NM-05217,,,,800.0,A,,,WLs reported bgs. Entered zero for mp height for calculated fields. Actual MP height may not be zero.,0.0,,,,Driller_7081fe79,,ConstructionNotes_08d4810a,,,,,WaterNotes_0bc0144d,,I,StatusUserNotes_6f35cbb3,,0.0,0.0,0.0,USGS,Notes_395ea758,0.0,,MonitorStatusReason_c9915973,,W,I,0x000000001FF5E4B3
FAFF1556-831F-4D9C-B19C-04053807E404,13266465-ED67-497E-98CB-2D01624BDEE8,22372,NM-18895,,,,457.0,A,,,WLs reported bgs. Entered zero for mp height for calculated fields. Actual MP height may not be zero.,0.0,,,,Driller_7081fe79,,ConstructionNotes_08d4810a,,,121OGLL,,WaterNotes_0bc0144d,,X,StatusUserNotes_6f35cbb3,,0.0,0.0,0.0,USGS,Notes_395ea758,0.0,,MonitorStatusReason_c9915973,,W,U,0x000000001FF5E4CB
215DEA76-2BCF-4253-A8DB-0262BD14C894,2CB00815-1C8D-4D6F-8EDA-2D6C1BC80614,25344,NM-21867,,,30.0,30.0,A,2005-08-26 00:00:00.000,A,WLs reported bgs. Entered zero for mp height for calculated fields. Actual MP height may not be zero.,0.0,,,,Driller_7081fe79,,ConstructionNotes_08d4810a,U,,112SNTF,,WaterNotes_0bc0144d,,X,StatusUserNotes_6f35cbb3,,0.0,0.0,0.0,USGS,Notes_395ea758,0.0,,MonitorStatusReason_c9915973,,O,U,0x000000001FF5E4FC
E72BD9B7-0EFC-44D9-8FF6-00C7D339B119,774BBCF4-9A50-4151-B908-2D7974B07B17,35516,TO-0272,,,,103.0,R,1941-01-01 00:00:00.000,R,WLs reported bgs. Entered zero for mp height for calculated fields. Actual MP height may not be zero.,0.0,0.8333333,,,Driller_2029c4a3,,ConstructionNotes_4774f125,,,112QTBF,,WaterNotes_e45d3bd7,,I,StatusUserNotes_6f35cbb3,,0.0,0.0,0.0,"GW5: Geology and Ground-Water Resources of Torrance County, NM (1957) R.E. Smith, NM Bureau of Geology",Notes_395ea758,0.0,,MonitorStatusReason_c9915973,,,,0x000000001FF5E509
55FF7D47-C1DD-4D71-9AF9-05C3B37C4562,39F7DCD7-1682-4972-A3C5-2D9790786757,20886,NM-17409,P-01974,,92.0,86.0,A,1962-01-20 00:00:00.000,D,WLs reported bgs. Entered zero for mp height for calculated fields. Actual MP height may not be zero.,0.0,,86.0,,Driller_eba3a1fc,,ConstructionNotes_08d4810a,,,110AVMB,35.0,WaterNotes_9e3f11fb,C,P,StatusUserNotes_c5a5ed4c,,0.0,0.0,0.0,USGS & NMED SWP Atlas online,Notes_395ea758,0.0,NM17409.pdf,MonitorStatusReason_c9915973,,W,S,0x000000002666E67E
DBDAD4FA-BBE7-4C18-AE38-04594AB21A67,39C144E7-CAC1-46D2-B9A0-2DD59BC42DF1,22797,NM-19320,,,,,,,,WLs reported bgs. Entered zero for mp height for calculated fields. Actual MP height may not be zero.,0.0,,,,Driller_7081fe79,,ConstructionNotes_08d4810a,,,110AVMB,,WaterNotes_0bc0144d,,L,StatusUserNotes_6f35cbb3,,0.0,0.0,0.0,USGS,Notes_395ea758,0.0,,MonitorStatusReason_c9915973,,W,S,0x000000001FF5E54C
7C60679E-249E-48E4-B906-03CBC9C15BB9,E1ADD255-A70A-4186-8D24-2E1D0CE20976,21091,NM-17614,,,,124.0,A,,,WLs reported bgs. Entered zero for mp height for calculated fields. Actual MP height may not be zero.,0.0,,,,Driller_7081fe79,,ConstructionNotes_08d4810a,,,110AVMB,,WaterNotes_0bc0144d,,I,StatusUserNotes_6f35cbb3,,0.0,0.0,0.0,USGS,Notes_395ea758,0.0,,MonitorStatusReason_c9915973,,W,I,0x000000001FF5E579
F7074C2F-71AA-4349-9AE1-03FA51736BEA,86E61414-473E-4D85-96A4-2EFD103CB6DA,34406,DA-0130,,,,685.0,R,,,WLs reported bgs. Entered zero for mp height for calculated fields. Actual MP height may not be zero.,0.0,,,,Driller_7081fe79,,ConstructionNotes_08d4810a,,,,,WaterNotes_989bc841,,L,StatusUserNotes_6f35cbb3,,0.0,0.0,0.0,"HR-1: Geology & Ground-Water Resources of Central & Western Dona Ana County, NM (1971) King, W.E., Hawley, J.W., Taylor, A.M. and Wilson, R.P. New Mexico Bureau of Geology",Notes_395ea758,0.0,,MonitorStatusReason_c9915973,,,,0x000000001FF5E5F3
62239097-07CB-4D1C-AE1E-02E0F2D9217E,F09D92C6-361E-44EC-A0A1-2F61BEA14DCF,34277,DA-0135,,,,440.0,R,,,WLs reported bgs. Entered zero for mp height for calculated fields. Actual MP height may not be zero.,0.0,,,,Driller_7081fe79,,ConstructionNotes_08d4810a,,,112SNTF,,WaterNotes_0bc0144d,,DL,StatusUserNotes_6f35cbb3,,0.0,0.0,0.0,"HR-1: Geology & Ground-Water Resources of Central & Western Dona Ana County, NM (1971) King, W.E., Hawley, J.W., Taylor, A.M. and Wilson, R.P. New Mexico Bureau of Geology",Notes_395ea758,0.0,,MonitorStatusReason_c9915973,,,,0x000000001FF5E624
D4967601-F54C-4D2D-9C2A-02DCE9CBA8EE,7F38A732-0E41-4FD3-87E1-2FC79359F601,22405,NM-18928,,,,,,,,WLs reported bgs. Entered zero for mp height for calculated fields. Actual MP height may not be zero.,0.0,,,,Driller_7081fe79,,ConstructionNotes_08d4810a,,,121OGLL,,WaterNotes_0bc0144d,,L,StatusUserNotes_6f35cbb3,,0.0,0.0,0.0,USGS,Notes_395ea758,0.0,,MonitorStatusReason_c9915973,,W,S,0x000000001FF5E65C
3A58A63C-D22A-40EC-BC7B-03C9B4E557EB,008150A0-3210-4756-B664-2FE8DC2EAA1C,9871,NM-06394,,,,207.0,A,,,WLs reported bgs. Entered zero for mp height for calculated fields. Actual MP height may not be zero.,0.0,,,,Driller_7081fe79,,ConstructionNotes_08d4810a,,,110AVMB,,WaterNotes_0bc0144d,,X,StatusUserNotes_6f35cbb3,,0.0,0.0,0.0,USGS,Notes_395ea758,0.0,,MonitorStatusReason_c9915973,,U,U,0x000000001FF5E676
F058766B-E7EC-47AC-81C1-04D57808AF72,28A679E7-89EE-4EDB-A4DC-304D07EC3FB4,3070,NM-00515,,,,,,,,WLs reported bgs. Entered zero for mp height for calculated fields. Actual MP height may not be zero.,0.0,,,,Driller_7081fe79,,ConstructionNotes_08d4810a,,,121OGLL,,WaterNotes_0bc0144d,,L,StatusUserNotes_6f35cbb3,,0.0,0.0,0.0,USGS,Notes_395ea758,0.0,,MonitorStatusReason_c9915973,,W,S,0x000000001FF5E6AE
7B841994-833E-4808-A2B1-014527F3A2EB,25114E8E-7F9D-4A6B-8DFC-308A38C1F4C4,35682,TO-0304,,,,240.0,R,1946-01-01 00:00:00.000,R,WLs reported bgs. Entered zero for mp height for calculated fields. Actual MP height may not be zero.,0.0,1.5,,,Driller_39f1a9fe,,ConstructionNotes_4774f125,,,112QTBF,,WaterNotes_0bc0144d,,,StatusUserNotes_6f35cbb3,,0.0,0.0,0.0,"GW5: Geology and Ground-Water Resources of Torrance County, NM (1957) R.E. Smith, NM Bureau of Geology",Notes_395ea758,0.0,,MonitorStatusReason_c9915973,,,,0x000000001FF5E6D0
BF2D8C3E-87D1-46FF-9899-00CA33D2069E,F28B83DD-8AC4-4AE0-A7A7-308F19431086,11100,NM-07623,,,,29.0,A,,,WLs reported bgs. Entered zero for mp height for calculated fields. Actual MP height may not be zero.,0.0,,,,Driller_7081fe79,,ConstructionNotes_08d4810a,,,110AVMB,,WaterNotes_0bc0144d,,X,StatusUserNotes_6f35cbb3,,0.0,0.0,0.0,USGS,Notes_395ea758,0.0,,MonitorStatusReason_c9915973,,Z,U,0x000000001FF5E6D3
76B0DC57-310B-4692-A451-056905440D39,B7F25B7A-C7F5-4DDA-955F-30B332F4DA6F,18449,NM-14972,,,,100.0,A,,,WLs reported bgs. Entered zero for mp height for calculated fields. Actual MP height may not be zero.,0.0,,,,Driller_7081fe79,,ConstructionNotes_08d4810a,C,,211MVRD,,WaterNotes_0bc0144d,,L,StatusUserNotes_6f35cbb3,,0.0,0.0,0.0,USGS,Notes_395ea758,0.0,,MonitorStatusReason_c9915973,,W,S,0x000000001FF5E6E6
948A11B8-8626-4C40-87D2-02653272B140,60F5593C-4819-48DD-8AB3-31304BAC0A5A,15580,NM-12103,,,,1034.0,A,,,WLs reported bgs. Entered zero for mp height for calculated fields. Actual MP height may not be zero.,0.0,,,,Driller_7081fe79,,ConstructionNotes_08d4810a,,,313SADR,,WaterNotes_0bc0144d,,X,StatusUserNotes_6f35cbb3,,0.0,0.0,0.0,USGS,Notes_395ea758,0.0,,MonitorStatusReason_c9915973,,U,U,0x000000001FF5E728
A735DDDE-3805-4910-B4CF-0548C750411B,7DC6C8F2-8A37-4FA8-9AEF-315291851DCF,14130,NM-10653,,,,106.0,A,,,WLs reported bgs. Entered zero for mp height for calculated fields. Actual MP height may not be zero.,0.0,,,,Driller_7081fe79,,ConstructionNotes_08d4810a,,,,,WaterNotes_0bc0144d,,D,StatusUserNotes_6f35cbb3,,0.0,0.0,0.0,USGS,Notes_395ea758,0.0,,MonitorStatusReason_c9915973,,W,H,0x000000001FF5E735
134509FC-F543-44A8-921C-01EC9A4F07A1,36D1282F-D1D4-4EB2-9346-31956B1CE079,39903,NM-28407,X,,,,A,,,Entered zero for MP hgt for calculated fields. Actual MP hgt may not be zero.,0.0,,,,Driller_7081fe79,,ConstructionNotes_08d4810a,,,,,WaterNotes_0bc0144d,,,StatusUserNotes_6f35cbb3,,0.0,0.0,0.0,"Lowry, T.S., et al. (2018) Water Resource Assessment in the NM Permian Basin, Sandia Report SAND2018-12018",Notes_395ea758,0.0,,MonitorStatusReason_c9915973,,,,0x000000001FF5E75E
972C7EA3-D55D-4C60-8769-02278E18565F,498A6975-3CDB-40DC-9E51-31CB426CC1B1,30823,MI-0120,,,,145.0,R,,,Entered zero for mp height for calculated fields. Actual MP height may not be zero.,0.0,0.5,,,Driller_7081fe79,,ConstructionNotes_056726e7,,,231CHNL,,WaterNotes_0bc0144d,,S,StatusUserNotes_6f35cbb3,,0.0,0.0,0.0,"Data from Groundwater Report 2: Geology & Groundwater Resources of San Miguel County, NM. (1951) NMBGMR by R.L. Griggs and G.E. Hendrickson.",Notes_395ea758,0.0,,MonitorStatusReason_c9915973,,,,0x000000001FF5E784
A06242F2-CFD6-40C9-9C60-0234BAD09499,3C9CC252-FE87-4E27-8C6C-31D454E20836,35289,ED-0302,,,,40.0,R,1950-01-01 00:00:00.000,R,WLs reported bgs. Entered zero for mp height for calculated fields. Actual MP height may not be zero.,0.0,0.6666667,40.0,,Driller_7081fe79,,ConstructionNotes_c3a4d49b,,,110ALVM,,WaterNotes_0bc0144d,,U,StatusUserNotes_77e962c6,,0.0,0.0,0.0,"GW3: Geology and Ground-Water Resources of Eddy County, NM (1952) G.E. Hendrickson & R.S. Jones, NM Bureau of Geology",Notes_395ea758,0.0,,MonitorStatusReason_c9915973,,,,0x000000001FF5E787
4D135440-036B-4307-878C-0229099680CA,153C38C7-3ED0-4BE4-99FE-31F04F1FF17A,2675,NM-00120,,,798.0,688.0,A,1923-01-01 00:00:00.000,A,WLs reported bgs. Entered zero for mp height for calculated fields. Actual MP height may not be zero.,0.0,,,,Driller_7081fe79,,ConstructionNotes_08d4810a,,,110AVMB,,WaterNotes_0bc0144d,,T,StatusUserNotes_6f35cbb3,,0.0,0.0,0.0,USGS,Notes_395ea758,0.0,,MonitorStatusReason_c9915973,,W,T,0x000000001FF5E794
59CBDCDD-908A-40B2-B787-043CBD4BCB48,489103CE-247E-413F-8A71-320E8A57B7A4,30798,MI-0262,,,,35.0,R,,,Entered zero for mp height for calculated fields. Actual MP height may not be zero.,0.0,0.5,,,Driller_7081fe79,,ConstructionNotes_056726e7,,,231CHNL,,WaterNotes_0bc0144d,,S,StatusUserNotes_6f35cbb3,,0.0,0.0,0.0,"Data from Groundwater Report 2: Geology & Groundwater Resources of San Miguel County, NM. (1951) NMBGMR by R.L. Griggs and G.E. Hendrickson.",Notes_395ea758,0.0,,MonitorStatusReason_c9915973,,,,0x000000001FF5E7A3
9AB31E7F-C69C-43CF-984E-01818D60594F,1A0BEE13-4337-4C87-A607-3223B8579D2B,22442,NM-18965,,,,268.0,A,,,WLs reported bgs. Entered zero for mp height for calculated fields. Actual MP height may not be zero.,0.0,,,,Driller_7081fe79,,ConstructionNotes_08d4810a,U,,120DTIL,,WaterNotes_0bc0144d,,L,StatusUserNotes_6f35cbb3,,0.0,0.0,0.0,USGS,Notes_395ea758,0.0,,MonitorStatusReason_c9915973,,W,S,0x000000001FF5E7B3
2E2C7628-5929-4C1F-A04F-0552AA11B231,E2C99EC9-B064-4A26-AE8C-3245F915AF1B,18957,NM-15480,,,,100.0,A,1983-10-13 00:00:00.000,A,WLs reported bgs. Entered zero for mp height for calculated fields. Actual MP height may not be zero.,0.0,,,,Driller_7081fe79,,ConstructionNotes_08d4810a,,,110AVMB,,WaterNotes_0bc0144d,,O,StatusUserNotes_6f35cbb3,,0.0,0.0,0.0,USGS,Notes_395ea758,0.0,,MonitorStatusReason_c9915973,,O,D,0x000000001FF5E7C9
2524B05E-8A2D-40EB-B008-062619AE1D04,76D11E52-3765-4738-BD36-32522DBB6A39,20013,NM-16536,,,75.0,,A,,,WLs reported bgs. Entered zero for mp height for calculated fields. Actual MP height may not be zero.,0.0,,,,Driller_7081fe79,,ConstructionNotes_08d4810a,,,110AVMB,,WaterNotes_0bc0144d,,L,StatusUserNotes_6f35cbb3,,0.0,0.0,0.0,USGS,Notes_395ea758,0.0,,MonitorStatusReason_c9915973,,W,S,0x000000001FF5E7D3
71D209B8-E2CD-4F65-960B-00D712D3B298,20459721-2BAD-4FA4-A445-3269AF74202C,14922,NM-11445,,,,100.0,A,,,WLs reported bgs. Entered zero for mp height for calculated fields. Actual MP height may not be zero.,0.0,,,,Driller_7081fe79,,ConstructionNotes_08d4810a,,,121OGLL,,WaterNotes_0bc0144d,,I,StatusUserNotes_6f35cbb3,,0.0,0.0,0.0,USGS,Notes_395ea758,0.0,,MonitorStatusReason_c9915973,,W,I,0x000000001FF5E7E3
C1EE1F24-E934-4C2E-825B-00E85B4BCABA,2AD6880A-453F-425C-9E8D-328E013764C7,37707,TC-339,,,,17.0,R,,,Top of wood frame (MP description & height from Winograd report.) WLs reported bgs.,2.0,,,,Driller_7081fe79,,ConstructionNotes_08d4810a,,,,,WaterNotes_58e9acc8,,,StatusUserNotes_6f35cbb3,,0.0,0.0,0.0,"Winograd, I.J., 1959, Ground-water Conditions and Geology of Sunshine Valley and Western Taos County, NM, State of New Mexico, State Engineer Office, Technical Report #12",Notes_395ea758,0.0,,MonitorStatusReason_c9915973,,,,0x000000001FF5E7F6
5045100B-9D1E-47D7-A212-05735B244FA4,E6DE9874-1559-43C8-A90E-32901AF70E3B,4768,NM-01831,,,537.0,537.0,A,1973-07-21 00:00:00.000,A,WLs reported bgs. Entered zero for mp height for calculated fields. Actual MP height may not be zero.,0.0,,,,Driller_7081fe79,,ConstructionNotes_08d4810a,,,112SNTF,,WaterNotes_0bc0144d,,X,StatusUserNotes_6f35cbb3,,0.0,0.0,0.0,USGS,Notes_395ea758,0.0,,MonitorStatusReason_c9915973,,O,U,0x000000001FF5E7F8
4A478427-97CB-402E-8373-03AD1859A30D,BB442B73-D673-4A3E-8C72-32F2CDC51A9B,26800,NM-23323,,,175.0,175.0,A,2000-06-12 00:00:00.000,A,WLs reported bgs. Entered zero for mp height for calculated fields. Actual MP height may not be zero.,0.0,,,,Driller_7081fe79,,ConstructionNotes_08d4810a,,,325MDER,,WaterNotes_0bc0144d,,D,StatusUserNotes_6f35cbb3,,0.0,0.0,0.0,USGS,Notes_395ea758,0.0,,MonitorStatusReason_c9915973,,W,H,0x000000001FF5E836
AB9A8879-539C-4C65-A52C-056918505831,D26D2C35-6E53-4009-91FF-3365632CBF37,9975,NM-06498,,,,,,,,WLs reported bgs. Entered zero for mp height for calculated fields. Actual MP height may not be zero.,0.0,,,,Driller_7081fe79,,ConstructionNotes_08d4810a,,,313GRBG,,WaterNotes_0bc0144d,,D,StatusUserNotes_6f35cbb3,,0.0,0.0,0.0,USGS,Notes_395ea758,0.0,,MonitorStatusReason_c9915973,,W,H,0x000000001FF5E88A
40A881A6-C617-46F5-B0F6-00F21D5F75C8,DDBA89C4-30F2-4B14-A3E0-338BE469E8C6,24878,NM-21401,,,49.0,49.0,A,,,WLs reported bgs. Entered zero for mp height for calculated fields. Actual MP height may not be zero.,0.0,,,,Driller_7081fe79,,ConstructionNotes_08d4810a,,,110AVMB,,WaterNotes_0bc0144d,,O,StatusUserNotes_6f35cbb3,,0.0,0.0,0.0,USGS,Notes_395ea758,0.0,,MonitorStatusReason_c9915973,,O,,0x000000001FF5E89C
CBFD7988-0BC7-4015-A9C9-057D6D689951,1DE71FC7-06BC-4D0C-8341-33D0F37BF197,14478,NM-11001,,,,359.0,A,,,WLs reported bgs. Entered zero for mp height for calculated fields. Actual MP height may not be zero.,0.0,,,,Driller_7081fe79,,ConstructionNotes_08d4810a,,,121OGLL,,WaterNotes_0bc0144d,,X,StatusUserNotes_6f35cbb3,,0.0,0.0,0.0,USGS,Notes_395ea758,0.0,,MonitorStatusReason_c9915973,,P,U,0x000000001FF5E8CD
78AD75F4-83B0-3D4B-A195-0355EFC913FF,6685C180-F011-8246-A293-3402C19DB1E3,37772,WL-0050,X,,,,,,,Port plug in TOC,-5.73,0.55,,,Driller_7081fe79,,ConstructionNotes_aabfeff2,,,112QTBF,,WaterNotes_0bc0144d,C,D,StatusUserNotes_6f35cbb3,I,0.0,0.0,0.0,,Notes_55df8348,0.0,,MonitorStatusReason_c9915973,,,,0x000000001FF5E8EA
FBB9A0D4-64F4-4BDA-8B7D-0377E4BC416F,6EDD8FB2-530D-4E25-8A16-340CB55647B8,28668,NM-25191,,,,1540.0,A,1949-08-03 00:00:00.000,A,WLs reported bgs. Entered zero for mp height for calculated fields. Actual MP height may not be zero.,0.0,,,,Driller_7081fe79,,ConstructionNotes_08d4810a,,,,,WaterNotes_0bc0144d,,L,StatusUserNotes_6f35cbb3,,0.0,0.0,0.0,USGS,Notes_395ea758,0.0,,MonitorStatusReason_c9915973,,W,S,0x000000001FF5E8F0
C95777CD-A9EB-470B-901E-030F554E8543,B6D526D1-887C-4ACB-811E-343A148EDD11,17454,NM-13977,,,,244.0,A,,,WLs reported bgs. Entered zero for mp height for calculated fields. Actual MP height may not be zero.,0.0,,,,Driller_7081fe79,,ConstructionNotes_08d4810a,,,313SADR,,WaterNotes_0bc0144d,,D,StatusUserNotes_6f35cbb3,,0.0,0.0,0.0,USGS,Notes_395ea758,0.0,,MonitorStatusReason_c9915973,,W,H,0x000000001FF5E905
A9B1F388-0FB7-49B0-B647-05E0B2B2930F,3D59DDE4-AF46-4E00-85F6-3451D5E27153,9476,NM-05999,,,,275.0,A,,,WLs reported bgs. Entered zero for mp height for calculated fields. Actual MP height may not be zero.,0.0,,,,Driller_7081fe79,,ConstructionNotes_08d4810a,,,110AVMB,,WaterNotes_0bc0144d,,I,StatusUserNotes_6f35cbb3,,0.0,0.0,0.0,USGS,Notes_395ea758,0.0,,MonitorStatusReason_c9915973,,W,I,0x000000001FF5E912
8F5FF7C4-1D75-4810-8FEF-02B8AD08A807,09D19909-108A-4AB4-AD91-34787DCEBD6F,22909,NM-19432,,,355.0,355.0,A,1978-01-10 00:00:00.000,A,WLs reported bgs. Entered zero for mp height for calculated fields. Actual MP height may not be zero.,0.0,,,,Driller_7081fe79,,ConstructionNotes_08d4810a,,,112SNTF,,WaterNotes_0bc0144d,,D,StatusUserNotes_6f35cbb3,,0.0,0.0,0.0,USGS,Notes_395ea758,0.0,,MonitorStatusReason_c9915973,,W,H,0x000000001FF5E929
741A2743-1EE1-4AD4-99DD-00A22B3F1891,09FEB51F-7BAD-471B-B90D-347CCACB09D9,21242,NM-17765,,,180.0,180.0,A,,,WLs reported bgs. Entered zero for mp height for calculated fields. Actual MP height may not be zero.,0.0,,,,Driller_7081fe79,,ConstructionNotes_08d4810a,,,,,WaterNotes_0bc0144d,,L,StatusUserNotes_6f35cbb3,,0.0,0.0,0.0,USGS,Notes_395ea758,0.0,,MonitorStatusReason_c9915973,,W,S,0x000000001FF5E92D
65AC0C39-DDE3-497B-A5D5-0053958A197E,14EDD152-BD1B-4DFB-AFB1-34A727AF1E95,29258,NM-25781,,,,51.0,A,1978-07-12 00:00:00.000,A,WLs reported bgs. Entered zero for mp height for calculated fields. Actual MP height may not be zero.,0.0,,,,Driller_7081fe79,,ConstructionNotes_08d4810a,,,110AVMB,,WaterNotes_0bc0144d,,D,StatusUserNotes_6f35cbb3,,0.0,0.0,0.0,USGS,Notes_395ea758,0.0,,MonitorStatusReason_c9915973,,W,H,0x000000001FF5E946
9F52215B-F98C-4623-AB24-0431A9BEF20A,71BEF70A-822E-47BF-BAB0-34B9FC9A5BFA,37585,WL-0015,CR-05150,,245.0,245.0,D,2009-11-01 00:00:00.000,D,TOC,-0.78,0.42,245.0,,Driller_e8d527bb,A,ConstructionNotes_3e851701,,,,120.0,WaterNotes_23ba4e77,C,D,StatusUserNotes_6f35cbb3,W,1.0,1.0,1.0,,Notes_8f73e4a7,0.0,WL0015.pdf,MonitorStatusReason_c9915973,,,,0x0000000029A0EFE0
0A1D2B73-6715-4987-9A17-060A43103E5E,D537072D-0960-48BA-A1B9-34F2B841D606,17917,NM-14440,,,,317.0,A,,,WLs reported bgs. Entered zero for mp height for calculated fields. Actual MP height may not be zero.,0.0,,,,Driller_7081fe79,,ConstructionNotes_08d4810a,,,310GLOR,,WaterNotes_0bc0144d,,X,StatusUserNotes_6f35cbb3,,0.0,0.0,0.0,USGS,Notes_395ea758,0.0,,MonitorStatusReason_c9915973,,W,U,0x000000001FF5E96B
DA69778B-2DC9-4EA5-BE3E-0047D77D750B,BE86EFC5-753D-4CF8-B238-355CB44B5CA3,28546,NM-25069,,,,255.0,A,,,WLs reported bgs. Entered zero for mp height for calculated fields. Actual MP height may not be zero.,0.0,,,,Driller_7081fe79,,ConstructionNotes_08d4810a,,,121OGLL,,WaterNotes_0bc0144d,,I,StatusUserNotes_6f35cbb3,,0.0,0.0,0.0,USGS,Notes_395ea758,0.0,,MonitorStatusReason_c9915973,,W,I,0x000000001FF5E9AF
723C920E-1C9F-480E-8BD0-003585564316,A24F135C-B86B-4000-AD55-35B4497DD183,23561,NM-20084,,,,,,,,WLs reported bgs. Entered zero for mp height for calculated fields. Actual MP height may not be zero.,0.0,,,,Driller_7081fe79,,ConstructionNotes_08d4810a,,,231CHNL,,WaterNotes_0bc0144d,,X,StatusUserNotes_6f35cbb3,,0.0,0.0,0.0,USGS,Notes_395ea758,0.0,,MonitorStatusReason_c9915973,,W,U,0x000000001FF5E9D8
21743587-1F95-4DE0-A3C6-01569BC4E21C,776EAAF9-C4BF-4471-8FC1-35F6C3DFC3FA,19967,NM-16490,,,,,,,,WLs reported bgs. Entered zero for mp height for calculated fields. Actual MP height may not be zero.,0.0,,,,Driller_7081fe79,,ConstructionNotes_08d4810a,,,110AVMB,,WaterNotes_0bc0144d,,L,StatusUserNotes_6f35cbb3,,0.0,0.0,0.0,USGS,Notes_395ea758,0.0,,MonitorStatusReason_c9915973,,W,S,0x000000001FF5E9F5
4EFC2B7E-E65F-40E6-836A-04ABC0087B23,0779A9E9-0700-41F9-AEB8-36173DE5171B,22082,NM-18605,,,,170.0,A,1950-09-01 00:00:00.000,A,WLs reported bgs. Entered zero for mp height for calculated fields. Actual MP height may not be zero.,0.0,,,,Driller_7081fe79,,ConstructionNotes_08d4810a,,,231SNRS,,WaterNotes_0bc0144d,,L,StatusUserNotes_6f35cbb3,,0.0,0.0,0.0,USGS,Notes_395ea758,0.0,,MonitorStatusReason_c9915973,,W,S,0x000000001FF5EA0B
C1AFC662-7F17-42AD-9A9D-0003F9FD14DA,112E8B52-E925-4EB0-A824-36BA528ED565,39505,SB-0561,X,,,1177.0,A,,,Entered zero for MP height for calculated fields. Actual MP hgt may not be zero.,0.0,,,,Driller_7081fe79,,ConstructionNotes_08d4810a,,,210CRCS,,WaterNotes_0bc0144d,,X,StatusUserNotes_6f35cbb3,,0.0,0.0,0.0,Texas Water Development Board,Notes_395ea758,0.0,,MonitorStatusReason_c9915973,,,,0x000000001FF5EA6A
264F4F99-11FD-4264-8EE4-0596366BD6D5,3113F548-4F86-4C68-BDE3-36E1B4BF7989,28215,NM-24738,RG-07141,,,276.0,A,1951-07-01 00:00:00.000,A,WLs reported bgs. Entered zero for mp height for calculated fields. Actual MP height may not be zero.,0.0,0.47,276.0,,Driller_3481ae7c,,ConstructionNotes_08d4810a,,,121TSUQ,218.0,WaterNotes_435b51e3,,D,StatusUserNotes_6f35cbb3,,0.0,0.0,0.0,USGS,Notes_395ea758,0.0,NM24738.pdf,MonitorStatusReason_c9915973,,W,H,0x000000002666E70A
D3E993CE-E1E3-45CF-AAFA-055EE469AB72,5A0B123A-94AB-456B-94D0-371FFF08CCBF,21686,NM-18209,,,,246.0,A,,,WLs reported bgs. Entered zero for mp height for calculated fields. Actual MP height may not be zero.,0.0,,,,Driller_7081fe79,,ConstructionNotes_08d4810a,,,110AVMB,,WaterNotes_0bc0144d,,L,StatusUserNotes_6f35cbb3,,0.0,0.0,0.0,USGS,Notes_395ea758,0.0,,MonitorStatusReason_c9915973,,W,S,0x000000001FF5EA9E
085659C0-3C2E-4499-B908-0397F35B475D,9F56FF36-8B3E-4A93-ADA8-3799C86CC16D,18092,NM-14615,,,,134.0,A,,,WLs reported bgs. Entered zero for mp height for calculated fields. Actual MP height may not be zero.,0.0,,,,Driller_7081fe79,,ConstructionNotes_08d4810a,,,110AVMB,,WaterNotes_0bc0144d,,X,StatusUserNotes_6f35cbb3,,0.0,0.0,0.0,USGS,Notes_395ea758,0.0,,MonitorStatusReason_c9915973,,U,U,0x000000001FF5EAE3
1FF39D5A-253A-450D-8930-03065199430D,7233F391-C161-47B6-9F3E-382268A2AFD4,9615,NM-06138,,,34.0,34.0,A,2009-02-18 00:00:00.000,A,WLs reported bgs. Entered zero for mp height for calculated fields. Actual MP height may not be zero.,0.0,,,,Driller_7081fe79,,ConstructionNotes_08d4810a,U,,110AVMB,,WaterNotes_0bc0144d,,X,StatusUserNotes_6f35cbb3,,0.0,0.0,0.0,USGS,Notes_395ea758,0.0,,MonitorStatusReason_c9915973,,O,U,0x000000001FF5EB24
A650D9A3-1924-4282-B3DB-0249095BB689,70619B74-8A18-410D-AD02-3825455E318B,15615,NM-12138,,,,154.0,A,,,WLs reported bgs. Entered zero for mp height for calculated fields. Actual MP height may not be zero.,0.0,,,,Driller_7081fe79,,ConstructionNotes_08d4810a,,,121OGLL,,WaterNotes_0bc0144d,,I,StatusUserNotes_6f35cbb3,,0.0,0.0,0.0,USGS,Notes_395ea758,0.0,,MonitorStatusReason_c9915973,,W,I,0x000000001FF5EB25
431B8A4E-FD5D-4589-A991-00B866638263,18F43C6A-60D5-43D1-9F72-38285198D905,1292,QU-022,RG-61625,,139.0,139.0,D,1995-03-07 00:00:00.000,D,Top of clamshell,-4.62,0.48,139.0,,Driller_bb6ed5cf,A,ConstructionNotes_08d4810a,,,,68.0,WaterNotes_72c2ec36,,,StatusUserNotes_6f35cbb3,BC,0.0,1.0,1.0,,Notes_fed2a18d,0.0,QU022.pdf,MonitorStatusReason_c9915973,,,,0x000000002666E8A5
80BD819B-9192-4349-81E7-036FB45FE931,1AB05955-3BC6-468F-89C8-382BBD41A50A,11188,NM-07711,,,,48.0,A,,,WLs reported bgs. Entered zero for mp height for calculated fields. Actual MP height may not be zero.,0.0,,,,Driller_7081fe79,,ConstructionNotes_08d4810a,,,121OGLL,,WaterNotes_0bc0144d,,X,StatusUserNotes_6f35cbb3,,0.0,0.0,0.0,USGS,Notes_395ea758,0.0,,MonitorStatusReason_c9915973,,U,U,0x000000001FF5EB28
CBD76C35-7D65-440D-BC41-0066A9D5DB41,570FA8C7-5351-4A32-919A-3845A18FC8CE,9930,NM-06453,,,2000.0,1820.0,A,1967-03-01 00:00:00.000,A,WLs reported bgs. Entered zero for mp height for calculated fields. Actual MP height may not be zero.,0.0,,,,Driller_7081fe79,,ConstructionNotes_08d4810a,,,110AVMB,,WaterNotes_0bc0144d,,X,StatusUserNotes_6f35cbb3,,0.0,0.0,0.0,USGS,Notes_395ea758,0.0,,MonitorStatusReason_c9915973,,U,U,0x000000001FF5EB34
A0017619-9598-4423-B4F1-026E9EE045FD,C94E7998-9198-4584-A8FD-38871FDBCF3B,37033,NM-27765,,,,197.0,A,,,WLs reported bgs. Entered zero for mp height for calculated fields. Actual MP height may not be zero.,0.0,,,,Driller_7081fe79,,ConstructionNotes_08d4810a,,,110AVMB,,WaterNotes_0bc0144d,,I,StatusUserNotes_6f35cbb3,,0.0,0.0,0.0,USGS,Notes_395ea758,0.0,,MonitorStatusReason_c9915973,,W,I,0x000000001FF5EB5E
E98D3DDA-7A1E-49EB-82C7-040DC75E8104,5AD74899-D401-4925-892B-390B0E1ABA6B,35115,ED-0128,,,,,,,,WLs reported bgs. Entered zero for mp height for calculated fields. Actual MP height may not be zero.,0.0,0.5,,,Driller_7081fe79,,ConstructionNotes_08d4810a,,,110ALVM,,WaterNotes_7f64cdd6,,L,StatusUserNotes_6f35cbb3,,0.0,0.0,0.0,"GW3: Geology and Ground-Water Resources of Eddy County, NM (1952) G.E. Hendrickson & R.S. Jones, NM Bureau of Geology",Notes_395ea758,0.0,,MonitorStatusReason_c9915973,,,,0x000000001FF5EBA8
26C3CDC6-0FE6-405E-A360-0145B9E3709A,C6A3FACE-0CD0-4A0A-B4AB-390FE8B3A3AE,8391,NM-04914,?,,210.0,210.0,A,1963-02-08 00:00:00.000,A,Port with electric cable.  (USGS WLs reported bgs.),1.0,0.75,,,Driller_7081fe79,,ConstructionNotes_ed6056a4,U,,110AVMB,,WaterNotes_0bc0144d,C,D,StatusUserNotes_6f35cbb3,X,0.0,0.0,0.0,USGS,Notes_30c2fe48,0.0,,MonitorStatusReason_c9915973,,W,H,0x000000001FF5EBAE
3C962801-E415-424D-858F-04A059C74F4C,E7B9BE40-2372-44F9-BD0C-393B44A052F5,29302,NM-25825,,,1300.0,1300.0,A,1953-02-07 00:00:00.000,A,WLs reported bgs. Entered zero for mp height for calculated fields. Actual MP height may not be zero.,0.0,,,,Driller_7081fe79,,ConstructionNotes_08d4810a,,,211CLFHV,,WaterNotes_0bc0144d,,L,StatusUserNotes_6f35cbb3,,0.0,0.0,0.0,USGS,Notes_395ea758,0.0,,MonitorStatusReason_c9915973,,W,S,0x000000001FF5EBCA
403E27DA-66A3-425D-9254-00E4E1A3A77D,78FA688D-4959-4F09-85F9-396651DF93E6,17036,NM-13559,,,,,,,,WLs reported bgs. Entered zero for mp height for calculated fields. Actual MP height may not be zero.,0.0,,,,Driller_7081fe79,,ConstructionNotes_08d4810a,,,121OGLL,,WaterNotes_0bc0144d,,D,StatusUserNotes_6f35cbb3,,0.0,0.0,0.0,USGS,Notes_395ea758,0.0,,MonitorStatusReason_c9915973,,W,H,0x000000001FF5EBE4
4FBE0818-3519-4C38-B35A-04057A067DBB,021D622F-7C0C-4904-89D6-39ABF29B19E4,1188,JM-024,LRG-06247,,535.0,535.0,D,,,TOC,1.48,0.98,,,Driller_9f3161df,,ConstructionNotes_ee8dc272,,,,400.0,WaterNotes_0bc0144d,A,X,StatusUserNotes_c2d37c21,,0.0,0.0,0.0,,Notes_395ea758,0.0,,MonitorStatusReason_c9915973,,,,0x000000001FF5EC11
630EAA5F-D944-7A45-8D69-05EA3C3F9F19,A6386693-72CF-004E-942F-39DE5A95716E,38152,WL-0088,X,,,,,,,Top of PVC sticking out of TOC,2.6,1.0,,,Driller_7081fe79,,ConstructionNotes_08d4810a,,,110ALVM/121GILA,,WaterNotes_49d81884,,P,StatusUserNotes_6f35cbb3,I,0.0,1.0,0.0,,Notes_e5df42c5,0.0,,MonitorStatusReason_c9915973,,,,0x00000000209B7990
48F0AB2F-D782-4DBE-B1EB-02AA2D157BEB,50FB9E48-E901-4C37-AFAB-3A16BD61EC1F,35112,ED-0125,,,,,,,,WLs reported bgs. Entered zero for mp height for calculated fields. Actual MP height may not be zero.,0.0,1.0,,,Driller_7081fe79,,ConstructionNotes_08d4810a,,,,,WaterNotes_0bc0144d,,I,StatusUserNotes_6f35cbb3,,0.0,0.0,0.0,"GW3: Geology and Ground-Water Resources of Eddy County, NM (1952) G.E. Hendrickson & R.S. Jones, NM Bureau of Geology",Notes_395ea758,0.0,,MonitorStatusReason_c9915973,,,,0x000000001FF5EC5D
098008F9-8C05-4B9A-927A-050DDDBA83DF,6050E7AA-0C9A-4A13-87D2-3A4FEBB7E78C,22988,NM-19511,,,,,,,,WLs reported bgs. Entered zero for mp height for calculated fields. Actual MP height may not be zero.,0.0,,,,Driller_7081fe79,,ConstructionNotes_08d4810a,,,231SNRS,,WaterNotes_0bc0144d,,L,StatusUserNotes_6f35cbb3,,0.0,0.0,0.0,USGS,Notes_395ea758,0.0,,MonitorStatusReason_c9915973,,W,S,0x000000001FF5EC7B
E0B4A3F0-3583-5142-8E4A-02B67E94EDBC,06462043-CC88-2848-99DB-3A8C0C0B51A8,38283,NM-28324,RG-77208,,245.0,245.0,D,2002-06-10 00:00:00.000,D,MP set to zero for calculated fields. Actual MP height may not be zero.,0.0,,245.0,,Driller_598bd85b,H,ConstructionNotes_08d4810a,,,,28.0,WaterNotes_06fed5f2,,,StatusUserNotes_6f35cbb3,,0.0,0.0,0.0,TSWCD,Notes_395ea758,0.0,NM28324.pdf,MonitorStatusReason_c9915973,,,,0x000000002666E809
42180480-757D-466B-9E4C-03F747082FF3,538195D4-4C22-43A9-AA97-3A9A0B45D4E7,6943,BC-0075,S-01058 X,,170.0,170.0,R,1990-04-27 00:00:00.000,D,,1.28,0.42,170.0,,Driller_f5b8b38a,A,ConstructionNotes_420b0c84,,,231CHNL,80.0,WaterNotes_c745bb62,,,StatusUserNotes_6f35cbb3,H,0.0,0.0,0.0,"Bernalillo County, Sara Chudnoff",Notes_395ea758,0.0,BC0075.pdf,MonitorStatusReason_c9915973,,,,0x000000002666E354
1DA9E103-6DB5-4293-9F7F-014AD2BC3AAA,0889465A-8D27-4237-AF5D-3AE036B49FE9,37137,NM-28064,,,,,,,,WLs reported bgs. Entered zero for mp height for calculated fields. Actual MP height may not be zero.,0.0,,,,Driller_7081fe79,,ConstructionNotes_08d4810a,,,,,WaterNotes_0bc0144d,,O,StatusUserNotes_6f35cbb3,,0.0,0.0,0.0,USGS,Notes_395ea758,0.0,,MonitorStatusReason_c9915973,,O,,0x000000001FF5ECCF
DD5E9D08-7B52-4565-A79B-01AA53427178,65BE6F4A-68BD-4CB7-B2F6-3B16850EBB98,22220,NM-18743,,,,,,,,WLs reported bgs. Entered zero for mp height for calculated fields. Actual MP height may not be zero.,0.0,,,,Driller_7081fe79,,ConstructionNotes_08d4810a,,,121OGLL,,WaterNotes_0bc0144d,,I,StatusUserNotes_6f35cbb3,,0.0,0.0,0.0,USGS,Notes_395ea758,0.0,,MonitorStatusReason_c9915973,,W,I,0x000000001FF5ECEE
9C78D976-1FF4-407E-AD97-03A9E2C7FE26,94642281-0287-4ABF-A1FC-3B16E5729F61,155,EB-156,exempt,,350.0,350.0,G,1994-04-20 00:00:00.000,G,Top of 1-in monitor tube inside stand pipe,2.83,0.333,350.0,,Driller_d421c01d,,ConstructionNotes_08d4810a,U,,121TSUQs,310.0,WaterNotes_0bc0144d,I,O,StatusUserNotes_adfb9370,,0.0,0.0,0.0,CDM completion log to NMED SW Bureau,Notes_395ea758,0.0,,MonitorStatusReason_c9915973,,,,0x000000001FF5ECEF
D2681B6A-0FF9-42FE-B36F-04733ADB17E7,9FC7A799-62D3-4BAA-A0BA-3B37B6BE9A1C,5404,NM-02467,,,,190.0,A,,,WLs reported bgs. Entered zero for mp height for calculated fields. Actual MP height may not be zero.,0.0,,,,Driller_7081fe79,,ConstructionNotes_08d4810a,,,312RSLR,,WaterNotes_0bc0144d,,I,StatusUserNotes_6f35cbb3,,0.0,0.0,0.0,USGS,Notes_395ea758,0.0,,MonitorStatusReason_c9915973,,W,I,0x000000001FF5ECFB
D8888823-3217-4D54-B376-0366ECF4AD92,96BD6D37-FC8A-4DD6-A59A-3B4F589A4866,8550,NM-05073,,,,,,,,WLs reported bgs. Entered zero for mp height for calculated fields. Actual MP height may not be zero.,0.0,,,,Driller_7081fe79,,ConstructionNotes_08d4810a,,,,,WaterNotes_0bc0144d,,X,StatusUserNotes_6f35cbb3,,0.0,0.0,0.0,USGS,Notes_395ea758,0.0,,MonitorStatusReason_c9915973,,U,U,0x000000001FF5ED09
224AD575-C404-43AF-93B6-002282E5DCA9,210860FC-15F0-46FF-B701-3BC46B4FD2FC,6065,NM-03128,,,,,,,,WLs reported bgs. Entered zero for mp height for calculated fields. Actual MP height may not be zero.,0.0,,,,Driller_7081fe79,,ConstructionNotes_08d4810a,,,121OGLL,,WaterNotes_0bc0144d,,I,StatusUserNotes_6f35cbb3,,0.0,0.0,0.0,USGS,Notes_395ea758,0.0,,MonitorStatusReason_c9915973,,W,I,0x000000001FF5ED42
83204168-2AE8-4DDA-BEDB-0324E5ABA957,50EE0582-3604-4E31-9034-3BCDA32FE8D0,32491,SD-0227,X,,148.0,148.0,R,,,WLs assumed bgs. Entered zero for mp height for calculated fields. Actual MP height may not be zero.,0.0,,,,Driller_7081fe79,,ConstructionNotes_08d4810a,,,050QUAL,,WaterNotes_0bc0144d,,D,,,0.0,0.0,0.0,"HR5: Groundwater in the Sandia and Northern Manzano Mtns, NM (1980) Frank B. Titus, NM Bureau of Geology",Notes_395ea758,0.0,,MonitorStatusReason_c9915973,,,,0x000000001FF5ED47
81B0F411-F81D-4A7E-B001-05F1183C55C8,653568A9-BB4B-4150-B569-3C26D747A815,25735,NM-22258,,,,159.0,A,,,WLs reported bgs. Entered zero for mp height for calculated fields. Actual MP height may not be zero.,0.0,,,,Driller_7081fe79,,ConstructionNotes_08d4810a,,,121OGLL,,WaterNotes_0bc0144d,,X,StatusUserNotes_6f35cbb3,,0.0,0.0,0.0,USGS,Notes_395ea758,0.0,,MonitorStatusReason_c9915973,,W,U,0x000000001FF5ED75
C451A224-95FD-47E2-9E04-03B973B0F5DE,D6E5B4B1-A70D-4E46-AA3A-3C5FCB4E9911,17727,NM-14250,,,,,,,,WLs reported bgs. Entered zero for mp height for calculated fields. Actual MP height may not be zero.,0.0,,,,Driller_7081fe79,,ConstructionNotes_08d4810a,,,121OGLL,,WaterNotes_0bc0144d,,L,StatusUserNotes_6f35cbb3,,0.0,0.0,0.0,USGS,Notes_395ea758,0.0,,MonitorStatusReason_c9915973,,W,S,0x000000001FF5ED8F
B51BCA7C-1A14-4BF4-8F9E-01F9D46AE9F5,0667163B-0276-4FF5-A07B-3CD5CAB71B78,21684,NM-18207,,,,,,,,WLs reported bgs. Entered zero for mp height for calculated fields. Actual MP height may not be zero.,0.0,,,,Driller_7081fe79,,ConstructionNotes_08d4810a,,,121OGLL,,WaterNotes_0bc0144d,,L,StatusUserNotes_6f35cbb3,,0.0,0.0,0.0,USGS,Notes_395ea758,0.0,,MonitorStatusReason_c9915973,,W,S,0x000000001FF5EDDA
13DAC86D-E087-4F4C-98CD-02062489E167,7FFBB05E-CEF2-4E69-B249-3D1F90EEDCC7,11943,NM-08466,,,,177.0,A,,,WLs reported bgs. Entered zero for mp height for calculated fields. Actual MP height may not be zero.,0.0,,,,Driller_7081fe79,,ConstructionNotes_08d4810a,,,121OGLL,,WaterNotes_0bc0144d,,I,StatusUserNotes_6f35cbb3,,0.0,0.0,0.0,USGS,Notes_395ea758,0.0,,MonitorStatusReason_c9915973,,W,I,0x000000001FF5EE02
89894E25-49B0-4988-B31D-03F01A54BC4B,BE07AE27-D0D0-4523-9541-3D33F38ED2CD,21010,NM-17533,,,,80.0,A,,,WLs reported bgs. Entered zero for mp height for calculated fields. Actual MP height may not be zero.,0.0,,,,Driller_7081fe79,,ConstructionNotes_08d4810a,,,110AVMB,,WaterNotes_0bc0144d,,L,StatusUserNotes_6f35cbb3,,0.0,0.0,0.0,USGS,Notes_395ea758,0.0,,MonitorStatusReason_c9915973,,W,S,0x000000001FF5EE0F
D89D46EA-E275-4F09-9DC0-017EA7D97BBE,7A40B83D-F49D-4632-A324-3D3952DF0CC0,22621,NM-19144,,,,406.0,A,,,WLs reported bgs. Entered zero for mp height for calculated fields. Actual MP height may not be zero.,0.0,,,,Driller_7081fe79,,ConstructionNotes_08d4810a,,,121OGLL,,WaterNotes_0bc0144d,,I,StatusUserNotes_6f35cbb3,,0.0,0.0,0.0,USGS,Notes_395ea758,0.0,,MonitorStatusReason_c9915973,,W,I,0x000000001FF5EE12
B9D998E9-2E24-43DF-A8F9-0185D0802923,A2BC715D-BBA9-4267-8D86-3D467234DE98,40067,BC-0363,,,,260.0,R,,,MP height from Bernalillo County. No description provided.,1.45,,,,Driller_7081fe79,,ConstructionNotes_08d4810a,,,325MDER,,WaterNotes_0bc0144d,,,StatusUserNotes_6f35cbb3,H,0.0,0.0,0.0,Bernalillo County,Notes_395ea758,0.0,,MonitorStatusReason_c9915973,,,,0x00000000216E3352
653F7300-0368-497F-8574-0467DD65156D,F004C6F5-246D-4F15-AFF2-3D6B193F37E4,19492,NM-16015,,,,100.0,A,,,WLs reported bgs. Entered zero for mp height for calculated fields. Actual MP height may not be zero.,0.0,,,,Driller_7081fe79,,ConstructionNotes_08d4810a,,,210CRCS,,WaterNotes_0bc0144d,,L,StatusUserNotes_6f35cbb3,,0.0,0.0,0.0,USGS,Notes_395ea758,0.0,,MonitorStatusReason_c9915973,,W,S,0x000000001FF5EE36
82A03099-1BD5-4AF4-B162-018DCF07AB21,1AE8C119-93BD-4177-92E9-3D857A44042C,2397,AH-081,RG-64562,,480.0,480.0,D,1997-01-22 00:00:00.000,D,,,,,,Driller_fdb64a71,,ConstructionNotes_08d4810a,,,,390.0,WaterNotes_0bc0144d,,,StatusUserNotes_6f35cbb3,,0.0,0.0,0.0,Taos Soil & Water Conservation District,Notes_395ea758,0.0,,MonitorStatusReason_c9915973,,,,0x000000001FF5EE3F
B24D4446-A7A4-4B55-9764-04D1FEAD0BC5,9CD6687A-0FD2-42F8-A5BF-3D9204C329E9,33897,BW-0707,,,,122.0,R,,,WLs reported bgs. Entered zero for mp height for calculated fields. Actual MP height may not be zero.,0.0,0.5,,,Driller_7081fe79,,ConstructionNotes_08d4810a,,,313SADR,,WaterNotes_66a381b7,,S,StatusUserNotes_6f35cbb3,,0.0,0.0,0.0,"Hood, J.W. and Kister, L.R. (1962) Saline-Water Resources of NM. USGS Water-Supply Paper 1601",Notes_395ea758,0.0,,MonitorStatusReason_c9915973,,,,0x000000001FF5EE4B
13A59133-AA84-4F0F-8011-023D2C495A94,0DC4E400-4C89-443C-A28C-3DE467D4C0D8,13996,NM-10519,,,,,,,,WLs reported bgs. Entered zero for mp height for calculated fields. Actual MP height may not be zero.,0.0,,,,Driller_7081fe79,,ConstructionNotes_08d4810a,,,110AVMB,,WaterNotes_0bc0144d,,X,StatusUserNotes_6f35cbb3,,0.0,0.0,0.0,USGS,Notes_395ea758,0.0,,MonitorStatusReason_c9915973,,U,U,0x000000001FF5EE7B
C5664C70-7501-4A92-B363-03FAE566F9D4,44B51CC4-4AC9-41DC-8366-3E59D8539728,5684,NM-02747,,,,251.0,A,1955-01-01 00:00:00.000,A,WLs reported bgs. Entered zero for mp height for calculated fields. Actual MP height may not be zero.,0.0,,,,Driller_7081fe79,,ConstructionNotes_08d4810a,,,110AVMB,,WaterNotes_0bc0144d,,I,StatusUserNotes_6f35cbb3,,0.0,0.0,0.0,USGS,Notes_395ea758,0.0,,MonitorStatusReason_c9915973,,W,I,0x000000001FF5EEC5
B3C52371-BB9F-4309-BCD5-04144FE86F26,687B964C-898C-46DB-A85A-3ED89364838B,26740,NM-23263,,,,150.0,A,,,WLs reported bgs. Entered zero for mp height for calculated fields. Actual MP height may not be zero.,0.0,,,,Driller_7081fe79,,ConstructionNotes_08d4810a,,,110AVMB,,WaterNotes_0bc0144d,,,StatusUserNotes_6f35cbb3,,0.0,0.0,0.0,USGS,Notes_395ea758,0.0,,MonitorStatusReason_c9915973,,W,,0x000000001FF5EF14
0DCDC439-B630-4CFC-8053-00B7A00C0B8D,119315DD-72C0-49E1-BC05-3FDE8B12C481,21357,NM-17880,,,,,,,,WLs reported bgs. Entered zero for mp height for calculated fields. Actual MP height may not be zero.,0.0,,,,Driller_7081fe79,,ConstructionNotes_08d4810a,,,121OGLL,,WaterNotes_0bc0144d,,I,StatusUserNotes_6f35cbb3,,0.0,0.0,0.0,USGS,Notes_395ea758,0.0,,MonitorStatusReason_c9915973,,W,I,0x000000001FF5EFBF
25BF3AFC-5A6D-4DE3-A1C5-05A0F48FBF8F,DC19FEE8-D676-45C5-8EF6-4014F95BC2C9,7305,NM-03828,,,,,,,,WLs reported bgs. Entered zero for mp height for calculated fields. Actual MP height may not be zero.,0.0,,,,Driller_7081fe79,,ConstructionNotes_08d4810a,,,,,WaterNotes_0bc0144d,,X,StatusUserNotes_6f35cbb3,,0.0,0.0,0.0,USGS,Notes_395ea758,0.0,,MonitorStatusReason_c9915973,,W,U,0x000000001FF5EFE3
042BFCE3-2758-4245-A34C-0309656E3E08,FB43F591-6F58-4DCF-ADAF-407F97D13423,7619,NM-04142,,,,,,,,WLs reported bgs. Entered zero for mp height for calculated fields. Actual MP height may not be zero.,0.0,,,,Driller_7081fe79,,ConstructionNotes_08d4810a,,,110BLSN,,WaterNotes_0bc0144d,,L,StatusUserNotes_6f35cbb3,,0.0,0.0,0.0,USGS,Notes_395ea758,0.0,,MonitorStatusReason_c9915973,,W,S,0x000000001FF5F02B
43799C68-DABB-4EFD-A1EE-010F5F4AFE5E,D93B7DBB-61F9-418A-A564-4103AC31D112,21841,NM-18364,,,114.0,114.0,A,1960-07-13 00:00:00.000,A,WLs reported bgs. Entered zero for mp height for calculated fields. Actual MP height may not be zero.,0.0,,,,Driller_7081fe79,,ConstructionNotes_08d4810a,,,110AVMB,,WaterNotes_0bc0144d,,D,StatusUserNotes_6f35cbb3,,0.0,0.0,0.0,USGS,Notes_395ea758,0.0,,MonitorStatusReason_c9915973,,W,H,0x000000001FF5F075
8FE5CD3E-C7DC-4089-AF62-00B846BEB085,6A4686C9-EDCF-4D6A-BA30-412278DF0A85,35520,TO-0276,,,,,,1922-01-01 00:00:00.000,R,WLs reported bgs. Entered zero for mp height for calculated fields. Actual MP height may not be zero.,0.0,1.0,,,Driller_05ad3c8a,,ConstructionNotes_4774f125,,,112QTBF,,WaterNotes_889b1d61,,I,StatusUserNotes_6f35cbb3,,0.0,0.0,0.0,"GW5: Geology and Ground-Water Resources of Torrance County, NM (1957) R.E. Smith, NM Bureau of Geology",Notes_395ea758,0.0,,MonitorStatusReason_c9915973,,,,0x000000001FF5F088
30D42996-86BC-4C42-B3B7-002F4825969C,117D3D51-3E97-4155-A5B0-41CBE862AAE1,14077,NM-10600,,,,120.0,A,,,WLs reported bgs. Entered zero for mp height for calculated fields. Actual MP height may not be zero.,0.0,,,,Driller_7081fe79,,ConstructionNotes_08d4810a,,,110AVMB,,WaterNotes_0bc0144d,,D,StatusUserNotes_6f35cbb3,,0.0,0.0,0.0,USGS,Notes_395ea758,0.0,,MonitorStatusReason_c9915973,,W,H,0x000000001FF5F0F4
1983C672-03BD-496C-B6AD-04EE7F42810F,8085D03E-3870-40AE-A0A1-421485D859C0,29219,NM-25742,,,,,,,,WLs reported bgs. Entered zero for mp height for calculated fields. Actual MP height may not be zero.,0.0,,,,Driller_7081fe79,,ConstructionNotes_08d4810a,,,112SNTF,,WaterNotes_0bc0144d,,P,StatusUserNotes_6f35cbb3,,0.0,0.0,0.0,USGS,Notes_395ea758,0.0,,MonitorStatusReason_c9915973,,W,P,0x000000001FF5F11D
44013A58-0562-424B-8D6B-035BB2A92F2F,91C818B4-914F-4785-ABE1-421A9CC1294B,20232,NM-16755,,,,110.0,A,,,WLs reported bgs. Entered zero for mp height for calculated fields. Actual MP height may not be zero.,0.0,,,,Driller_7081fe79,,ConstructionNotes_08d4810a,,,110AVMB,,WaterNotes_0bc0144d,,,StatusUserNotes_6f35cbb3,,0.0,0.0,0.0,USGS,Notes_395ea758,0.0,,MonitorStatusReason_c9915973,,U,Z,0x000000001FF5F11F
D72532E5-0E6B-46B4-9ED0-03260895F619,44353F47-5A2B-4555-9F2D-42296E2B99F5,29589,NM-26112,,,,111.0,A,,,WLs reported bgs. Entered zero for mp height for calculated fields. Actual MP height may not be zero.,0.0,,,,Driller_7081fe79,,ConstructionNotes_08d4810a,,,,,WaterNotes_0bc0144d,,X,StatusUserNotes_6f35cbb3,,0.0,0.0,0.0,USGS,Notes_395ea758,0.0,,MonitorStatusReason_c9915973,,W,U,0x000000001FF5F126
C9D6A72D-7075-4BE0-8BD3-01892676A36F,0D35B271-3092-4090-A56C-42A56F95F820,803,SM-0147,PN-00010,,280.0,280.0,O,,,,,0.5,,,Driller_7081fe79,,ConstructionNotes_e1bba988,,,260SNAN,182.0,WaterNotes_7d7c59b5,C,D,StatusUserNotes_6a9f0c88,,0.0,0.0,0.0,,Notes_b569571a,0.0,SM147.pdf,MonitorStatusReason_c9915973,,,,0x000000001FF5F16F
3A6AB57D-E0E9-4DD0-8172-025554D20632,2735311F-FE06-47A1-922B-42A805463E2F,40477,DE-0241,,,,,,,,MP height is unknown. Entered zero for calculated fields. Actual MP height may not be zero.,0.0,,,,Driller_7081fe79,,ConstructionNotes_08d4810a,,,,,WaterNotes_0bc0144d,,,StatusUserNotes_6f35cbb3,,0.0,0.0,0.0,OCD AP-101 Report by Arcadis U.S. Inc.,Notes_395ea758,0.0,,MonitorStatusReason_c9915973,,,,0x000000002425422D
12B2390C-DDBC-462D-B1C4-00DF592111E5,000D3218-130B-4E76-A913-42D3B5307C99,25621,NM-22144,,,,520.0,A,1978-01-01 00:00:00.000,A,WLs reported bgs. Entered zero for mp height for calculated fields. Actual MP height may not be zero.,0.0,,,,Driller_7081fe79,,ConstructionNotes_08d4810a,,,325MDER,,WaterNotes_0bc0144d,,D,StatusUserNotes_6f35cbb3,,0.0,0.0,0.0,USGS,Notes_395ea758,0.0,,MonitorStatusReason_c9915973,,W,H,0x000000001FF5F18E
7D98B208-68B3-4494-9F5B-03B8221F6F18,471ADE12-D245-4B4E-8189-4331061E6E9E,23198,NM-19721,,,,,,,,WLs reported bgs. Entered zero for mp height for calculated fields. Actual MP height may not be zero.,0.0,,,,Driller_7081fe79,,ConstructionNotes_08d4810a,,,231SNRS,,WaterNotes_0bc0144d,,L,StatusUserNotes_6f35cbb3,,0.0,0.0,0.0,USGS,Notes_395ea758,0.0,,MonitorStatusReason_c9915973,,W,S,0x000000001FF5F1CD
2D614E66-B740-4904-97D4-019F1237C801,7032E94B-4093-44D5-BBCC-434F7446876F,3103,NM-00548,,,,80.0,A,,,WLs reported bgs. Entered zero for mp height for calculated fields. Actual MP height may not be zero.,0.0,,,,Driller_7081fe79,,ConstructionNotes_08d4810a,,,121OGLL,,WaterNotes_0bc0144d,,I,StatusUserNotes_6f35cbb3,,0.0,0.0,0.0,USGS,Notes_395ea758,0.0,,MonitorStatusReason_c9915973,,W,I,0x000000001FF5F1E1
00B3658B-37DC-48E1-8508-03609085DC1D,83708C2E-8E4F-43F1-B1FB-43546B5F54E8,17752,NM-14275,,,,346.0,A,,,WLs reported bgs. Entered zero for mp height for calculated fields. Actual MP height may not be zero.,0.0,,,,Driller_7081fe79,,ConstructionNotes_08d4810a,,,313SADR,,WaterNotes_0bc0144d,,X,StatusUserNotes_6f35cbb3,,0.0,0.0,0.0,USGS,Notes_395ea758,0.0,,MonitorStatusReason_c9915973,,U,U,0x000000001FF5F1E5
40FC85F3-5CBA-4A8C-A0EC-0323422BA41F,330B1FEF-A4C3-4DDD-9AA9-439470EC2FD3,13475,NM-09998,,,,1082.0,A,,,WLs reported bgs. Entered zero for mp height for calculated fields. Actual MP height may not be zero.,0.0,,,,Driller_7081fe79,,ConstructionNotes_08d4810a,,,313SADR,,WaterNotes_0bc0144d,,I,StatusUserNotes_6f35cbb3,,0.0,0.0,0.0,USGS,Notes_395ea758,0.0,,MonitorStatusReason_c9915973,,W,I,0x000000001FF5F213
A797CE7A-F052-48A3-A88C-008F37E0FE79,87368E25-32A2-4AD9-9BB8-43AA0DD2BCFC,399,EB-400,RG-28307,,121.0,121.0,D,1977-06-27 00:00:00.000,D,,0.0,0.55,121.0,,Driller_97bcce59,Z,ConstructionNotes_08d4810a,U,,123ESPN/112ANCH,55.0,WaterNotes_09e6f2d3,,,StatusUserNotes_6f35cbb3,,0.0,0.0,0.0,"Jenkins, July 1977, Geohydrologic Investigation of Turquoise Trail  Subdvn",Notes_395ea758,0.0,EB400.pdf,MonitorStatusReason_c9915973,,,,0x000000002666E4D6
C7C93893-A770-446B-940E-02CE3352B45A,41FC35CE-D74F-40F8-89D6-43DCA299F701,33864,BW-0674,,,,210.0,R,,,WLs reported bgs. Entered zero for mp height for calculated fields. Actual MP height may not be zero.,0.0,,,,Driller_7081fe79,,ConstructionNotes_08d4810a,,,310YESO,,WaterNotes_0bc0144d,,DS,StatusUserNotes_6f35cbb3,,0.0,0.0,0.0,"Hood, J.W. and Kister, L.R. (1962) Saline-Water Resources of NM. USGS Water-Supply Paper 1601",Notes_395ea758,0.0,,MonitorStatusReason_c9915973,,,,0x000000001FF5F247
070A63F1-2631-384D-AF76-05B795C39A90,3C9D098D-F772-5C4D-969D-43EA05D14EC9,38171,WL-0099,CP-0075,,,575.0,D,1963-09-01 00:00:00.000,D,Entered zero for MP height for calculated fields. Actual MP height may not be zero.,0.0,,,,Driller_7081fe79,,ConstructionNotes_2de92957,,,313CPTN,,WaterNotes_0bc0144d,,,StatusUserNotes_6f35cbb3,H,0.0,0.0,0.0,Sandia National Labs/ BLM Wells,Notes_395ea758,0.0,,MonitorStatusReason_c9915973,,,,0x000000001FF5F24D
27E024A6-B1F1-42A7-A215-0469E5B6D9F6,BD941312-3E34-4AD1-9AFC-448550B3A810,306,EB-307,RG-23683,,163.0,125.0,D,1973-10-20 00:00:00.000,D,TOC,0.8,0.55,125.0,,Driller_87278c16,C,ConstructionNotes_08d4810a,C,,120IRSV/121TSUQe,30.0,WaterNotes_5802b35e,C,P,StatusUserNotes_c3f0f688,,0.0,0.0,0.0,Romero,Notes_395ea758,0.0,EB307.pdf,MonitorStatusReason_c9915973,,,,0x000000002666E498
F073016F-0DFE-42EB-9A4D-0487D16D3766,AA423051-4B30-42AD-BC91-449A5B4E1227,15834,NM-12357,,,,85.0,A,,,WLs reported bgs. Entered zero for mp height for calculated fields. Actual MP height may not be zero.,0.0,,,,Driller_7081fe79,,ConstructionNotes_08d4810a,,,121OGLL,,WaterNotes_0bc0144d,,X,StatusUserNotes_6f35cbb3,,0.0,0.0,0.0,USGS,Notes_395ea758,0.0,,MonitorStatusReason_c9915973,,W,U,0x000000001FF5F2A3
8DF5D445-862E-43F1-A4B6-034A66D387E3,260F8270-2AC3-4B36-9391-44F4056774F4,23192,NM-19715,,,,,,,,WLs reported bgs. Entered zero for mp height for calculated fields. Actual MP height may not be zero.,0.0,,,,Driller_7081fe79,,ConstructionNotes_08d4810a,,,231SNRS,,WaterNotes_0bc0144d,,D,StatusUserNotes_6f35cbb3,,0.0,0.0,0.0,USGS,Notes_395ea758,0.0,,MonitorStatusReason_c9915973,,W,H,0x000000001FF5F2D1
49F3F289-8609-401A-ABBB-016D3D5EB870,6FBE2DCF-5C80-4E16-9EF2-455D8C8022B8,3572,NM-01017,,,,,,,,WLs reported bgs. Entered zero for mp height for calculated fields. Actual MP height may not be zero.,0.0,,,,Driller_7081fe79,,ConstructionNotes_08d4810a,,,121OGLL,,WaterNotes_0bc0144d,,I,StatusUserNotes_6f35cbb3,,0.0,0.0,0.0,USGS,Notes_395ea758,0.0,,MonitorStatusReason_c9915973,,W,I,0x000000001FF5F311
D4D58EEE-9AAA-419A-B853-03A69FDABA96,BBB43414-50DC-49F9-BA4D-45B62CD5F5CE,27979,NM-24502,,,,240.0,A,1972-01-31 00:00:00.000,A,WLs reported bgs. Entered zero for mp height for calculated fields. Actual MP height may not be zero.,0.0,,,,Driller_7081fe79,,ConstructionNotes_08d4810a,,,112ANCH,,WaterNotes_0bc0144d,,D,StatusUserNotes_6f35cbb3,,0.0,0.0,0.0,USGS,Notes_395ea758,0.0,,MonitorStatusReason_c9915973,,W,H,0x000000001FF5F338
210468D6-1482-4DF4-B452-02FFCE1A23A7,50886A20-54E6-4358-BDD1-45D77F2580CA,12844,NM-09367,,,165.0,165.0,A,,,WLs reported bgs. Entered zero for mp height for calculated fields. Actual MP height may not be zero.,0.0,,,,Driller_7081fe79,,ConstructionNotes_08d4810a,,,,,WaterNotes_0bc0144d,,L,StatusUserNotes_6f35cbb3,,0.0,0.0,0.0,USGS,Notes_395ea758,0.0,,MonitorStatusReason_c9915973,,W,S,0x000000001FF5F34F
7559A893-E2B7-4976-B938-03DC31853134,D6868E22-1726-4EAB-A3B9-4601FEA3416A,11901,NM-08424,,,47.0,,A,1952-01-01 00:00:00.000,A,WLs reported bgs. Entered zero for mp height for calculated fields. Actual MP height may not be zero.,0.0,,,,Driller_7081fe79,,ConstructionNotes_08d4810a,,,,,WaterNotes_0bc0144d,,D,StatusUserNotes_6f35cbb3,,0.0,0.0,0.0,USGS,Notes_395ea758,0.0,,MonitorStatusReason_c9915973,,W,H,0x000000001FF5F368
982E5DAC-D201-4CAD-805C-04775F007BA3,CA985CD9-01A4-47D4-ABBF-472F9F2B839A,14244,NM-10767,,,,272.0,A,,,WLs reported bgs. Entered zero for mp height for calculated fields. Actual MP height may not be zero.,0.0,,,,Driller_7081fe79,,ConstructionNotes_08d4810a,,,121OGLL,,WaterNotes_0bc0144d,,X,StatusUserNotes_6f35cbb3,,0.0,0.0,0.0,USGS,Notes_395ea758,0.0,,MonitorStatusReason_c9915973,,P,U,0x000000001FF5F41F
A5205583-51C4-441B-9839-05C7EBD9F2FD,72385403-78FC-4E2D-98E9-47EC12CDF39C,1099,SA-0206,X,,850.0,800.0,O,,,,0.6,,,,Driller_7081fe79,,ConstructionNotes_08d4810a,,,123SPRSmid_uppe,820.0,WaterNotes_0fd8fb68,A,D,StatusUserNotes_98f1f6eb,X,0.0,0.0,0.0,,Notes_411e0e7d,0.0,,MonitorStatusReason_c9915973,,,,0x000000001FF5F48E
1E562A05-A3E4-4AB6-9813-037818492639,853B04A9-819F-4DA6-B5F7-48CE16DFD877,12122,NM-08645,,,,135.0,A,,,WLs reported bgs. Entered zero for mp height for calculated fields. Actual MP height may not be zero.,0.0,,,,Driller_7081fe79,,ConstructionNotes_08d4810a,,,121OGLL,,WaterNotes_0bc0144d,,X,StatusUserNotes_6f35cbb3,,0.0,0.0,0.0,USGS,Notes_395ea758,0.0,,MonitorStatusReason_c9915973,,Z,U,0x000000001FF5F51E
14E72222-CDC7-4DE8-A8D6-0497863570F5,84B28AEF-EB49-43CB-B035-4901D229EEA5,28213,NM-24736,,,,195.0,A,,,WLs reported bgs. Entered zero for mp height for calculated fields. Actual MP height may not be zero.,0.0,,,,Driller_7081fe79,,ConstructionNotes_08d4810a,,,,,WaterNotes_0bc0144d,,D,StatusUserNotes_6f35cbb3,,0.0,0.0,0.0,USGS,Notes_395ea758,0.0,,MonitorStatusReason_c9915973,,W,H,0x000000001FF5F536
B1119291-912E-43CA-921C-05FB2EBA4746,B4EC4A70-57B7-4D08-9483-4938DDEBC87E,8751,NM-05274,,,325.0,,A,1962-01-01 00:00:00.000,A,WLs reported bgs. Entered zero for mp height for calculated fields. Actual MP height may not be zero.,0.0,,,,Driller_7081fe79,,ConstructionNotes_08d4810a,,,,,WaterNotes_0bc0144d,,I,StatusUserNotes_6f35cbb3,,0.0,0.0,0.0,USGS,Notes_395ea758,0.0,,MonitorStatusReason_c9915973,,W,I,0x000000001FF5F554
F18BC642-3DCF-4F9A-9F5C-006A55A4C23D,EE80F02C-033E-4CEA-B34E-4A0E08AEF2AE,36853,NM-27585,,,,,,,,WLs reported bgs. Entered zero for mp height for calculated fields. Actual MP height may not be zero.,0.0,,,,Driller_7081fe79,,ConstructionNotes_08d4810a,,,121OGLL,,WaterNotes_0bc0144d,,L,StatusUserNotes_6f35cbb3,,0.0,0.0,0.0,USGS,Notes_395ea758,0.0,,MonitorStatusReason_c9915973,,W,S,0x000000001FF5F5DC
0D13D6A0-3E0E-4667-BF74-04F7B395DB95,3AE83CD0-E4B1-4AFB-97E6-4A3E988C68DD,18732,NM-15255,,,,140.0,A,,,WLs reported bgs. Entered zero for mp height for calculated fields. Actual MP height may not be zero.,0.0,,,,Driller_7081fe79,,ConstructionNotes_08d4810a,,,210CRCS,,WaterNotes_0bc0144d,,,StatusUserNotes_6f35cbb3,,0.0,0.0,0.0,USGS,Notes_395ea758,0.0,,MonitorStatusReason_c9915973,,U,Z,0x000000001FF5F5FE
9F24B0B2-D5D8-477C-8B49-01112915D962,B98BF79F-88D7-47BB-B3F7-4A78EE100AC1,12243,NM-08766,,,,40.0,A,,,WLs reported bgs. Entered zero for mp height for calculated fields. Actual MP height may not be zero.,0.0,,,,Driller_7081fe79,,ConstructionNotes_08d4810a,,,110AVMB,,WaterNotes_0bc0144d,,X,StatusUserNotes_6f35cbb3,,0.0,0.0,0.0,USGS,Notes_395ea758,0.0,,MonitorStatusReason_c9915973,,U,U,0x000000001FF5F629
819C9D25-9579-4ADC-8D43-0073C60D426D,DD4DEA4E-6676-4338-8451-4AB0A6CA8E53,21711,NM-18234,,,50.0,50.0,A,1967-01-01 00:00:00.000,A,WLs reported bgs. Entered zero for mp height for calculated fields. Actual MP height may not be zero.,0.0,,,,Driller_7081fe79,,ConstructionNotes_08d4810a,,,110AVMB,,WaterNotes_0bc0144d,,L,StatusUserNotes_6f35cbb3,,0.0,0.0,0.0,USGS,Notes_395ea758,0.0,,MonitorStatusReason_c9915973,,W,S,0x000000001FF5F643
7AF2C47D-0371-4A31-975E-0159F047BF23,5B8ED9CB-E1EA-41AA-B166-4AD2A220EE06,2019,UC-0015,X,,,,,,,"unknown, get from NESWCD or measure at site visit",0.0,,,,Driller_7081fe79,,ConstructionNotes_368d3ae4,,,210MCDK,,WaterNotes_4dd66101,,,StatusUserNotes_6f35cbb3,,0.0,0.0,0.0,Some data from USGS. Overlapping site data.,Notes_395ea758,0.0,,MonitorStatusReason_c9915973,,W,I,0x000000001FF5F651
BF109D55-B10D-4165-8117-05C6FDF6E107,D4199EAD-5509-4CB2-A8E1-4AFBB029DD2D,35078,ED-0091,,,,1400.0,R,1940-01-01 00:00:00.000,R,WLs reported bgs. Entered zero for mp height for calculated fields. Actual MP height may not be zero.,0.0,1.0,,,Driller_7081fe79,,ConstructionNotes_c3a4d49b,,,313CLBD,,WaterNotes_0bc0144d,A,X,StatusUserNotes_6f35cbb3,,0.0,0.0,0.0,"GW3: Geology and Ground-Water Resources of Eddy County, NM (1952) G.E. Hendrickson & R.S. Jones, NM Bureau of Geology",Notes_395ea758,0.0,,MonitorStatusReason_c9915973,,,,0x000000001FF5F662
066842BF-327D-4923-8052-025497D25B81,D890E20A-F181-4965-A65B-4B2DB3EA3245,540,EB-556,X,,,,,,,,0.0,,,,Driller_7081fe79,,ConstructionNotes_08d4810a,,,121TSUQs,,WaterNotes_0bc0144d,,,StatusUserNotes_6f35cbb3,,0.0,0.0,0.0,NMED DWB (1999) via Jemez y Sangre Database (2000); WATERS,Notes_395ea758,0.0,,MonitorStatusReason_c9915973,,,,0x000000001FF5F679
426525DF-996D-4B2D-9DF4-02CB64CF4C12,C87085F0-C91A-4539-8C51-4B57AA74B1FE,36184,SA-0500,,,,,,,,WLs reported bgs. Entered zero for mp height for calculated fields. Actual MP height may not be zero.,0.0,,,,Driller_7081fe79,,ConstructionNotes_08d4810a,,,,,WaterNotes_0bc0144d,,,StatusUserNotes_6f35cbb3,,0.0,0.0,0.0,"OFR-51: Hydrogeology of the San Agustin Plains, NM (1973) Blodgett, Daniel D. and Titus, Frank B., NMBGMR",Notes_395ea758,0.0,,MonitorStatusReason_c9915973,,,,0x000000001FF5F690
3E80D1A0-B992-4B95-B2F9-01D0844A2FB0,81F2B625-CE74-4EE0-99B4-4B731ED0A28A,33573,BW-0421,,,,510.0,R,1964-01-01 00:00:00.000,R,WLs reported bgs. Entered zero for mp height for calculated fields. Actual MP height may not be zero.,0.0,1.0,,,Driller_7081fe79,,ConstructionNotes_c3a4d49b,,,,,WaterNotes_d1065f7b,,,StatusUserNotes_6f35cbb3,,0.0,0.0,0.0,"McLean, J.S. (1970) Saline Ground-Water Resources of the Tularosa Basin, NM. Office of Saline Water, R&D Progress Rpt 561",Notes_395ea758,0.0,,MonitorStatusReason_c9915973,,,,0x000000001FF5F69B
01FCA008-DFC1-4376-BD84-023306C3E5EF,61DA6C39-4D2F-4981-A28C-4B8C91FD5396,21878,NM-18401,,,,356.0,A,,,WLs reported bgs. Entered zero for mp height for calculated fields. Actual MP height may not be zero.,0.0,,,,Driller_7081fe79,,ConstructionNotes_08d4810a,,,121OGLL,,WaterNotes_0bc0144d,,I,StatusUserNotes_6f35cbb3,,0.0,0.0,0.0,USGS,Notes_395ea758,0.0,,MonitorStatusReason_c9915973,,W,I,0x000000001FF5F6AC
0BC77314-7E69-4C2E-9C1E-0535DAD2421B,3C6CDEA7-4492-49EE-80B3-4BC34FF49703,33286,BW-0063,,,,960.0,R,1953-01-01 00:00:00.000,R,WLs reported bgs. Entered zero for mp height for calculated fields. Actual MP height may not be zero.,0.0,,,,Driller_7081fe79,,ConstructionNotes_c3a4d49b,,,110ALVM,,WaterNotes_0bc0144d,,,StatusUserNotes_6f35cbb3,,0.0,0.0,0.0,"McLean, J.S. (1970) Saline Ground-Water Resources of the Tularosa Basin, NM. Office of Saline Water, R&D Progress Rpt 561",Notes_395ea758,0.0,,MonitorStatusReason_c9915973,,,,0x000000001FF5F6C6
553F3FFF-AA81-4C1E-9C1C-03C975E63938,B37A987D-2402-4B81-94E9-4C350D5CA2D1,7840,NM-04363,,,,,,,,WLs reported bgs. Entered zero for mp height for calculated fields. Actual MP height may not be zero.,0.0,,,,Driller_7081fe79,,ConstructionNotes_08d4810a,,,110AVMB,,WaterNotes_0bc0144d,,I,StatusUserNotes_6f35cbb3,,0.0,0.0,0.0,USGS,Notes_395ea758,0.0,,MonitorStatusReason_c9915973,,W,I,0x000000001FF5F707
0D2D2DCC-792C-40BA-8C94-04EC6B110D55,231D240E-7F20-449A-88D8-4CB01D8026A6,23220,NM-19743,,,,,,,,WLs reported bgs. Entered zero for mp height for calculated fields. Actual MP height may not be zero.,0.0,,,,Driller_7081fe79,,ConstructionNotes_08d4810a,,,121OGLL,,WaterNotes_0bc0144d,,I,StatusUserNotes_6f35cbb3,,0.0,0.0,0.0,USGS,Notes_395ea758,0.0,,MonitorStatusReason_c9915973,,W,I,0x000000001FF5F751
09C64DF0-2C4D-423F-AEE3-03928FCD9B77,6F535A3D-705A-46A2-8355-4CC49A8E01F5,27293,NM-23816,,,,172.0,A,,,WLs reported bgs. Entered zero for mp height for calculated fields. Actual MP height may not be zero.,0.0,,,,Driller_7081fe79,,ConstructionNotes_08d4810a,,,231SNRS,,WaterNotes_0bc0144d,,,StatusUserNotes_6f35cbb3,,0.0,0.0,0.0,USGS,Notes_395ea758,0.0,,MonitorStatusReason_c9915973,,W,Z,0x000000001FF5F760
293A8AFD-ED5D-4FB2-904B-02A1944DBC67,4223E24D-C8BA-41AD-88A8-4CC58B978E20,1970,TB-0220,X,,,,,,,Top of turbine bracket (Inner bracket???),2.96,,,,Driller_7081fe79,,ConstructionNotes_b5a48089,,1.0,180TKSCC_Upper,,WaterNotes_adac7029,C,I,StatusUserNotes_2701896b,C,0.0,0.0,0.0,,Notes_5c8c1e58,0.0,,MonitorStatusReason_c9915973,,,,0x000000001FF5F761
67861C16-A3A8-4749-8CBE-01BC888EF30D,F606F834-28AF-4F7C-8043-4D7DDF5F36EF,21346,NM-17869,,,,,,,,WLs reported bgs. Entered zero for mp height for calculated fields. Actual MP height may not be zero.,0.0,,,,Driller_7081fe79,,ConstructionNotes_08d4810a,,,110AVMB,,WaterNotes_0bc0144d,,L,StatusUserNotes_6f35cbb3,,0.0,0.0,0.0,USGS,Notes_395ea758,0.0,,MonitorStatusReason_c9915973,,W,S,0x000000001FF5F7BE
D09EA2C9-C241-4429-8FE6-03D11A175553,B8D3490F-7129-480C-9A55-4D94E1E73BAB,2100,UC-0089,CT-00876,,250.0,250.0,A,1969-12-31 00:00:00.000,A,hole in top of casing on concrete pad,2.85,1.28,250.0,,Driller_7081fe79,,ConstructionNotes_08d4810a,,,211DKOT,,WaterNotes_20ed23a4,C,X,StatusUserNotes_6f35cbb3,K,0.0,0.0,0.0,,Notes_395ea758,0.0,,MonitorStatusReason_c9915973,,,,0x000000001FF5F7CA
0C8D61FE-8F3C-4511-AC90-0364F3EF520A,291D9A07-ED61-445B-B68E-4DCC33D721D3,23785,NM-20308,,,,,,,,WLs reported bgs. Entered zero for mp height for calculated fields. Actual MP height may not be zero.,0.0,,,,Driller_7081fe79,,ConstructionNotes_08d4810a,,,110AVMB,,WaterNotes_0bc0144d,,,StatusUserNotes_6f35cbb3,,0.0,0.0,0.0,USGS,Notes_395ea758,0.0,,MonitorStatusReason_c9915973,,W,,0x000000001FF5F7ED
DCA9B1BE-7C44-40C5-86CB-050588B96D21,38807783-EB8E-4769-9A9C-4DF4544BA9D4,23582,NM-20105,,,,,,,,WLs reported bgs. Entered zero for mp height for calculated fields. Actual MP height may not be zero.,0.0,,,,Driller_7081fe79,,ConstructionNotes_08d4810a,,,110AVMB,,WaterNotes_0bc0144d,,X,StatusUserNotes_6f35cbb3,,0.0,0.0,0.0,USGS,Notes_395ea758,0.0,,MonitorStatusReason_c9915973,,T,U,0x000000001FF5F806
1444670F-84EF-4FB9-BBB0-00675C866ED1,B8C220F7-FDDC-4E62-A724-4E27FCE5D09C,29948,NM-26471,,,,,,,,WLs reported bgs. Entered zero for mp height for calculated fields. Actual MP height may not be zero.,0.0,,,,Driller_7081fe79,,ConstructionNotes_08d4810a,,,,,WaterNotes_0bc0144d,,X,StatusUserNotes_6f35cbb3,,0.0,0.0,0.0,USGS,Notes_395ea758,0.0,,MonitorStatusReason_c9915973,,O,U,0x000000001FF5F825
1D3E3767-5965-4D50-85D7-00D7B5385F3A,DDBCEF98-0776-4347-9F8C-4E8E43171BF7,37427,NM-27917,,,,125.0,A,,,WLs reported bgs. Entered zero for mp height for calculated fields. Actual MP height may not be zero.,0.0,,,,Driller_7081fe79,,ConstructionNotes_08d4810a,,,110AVMB,,WaterNotes_0bc0144d,,L,StatusUserNotes_6f35cbb3,,0.0,0.0,0.0,USGS,Notes_395ea758,0.0,,MonitorStatusReason_c9915973,,W,S,0x000000001FF5F861
B9555FE5-4591-4998-B00F-014453D01E18,2837E2FE-D008-4DC3-B985-4EA5E6135F1F,23877,NM-20400,,,,,,,,WLs reported bgs. Entered zero for mp height for calculated fields. Actual MP height may not be zero.,0.0,,,,Driller_7081fe79,,ConstructionNotes_08d4810a,,,121OGLL,,WaterNotes_0bc0144d,,L,StatusUserNotes_6f35cbb3,,0.0,0.0,0.0,USGS,Notes_395ea758,0.0,,MonitorStatusReason_c9915973,,W,S,0x000000001FF5F871
E3A35BD6-1BBA-4F63-A47E-055EF1BBF70E,965B5E2B-97A7-477B-B668-4F29E385F8C1,21055,NM-17578,,,165.0,165.0,A,,,WLs reported bgs. Entered zero for mp height for calculated fields. Actual MP height may not be zero.,0.0,,,,Driller_7081fe79,,ConstructionNotes_08d4810a,U,,121OGLL,,WaterNotes_0bc0144d,,X,StatusUserNotes_6f35cbb3,,0.0,0.0,0.0,USGS,Notes_395ea758,0.0,,MonitorStatusReason_c9915973,,U,U,0x000000001FF5F8B8
87B4ED0E-38F7-445F-9F57-0171B3D5D32D,91E5E03B-DF8A-464B-AFAE-4F4F54EF9806,14057,NM-10580,,,,890.0,A,,,WLs reported bgs. Entered zero for mp height for calculated fields. Actual MP height may not be zero.,0.0,,,,Driller_7081fe79,,ConstructionNotes_08d4810a,,,313GRBG,,WaterNotes_0bc0144d,,X,StatusUserNotes_6f35cbb3,,0.0,0.0,0.0,USGS,Notes_395ea758,0.0,,MonitorStatusReason_c9915973,,U,U,0x000000001FF5F8CF
82A5D956-D482-4ADD-AE5C-02E488E4309E,4FB11F5B-61BF-4F8B-9BDB-4F58845856AA,6506,NM-03569,,,,,,,,WLs reported bgs. Entered zero for mp height for calculated fields. Actual MP height may not be zero.,0.0,,,,Driller_7081fe79,,ConstructionNotes_08d4810a,,,,,WaterNotes_0bc0144d,,X,StatusUserNotes_6f35cbb3,,0.0,0.0,0.0,USGS,Notes_395ea758,0.0,,MonitorStatusReason_c9915973,,W,U,0x000000001FF5F8D6
E97167E0-DCDB-4EE1-8A86-04B8E92EAFED,DB6AB8D0-CA35-4607-897B-4F69D0C1DA88,20720,NM-17243,,,,172.0,A,,,WLs reported bgs. Entered zero for mp height for calculated fields. Actual MP height may not be zero.,0.0,,,,Driller_7081fe79,,ConstructionNotes_08d4810a,,,110AVMB,,WaterNotes_0bc0144d,,I,StatusUserNotes_6f35cbb3,,0.0,0.0,0.0,USGS,Notes_395ea758,0.0,,MonitorStatusReason_c9915973,,W,I,0x000000001FF5F8E1
EE99C2A0-E7BA-4AE0-B6C3-00B63D536F59,FDD37B35-9160-4CF6-A27B-4F7EBA8DB07B,23426,NM-19949,,,,495.0,A,,,WLs reported bgs. Entered zero for mp height for calculated fields. Actual MP height may not be zero.,0.0,,,,Driller_7081fe79,,ConstructionNotes_08d4810a,,,121OGLL,,WaterNotes_0bc0144d,,I,StatusUserNotes_6f35cbb3,,0.0,0.0,0.0,USGS,Notes_395ea758,0.0,,MonitorStatusReason_c9915973,,W,I,0x000000001FF5F8F3
B148390D-48DC-4F70-9D71-01E0B760A208,4AA1F170-66EC-4984-A342-4F895FEAF6DB,20076,NM-16599,,,,58.0,A,,,WLs reported bgs. Entered zero for mp height for calculated fields. Actual MP height may not be zero.,0.0,,,,Driller_7081fe79,,ConstructionNotes_08d4810a,,,110AVMB,,WaterNotes_0bc0144d,,D,StatusUserNotes_6f35cbb3,,0.0,0.0,0.0,USGS,Notes_395ea758,0.0,,MonitorStatusReason_c9915973,,W,H,0x000000001FF5F8FC
3235B670-63C8-4DF3-AE47-035BCD86798D,2A36A553-E306-4C0A-B2D3-4FC78FBDE75F,39474,SB-0530,X,,,130.0,A,,,Entered zero for MP height for calculated fields. Actual MP hgt may not be zero.,0.0,,,,Driller_7081fe79,,ConstructionNotes_08d4810a,,,210CRCS,,WaterNotes_0bc0144d,,X,StatusUserNotes_6f35cbb3,,0.0,0.0,0.0,Texas Water Development Board,Notes_395ea758,0.0,,MonitorStatusReason_c9915973,,,,0x000000001FF5F929
6F2CA66F-C42E-4937-A4D9-0562EE164170,FE41B3FE-0F8E-446D-9059-500DC0F13389,33877,BW-0687,,,,640.0,R,,,WLs reported bgs. Entered zero for mp height for calculated fields. Actual MP height may not be zero.,0.0,,,,Driller_7081fe79,,ConstructionNotes_08d4810a,,,310YESO,,WaterNotes_0bc0144d,,S,StatusUserNotes_6f35cbb3,,0.0,0.0,0.0,"Hood, J.W. and Kister, L.R. (1962) Saline-Water Resources of NM. USGS Water-Supply Paper 1601",Notes_395ea758,0.0,,MonitorStatusReason_c9915973,,,,0x000000001FF5F952
EC357DA6-A7CA-4391-9663-00347B55F091,8CF79FE3-94A9-494A-94F7-502D46027BE0,35501,TO-0257,,,,168.0,R,,,WLs reported bgs. Entered zero for mp height for calculated fields. Actual MP height may not be zero.,0.0,,,,Driller_e212a759,,ConstructionNotes_08d4810a,,,325MDER,,WaterNotes_0d27595b,,D,StatusUserNotes_6f35cbb3,,0.0,0.0,0.0,"GW5: Geology and Ground-Water Resources of Torrance County, NM (1957) R.E. Smith, NM Bureau of Geology",Notes_395ea758,0.0,,MonitorStatusReason_c9915973,,,,0x000000001FF5F961
166DAAED-AA97-429B-A25F-00FDF458D6BB,BAFF2B9A-35D8-4312-8912-5083B7C4B50B,14206,NM-10729,,,,,,,,WLs reported bgs. Entered zero for mp height for calculated fields. Actual MP height may not be zero.,0.0,,,,Driller_7081fe79,,ConstructionNotes_08d4810a,,,,,WaterNotes_0bc0144d,,I,StatusUserNotes_6f35cbb3,,0.0,0.0,0.0,USGS,Notes_395ea758,0.0,,MonitorStatusReason_c9915973,,W,I,0x000000001FF5F98C
214E397D-8EC0-4F1E-901D-00D6B45FD119,20EB680A-1B69-4827-8460-5092D397A383,11353,NM-07876,,,,,,,,WLs reported bgs. Entered zero for mp height for calculated fields. Actual MP height may not be zero.,0.0,,,,Driller_7081fe79,,ConstructionNotes_08d4810a,,,110AVMB,,WaterNotes_0bc0144d,,D,StatusUserNotes_6f35cbb3,,0.0,0.0,0.0,USGS,Notes_395ea758,0.0,,MonitorStatusReason_c9915973,,W,H,0x000000001FF5F998
2E644A1E-AB1A-4434-85FD-046486F4AC2F,3F3AD2A6-6D9F-4EEB-B67D-50F39CAACDFD,32525,SD-0325,X,,100.0,100.0,R,1962-01-01 00:00:00.000,R,WLs assumed bgs. Entered zero for mp height for calculated fields. Actual MP height may not be zero.,0.0,0.5,,,Driller_7081fe79,,ConstructionNotes_f682eddf,,,110ALVM,,WaterNotes_3d62603a,,D,,,0.0,0.0,0.0,"HR5: Groundwater in the Sandia and Northern Manzano Mtns, NM (1980) Frank B. Titus, NM Bureau of Geology",Notes_395ea758,0.0,,MonitorStatusReason_c9915973,,,,0x000000001FF5F9C9
AEF6C054-E430-426F-9695-024DEB90DD55,CA6C15E1-40B8-4176-BC4F-510CBC560D44,20727,NM-17250,,,,103.0,A,,,WLs reported bgs. Entered zero for mp height for calculated fields. Actual MP height may not be zero.,0.0,,,,Driller_7081fe79,,ConstructionNotes_08d4810a,,,110AVMB,,WaterNotes_0bc0144d,,X,StatusUserNotes_6f35cbb3,,0.0,0.0,0.0,USGS,Notes_395ea758,0.0,,MonitorStatusReason_c9915973,,Z,U,0x000000001FF5F9D6
75CAFC1C-2A6C-42FF-B4FD-060BA64BAEBB,2C43BF26-6D7F-425F-A761-51164404C7EB,12677,NM-09200,,,,908.0,A,,,WLs reported bgs. Entered zero for mp height for calculated fields. Actual MP height may not be zero.,0.0,,,,Driller_7081fe79,,ConstructionNotes_08d4810a,,,313GRBG,,WaterNotes_0bc0144d,,I,StatusUserNotes_6f35cbb3,,0.0,0.0,0.0,USGS,Notes_395ea758,0.0,,MonitorStatusReason_c9915973,,W,I,0x000000001FF5F9DE
60687FE6-61A0-4074-A856-019EFF1550EC,E81B230A-A7DD-4679-98CE-511D58554393,35245,ED-0258,,,,,,,,WLs reported bgs. Entered zero for mp height for calculated fields. Actual MP height may not be zero.,0.0,,,,Driller_7081fe79,,ConstructionNotes_08d4810a,,,312RSLR,,WaterNotes_8d2bb89d,,N,StatusUserNotes_6f35cbb3,,0.0,0.0,0.0,"GW3: Geology and Ground-Water Resources of Eddy County, NM (1952) G.E. Hendrickson & R.S. Jones, NM Bureau of Geology",Notes_395ea758,0.0,,MonitorStatusReason_c9915973,,,,0x000000001FF5F9E2
1CC25DD9-3CD9-4931-A704-01C50778A557,B494AFB7-301C-4C7C-A62A-52197A520C89,32146,QY-0965,,,39.0,39.0,R,1952-01-01 00:00:00.000,R,WLs reported bgs. Entered zero for mp height for calculated fields. Actual MP height may not be zero.,0.0,0.5,,,Driller_112fe4bd,,ConstructionNotes_ac859d06,,,110ALVM,,,,L,StatusUserNotes_6f35cbb3,,0.0,0.0,0.0,"GW9: Groundwater Resources & Geology of Quay County, NM (1966) Charles Berkstresser, Jr. & Walter A. Mourant, NM Bureau of Geology",Notes_395ea758,0.0,,MonitorStatusReason_c9915973,,,,0x000000001FF5FA7B
F3AE4889-8B3C-491E-AE1C-02548BB86448,657004C1-C672-43CD-BF85-52200CAEDFEB,13836,NM-10359,,,,260.0,A,,,WLs reported bgs. Entered zero for mp height for calculated fields. Actual MP height may not be zero.,0.0,,,,Driller_7081fe79,,ConstructionNotes_08d4810a,,,110AVMB,,WaterNotes_0bc0144d,,I,StatusUserNotes_6f35cbb3,,0.0,0.0,0.0,USGS,Notes_395ea758,0.0,,MonitorStatusReason_c9915973,,W,I,0x000000001FF5FA82
82ADC4EB-1094-4D76-ACC0-031B6F4210C0,79C6D4B1-64FF-4155-A882-52206E4C7AAD,15088,NM-11611,,,,185.0,A,,,WLs reported bgs. Entered zero for mp height for calculated fields. Actual MP height may not be zero.,0.0,,,,Driller_7081fe79,,ConstructionNotes_08d4810a,,,110AVMB,,WaterNotes_0bc0144d,,X,StatusUserNotes_6f35cbb3,,0.0,0.0,0.0,USGS,Notes_395ea758,0.0,,MonitorStatusReason_c9915973,,U,U,0x000000001FF5FA83
878D91C5-388B-4803-834E-0136C48B5058,27116CE0-6D72-41AA-A5E5-52DE6B9F95C1,19572,NM-16095,,,112.0,,A,1989-01-01 00:00:00.000,A,WLs reported bgs. Entered zero for mp height for calculated fields. Actual MP height may not be zero.,0.0,,,,Driller_7081fe79,,ConstructionNotes_08d4810a,,,210CRCS,,WaterNotes_0bc0144d,,D,StatusUserNotes_6f35cbb3,,0.0,0.0,0.0,USGS,Notes_395ea758,0.0,,MonitorStatusReason_c9915973,,W,H,0x000000001FF5FAE7
28CE6F0D-C324-451F-BFBD-03DA5129E03A,8985C7B2-10C5-413B-A280-52E35148A474,36120,SA-0427,,,,130.0,R,1936-01-01 00:00:00.000,R,WLs reported bgs. Entered zero for mp height for calculated fields. Actual MP height may not be zero.,0.0,,,,Driller_76a4a20d,,ConstructionNotes_59d48856,,,,,WaterNotes_0bc0144d,,D,StatusUserNotes_6f35cbb3,,0.0,0.0,0.0,"Circular 26: Water Well Records and Well Water Quality in Southwestern San Agustin Plains, Catron Cty, NM (1954) Bushman, F.X. and Valentine, C.P., NMBGMR",Notes_395ea758,0.0,,MonitorStatusReason_c9915973,,,,0x000000002A82207E
B4C6A577-9C43-48DE-B95D-01CBAE6398A1,7201CAFC-0113-4F7F-A026-52F766918A9F,34047,BW-0879,,,,35.0,R,,,WLs reported bgs. Entered zero for mp height for calculated fields. Actual MP height may not be zero.,0.0,,,,Driller_7081fe79,,ConstructionNotes_7664cca0,,,110AVMB,,WaterNotes_0bc0144d,,P,StatusUserNotes_6f35cbb3,,0.0,0.0,0.0,"Hood, J.W. and Kister, L.R. (1962) Saline-Water Resources of NM. USGS Water-Supply Paper 1601",Notes_395ea758,0.0,,MonitorStatusReason_c9915973,,,,0x000000001FF5FAFB
399FFB07-0DAA-4B9F-B748-04A1AA4DA76D,A2F71D13-4348-4DB6-A35A-53411FDADD75,3341,NM-00786,,,,,,,,WLs reported bgs. Entered zero for mp height for calculated fields. Actual MP height may not be zero.,0.0,,,,Driller_7081fe79,,ConstructionNotes_08d4810a,,,000IRSV,,WaterNotes_0bc0144d,,L,StatusUserNotes_6f35cbb3,,0.0,0.0,0.0,USGS,Notes_395ea758,0.0,,MonitorStatusReason_c9915973,,W,S,0x000000001FF5FB1F
E5B4C873-B9C6-44B2-B431-00F9141AD5F1,CD905DD8-7390-4D39-A8AE-53BC53352A17,21024,NM-17547,,,,150.0,A,,,WLs reported bgs. Entered zero for mp height for calculated fields. Actual MP height may not be zero.,0.0,,,,Driller_7081fe79,,ConstructionNotes_08d4810a,,,313ARTS,,WaterNotes_0bc0144d,,L,StatusUserNotes_6f35cbb3,,0.0,0.0,0.0,USGS,Notes_395ea758,0.0,,MonitorStatusReason_c9915973,,W,S,0x000000001FF5FB5C
20513935-E8E0-4164-A51E-01192640B404,9CA6C284-DCB5-4DA9-B059-53DCC2492A8D,9535,NM-06058,,,,149.0,A,,,WLs reported bgs. Entered zero for mp height for calculated fields. Actual MP height may not be zero.,0.0,,,,Driller_7081fe79,,ConstructionNotes_08d4810a,,,110AVMB,,WaterNotes_0bc0144d,,I,StatusUserNotes_6f35cbb3,,0.0,0.0,0.0,USGS,Notes_395ea758,0.0,,MonitorStatusReason_c9915973,,W,I,0x000000001FF5FB6A
83FB8831-F08B-423F-8520-0573D2588285,7D10F6DE-3019-4BE5-A70C-540ECD498454,20049,NM-16572,,,95.0,,A,,,WLs reported bgs. Entered zero for mp height for calculated fields. Actual MP height may not be zero.,0.0,,,,Driller_7081fe79,,ConstructionNotes_08d4810a,,,,,WaterNotes_0bc0144d,,D,StatusUserNotes_6f35cbb3,,0.0,0.0,0.0,USGS,Notes_395ea758,0.0,,MonitorStatusReason_c9915973,,U,H,0x000000001FF5FB8A
AADF7890-93F8-415B-9952-042212F28C13,2B64AD94-165D-4F50-A043-543BCF2D100E,3671,NM-01116,,,,,,,,WLs reported bgs. Entered zero for mp height for calculated fields. Actual MP height may not be zero.,0.0,,,,Driller_7081fe79,,ConstructionNotes_08d4810a,,,121OGLL,,WaterNotes_0bc0144d,,X,StatusUserNotes_6f35cbb3,,0.0,0.0,0.0,USGS,Notes_395ea758,0.0,,MonitorStatusReason_c9915973,,U,U,0x000000001FF5FBA8
18A157E5-196C-43E5-88CA-04A76FE3A00D,4613C837-CF0E-435F-AEF3-545B033C101F,35304,ED-0317,,,,,,,,WLs reported bgs. Entered zero for mp height for calculated fields. Actual MP height may not be zero.,0.0,1.166667,,,Driller_7081fe79,,ConstructionNotes_08d4810a,,,110ALVM,,WaterNotes_0bc0144d,,I,StatusUserNotes_6f35cbb3,,0.0,0.0,0.0,"GW3: Geology and Ground-Water Resources of Eddy County, NM (1952) G.E. Hendrickson & R.S. Jones, NM Bureau of Geology",Notes_395ea758,0.0,,MonitorStatusReason_c9915973,,,,0x000000001FF5FBC0
69BC706E-A71F-411F-BDE8-03E1CB8267BF,CE7B58A3-C66D-4C8B-8329-54720F434A56,17907,NM-14430,,,,,,,,WLs reported bgs. Entered zero for mp height for calculated fields. Actual MP height may not be zero.,0.0,,,,Driller_7081fe79,,ConstructionNotes_08d4810a,,,121OGLL,,WaterNotes_0bc0144d,,X,StatusUserNotes_6f35cbb3,,0.0,0.0,0.0,USGS,Notes_395ea758,0.0,,MonitorStatusReason_c9915973,,U,U,0x000000001FF5FBCB
9A3C3C7C-A3A5-4FD5-B668-0529D2F317CB,BB5CF715-835F-4769-BC35-54A2E2F7F114,29002,NM-25525,,,,73.0,A,1958-01-01 00:00:00.000,A,WLs reported bgs. Entered zero for mp height for calculated fields. Actual MP height may not be zero.,0.0,,,,Driller_7081fe79,,ConstructionNotes_08d4810a,U,,110AVMB,,WaterNotes_0bc0144d,,L,StatusUserNotes_6f35cbb3,,0.0,0.0,0.0,USGS,Notes_395ea758,0.0,,MonitorStatusReason_c9915973,,W,S,0x000000001FF5FBE8
C8289BF1-2666-4B55-9361-0138648D191C,C993726A-27E3-4DC9-A9BE-54D001F7F260,28563,NM-25086,,,61.0,61.0,A,1964-10-01 00:00:00.000,A,WLs reported bgs. Entered zero for mp height for calculated fields. Actual MP height may not be zero.,0.0,,,,Driller_7081fe79,,ConstructionNotes_08d4810a,,,,,WaterNotes_0bc0144d,,X,StatusUserNotes_6f35cbb3,,0.0,0.0,0.0,USGS,Notes_395ea758,0.0,,MonitorStatusReason_c9915973,,W,U,0x000000001FF5FC0B
72CDD7A8-BBC5-4B28-81DD-02A3C2FA8EC1,47E3DADE-348B-4D1A-898F-54E0C415994C,11300,NM-07823,,,139.0,,A,,,WLs reported bgs. Entered zero for mp height for calculated fields. Actual MP height may not be zero.,0.0,,,,Driller_7081fe79,,ConstructionNotes_08d4810a,,,,,WaterNotes_0bc0144d,,X,StatusUserNotes_6f35cbb3,,0.0,0.0,0.0,USGS,Notes_395ea758,0.0,,MonitorStatusReason_c9915973,,W,U,0x000000001FF5FC15
F5FA303D-4DC7-45D7-B444-03ACEF555DBC,E4575E04-7C94-4A94-B0F7-55061B600072,18051,NM-14574,,,,217.0,A,,,WLs reported bgs. Entered zero for mp height for calculated fields. Actual MP height may not be zero.,0.0,,,,Driller_7081fe79,,ConstructionNotes_08d4810a,,,310GLOR,,WaterNotes_0bc0144d,,L,StatusUserNotes_6f35cbb3,,0.0,0.0,0.0,USGS,Notes_395ea758,0.0,,MonitorStatusReason_c9915973,,W,S,0x000000001FF5FC28
502D7022-4970-4E71-8BBA-04A28EA4B5E4,DDEDB57F-2707-4E88-A111-553D167A5A78,78,EB-078,RG-33783,,378.0,378.0,D,1980-04-11 00:00:00.000,D,,0.0,0.55,378.0,,Driller_95f6c2e0,H,ConstructionNotes_08d4810a,U,,121TSUQs,242.0,WaterNotes_be56c10e,,,StatusUserNotes_6f35cbb3,,0.0,0.0,0.0,"David N Jenkins, Geohydrologic Conditions at the San Juan Residences, Santa Fe Cnty, April 1982",Notes_395ea758,0.0,EB078.pdf,MonitorStatusReason_c9915973,,,,0x000000002666E40A
5D84544A-F541-42C2-A93A-0628BBCD34F3,AAD375D9-6BBA-46C6-8930-55A5B8DCCD68,19428,NM-15951,,,,,,,,WLs reported bgs. Entered zero for mp height for calculated fields. Actual MP height may not be zero.,0.0,,,,Driller_7081fe79,,ConstructionNotes_08d4810a,,,110AVMB,,WaterNotes_0bc0144d,,L,StatusUserNotes_6f35cbb3,,0.0,0.0,0.0,USGS,Notes_395ea758,0.0,,MonitorStatusReason_c9915973,,W,S,0x000000001FF5FC8D
FCA36859-95D3-4537-A562-0073FEA14020,2DD20A46-6964-4F15-AAC9-55C6F4A09206,23556,NM-20079,,,,,,,,WLs reported bgs. Entered zero for mp height for calculated fields. Actual MP height may not be zero.,0.0,,,,Driller_7081fe79,,ConstructionNotes_08d4810a,,,121OGLL,,WaterNotes_0bc0144d,,,StatusUserNotes_6f35cbb3,,0.0,0.0,0.0,USGS,Notes_395ea758,0.0,,MonitorStatusReason_c9915973,,W,,0x000000001FF5FCA5
E8119621-AEDE-47BB-9D2A-032B83D2AD43,683806E1-1697-4DF9-AE4D-55CB14CA2AFB,37167,NM-28094,,,2000.0,1740.0,A,1990-11-03 00:00:00.000,A,WLs reported bgs. Entered zero for mp height for calculated fields. Actual MP height may not be zero.,0.0,,,,Driller_7081fe79,,ConstructionNotes_08d4810a,,,112SNTF,,WaterNotes_0bc0144d,,P,StatusUserNotes_6f35cbb3,,0.0,0.0,0.0,USGS,Notes_395ea758,0.0,,MonitorStatusReason_c9915973,,W,P,0x000000001FF5FCA9
744C0C85-17AD-4AE4-813F-0366E53F2EAF,CB7AADBA-305E-4E6D-A2E9-56270C1B4DCB,13439,NM-09962,,,,220.0,A,,,WLs reported bgs. Entered zero for mp height for calculated fields. Actual MP height may not be zero.,0.0,,,,Driller_7081fe79,,ConstructionNotes_08d4810a,,,110AVMB,,WaterNotes_0bc0144d,,I,StatusUserNotes_6f35cbb3,,0.0,0.0,0.0,USGS,Notes_395ea758,0.0,,MonitorStatusReason_c9915973,,U,I,0x000000001FF5FCD5
AE8C553B-9268-4392-8789-0176FD0D7CE8,F19A8105-51DF-4A1C-8D32-564516A5AF7F,16719,NM-13242,,,,372.0,A,1979-08-01 00:00:00.000,A,WLs reported bgs. Entered zero for mp height for calculated fields. Actual MP height may not be zero.,0.0,,,,Driller_7081fe79,,ConstructionNotes_08d4810a,,,112SNTF,,WaterNotes_0bc0144d,,D,StatusUserNotes_6f35cbb3,,0.0,0.0,0.0,USGS,Notes_395ea758,0.0,,MonitorStatusReason_c9915973,,W,H,0x000000001FF5FCE6
3A8BCA6F-E68B-4BBF-AAC1-06207199B4F6,FED7B80A-DD50-4B66-A05B-56B9AFDBEA84,26488,NM-23011,,,,100.0,A,,,WLs reported bgs. Entered zero for mp height for calculated fields. Actual MP height may not be zero.,0.0,,,,Driller_7081fe79,,ConstructionNotes_08d4810a,,,110AVMB,,WaterNotes_0bc0144d,,I,StatusUserNotes_6f35cbb3,,0.0,0.0,0.0,USGS,Notes_395ea758,0.0,,MonitorStatusReason_c9915973,,W,I,0x000000001FF5FD1B
721C68E0-22E0-4301-92F7-00063A314AAF,ADC059C6-323B-4B76-8B9F-57284DC4A5DA,15643,NM-12166,,,,120.0,A,,,WLs reported bgs. Entered zero for mp height for calculated fields. Actual MP height may not be zero.,0.0,,,,Driller_7081fe79,,ConstructionNotes_08d4810a,,,121OGLL,,WaterNotes_0bc0144d,,I,StatusUserNotes_6f35cbb3,,0.0,0.0,0.0,USGS,Notes_395ea758,0.0,,MonitorStatusReason_c9915973,,W,I,0x000000001FF5FD57
76382394-96E2-4A31-A8BE-049BAE23254C,80083E22-C2B0-4831-8277-57667EE08FFB,27140,NM-23663,,,,163.0,A,,,WLs reported bgs. Entered zero for mp height for calculated fields. Actual MP height may not be zero.,0.0,,,,Driller_7081fe79,,ConstructionNotes_08d4810a,,,313SADR,,WaterNotes_0bc0144d,,X,StatusUserNotes_6f35cbb3,,0.0,0.0,0.0,USGS,Notes_395ea758,0.0,,MonitorStatusReason_c9915973,,W,U,0x000000001FF5FD77
A000135B-FBC9-4BE3-A04F-02BBD64EFC01,6E0F889D-8B97-4693-A13B-57995CA9B081,28808,NM-25331,,,,102.0,A,,,WLs reported bgs. Entered zero for mp height for calculated fields. Actual MP height may not be zero.,0.0,,,,Driller_7081fe79,,ConstructionNotes_08d4810a,,,121OGLL,,WaterNotes_0bc0144d,,I,StatusUserNotes_6f35cbb3,,0.0,0.0,0.0,USGS,Notes_395ea758,0.0,,MonitorStatusReason_c9915973,,W,I,0x000000001FF5FD92
6C29D955-90DC-4DF9-ADE2-004DB75E3EC0,3C7BFEFB-9807-4FA1-8BEE-57CCB64F83D7,3556,NM-01001,,,,384.0,A,,,WLs reported bgs. Entered zero for mp height for calculated fields. Actual MP height may not be zero.,0.0,,,,Driller_7081fe79,,ConstructionNotes_08d4810a,,,121OGLL,,WaterNotes_0bc0144d,,I,StatusUserNotes_6f35cbb3,,0.0,0.0,0.0,USGS,Notes_395ea758,0.0,,MonitorStatusReason_c9915973,,W,I,0x000000001FF5FDAD
AC38B596-8DDC-BC4F-AA3D-031DD9B702FB,9CF78787-C7B4-2F46-A48A-57EE4785B4A5,38157,WL-0092,X,,,,,,,TOC @ monitoring port (not equipped with sounding tube),0.65,1.17,280.0,,Driller_07dc50d4,C,ConstructionNotes_9a9bad12,,,110AVMB/318YESO,165.0,WaterNotes_72a2a640,C,P,StatusUserNotes_6f35cbb3,I,1.0,1.0,1.0,,Notes_c289e06d,0.0,,MonitorStatusReason_c9915973,,,,0x0000000025BED288
BE62F39B-43D8-4301-AAC9-048CD181282A,0E6EC454-5620-4733-A15B-5821F9A45D0D,22522,NM-19045,,,,,,,,WLs reported bgs. Entered zero for mp height for calculated fields. Actual MP height may not be zero.,0.0,,,,Driller_7081fe79,,ConstructionNotes_08d4810a,,,231SNRS,,WaterNotes_0bc0144d,,L,StatusUserNotes_6f35cbb3,,0.0,0.0,0.0,USGS,Notes_395ea758,0.0,,MonitorStatusReason_c9915973,,W,S,0x000000001FF5FDDC
252B9920-FBB3-4760-875A-02D55632CB8B,2FEA5DB9-CB67-436A-A8E0-58D8DBC07E13,20149,NM-16672,,,,111.0,A,,,WLs reported bgs. Entered zero for mp height for calculated fields. Actual MP height may not be zero.,0.0,,,,Driller_7081fe79,,ConstructionNotes_08d4810a,,,110AVMB,,WaterNotes_0bc0144d,,X,StatusUserNotes_6f35cbb3,,0.0,0.0,0.0,USGS,Notes_395ea758,0.0,,MonitorStatusReason_c9915973,,Z,U,0x000000001FF5FE3C
86C0255F-0298-4CA7-B499-057644798621,10AA2005-43CC-4E1E-8988-58FFBC75E991,27485,NM-24008,,,201.0,201.0,A,1993-10-07 00:00:00.000,A,WLs reported bgs. Entered zero for mp height for calculated fields. Actual MP height may not be zero.,0.0,,,,Driller_7081fe79,,ConstructionNotes_08d4810a,C,,321SGDC,,WaterNotes_0bc0144d,,L,StatusUserNotes_6f35cbb3,,0.0,0.0,0.0,USGS,Notes_395ea758,0.0,,MonitorStatusReason_c9915973,,W,S,0x000000001FF5FE5F
5BCECC75-050F-4AD2-A8C5-05723E3B270E,76DF42EA-25A0-4182-AA4E-59636B0A3662,33611,BW-0459,,,,1209.0,R,1953-01-01 00:00:00.000,R,WLs reported bgs. Entered zero for mp height for calculated fields. Actual MP height may not be zero.,0.0,,,,Driller_7081fe79,,ConstructionNotes_c3a4d49b,,,110ALVM,,WaterNotes_0bc0144d,,,StatusUserNotes_6f35cbb3,,0.0,0.0,0.0,"McLean, J.S. (1970) Saline Ground-Water Resources of the Tularosa Basin, NM. Office of Saline Water, R&D Progress Rpt 561",Notes_395ea758,0.0,,MonitorStatusReason_c9915973,,,,0x000000001FF5FEA1
1F9E6C4B-A9B4-4674-BC5A-02E8B666CE63,43BF6DC5-4D17-428D-AFD0-599EC5E88E96,23538,NM-20061,,,,,,,,WLs reported bgs. Entered zero for mp height for calculated fields. Actual MP height may not be zero.,0.0,,,,Driller_7081fe79,,ConstructionNotes_08d4810a,,,121OGLL,,WaterNotes_0bc0144d,,,StatusUserNotes_6f35cbb3,,0.0,0.0,0.0,USGS,Notes_395ea758,0.0,,MonitorStatusReason_c9915973,,W,,0x000000001FF5FEB9
A20D0547-062A-DE44-9B5F-002E53A4B116,28B30283-C3C4-B643-AA0E-5A055A461661,40192,DE-0018,X,,,,,,,Slot under top plate where power cables enter well.,,,,,Driller_7081fe79,,ConstructionNotes_ed6056a4,,,,,WaterNotes_03d2dae7,C,,StatusUserNotes_6f35cbb3,,0.0,0.0,0.0,,Notes_395ea758,0.0,,MonitorStatusReason_c9915973,,,,0x0000000021E28A67
8371E2B0-7A9A-47AC-8EDD-01C266783CAC,5C4C5AFB-69A2-4D74-B8BB-5A4E160E017D,5857,NM-02920,,,,,,,,WLs reported bgs. Entered zero for mp height for calculated fields. Actual MP height may not be zero.,0.0,,,,Driller_7081fe79,,ConstructionNotes_08d4810a,,,210CRCS,,WaterNotes_0bc0144d,,I,StatusUserNotes_6f35cbb3,,0.0,0.0,0.0,USGS,Notes_395ea758,0.0,,MonitorStatusReason_c9915973,,W,I,0x000000001FF5FF26
0C4D5C36-2817-4F30-814B-04235C1EC246,6D3874E5-1267-4AF2-8A06-5B3D45DA420E,7202,NM-03725,,,,770.0,A,,,WLs reported bgs. Entered zero for mp height for calculated fields. Actual MP height may not be zero.,0.0,,,,Driller_7081fe79,,ConstructionNotes_08d4810a,,,110AVMB,,WaterNotes_0bc0144d,,I,StatusUserNotes_6f35cbb3,,0.0,0.0,0.0,USGS,Notes_395ea758,0.0,,MonitorStatusReason_c9915973,,W,I,0x000000001FF5FFB6
69CBFE65-6DF6-4900-B666-018F271A5177,93C69524-1CC9-4AA8-815A-5B45A171C62D,23991,NM-20514,,,,69.0,A,,,WLs reported bgs. Entered zero for mp height for calculated fields. Actual MP height may not be zero.,0.0,,,,Driller_7081fe79,,ConstructionNotes_08d4810a,,,121OGLL,,WaterNotes_0bc0144d,,X,StatusUserNotes_6f35cbb3,,0.0,0.0,0.0,USGS,Notes_395ea758,0.0,,MonitorStatusReason_c9915973,,W,U,0x000000001FF5FFBB
674C6211-C8BB-40C3-AE9B-05B554844C04,7AB28561-5E2B-419F-85AE-5B944EB6F655,10359,NM-06882,,,,380.0,A,,,WLs reported bgs. Entered zero for mp height for calculated fields. Actual MP height may not be zero.,0.0,,,,Driller_7081fe79,,ConstructionNotes_08d4810a,,,231CHNL,,WaterNotes_0bc0144d,,X,StatusUserNotes_6f35cbb3,,0.0,0.0,0.0,USGS,Notes_395ea758,0.0,,MonitorStatusReason_c9915973,,W,U,0x000000001FF5FFED
D94B13AE-A0B4-4391-88D2-00287921EA06,1F9036B0-D6C2-4C8B-A930-5BBBEB9D952E,12208,NM-08731,,,,73.0,A,,,WLs reported bgs. Entered zero for mp height for calculated fields. Actual MP height may not be zero.,0.0,,,,Driller_7081fe79,,ConstructionNotes_08d4810a,,,,,WaterNotes_0bc0144d,,I,StatusUserNotes_6f35cbb3,,0.0,0.0,0.0,USGS,Notes_395ea758,0.0,,MonitorStatusReason_c9915973,,W,I,0x000000001FF60003
078C575D-F251-4C5B-AAC4-043CD4A1B191,632928E7-C377-44FF-9FCB-5BD02C277B94,11350,NM-07873,,,,,,,,WLs reported bgs. Entered zero for mp height for calculated fields. Actual MP height may not be zero.,0.0,,,,Driller_7081fe79,,ConstructionNotes_08d4810a,,,121OGLL,,WaterNotes_0bc0144d,,X,StatusUserNotes_6f35cbb3,,0.0,0.0,0.0,USGS,Notes_395ea758,0.0,,MonitorStatusReason_c9915973,,W,U,0x000000001FF60010
338C497B-1755-4B7F-A885-0257702EF6E5,2C8739AE-97F0-4569-9968-5BD5C32E0AD9,20337,NM-16860,,,,,,,,WLs reported bgs. Entered zero for mp height for calculated fields. Actual MP height may not be zero.,0.0,,,,Driller_7081fe79,,ConstructionNotes_08d4810a,,,110AVMB,,WaterNotes_0bc0144d,,,StatusUserNotes_6f35cbb3,,0.0,0.0,0.0,USGS,Notes_395ea758,0.0,,MonitorStatusReason_c9915973,,W,,0x000000001FF60018
07B9E646-5834-4EF3-823E-0359D2ACDF97,0E7D63DD-F196-4AFB-8FAF-5BF4E0FEE520,25922,NM-22445,,,402.0,402.0,A,,,WLs reported bgs. Entered zero for mp height for calculated fields. Actual MP height may not be zero.,0.0,,,,Driller_7081fe79,,ConstructionNotes_08d4810a,,,,,WaterNotes_0bc0144d,,X,StatusUserNotes_6f35cbb3,,0.0,0.0,0.0,USGS,Notes_395ea758,0.0,,MonitorStatusReason_c9915973,,O,U,0x000000001FF60029
FE815CA1-6523-43A8-9361-003E57B13891,07E1C895-A036-4341-91B1-5C1333CC8728,8030,NM-04553,,,,,,,,WLs reported bgs. Entered zero for mp height for calculated fields. Actual MP height may not be zero.,0.0,,,,Driller_7081fe79,,ConstructionNotes_08d4810a,,,110AVMB,,WaterNotes_0bc0144d,,X,StatusUserNotes_6f35cbb3,,0.0,0.0,0.0,USGS,Notes_395ea758,0.0,,MonitorStatusReason_c9915973,,U,U,0x000000001FF6003A
652C520A-D13D-4F96-8408-013F24F7210D,7E99F4BD-303C-4DAD-BB70-5C4161D5A826,18242,NM-14765,,,,,,,,WLs reported bgs. Entered zero for mp height for calculated fields. Actual MP height may not be zero.,0.0,,,,Driller_7081fe79,,ConstructionNotes_08d4810a,,,231CHNL,,WaterNotes_0bc0144d,,L,StatusUserNotes_6f35cbb3,,0.0,0.0,0.0,USGS,Notes_395ea758,0.0,,MonitorStatusReason_c9915973,,W,S,0x000000001FF60056
D09F1120-8BCC-49D3-AF98-02A6D8726577,707DBB46-89F1-4ECA-847C-5C4AD4DB17F6,13262,NM-09785,,,,280.0,A,,,WLs reported bgs. Entered zero for mp height for calculated fields. Actual MP height may not be zero.,0.0,,,,Driller_7081fe79,,ConstructionNotes_08d4810a,,,110AVMB,,WaterNotes_0bc0144d,,P,StatusUserNotes_6f35cbb3,,0.0,0.0,0.0,USGS,Notes_395ea758,0.0,,MonitorStatusReason_c9915973,,U,P,0x000000001FF6005D
EFB379DC-631F-404E-8B78-015F900DC231,82160DB2-D4B9-4591-9C54-5C7C207CC007,9319,NM-05842,,,,,,,,WLs reported bgs. Entered zero for mp height for calculated fields. Actual MP height may not be zero.,0.0,,,,Driller_7081fe79,,ConstructionNotes_08d4810a,,,110AVMB,,WaterNotes_0bc0144d,,L,StatusUserNotes_6f35cbb3,,0.0,0.0,0.0,USGS,Notes_395ea758,0.0,,MonitorStatusReason_c9915973,,W,S,0x000000001FF6007D
C5DFFE0D-C780-4290-BA80-03D588D64914,4C60AACF-D581-4B0C-A23F-5CAD843B0879,6820,AB-0187,,,,90.0,R,1944-12-31 00:00:00.000,R,WLs reported bgs. Entered zero for mp height for calculated fields. Actual MP height may not be zero.,0.0,0.5,,,Driller_7081fe79,,ConstructionNotes_13c50374,,,,,WaterNotes_0bc0144d,,,StatusUserNotes_6f35cbb3,,0.0,0.0,0.0,"Plummer, LN, Bexfield, LM, et al. (2004) Geochem. Characterization of Ground-water Flow in the Santa Fe Group Aquifer System, Middle Rio Grande Basin, NM. USGS WRI-03-4131",Notes_395ea758,0.0,,MonitorStatusReason_c9915973,,,,0x000000001FF60099
28141814-F990-4A0F-A152-0188EF5A50DF,A306D596-F173-48C9-9C22-5CB533DFFD5F,26215,NM-22738,,,170.0,170.0,A,1943-01-01 00:00:00.000,A,WLs reported bgs. Entered zero for mp height for calculated fields. Actual MP height may not be zero.,0.0,,,,Driller_7081fe79,,ConstructionNotes_08d4810a,,,,,WaterNotes_0bc0144d,,I,StatusUserNotes_6f35cbb3,,0.0,0.0,0.0,USGS,Notes_395ea758,0.0,,MonitorStatusReason_c9915973,,W,I,0x000000001FF600A0
9E81A86C-CD4C-407E-9F65-03801F934BEE,D4FC48D0-7664-4E87-A452-5CC40649EF41,10214,NM-06737,,,,85.0,A,,,WLs reported bgs. Entered zero for mp height for calculated fields. Actual MP height may not be zero.,0.0,,,,Driller_7081fe79,,ConstructionNotes_08d4810a,,,110AVMB,,WaterNotes_0bc0144d,,C,StatusUserNotes_6f35cbb3,,0.0,0.0,0.0,USGS,Notes_395ea758,0.0,,MonitorStatusReason_c9915973,,W,C,0x000000001FF600A7
00D073A7-10E1-4D1A-9A57-026825A22F4A,21DB6258-DC1A-463D-9C1C-5DD9F08E67A3,17935,NM-14458,,,,150.0,A,,,WLs reported bgs. Entered zero for mp height for calculated fields. Actual MP height may not be zero.,0.0,,,,Driller_7081fe79,,ConstructionNotes_08d4810a,,,210CRCS,,WaterNotes_0bc0144d,,D,StatusUserNotes_6f35cbb3,,0.0,0.0,0.0,USGS,Notes_395ea758,0.0,,MonitorStatusReason_c9915973,,W,H,0x000000001FF6013F
4B009D56-7B50-401C-B532-02D168E44AFF,24532131-115F-4DA1-8A4F-5E7828038E7B,9670,NM-06193,,,,,,,,WLs reported bgs. Entered zero for mp height for calculated fields. Actual MP height may not be zero.,0.0,,,,Driller_7081fe79,,ConstructionNotes_08d4810a,,,,,WaterNotes_0bc0144d,,L,StatusUserNotes_6f35cbb3,,0.0,0.0,0.0,USGS,Notes_395ea758,0.0,,MonitorStatusReason_c9915973,,W,S,0x000000001FF60195
D2B2F74E-C2A3-4181-81F4-050801704B80,3B7904E3-742F-4CB0-97CE-5EF84422A06E,15548,NM-12071,,,,,,,,WLs reported bgs. Entered zero for mp height for calculated fields. Actual MP height may not be zero.,0.0,,,,Driller_7081fe79,,ConstructionNotes_08d4810a,,,121OGLL,,WaterNotes_0bc0144d,,L,StatusUserNotes_6f35cbb3,,0.0,0.0,0.0,USGS,Notes_395ea758,0.0,,MonitorStatusReason_c9915973,,W,S,0x000000001FF601E9
DB60B5BC-2335-4C92-BD15-01FA49AA68B2,FC7E4AAE-13F8-4F36-86CA-5F5EB3BABDB5,1360,QU-085,X,,460.0,400.0,O,2003-04-01 00:00:00.000,O,Top of black rubber inner casing,3.75,0.33,400.0,,Driller_557f8314,R,ConstructionNotes_08d4810a,,,,,WaterNotes_0bc0144d,I,O,StatusUserNotes_02db4eb6,,0.0,0.0,0.0,"Pre-design groundwater investigation at the tailing facility - Final work plan. April 24, 2013, Arcadis",Notes_395ea758,0.0,QU085.pdf,MonitorStatusReason_c9915973,,,,0x000000002666E8C4
E97AB239-FBB4-4AE3-9954-000C230B08C2,020C9A94-D724-4C62-AB4D-5FB4304672D6,22479,NM-19002,,,,670.0,A,,,WLs reported bgs. Entered zero for mp height for calculated fields. Actual MP height may not be zero.,0.0,,,,Driller_7081fe79,,ConstructionNotes_08d4810a,,,310YESOG,,WaterNotes_0bc0144d,,L,StatusUserNotes_6f35cbb3,,0.0,0.0,0.0,USGS,Notes_395ea758,0.0,,MonitorStatusReason_c9915973,,W,S,0x000000001FF60257
B4E5A518-4105-4C9E-B9C4-003BACCE78C0,A7DEE2E9-80E9-43E1-8FF3-5FF0D1AA0FCD,12647,NM-09170,,,,,,,,WLs reported bgs. Entered zero for mp height for calculated fields. Actual MP height may not be zero.,0.0,,,,Driller_7081fe79,,ConstructionNotes_08d4810a,,,,,WaterNotes_0bc0144d,,,StatusUserNotes_6f35cbb3,,0.0,0.0,0.0,USGS,Notes_395ea758,0.0,,MonitorStatusReason_c9915973,,W,,0x000000001FF6028B
2FA13362-5D30-4324-A90F-04B00E6B618B,B010F4D7-0183-41BB-8C1F-603CF1238FFF,29056,NM-25579,,,,210.0,A,1946-01-01 00:00:00.000,A,WLs reported bgs. Entered zero for mp height for calculated fields. Actual MP height may not be zero.,0.0,,,,Driller_7081fe79,,ConstructionNotes_08d4810a,,,,,WaterNotes_0bc0144d,,D,StatusUserNotes_6f35cbb3,,0.0,0.0,0.0,USGS,Notes_395ea758,0.0,,MonitorStatusReason_c9915973,,W,H,0x000000001FF602AF
A7A39F2F-477D-4B16-B457-03F42C3D9B20,20E91B9D-5F94-4EDB-AAA4-609A8473E605,24425,NM-20948,,,,200.0,A,,,WLs reported bgs. Entered zero for mp height for calculated fields. Actual MP height may not be zero.,0.0,,,,Driller_7081fe79,,ConstructionNotes_08d4810a,,,121OGLL,,WaterNotes_0bc0144d,,,StatusUserNotes_6f35cbb3,,0.0,0.0,0.0,USGS,Notes_395ea758,0.0,,MonitorStatusReason_c9915973,,W,Z,0x000000001FF602E2
A6DF5517-6E91-4B15-8A5B-05B2BEC2BF64,83AA7019-09E8-4017-BCB9-60DC4312445C,25399,NM-21922,,,220.0,220.0,A,1984-05-11 00:00:00.000,A,WLs reported bgs. Entered zero for mp height for calculated fields. Actual MP height may not be zero.,0.0,,,,Driller_7081fe79,,ConstructionNotes_08d4810a,,,400PCMB,,WaterNotes_0bc0144d,,D,StatusUserNotes_6f35cbb3,,0.0,0.0,0.0,USGS,Notes_395ea758,0.0,NM21922.pdf,MonitorStatusReason_c9915973,,W,H,0x000000002666E6B4
E0D15819-F960-4966-8B00-045C12F4876E,4F14C0D9-2A98-42F2-B95A-61F8992D8547,15103,NM-11626,,,,,,,,WLs reported bgs. Entered zero for mp height for calculated fields. Actual MP height may not be zero.,0.0,,,,Driller_7081fe79,,ConstructionNotes_08d4810a,,,110AVMB,,WaterNotes_0bc0144d,,X,StatusUserNotes_6f35cbb3,,0.0,0.0,0.0,USGS,Notes_395ea758,0.0,,MonitorStatusReason_c9915973,,U,U,0x000000001FF603A1
96359D69-F4EB-4D1C-BAD2-0400572EDD7C,D91324D3-E2E9-44AB-80E1-6209842B05DC,28842,NM-25365,,,450.0,450.0,A,1962-11-30 00:00:00.000,A,WLs reported bgs. Entered zero for mp height for calculated fields. Actual MP height may not be zero.,0.0,,,,Driller_7081fe79,,ConstructionNotes_08d4810a,,,211MENF,,WaterNotes_0bc0144d,,L,StatusUserNotes_6f35cbb3,,0.0,0.0,0.0,USGS,Notes_395ea758,0.0,,MonitorStatusReason_c9915973,,W,S,0x000000001FF603AA
EC114C74-BC5C-49F3-812D-057DA43018D2,FD3472F9-9127-4FCA-8C8C-63274364AD0C,39504,SB-0560,X,,,1226.0,A,,,Entered zero for MP height for calculated fields. Actual MP hgt may not be zero.,0.0,,,,Driller_7081fe79,,ConstructionNotes_08d4810a,,,210CRCS,,WaterNotes_0bc0144d,,X,StatusUserNotes_b6a5a7c0,,0.0,0.0,0.0,Texas Water Development Board,Notes_395ea758,0.0,,MonitorStatusReason_c9915973,,,,0x000000001FF60458
34C09B36-6A4F-472E-B56B-0557FEDCC983,04A20906-7400-446D-8702-635033ED913D,6012,NM-03075,,,,220.0,A,,,WLs reported bgs. Entered zero for mp height for calculated fields. Actual MP height may not be zero.,0.0,,,,Driller_7081fe79,,ConstructionNotes_08d4810a,,,,,WaterNotes_0bc0144d,,X,StatusUserNotes_6f35cbb3,,0.0,0.0,0.0,USGS,Notes_395ea758,0.0,,MonitorStatusReason_c9915973,,U,U,0x000000001FF6046F
5D349CFE-E0E6-4E4B-948F-0221C3C38504,F13C65BB-95C2-4B9A-88DF-638810EFC554,31241,QY-0015,,,74.0,74.0,R,,,WLs reported bgs. Entered zero for mp height for calculated fields. Actual MP height may not be zero.,0.0,0.5,,,Driller_7081fe79,,ConstructionNotes_8b53af41,,,110AVMB/221MRSN,,,,U,StatusUserNotes_6f35cbb3,,0.0,0.0,0.0,"GW9: Groundwater Resources & Geology of Quay County, NM (1966) Charles Berkstresser, Jr. & Walter A. Mourant, NM Bureau of Geology",Notes_395ea758,0.0,,MonitorStatusReason_c9915973,,,,0x000000002A8220AA
9DA0C63E-B5A8-47BA-8476-0529617FEB32,F5299EC9-A4C9-4879-8BAF-639914D4D801,13874,NM-10397,,,,80.0,A,,,WLs reported bgs. Entered zero for mp height for calculated fields. Actual MP height may not be zero.,0.0,,,,Driller_7081fe79,,ConstructionNotes_08d4810a,,,121OGLL,,WaterNotes_0bc0144d,,I,StatusUserNotes_6f35cbb3,,0.0,0.0,0.0,USGS,Notes_395ea758,0.0,,MonitorStatusReason_c9915973,,W,I,0x000000001FF60499
6C51C1B2-61B5-4271-8442-00EC816ADAAF,EA1F5212-1139-44F2-A538-63ABC7CAB7B5,31517,QY-0155,,,153.0,153.0,R,1949-01-01 00:00:00.000,R,WLs reported bgs. Entered zero for mp height for calculated fields. Actual MP height may not be zero.,0.0,0.5,,,Driller_7081fe79,,ConstructionNotes_5cc2a53f,,,220ENRD,,WaterNotes_7031d18f,,O,StatusUserNotes_6f35cbb3,,0.0,0.0,0.0,"GW9: Groundwater Resources & Geology of Quay County, NM (1966) Charles Berkstresser, Jr. & Walter A. Mourant, NM Bureau of Geology",Notes_395ea758,0.0,,MonitorStatusReason_c9915973,,,,0x000000001FF604A1
91958E78-11E5-45A5-989D-02FA44AA2051,EF67A3F7-DDF9-4D8D-A806-63AF424BEA22,15229,NM-11752,,,,,,,,WLs reported bgs. Entered zero for mp height for calculated fields. Actual MP height may not be zero.,0.0,,,,Driller_7081fe79,,ConstructionNotes_08d4810a,,,,,WaterNotes_0bc0144d,,,StatusUserNotes_6f35cbb3,,0.0,0.0,0.0,USGS,Notes_395ea758,0.0,,MonitorStatusReason_c9915973,,W,,0x000000001FF604A5
9F60C900-97C0-4ED4-ACB8-00FBD5FC0BA1,BBF63BC0-0CFC-40E0-BAEE-63B75F99A979,41061,SAC-0282,RG-78609,,,55.0,D,,D,"TOC, west side with power cable",2.07,0.5,,,Driller_7081fe79,,ConstructionNotes_08d4810a,,,,20.0,WaterNotes_0bc0144d,I,I,StatusUserNotes_6f35cbb3,A,0.0,1.0,1.0,,Notes_354ff728,0.0,,MonitorStatusReason_c9915973,,,,0x000000002C3A9913
B5710392-274F-4D6A-975A-0442385CFFFE,C6E4DFE6-6FB0-4835-81C9-64763B837665,26452,NM-22975,,,1063.0,1055.0,A,1981-11-06 00:00:00.000,A,WLs reported bgs. Entered zero for mp height for calculated fields. Actual MP height may not be zero.,0.0,,,,Driller_7081fe79,,ConstructionNotes_08d4810a,,,112SNTF,,WaterNotes_0bc0144d,,X,StatusUserNotes_6f35cbb3,,0.0,0.0,0.0,USGS,Notes_395ea758,0.0,,MonitorStatusReason_c9915973,,O,U,0x000000001FF60529
E3301B1A-BFAA-4F26-8858-00B877F02913,00E87924-0B3B-4A16-AC33-656BDB682E10,55,EB-055,RG-36353,,320.0,320.0,G,1981-06-15 00:00:00.000,D,"MP for original test data is 24"" above groundlevel, 5"" above casing top",2.0,0.46,320.0,,Driller_c7a171cb,,ConstructionNotes_fb4a1cb5,F,,400EMBD,45.0,WaterNotes_6e7afbe3,,D,StatusUserNotes_6f35cbb3,,0.0,0.0,0.0,"VeneKlasen & Assoc, Inc., 1982, Geohydrology Rept, Pecos Trail Subdn, Santa Fe Cnty,  Aug 1982",Notes_395ea758,0.0,EB055.pdf,MonitorStatusReason_c9915973,,,,0x000000002666E3FA
80438163-C987-43EF-9E4B-00FD539742F6,E52DB2CC-7E7A-4128-ADAC-65C84C078CAD,17581,NM-14104,,,,325.0,A,,,WLs reported bgs. Entered zero for mp height for calculated fields. Actual MP height may not be zero.,0.0,,,,Driller_7081fe79,,ConstructionNotes_08d4810a,,,313SADR,,WaterNotes_0bc0144d,,X,StatusUserNotes_6f35cbb3,,0.0,0.0,0.0,USGS,Notes_395ea758,0.0,,MonitorStatusReason_c9915973,,U,U,0x000000001FF605EB
E4424085-6622-43BD-B6AE-00EB6AB3D6EC,C3692A8D-742E-4333-849F-6602544507F6,30994,MI-0052,,,,700.0,R,,,Entered zero for mp height for calculated fields. Actual MP height may not be zero.,0.0,,,,Driller_7081fe79,,ConstructionNotes_08d4810a,,,325MDER,,WaterNotes_48d945b7,,I,StatusUserNotes_6f35cbb3,,0.0,0.0,0.0,"Data from Groundwater Report 2: Geology & Groundwater Resources of San Miguel County, NM. (1951) NMBGMR by R.L. Griggs and G.E. Hendrickson.",Notes_395ea758,0.0,,MonitorStatusReason_c9915973,,,,0x000000001FF60604
E8A93C3C-8616-45AD-905E-0258C2304FC4,FF7CE82D-148C-4A29-918D-668C34AA5325,6715,AB-0082,,,,120.0,R,,,WLs reported bgs. Entered zero for mp height for calculated fields. Actual MP height may not be zero.,0.0,,,,Driller_7081fe79,,ConstructionNotes_f41f82c0,,,,,WaterNotes_0bc0144d,,,StatusUserNotes_6f35cbb3,,0.0,0.0,0.0,"Plummer, LN, Bexfield, LM, et al. (2004) Geochem. Characterization of Ground-water Flow in the Santa Fe Group Aquifer System, Middle Rio Grande Basin, NM. USGS WRI-03-4131",Notes_395ea758,0.0,,MonitorStatusReason_c9915973,,,,0x000000001FF6064E
8254F1D4-D7A5-4036-AF5B-045DAD6B96AF,A3A5FBE7-43A1-4066-A470-66A287A72675,28243,NM-24766,,,,545.0,A,,,WLs reported bgs. Entered zero for mp height for calculated fields. Actual MP height may not be zero.,0.0,,,,Driller_7081fe79,,ConstructionNotes_08d4810a,,,,,WaterNotes_0bc0144d,,I,StatusUserNotes_6f35cbb3,,0.0,0.0,0.0,USGS,Notes_395ea758,0.0,,MonitorStatusReason_c9915973,,W,I,0x000000001FF60657
5C64BE9B-9428-4F36-8737-0390B3AED801,CAEFB22A-0242-4FD8-AC31-6748A2DF87F4,25221,NM-21744,,,20.0,20.0,A,1993-06-20 00:00:00.000,A,WLs reported bgs. Entered zero for mp height for calculated fields. Actual MP height may not be zero.,0.0,,,,Driller_7081fe79,,ConstructionNotes_08d4810a,U,,110ALVM,,WaterNotes_0bc0144d,,X,StatusUserNotes_6f35cbb3,,0.0,0.0,0.0,USGS,Notes_395ea758,0.0,,MonitorStatusReason_c9915973,,O,U,0x000000001FF606AF
B272667F-58D1-4842-9BBA-02E05EFF44C2,E5C9DC08-1FA6-438C-B832-675141F0EB9C,2608,NM-00053,,,,,,,,WLs reported bgs. Entered zero for mp height for calculated fields. Actual MP height may not be zero.,0.0,,,,Driller_7081fe79,,ConstructionNotes_08d4810a,C,,313SADR,,WaterNotes_0bc0144d,,,StatusUserNotes_6f35cbb3,,0.0,0.0,0.0,USGS,Notes_395ea758,0.0,,MonitorStatusReason_c9915973,,W,,0x000000001FF606B4
2A59BE35-61BE-4293-A590-03236C3325E6,3D3E740E-2158-443B-8EC2-675B8061339D,11086,NM-07609,,,,,,,,WLs reported bgs. Entered zero for mp height for calculated fields. Actual MP height may not be zero.,0.0,,,,Driller_7081fe79,,ConstructionNotes_08d4810a,,,121OGLL,,WaterNotes_0bc0144d,,X,StatusUserNotes_6f35cbb3,,0.0,0.0,0.0,USGS,Notes_395ea758,0.0,,MonitorStatusReason_c9915973,,W,U,0x000000001FF606BB
5633813C-F147-4A7B-B453-00DAA1633E7E,7162484B-C796-4BAF-A0AD-67B33EF32BAC,4773,NM-01836,,,,,,,,WLs reported bgs. Entered zero for mp height for calculated fields. Actual MP height may not be zero.,0.0,,,,Driller_7081fe79,,ConstructionNotes_08d4810a,,,,,WaterNotes_0bc0144d,,I,StatusUserNotes_6f35cbb3,,0.0,0.0,0.0,USGS,Notes_61cb6289,0.0,,MonitorStatusReason_c9915973,,W,I,0x000000001FF606EB
38C60CAA-11F3-43ED-A3A6-0070F916327C,B7DB16BA-4D7E-4F5D-A173-6817232D328A,35085,ED-0098,,,,152.0,R,,,WLs reported bgs. Entered zero for mp height for calculated fields. Actual MP height may not be zero.,0.0,0.5,,,Driller_7081fe79,,ConstructionNotes_08d4810a,,,313CLBD,,WaterNotes_0bc0144d,A,X,StatusUserNotes_6f35cbb3,,0.0,0.0,0.0,"GW3: Geology and Ground-Water Resources of Eddy County, NM (1952) G.E. Hendrickson & R.S. Jones, NM Bureau of Geology",Notes_395ea758,0.0,,MonitorStatusReason_c9915973,,,,0x000000001FF6071D
22D4BD67-C691-4E9B-8628-03976AD953A3,B5B03C6B-30A0-4B55-861C-682E4FD4C53D,21473,NM-17996,,,162.0,,A,1949-01-01 00:00:00.000,A,WLs reported bgs. Entered zero for mp height for calculated fields. Actual MP height may not be zero.,0.0,,,,Driller_7081fe79,,ConstructionNotes_08d4810a,,,,,WaterNotes_0bc0144d,,L,StatusUserNotes_6f35cbb3,,0.0,0.0,0.0,USGS,Notes_395ea758,0.0,,MonitorStatusReason_c9915973,,W,S,0x000000001FF6072B
0ABD74E8-1907-49B9-8BC4-02B73130E51E,DC575242-9F50-486F-90C9-6836723E077C,2371,HS-114,HS-01101,,240.0,240.0,D,2014-08-26 00:00:00.000,D,"TOC - top, outer-most lip of casing",2.6,,240.0,,Driller_62d61ca9,H,ConstructionNotes_539aaca0,,,,1.0,WaterNotes_3ed0fdd5,,,StatusUserNotes_9ff59a17,,0.0,0.0,0.0,,Notes_395ea758,0.0,HS114.pdf,MonitorStatusReason_c9915973,,,,0x000000002666E57E
52505A4E-B011-4F87-A3DD-024D1FFE0D8F,55424BAC-1201-4FC3-9B61-687C304BB7C0,16803,NM-13326,,,,465.0,A,,,WLs reported bgs. Entered zero for mp height for calculated fields. Actual MP height may not be zero.,0.0,,,,Driller_7081fe79,,ConstructionNotes_08d4810a,,,313SADR,,WaterNotes_0bc0144d,,D,StatusUserNotes_6f35cbb3,,0.0,0.0,0.0,USGS,Notes_395ea758,0.0,,MonitorStatusReason_c9915973,,W,H,0x000000001FF60756
E59A7F26-CFC3-453B-AFD8-054711651C76,8BED4F16-85B5-4A8F-947D-68C0E5A262F7,4708,NM-01771,,,,200.0,A,,,WLs reported bgs. Entered zero for mp height for calculated fields. Actual MP height may not be zero.,0.0,,,,Driller_7081fe79,,ConstructionNotes_08d4810a,,,110AVMB,,WaterNotes_0bc0144d,,N,StatusUserNotes_6f35cbb3,,0.0,0.0,0.0,USGS,Notes_395ea758,0.0,,MonitorStatusReason_c9915973,,W,N,0x000000001FF60774
C6CAF570-EEA3-4D53-AC9F-03F6D9655C06,E26E2E57-FF46-488E-A6A2-68CDF19790C5,780,SM-0125,X,,,160.0,R,,,depth below ground surface,0.0,,,,Driller_7081fe79,,ConstructionNotes_08d4810a,,,110ALVM,,WaterNotes_0bc0144d,,,StatusUserNotes_6f35cbb3,,0.0,0.0,0.0,USGS NWIS data site,Notes_395ea758,0.0,,MonitorStatusReason_c9915973,,,,0x000000001FF6077E
6130393D-ED50-4AE4-A267-01A86BF05822,212F25A7-CC81-4501-B05C-68DF67EA864F,12772,NM-09295,,,,114.0,A,,,WLs reported bgs. Entered zero for mp height for calculated fields. Actual MP height may not be zero.,0.0,,,,Driller_7081fe79,,ConstructionNotes_08d4810a,,,,,WaterNotes_0bc0144d,,D,StatusUserNotes_6f35cbb3,,0.0,0.0,0.0,USGS,Notes_395ea758,0.0,,MonitorStatusReason_c9915973,,W,H,0x000000001FF60788
DFB596E8-0488-43F4-A985-04AF97CC2F8E,BEF14421-66D0-4C5C-B7E9-68F5B66B1008,13979,NM-10502,,,338.0,338.0,A,1940-01-01 00:00:00.000,A,WLs reported bgs. Entered zero for mp height for calculated fields. Actual MP height may not be zero.,0.0,,,,Driller_7081fe79,,ConstructionNotes_08d4810a,,,,,WaterNotes_0bc0144d,,L,StatusUserNotes_6f35cbb3,,0.0,0.0,0.0,USGS,Notes_395ea758,0.0,,MonitorStatusReason_c9915973,,W,S,0x000000001FF60791
7A255C94-4DFC-4FEE-A43F-010D4354C9F4,DA80E835-1E75-484E-B0BA-68FE6CA5E619,23381,NM-19904,,,520.0,492.0,A,1973-06-08 00:00:00.000,A,WLs reported bgs. Entered zero for mp height for calculated fields. Actual MP height may not be zero.,0.0,,,,Driller_7081fe79,,ConstructionNotes_08d4810a,U,,112SNTF,,WaterNotes_0bc0144d,,P,StatusUserNotes_6f35cbb3,,0.0,0.0,0.0,USGS,Notes_395ea758,0.0,,MonitorStatusReason_c9915973,,W,P,0x000000001FF6079A
5EB843CE-6922-4FBF-B05B-0445ED513F2D,5636B3D3-F097-472C-B4CC-690D9524F9D1,28918,NM-25441,,,2100.0,2000.0,A,1950-07-01 00:00:00.000,A,WLs reported bgs. Entered zero for mp height for calculated fields. Actual MP height may not be zero.,0.0,,,,Driller_7081fe79,,ConstructionNotes_08d4810a,,,121TSUQ,,WaterNotes_0bc0144d,,P,StatusUserNotes_6f35cbb3,,0.0,0.0,0.0,USGS,Notes_395ea758,0.0,,MonitorStatusReason_c9915973,,W,P,0x000000001FF6079F
65C3B309-8321-4EE6-BACE-05823F852483,5C8C529C-E1AD-40A9-9039-699FB341A8EB,149,EB-150,exempt,,380.0,377.0,G,1993-04-05 00:00:00.000,G,"TopWell1 7025.16 surveyed, SU=2.3'; MP top of inner casing -0.45 ft below; MP correction +1.85",1.85,0.333,377.0,,Driller_d421c01d,A,ConstructionNotes_929e8145,X,,121TSUQs,334.0,WaterNotes_0bc0144d,I,O,StatusUserNotes_1920aaf3,,0.0,0.0,0.0,"NMED SW Bureau data report, URS Corp.; written communications from NMED SolidWaste Bureau",Notes_395ea758,0.0,,MonitorStatusReason_c9915973,,,,0x000000001FF607F7
6A139855-A5D1-440B-ACEE-0354AA55FF60,2E2521AB-A400-47BB-A5BD-6A12B76639AF,26662,NM-23185,,,,30.0,A,,,WLs reported bgs. Entered zero for mp height for calculated fields. Actual MP height may not be zero.,0.0,,,,Driller_7081fe79,,ConstructionNotes_08d4810a,,,110AVMB,,WaterNotes_0bc0144d,,L,StatusUserNotes_6f35cbb3,,0.0,0.0,0.0,USGS,Notes_395ea758,0.0,,MonitorStatusReason_c9915973,,W,S,0x000000001FF60838
342714DE-4EBF-4724-8A94-038D8E0DD193,7DD270EC-D884-4EAA-B8D4-6A5A65BC97DE,19348,NM-15871,,,,100.0,A,,,WLs reported bgs. Entered zero for mp height for calculated fields. Actual MP height may not be zero.,0.0,,,,Driller_7081fe79,,ConstructionNotes_08d4810a,,,,,WaterNotes_0bc0144d,,I,StatusUserNotes_6f35cbb3,,0.0,0.0,0.0,USGS,Notes_395ea758,0.0,,MonitorStatusReason_c9915973,,W,I,0x000000001FF60869
08B73926-B7D3-466B-A0A3-04CAD55073EE,3C5111E6-74CA-40B9-8EBF-6A5DEB22BCD8,29177,NM-25700,,,172.0,169.0,A,1950-09-01 00:00:00.000,A,WLs reported bgs. Entered zero for mp height for calculated fields. Actual MP height may not be zero.,0.0,,,,Driller_7081fe79,,ConstructionNotes_08d4810a,,,110AVMB,,WaterNotes_0bc0144d,,D,StatusUserNotes_6f35cbb3,,0.0,0.0,0.0,USGS,Notes_395ea758,0.0,,MonitorStatusReason_c9915973,,W,H,0x000000001FF6086C
4CDD6DD0-A47A-4EBD-833D-00AA85D6C848,DFA7FD9D-B233-4CDD-B8CD-6A6697B6AE1E,3064,NM-00509,,,1112.0,1000.0,A,1975-09-22 00:00:00.000,A,WLs reported bgs. Entered zero for mp height for calculated fields. Actual MP height may not be zero.,0.0,,,,Driller_7081fe79,,ConstructionNotes_08d4810a,,,112SNTF,,WaterNotes_0bc0144d,,X,StatusUserNotes_6f35cbb3,,0.0,0.0,0.0,USGS,Notes_395ea758,0.0,,MonitorStatusReason_c9915973,,U,U,0x000000001FF60877
A2423B78-6192-426F-907D-0485856FE030,0DB1669F-2143-46DC-BC10-6A8E9DE5F6C0,13100,NM-09623,,,,125.0,A,,,WLs reported bgs. Entered zero for mp height for calculated fields. Actual MP height may not be zero.,0.0,,,,Driller_7081fe79,,ConstructionNotes_08d4810a,,,,,WaterNotes_0bc0144d,,L,StatusUserNotes_6f35cbb3,,0.0,0.0,0.0,USGS,Notes_395ea758,0.0,,MonitorStatusReason_c9915973,,W,S,0x000000001FF6088E
1A0E4C26-56E2-446B-955B-03E0759D9309,9EE26CB3-1767-48ED-8974-6B0179C860C1,29668,NM-26191,,,140.0,140.0,A,1991-09-18 00:00:00.000,A,WLs reported bgs. Entered zero for mp height for calculated fields. Actual MP height may not be zero.,0.0,,,,Driller_7081fe79,,ConstructionNotes_08d4810a,C,,321SGDC,,WaterNotes_0bc0144d,,D,StatusUserNotes_6f35cbb3,,0.0,0.0,0.0,USGS,Notes_395ea758,0.0,,MonitorStatusReason_c9915973,,W,H,0x000000001FF608CE
9F9B0B91-93A7-41D3-9598-021F376E2102,EE3E1351-7908-4D21-8FE0-6B4250C84529,20203,NM-16726,,,,,,,,WLs reported bgs. Entered zero for mp height for calculated fields. Actual MP height may not be zero.,0.0,,,,Driller_7081fe79,,ConstructionNotes_08d4810a,,,110AVMB,,WaterNotes_0bc0144d,,,StatusUserNotes_6f35cbb3,,0.0,0.0,0.0,USGS,Notes_395ea758,0.0,,MonitorStatusReason_c9915973,,U,Z,0x000000001FF608F1
D4A6EABF-8377-4F94-AD6E-03A379B59437,6D6D36C0-2317-45DB-8FDB-6B4699BD2051,1289,QU-019,RG-40247,,120.0,120.0,D,1984-07-13 00:00:00.000,D,TOC,-6.88,0.5,120.0,,Driller_90513115,A,ConstructionNotes_8671d4de,,,,60.0,WaterNotes_ce682def,C,D,StatusUserNotes_6f35cbb3,A,0.0,1.0,0.0,WQ from Taos Soil & Water Conservation District,Notes_47fac33d,0.0,QU019.pdf,MonitorStatusReason_c9915973,,,,0x000000002666E8A3
97D41221-188E-446F-80DB-0627123E6D10,F19CB217-4A6B-4D8F-8EC4-6BF74BF7B78E,15869,NM-12392,,,,386.0,A,,,WLs reported bgs. Entered zero for mp height for calculated fields. Actual MP height may not be zero.,0.0,,,,Driller_7081fe79,,ConstructionNotes_08d4810a,,,310GLOR,,WaterNotes_0bc0144d,,X,StatusUserNotes_6f35cbb3,,0.0,0.0,0.0,USGS,Notes_395ea758,0.0,,MonitorStatusReason_c9915973,,O,U,0x000000001FF60950
A7DBA05C-4E28-435F-A771-03CBDFCCD718,5A596002-B901-4D07-BBB8-6C007E9CF643,35467,TO-0095,,,,,,1950-01-01 00:00:00.000,R,WLs reported bgs. Entered zero for mp height for calculated fields. Actual MP height may not be zero.,0.0,1.333333,,,Driller_7081fe79,,ConstructionNotes_4774f125,,,112QTBF,,WaterNotes_0bc0144d,,I,StatusUserNotes_6f35cbb3,,0.0,0.0,0.0,"GW5: Geology and Ground-Water Resources of Torrance County, NM (1957) R.E. Smith, NM Bureau of Geology",Notes_395ea758,0.0,,MonitorStatusReason_c9915973,,,,0x000000001FF60957
4D853667-D02F-420B-8F8B-01C0C8346972,03A4AF5A-57FD-4C6D-AD7A-6C4FFDD0FD0B,2047,UC-0043,X,,260.0,260.0,A,,,"no data, use ground surface",0.0,,,,Driller_7081fe79,,ConstructionNotes_08d4810a,,,221MRSN,,WaterNotes_41eb4da0,,,StatusUserNotes_6f35cbb3,,0.0,0.0,0.0,Some data from USGS. Overlapping site data.,Notes_395ea758,0.0,,MonitorStatusReason_c9915973,,W,I,0x000000001FF60979
E747DDC8-6BF2-48BF-B6F3-0513B3D04310,9E6D1270-4340-4409-A812-6CAA5DD084C5,31309,QY-0074,,,146.0,146.0,R,1952-01-01 00:00:00.000,R,WLs reported bgs. Entered zero for mp height for calculated fields. Actual MP height may not be zero.,0.0,0.5,,,Driller_7081fe79,,ConstructionNotes_ac859d06,,,231CHNL,,WaterNotes_3bae7b39,,DL,StatusUserNotes_6f35cbb3,,0.0,0.0,0.0,"GW9: Groundwater Resources & Geology of Quay County, NM (1966) Charles Berkstresser, Jr. & Walter A. Mourant, NM Bureau of Geology",Notes_395ea758,0.0,,MonitorStatusReason_c9915973,,,,0x000000001FF609A6
CECC99F0-A9A0-4169-8925-00983FE64F30,86C295E6-0A31-480F-AC12-6CCCF3AFAA39,2516,TC-286,CO-254624,,300.0,300.0,D,2004-01-01 00:00:00.000,D,,,,,,Driller_7081fe79,,ConstructionNotes_08d4810a,,,,240.0,WaterNotes_26aa1d75,,D,StatusUserNotes_6f35cbb3,,0.0,0.0,0.0,,Notes_395ea758,0.0,,MonitorStatusReason_c9915973,,,,0x000000001FF609BA
BF9FFFFE-4B48-4566-A8D5-012E719C5D0B,2E9BD67D-27AA-4178-9EC4-6CE8B55DE8DF,33942,BW-0752,,,,198.0,R,,,WLs reported bgs. Entered zero for mp height for calculated fields. Actual MP height may not be zero.,0.0,0.4166667,,,Driller_7081fe79,,ConstructionNotes_08d4810a,,,231DCKM,,WaterNotes_66a381b7,,S,StatusUserNotes_6f35cbb3,,0.0,0.0,0.0,"Hood, J.W. and Kister, L.R. (1962) Saline-Water Resources of NM. USGS Water-Supply Paper 1601",Notes_395ea758,0.0,,MonitorStatusReason_c9915973,,,,0x000000001FF609CE
9EFD2FB3-4016-43D4-B2D6-05A8A08A7E2E,8A6BE9D0-88CF-4A5E-9888-6D48B53903F4,8402,NM-04925,,,,95.0,A,,,WLs reported bgs. Entered zero for mp height for calculated fields. Actual MP height may not be zero.,0.0,,,,Driller_7081fe79,,ConstructionNotes_08d4810a,,,110AVMB,,WaterNotes_0bc0144d,,I,StatusUserNotes_6f35cbb3,,0.0,0.0,0.0,USGS,Notes_395ea758,0.0,,MonitorStatusReason_c9915973,,W,I,0x000000001FF60A07
500FF065-F241-408A-9F27-0035B227F445,A10F5B6D-A836-444E-A247-6D9BD36E3DFF,41127,WL-0356,,,,200.0,G,,,Top PVC Casing opposite cable,0.9,0.42,,PVC 4 inch,Driller_07b69bc1,,ConstructionNotes_08d4810a,,,,,WaterNotes_0bc0144d,C,D,StatusUserNotes_6f35cbb3,A,1.0,1.0,1.0,,Notes_395ea758,0.0,,MonitorStatusReason_c9915973,,,,0x000000002A5C5C1C
E7A53B9F-348A-43FB-B630-03E5E0E22443,88480C51-CEC7-4CFF-80CD-6E19D262026C,5053,NM-02116,M-00518,,231.0,231.0,D,1952-02-08 00:00:00.000,D,Steel plate @ base of turbine; measuring WL in collapsed earth outside casing since can't access casing. (USGS WLs reported bgs).,0.45,,231.0,,Driller_846d8f65,,ConstructionNotes_5e94e10a,,,110AVMB,,WaterNotes_43c98cf1,I,I,StatusUserNotes_46585ece,,0.0,0.0,0.0,USGS,Notes_d42f8eaf,0.0,NM02116.pdf,MonitorStatusReason_c9915973,,W,I,0x000000002666E633
61937437-1258-4124-864C-04B32FD70EB6,98E60FB7-F503-42E8-98A5-6E6D2F674AA3,6500,NM-03563,,,,100.0,A,1962-10-17 00:00:00.000,A,WLs reported bgs. Entered zero for mp height for calculated fields. Actual MP height may not be zero.,0.0,,,,Driller_7081fe79,,ConstructionNotes_08d4810a,,,,,WaterNotes_0bc0144d,,D,StatusUserNotes_6f35cbb3,,0.0,0.0,0.0,USGS,Notes_395ea758,0.0,,MonitorStatusReason_c9915973,,W,H,0x000000001FF60AB2
315D4EA7-F108-4DEB-8535-01BE54390686,5CA93E7D-CD16-4EB0-A8A9-6E9D2BFAFF18,25243,NM-21766,,,,146.0,A,,,WLs reported bgs. Entered zero for mp height for calculated fields. Actual MP height may not be zero.,0.0,,,,Driller_7081fe79,,ConstructionNotes_08d4810a,,,231CHNL,,WaterNotes_0bc0144d,,I,StatusUserNotes_6f35cbb3,,0.0,0.0,0.0,USGS,Notes_395ea758,0.0,,MonitorStatusReason_c9915973,,W,I,0x000000001FF60AD7
3BE5849F-1058-4ACA-AC4D-040908CE2EB8,2FF412FC-F38A-4B0E-BD2E-6EA1B2FA6A94,20341,NM-16864,,,,145.0,A,,,WLs reported bgs. Entered zero for mp height for calculated fields. Actual MP height may not be zero.,0.0,,,,Driller_7081fe79,,ConstructionNotes_08d4810a,,,110AVMB,,WaterNotes_0bc0144d,,I,StatusUserNotes_6f35cbb3,,0.0,0.0,0.0,USGS,Notes_395ea758,0.0,,MonitorStatusReason_c9915973,,W,I,0x000000001FF60AD8
0FF4EAD2-D115-4DD1-A1AA-015D18536D2D,A1D513E6-FD69-4C4C-A506-6ECB314B8E8D,31849,QY-0659,,,196.0,196.0,R,1935-01-01 00:00:00.000,R,WLs reported bgs. Entered zero for mp height for calculated fields. Actual MP height may not be zero.,0.0,0.5,,,Driller_7081fe79,,ConstructionNotes_214f424c,,,121OGLL,,WaterNotes_c2e4775d,,DL,StatusUserNotes_6f35cbb3,,0.0,0.0,0.0,"GW9: Groundwater Resources & Geology of Quay County, NM (1966) Charles Berkstresser, Jr. & Walter A. Mourant, NM Bureau of Geology",Notes_395ea758,0.0,,MonitorStatusReason_c9915973,,,,0x000000001FF60AF2
774B722F-3312-43C1-B302-01AAEDD0F9D6,DAB98752-861B-42A4-82DD-6EF22C2AECA3,31887,QY-0697,,,154.0,154.0,R,1948-01-01 00:00:00.000,R,WLs reported bgs. Entered zero for mp height for calculated fields. Actual MP height may not be zero.,0.0,1.333333,,,Driller_7081fe79,,ConstructionNotes_ce5073cb,,,121OGLL,,,,I,StatusUserNotes_6f35cbb3,,0.0,0.0,0.0,"GW9: Groundwater Resources & Geology of Quay County, NM (1966) Charles Berkstresser, Jr. & Walter A. Mourant, NM Bureau of Geology",Notes_395ea758,0.0,,MonitorStatusReason_c9915973,,,,0x000000001FF60B05
E5F39C08-A4BC-4616-9A42-0160403EB85D,2B4F9D31-8E00-4D4D-B5A8-6F0A453A8201,2858,NM-00303,,,60.0,60.0,A,1993-05-21 00:00:00.000,A,WLs reported bgs. Entered zero for mp height for calculated fields. Actual MP height may not be zero.,0.0,,,,Driller_7081fe79,,ConstructionNotes_08d4810a,U,,110AVMB,,WaterNotes_0bc0144d,,X,StatusUserNotes_6f35cbb3,,0.0,0.0,0.0,USGS,Notes_395ea758,0.0,,MonitorStatusReason_c9915973,,O,U,0x000000001FF60B10
BD5A7895-C575-456E-8C35-000461397ACA,371803CB-3FB7-43BF-8C72-6F49B4E20074,29986,NM-26509,,,200.0,191.0,A,2002-01-23 00:00:00.000,A,WLs reported bgs. Entered zero for mp height for calculated fields. Actual MP height may not be zero.,0.0,,,,Driller_7081fe79,,ConstructionNotes_08d4810a,U,,,,WaterNotes_0bc0144d,,X,StatusUserNotes_6f35cbb3,,0.0,0.0,0.0,USGS,Notes_395ea758,0.0,,MonitorStatusReason_c9915973,,O,U,0x000000001FF60B3B
1F48BE4B-47A7-4887-91ED-002A5E6E1B7C,5F1096B3-1A30-4A37-90AA-6F7B96E3DA67,31018,MI-0076,,,,,,,,Entered zero for mp height for calculated fields. Actual MP height may not be zero.,0.0,0.4322917,,,Driller_7081fe79,,ConstructionNotes_7f916cbe,,,326MGDL,,WaterNotes_0bc0144d,,S,StatusUserNotes_6f35cbb3,,0.0,0.0,0.0,"Data from Groundwater Report 2: Geology & Groundwater Resources of San Miguel County, NM. (1951) NMBGMR by R.L. Griggs and G.E. Hendrickson.",Notes_395ea758,0.0,,MonitorStatusReason_c9915973,,,,0x000000001FF60B55
A0360400-3D38-4BDF-A7F0-009C5E3FA49D,068E7DF0-9336-4358-95DF-6FFB5F9760D0,15127,NM-11650,,,,155.0,A,,,WLs reported bgs. Entered zero for mp height for calculated fields. Actual MP height may not be zero.,0.0,,,,Driller_7081fe79,,ConstructionNotes_08d4810a,,,110AVMB,,WaterNotes_0bc0144d,,D,StatusUserNotes_6f35cbb3,,0.0,0.0,0.0,USGS,Notes_395ea758,0.0,,MonitorStatusReason_c9915973,,W,H,0x000000001FF60BA7
26D763A2-209C-4BA6-9D6C-042156922828,44FABD4A-61E8-4E64-BE10-700C688EE978,33997,BW-0829,,,,290.0,R,,,WLs reported bgs. Entered zero for mp height for calculated fields. Actual MP height may not be zero.,0.0,0.5,,,Driller_7081fe79,,ConstructionNotes_08d4810a,,,112ANCH,,WaterNotes_07f35285,,DS,StatusUserNotes_6f35cbb3,,0.0,0.0,0.0,"Hood, J.W. and Kister, L.R. (1962) Saline-Water Resources of NM. USGS Water-Supply Paper 1601",Notes_395ea758,0.0,,MonitorStatusReason_c9915973,,,,0x000000001FF60BAE
C4833A88-5EF2-4186-B570-01DF21C17751,12A0BF2C-88D9-4CB6-8288-701A5877940A,41036,WL-0340,,,,,,,,"1"" hole on top of casing",-7.0,0.5,,PVC casing inside pit,Driller_7081fe79,,ConstructionNotes_08d4810a,,,,,WaterNotes_0bc0144d,C,D,StatusUserNotes_ee81f896,I,1.0,1.0,1.0,,Notes_395ea758,0.0,,MonitorStatusReason_57c7a071,,,,0x0000000029986DB8
D5E60BD2-34BF-4804-8A7D-0510AFFFEF10,24DB708D-56C8-4B67-AECF-70BBC4E782AA,18628,NM-15151,,,,,,,,WLs reported bgs. Entered zero for mp height for calculated fields. Actual MP height may not be zero.,0.0,,,,Driller_7081fe79,,ConstructionNotes_08d4810a,,,121OGLL,,WaterNotes_0bc0144d,,D,StatusUserNotes_6f35cbb3,,0.0,0.0,0.0,USGS,Notes_395ea758,0.0,,MonitorStatusReason_c9915973,,W,H,0x000000001FF60C0F
6D61D253-E8B8-4F43-89D4-0351F001623D,2A835904-8577-48B3-B47A-70BF852AC211,15389,NM-11912,,,,260.0,A,,,WLs reported bgs. Entered zero for mp height for calculated fields. Actual MP height may not be zero.,0.0,,,,Driller_7081fe79,,ConstructionNotes_08d4810a,,,121OGLL,,WaterNotes_0bc0144d,,I,StatusUserNotes_6f35cbb3,,0.0,0.0,0.0,USGS,Notes_395ea758,0.0,,MonitorStatusReason_c9915973,,W,I,0x000000001FF60C10
84B01566-5F6A-4CC3-A4C2-0187B6A87DFC,655AB802-E4D0-42D2-AA92-712D3F24E688,26915,NM-23438,,,,130.0,A,,,WLs reported bgs. Entered zero for mp height for calculated fields. Actual MP height may not be zero.,0.0,,,,Driller_7081fe79,,ConstructionNotes_08d4810a,,,,,WaterNotes_0bc0144d,,,StatusUserNotes_6f35cbb3,,0.0,0.0,0.0,USGS,Notes_395ea758,0.0,,MonitorStatusReason_c9915973,,W,,0x000000001FF60C44
DA4EA3D1-D906-FE4B-9A79-05A36CDFA9FF,6345B1F4-069F-B145-94B3-7133C2E770DD,38238,WL-0130,?,,,90.0,S,,,"TOC, remove threaded plug",0.82,,,,Driller_7081fe79,,ConstructionNotes_c7da7da6,,,110ALVM,,WaterNotes_9c0da5ea,,OA,StatusUserNotes_fd0717ad,D,1.0,1.0,1.0,,Notes_6286eea6,0.0,,MonitorStatusReason_c9915973,,,,0x000000001FF60C4A
D6AE06C8-E8FC-4FA3-893A-052C2B6C24DC,0B3968F7-902E-4F25-9CDD-71AA2947DE47,16950,NM-13473,,,,407.0,A,,,WLs reported bgs. Entered zero for mp height for calculated fields. Actual MP height may not be zero.,0.0,,,,Driller_7081fe79,,ConstructionNotes_08d4810a,,,313SADR,,WaterNotes_0bc0144d,,I,StatusUserNotes_6f35cbb3,,0.0,0.0,0.0,USGS,Notes_395ea758,0.0,,MonitorStatusReason_c9915973,,W,I,0x000000001FF60C8D
90A4CEA3-FD57-4BC2-BFB7-00236FC3E34F,7F7E4298-47B7-46B4-9BDF-71D10F4ED5E0,8698,NM-05221,,,499.0,,A,1952-12-01 00:00:00.000,A,WLs reported bgs. Entered zero for mp height for calculated fields. Actual MP height may not be zero.,0.0,,,,Driller_7081fe79,,ConstructionNotes_08d4810a,,,,,WaterNotes_0bc0144d,,X,StatusUserNotes_6f35cbb3,,0.0,0.0,0.0,USGS,Notes_395ea758,0.0,,MonitorStatusReason_c9915973,,U,U,0x000000001FF60CA0
EBE2DB85-AEBF-4ACA-B8B3-05ACDA61A5A3,AB725755-7203-4630-AF8C-720E2F02F9BE,9438,NM-05961,,,352.0,352.0,A,1974-10-01 00:00:00.000,A,WLs reported bgs. Entered zero for mp height for calculated fields. Actual MP height may not be zero.,0.0,,,,Driller_7081fe79,,ConstructionNotes_08d4810a,,,110AVMB,,WaterNotes_0bc0144d,,I,StatusUserNotes_6f35cbb3,,0.0,0.0,0.0,USGS,Notes_395ea758,0.0,,MonitorStatusReason_c9915973,,W,I,0x000000001FF60CCD
20A2E5BD-840F-4EA3-87E0-02375965F091,0CA1AF1C-9584-4B94-B7E4-7259740DC3D7,23102,NM-19625,,,,,,,,WLs reported bgs. Entered zero for mp height for calculated fields. Actual MP height may not be zero.,0.0,,,,Driller_7081fe79,,ConstructionNotes_08d4810a,,,121OGLL,,WaterNotes_0bc0144d,,,StatusUserNotes_6f35cbb3,,0.0,0.0,0.0,USGS,Notes_395ea758,0.0,,MonitorStatusReason_c9915973,,W,,0x000000001FF60CF2
5CDE8343-71AB-48A4-9A5F-004506977265,E5C1ADDA-E8B3-4BE3-A83E-7260AF2D3D2C,5840,NM-02903,,,,,,,,WLs reported bgs. Entered zero for mp height for calculated fields. Actual MP height may not be zero.,0.0,,,,Driller_7081fe79,,ConstructionNotes_08d4810a,,,210CRCS,,WaterNotes_0bc0144d,,L,StatusUserNotes_6f35cbb3,,0.0,0.0,0.0,USGS,Notes_395ea758,0.0,,MonitorStatusReason_c9915973,,W,S,0x000000001FF60CF6
0459D907-4C60-4463-A9B2-0156306D38E1,4D76ACBB-A12C-45EC-9F3D-728C2BA0FD69,35644,TO-0206,,,,39.0,R,,,WLs reported bgs. Entered zero for mp height for calculated fields. Actual MP height may not be zero.,0.0,,,,Driller_7081fe79,,ConstructionNotes_723effcf,,,325MDER,,WaterNotes_0bc0144d,,D,StatusUserNotes_6f35cbb3,,0.0,0.0,0.0,"GW5: Geology and Ground-Water Resources of Torrance County, NM (1957) R.E. Smith, NM Bureau of Geology",Notes_395ea758,0.0,,MonitorStatusReason_c9915973,,,,0x000000001FF60D0E
C49FCF0E-99EF-4D0F-BC6F-05A8393087C0,2DC4CEA9-C0D4-4588-AA12-73049C400C30,2540,QU-172,X,,250.0,250.0,G,1967-06-13 00:00:00.000,G,Assume MP height at ground surface.,0.0,0.67,250.0,,Driller_7081fe79,,ConstructionNotes_08d4810a,,,,,WaterNotes_0bc0144d,I,O,StatusUserNotes_6f35cbb3,,0.0,0.0,0.0,"1) Discussion of Geology, Hydrogeol., & H2O Quality of Tailings Area, Molycorp Facility, Taos Cty, NM, 1995, South Pass Resources  2) Pre-Design Groundwater Investigation at the Tailing Facil. ARCADIS",Notes_395ea758,0.0,,MonitorStatusReason_c9915973,,,,0x000000001FF60D47
DC40D6C4-5AD5-4144-AB70-01A32880B5FE,39F3C7CF-C51A-4EF1-890A-733E9BB19E4A,29277,NM-25800,,,,78.0,A,,,WLs reported bgs. Entered zero for mp height for calculated fields. Actual MP height may not be zero.,0.0,,,,Driller_7081fe79,,ConstructionNotes_08d4810a,,,121OGLL,,WaterNotes_0bc0144d,,X,StatusUserNotes_6f35cbb3,,0.0,0.0,0.0,USGS,Notes_395ea758,0.0,,MonitorStatusReason_c9915973,,W,U,0x000000001FF60D69
F4EF7046-5307-4E72-95FD-045D1CFD82C5,DE726709-2C03-4F8F-B128-73650F4087BD,34527,CX-0080,,,,400.0,R,,,WLs reported bgs. Entered zero for mp height for calculated fields. Actual MP height may not be zero.,0.0,,,,Driller_7081fe79,,ConstructionNotes_08d4810a,,,211DKOT,,WaterNotes_0bc0144d,,L,StatusUserNotes_6f35cbb3,,0.0,0.0,0.0,"GW-1: Geology & Ground-Water Resources of the Eastern Part of Colfax Cty, NM (1948) Griggs, Roy L., NMBGMR",Notes_395ea758,0.0,,MonitorStatusReason_c9915973,,,,0x000000001FF60D86
88686A66-3A28-4A2A-A2A3-0225CB3B0886,1CE030A7-5A8F-4DC9-A3B6-738B88DCDD69,21598,NM-18121,,,,94.0,A,,,WLs reported bgs. Entered zero for mp height for calculated fields. Actual MP height may not be zero.,0.0,,,,Driller_7081fe79,,ConstructionNotes_08d4810a,,,110AVMB,,WaterNotes_0bc0144d,,I,StatusUserNotes_6f35cbb3,,0.0,0.0,0.0,USGS,Notes_395ea758,0.0,,MonitorStatusReason_c9915973,,W,I,0x000000001FF60D99
300EC28A-1647-4EB2-9E73-04F2DE8C7158,303B58BE-CC39-40A3-A3BB-73BB7FEAACE5,28558,NM-25081,RG-29142,,,765.0,A,1978-01-23 00:00:00.000,A,WLs reported bgs. Entered zero for mp height for calculated fields. Actual MP height may not be zero.,0.0,0.55,767.0,,Driller_35c6948b,H,ConstructionNotes_08d4810a,,,121TSUQ,525.0,WaterNotes_3d46a647,,D,StatusUserNotes_6f35cbb3,,0.0,0.0,0.0,USGS,Notes_395ea758,0.0,NM25081.pdf,MonitorStatusReason_c9915973,,W,H,0x000000002666E772
588BF0F5-04FA-43D9-B62A-02899AFB87A6,75767FD2-EC17-4B60-A7DF-746140BC813B,13997,NM-10520,,,,60.0,A,,,WLs reported bgs. Entered zero for mp height for calculated fields. Actual MP height may not be zero.,0.0,,,,Driller_7081fe79,,ConstructionNotes_08d4810a,,,110AVMB,,WaterNotes_0bc0144d,,X,StatusUserNotes_6f35cbb3,,0.0,0.0,0.0,USGS,Notes_395ea758,0.0,,MonitorStatusReason_c9915973,,U,U,0x000000001FF60E12
A89DE812-D1E4-4FDC-8217-032C03101E84,611576B7-2E89-406A-B970-74D040869F19,4945,NM-02008,,,250.0,,A,1957-02-01 00:00:00.000,A,WLs reported bgs. Entered zero for mp height for calculated fields. Actual MP height may not be zero.,0.0,,,,Driller_7081fe79,,ConstructionNotes_08d4810a,,,110AVMB,,WaterNotes_0bc0144d,,I,StatusUserNotes_6f35cbb3,,0.0,0.0,0.0,USGS,Notes_395ea758,0.0,,MonitorStatusReason_c9915973,,W,I,0x000000001FF60E53
CF5583F1-81BA-4152-8D70-00DBBDD89A2E,5899FD7A-2451-46E7-87ED-7518806EB559,16460,NM-12983,,,,343.0,A,,,WLs reported bgs. Entered zero for mp height for calculated fields. Actual MP height may not be zero.,0.0,,,,Driller_7081fe79,,ConstructionNotes_08d4810a,,,313ARTS,,WaterNotes_0bc0144d,,I,StatusUserNotes_6f35cbb3,,0.0,0.0,0.0,USGS,Notes_395ea758,0.0,,MonitorStatusReason_c9915973,,W,I,0x000000001FF60E77
807F356E-CD78-4A14-A206-04D3FEA09254,AF1B56EE-204C-4F27-AA8A-759606AF5CF1,28848,NM-25371,,,,60.0,A,1970-09-01 00:00:00.000,A,WLs reported bgs. Entered zero for mp height for calculated fields. Actual MP height may not be zero.,0.0,,,,Driller_7081fe79,,ConstructionNotes_08d4810a,,,121TSUQ,,WaterNotes_0bc0144d,,D,StatusUserNotes_6f35cbb3,,0.0,0.0,0.0,USGS,Notes_395ea758,0.0,,MonitorStatusReason_c9915973,,W,H,0x000000001FF60EB0
5881FBC3-A046-41B5-931A-05B4D0D333F8,E15F3241-0D7F-4A19-B1C9-75B177159CA9,18548,NM-15071,,,,,,,,WLs reported bgs. Entered zero for mp height for calculated fields. Actual MP height may not be zero.,0.0,,,,Driller_7081fe79,,ConstructionNotes_08d4810a,,,110AVMB,,WaterNotes_0bc0144d,,I,StatusUserNotes_6f35cbb3,,0.0,0.0,0.0,USGS,Notes_395ea758,0.0,,MonitorStatusReason_c9915973,,W,I,0x000000001FF60EC2
F044C743-1FB3-4BD2-96D5-02721880B572,8E0090CC-81FA-47E0-8D11-75FC1733BEB3,31141,AR-0077,X,,,,,,,Brown casing 0.7' ALS,0.7,0.55,,,Driller_7081fe79,,ConstructionNotes_ed6056a4,,,,,WaterNotes_1dee5188,C,D,StatusUserNotes_6f35cbb3,BPC,1.0,1.0,0.0,Pretty certain C011 is Burns EPA sample.,Notes_e5eaa49a,0.0,,MonitorStatusReason_c9915973,,,,0x000000001FF60EED
BB50B68E-03FA-41E9-BFDA-0160F3EDC399,B7FAEBC4-D070-4CBC-A172-76BABC144F42,20524,NM-17047,,,,108.0,A,,,WLs reported bgs. Entered zero for mp height for calculated fields. Actual MP height may not be zero.,0.0,,,,Driller_7081fe79,,ConstructionNotes_08d4810a,,,110AVMB,,WaterNotes_0bc0144d,,,StatusUserNotes_6f35cbb3,,0.0,0.0,0.0,USGS,Notes_395ea758,0.0,,MonitorStatusReason_c9915973,,U,Z,0x000000001FF60F4B
23E89B4B-BFE9-4736-90CA-04EDE8FC8D95,8102D9E1-E646-4910-BE5D-770226C96C5C,39166,SB-0222,X,,,1200.0,A,,,Entered zero for MP height for calculated fields. Actual MP hgt may not be zero.,0.0,,,,Driller_7081fe79,,ConstructionNotes_08d4810a,,,318BSVP,,WaterNotes_0bc0144d,,,StatusUserNotes_e6a227af,,0.0,0.0,0.0,Texas Water Development Board,Notes_395ea758,0.0,,MonitorStatusReason_c9915973,,,,0x000000001FF60F78
85492C2F-1F2A-434D-BA95-0169536A3930,81BC03F1-1920-4A22-8044-7761417C9971,1971,TB-0221,X,,,,,,,TOC,1.06,,,,Driller_7081fe79,,ConstructionNotes_59580023,,1.0,180TKSCC_Upper,,WaterNotes_db8b9d20,I,X,StatusUserNotes_6f35cbb3,B,0.0,0.0,0.0,,Notes_076cd061,0.0,,MonitorStatusReason_c9915973,,,,0x000000001FF60FAC
4332EE17-7479-4C8F-80F0-044BA228DAB6,7CEAEB78-A4C5-485E-B222-77C0715621BD,22491,NM-19014,,,,165.0,A,,,WLs reported bgs. Entered zero for mp height for calculated fields. Actual MP height may not be zero.,0.0,,,,Driller_7081fe79,,ConstructionNotes_08d4810a,,,313BRNL,,WaterNotes_0bc0144d,,L,StatusUserNotes_6f35cbb3,,0.0,0.0,0.0,USGS,Notes_395ea758,0.0,,MonitorStatusReason_c9915973,,W,S,0x000000001FF60FEF
857C765A-4114-4651-88EC-047208C7BE6E,7EAB2FE6-8719-43D1-9B52-7804F057FE96,31016,MI-0074,,,,500.0,R,,,Entered zero for mp height for calculated fields. Actual MP height may not be zero.,0.0,0.3333333,,,Driller_3a7f3f4e,,ConstructionNotes_08d4810a,,,321SGDC,,WaterNotes_0bc0144d,A,,StatusUserNotes_6f35cbb3,,0.0,0.0,0.0,"Data from Groundwater Report 2: Geology & Groundwater Resources of San Miguel County, NM. (1951) NMBGMR by R.L. Griggs and G.E. Hendrickson.",Notes_395ea758,0.0,,MonitorStatusReason_c9915973,,,,0x000000001FF61018
DEFA02A6-1F86-4861-AE48-04200024D774,BFE74621-00FD-42AE-8EDB-780C79A1E88D,35730,TO-0352,,,,102.0,R,1933-01-01 00:00:00.000,R,WLs reported bgs. Entered zero for mp height for calculated fields. Actual MP height may not be zero.,0.0,,,,Driller_7081fe79,,ConstructionNotes_49fb517a,,,112QTBF,,WaterNotes_0bc0144d,,DL,StatusUserNotes_6f35cbb3,,0.0,0.0,0.0,"GW5: Geology and Ground-Water Resources of Torrance County, NM (1957) R.E. Smith, NM Bureau of Geology",Notes_395ea758,0.0,,MonitorStatusReason_c9915973,,,,0x000000001FF6101C
1828F573-8656-49CE-9023-009E9D5E4780,893F68C1-94DA-4721-911D-78655CFB4913,4172,NM-01617,,,800.0,800.0,A,1970-11-10 00:00:00.000,A,WLs reported bgs. Entered zero for mp height for calculated fields. Actual MP height may not be zero.,0.0,,,,Driller_7081fe79,,ConstructionNotes_08d4810a,,,125NCMN,,WaterNotes_0bc0144d,,,StatusUserNotes_6f35cbb3,,0.0,0.0,0.0,USGS,Notes_395ea758,0.0,,MonitorStatusReason_c9915973,,W,J,0x000000001FF6104F
F789C653-D0AD-4E6D-8CE0-054E1615966C,76020BDF-8743-4320-9A5A-78F8F899CD85,31313,QY-0078,,,100.0,100.0,R,,,WLs reported bgs. Entered zero for mp height for calculated fields. Actual MP height may not be zero.,0.0,,,,Driller_7081fe79,,ConstructionNotes_056726e7,,,231CHNL,,WaterNotes_c2e4775d,,L,StatusUserNotes_6f35cbb3,,0.0,0.0,0.0,"GW9: Groundwater Resources & Geology of Quay County, NM (1966) Charles Berkstresser, Jr. & Walter A. Mourant, NM Bureau of Geology",Notes_395ea758,0.0,,MonitorStatusReason_c9915973,,,,0x000000002A8220D3
1CF2AAA0-FA4E-4BA4-BB2E-0367358B08E2,EB8A8DEB-44B4-4BC0-ADAE-799D3C38A3A1,40752,OG-0080,?,,,,,,,,,,,,Driller_7081fe79,,ConstructionNotes_08d4810a,,,,,WaterNotes_0bc0144d,,,StatusUserNotes_6f35cbb3,,0.0,0.0,0.0,,Notes_d1cae81a,0.0,,MonitorStatusReason_c9915973,,,,0x0000000026A5BA06
32DC179D-CC6B-467D-AD24-01BF8F152A4B,2291B320-500B-412D-9B43-79AE43D7B408,6083,NM-03146,,,,,,,,WLs reported bgs. Entered zero for mp height for calculated fields. Actual MP height may not be zero.,0.0,,,,Driller_7081fe79,,ConstructionNotes_08d4810a,,,121OGLL,,WaterNotes_0bc0144d,,L,StatusUserNotes_6f35cbb3,,0.0,0.0,0.0,USGS,Notes_395ea758,0.0,,MonitorStatusReason_c9915973,,W,S,0x000000001FF61114
130B6A60-0CF5-4934-8275-02BE456F8E57,E5A10E12-5B5C-4EFC-ACF1-7A741DA75089,8467,NM-04990,,,,,,,,WLs reported bgs. Entered zero for mp height for calculated fields. Actual MP height may not be zero.,0.0,,,,Driller_7081fe79,,ConstructionNotes_08d4810a,,,,,WaterNotes_0bc0144d,,I,StatusUserNotes_6f35cbb3,,0.0,0.0,0.0,USGS,Notes_395ea758,0.0,,MonitorStatusReason_c9915973,,W,I,0x000000001FF6117E
12EBB842-4DF3-44B1-9F5C-053C58D9101C,C281D936-9B3B-4725-B042-7AABE6EC016C,4107,NM-01552,,,,70.0,A,,,WLs reported bgs. Entered zero for mp height for calculated fields. Actual MP height may not be zero.,0.0,,,,Driller_7081fe79,,ConstructionNotes_08d4810a,,,121OGLL,,WaterNotes_0bc0144d,,X,StatusUserNotes_6f35cbb3,,0.0,0.0,0.0,USGS,Notes_395ea758,0.0,,MonitorStatusReason_c9915973,,W,U,0x000000001FF6119D
0CD31EB0-5F38-4C9D-967B-055ED12D0AA3,CDAA06F1-2105-4812-B888-7AACB0A69F1F,31080,AR-0017,SJ-01722 POD2,,17.0,17.0,D,2007-08-19 00:00:00.000,D,TOC through port,0.6,0.5,17.0,,Driller_36321f73,,ConstructionNotes_08d4810a,,,,3.0,WaterNotes_5827b797,C,D,StatusUserNotes_6f35cbb3,BP,0.0,1.0,1.0,,Notes_0f508f2d,0.0,AR0017.pdf,MonitorStatusReason_c9915973,,,,0x000000002666E2BC
5295CF76-EB53-46EF-ACAF-058F6D88555F,E47AE218-9F81-43B5-8043-7B01BA60E4A7,12346,NM-08869,,,,,,1950-01-01 00:00:00.000,A,WLs reported bgs. Entered zero for mp height for calculated fields. Actual MP height may not be zero.,0.0,,,,Driller_7081fe79,,ConstructionNotes_08d4810a,,,121GILA,,WaterNotes_0bc0144d,,P,StatusUserNotes_6f35cbb3,,0.0,0.0,0.0,USGS,Notes_395ea758,0.0,,MonitorStatusReason_c9915973,,W,P,0x000000001FF611CE
6545CDAD-6193-43B3-BB7E-007C31819107,6F7F187E-D766-46AD-82C4-7B2017B39A2E,7370,NM-03893,,,,,,,,WLs reported bgs. Entered zero for mp height for calculated fields. Actual MP height may not be zero.,0.0,,,,Driller_7081fe79,,ConstructionNotes_08d4810a,,,110AVMB,,WaterNotes_0bc0144d,,I,StatusUserNotes_6f35cbb3,,0.0,0.0,0.0,USGS,Notes_395ea758,0.0,,MonitorStatusReason_c9915973,,W,I,0x000000001FF611E7
207155CD-897B-4F40-9ACA-01F573979CFB,EB5E2F2F-0E86-4C73-98C2-7B3C410C5CB9,6462,NM-03525,,,,120.0,A,,,WLs reported bgs. Entered zero for mp height for calculated fields. Actual MP height may not be zero.,0.0,,,,Driller_7081fe79,,ConstructionNotes_08d4810a,,,121OGLL,,WaterNotes_0bc0144d,,L,StatusUserNotes_6f35cbb3,,0.0,0.0,0.0,USGS,Notes_395ea758,0.0,,MonitorStatusReason_c9915973,,W,S,0x000000001FF611F0
0B4089E4-1821-47EC-8E97-029A07AC9AE1,AEF69B17-3514-412C-8729-7B925FBB1665,24332,NM-20855,,,,17.0,A,,,WLs reported bgs. Entered zero for mp height for calculated fields. Actual MP height may not be zero.,0.0,,,,Driller_7081fe79,,ConstructionNotes_08d4810a,,,,,WaterNotes_0bc0144d,,L,StatusUserNotes_6f35cbb3,,0.0,0.0,0.0,USGS,Notes_395ea758,0.0,,MonitorStatusReason_c9915973,,W,S,0x000000001FF61227
E57CF710-14EC-4A3B-8116-01B57EC17891,E0C2C0E3-4337-42FD-8927-7B9F875EFFD9,13123,NM-09646,,,,100.0,A,,,WLs reported bgs. Entered zero for mp height for calculated fields. Actual MP height may not be zero.,0.0,,,,Driller_7081fe79,,ConstructionNotes_08d4810a,,,121OGLL,,WaterNotes_0bc0144d,,I,StatusUserNotes_6f35cbb3,,0.0,0.0,0.0,USGS,Notes_395ea758,0.0,,MonitorStatusReason_c9915973,,W,I,0x000000001FF6122E
254DD095-F8A0-A84C-BCCD-03BB7BD83731,D62C8A8B-7055-3843-BA07-7C53834F494B,41139,RA-111,,,,600.0,O,,,Top of casing,,0.5,,,Driller_7081fe79,,ConstructionNotes_55a665a5,,,,,WaterNotes_0bc0144d,C,DL,StatusUserNotes_3acf3a67,,0.0,1.0,1.0,,Notes_3f44a490,0.0,,MonitorStatusReason_c9915973,,,,0x000000002A6F3754
2511DDB8-B81E-4059-8D69-03F2D7046174,2F903599-6D18-4443-B4CA-7C5CF914F8E1,24680,NM-21203,,,,250.0,A,1978-01-01 00:00:00.000,A,WLs reported bgs. Entered zero for mp height for calculated fields. Actual MP height may not be zero.,0.0,,,,Driller_7081fe79,,ConstructionNotes_08d4810a,,,325MDER,,WaterNotes_0bc0144d,,D,StatusUserNotes_6f35cbb3,,0.0,0.0,0.0,USGS,Notes_395ea758,0.0,,MonitorStatusReason_c9915973,,W,H,0x000000001FF61293
43ED5BB0-082D-4CEB-9CF8-00180297CDCC,91F82332-69D3-438B-9B69-7C87432927A0,5760,NM-02823,,,,,,,,WLs reported bgs. Entered zero for mp height for calculated fields. Actual MP height may not be zero.,0.0,,,,Driller_7081fe79,,ConstructionNotes_08d4810a,,,,,WaterNotes_0bc0144d,,O,StatusUserNotes_6f35cbb3,,0.0,0.0,0.0,USGS,Notes_395ea758,0.0,,MonitorStatusReason_c9915973,,O,,0x000000001FF612A4
4C598DAB-B254-48F9-8EA2-015C65035C98,560E7BA6-327B-4D9F-9C48-7C99B0521B33,37016,NM-27748,,,,201.0,A,,,WLs reported bgs. Entered zero for mp height for calculated fields. Actual MP height may not be zero.,0.0,,,,Driller_7081fe79,,ConstructionNotes_08d4810a,,,231CHNL,,WaterNotes_0bc0144d,,L,StatusUserNotes_6f35cbb3,,0.0,0.0,0.0,USGS,Notes_395ea758,0.0,,MonitorStatusReason_c9915973,,W,S,0x000000001FF612AA
5DC60318-0606-43E6-9A14-0340BC4FCB72,CCE982D3-6C7C-46B8-B505-7CEEB29D7DB6,4921,NM-01984,,,,200.0,A,,,WLs reported bgs. Entered zero for mp height for calculated fields. Actual MP height may not be zero.,0.0,,,,Driller_7081fe79,,ConstructionNotes_08d4810a,,,110AVMB,,WaterNotes_0bc0144d,,D,StatusUserNotes_6f35cbb3,,0.0,0.0,0.0,USGS,Notes_395ea758,0.0,,MonitorStatusReason_c9915973,,W,H,0x000000001FF612D9
56A9658D-5D7F-4F5E-B322-04245514CAE1,5060E704-2A20-403C-81C7-7D225F29C736,5884,NM-02947,,,,178.0,A,,,WLs reported bgs. Entered zero for mp height for calculated fields. Actual MP height may not be zero.,0.0,,,,Driller_7081fe79,,ConstructionNotes_08d4810a,,,210CRCS,,WaterNotes_0bc0144d,,I,StatusUserNotes_6f35cbb3,,0.0,0.0,0.0,USGS,Notes_395ea758,0.0,,MonitorStatusReason_c9915973,,W,I,0x000000001FF612FC
0421C8DB-E1F5-4D16-A130-03879C931144,A513E750-382A-4941-8BA0-7D23DE4106D3,8197,NM-04720,,,,,,,,WLs reported bgs. Entered zero for mp height for calculated fields. Actual MP height may not be zero.,0.0,,,,Driller_7081fe79,,ConstructionNotes_08d4810a,,,,,WaterNotes_0bc0144d,,I,StatusUserNotes_6f35cbb3,,0.0,0.0,0.0,USGS,Notes_395ea758,0.0,,MonitorStatusReason_c9915973,,W,I,0x000000001FF612FE
4BFF4041-FA57-4AC0-94A7-06024BAE1903,39B7937C-CB60-4066-ABF8-7D5B3FCECC60,16860,NM-13383,,,,200.0,A,,,WLs reported bgs. Entered zero for mp height for calculated fields. Actual MP height may not be zero.,0.0,,,,Driller_7081fe79,,ConstructionNotes_08d4810a,,,110AVMB,,WaterNotes_0bc0144d,,I,StatusUserNotes_6f35cbb3,,0.0,0.0,0.0,USGS,Notes_395ea758,0.0,,MonitorStatusReason_c9915973,,W,I,0x000000001FF61317
7F45F095-9CC6-4475-A820-04F9F7476A63,09836FD2-4F98-4B4C-A21F-7DA6D50A5F6E,34541,CX-0094,,,,67.0,R,1945-01-01 00:00:00.000,R,WLs reported bgs. Entered zero for mp height for calculated fields. Actual MP height may not be zero.,0.0,,,,Driller_91896e95,,ConstructionNotes_c3a4d49b,,,110ALVM,,WaterNotes_0bc0144d,,L,StatusUserNotes_6f35cbb3,,0.0,0.0,0.0,"GW-1: Geology & Ground-Water Resources of the Eastern Part of Colfax Cty, NM (1948) Griggs, Roy L., NMBGMR",Notes_395ea758,0.0,,MonitorStatusReason_c9915973,,,,0x000000001FF61349
7AE87F17-9D58-4AF2-AEF7-039DE4324055,85C76B36-F34A-44D9-9C15-7DB3C67383F2,4214,NM-01659,,,370.0,370.0,A,1936-06-30 00:00:00.000,A,WLs reported bgs. Entered zero for mp height for calculated fields. Actual MP height may not be zero.,0.0,,,,Driller_7081fe79,,ConstructionNotes_08d4810a,U,,124SNJS,,WaterNotes_0bc0144d,,L,StatusUserNotes_6f35cbb3,,0.0,0.0,0.0,USGS,Notes_395ea758,0.0,,MonitorStatusReason_c9915973,,W,S,0x000000001FF61352
0631AF98-FC12-420F-816A-0429444BE36A,3D4A7E01-DF6B-43F2-9663-7DF083410006,9113,NM-05636,,,400.0,400.0,A,1993-08-01 00:00:00.000,A,WLs reported bgs. Entered zero for mp height for calculated fields. Actual MP height may not be zero.,0.0,,,,Driller_7081fe79,,ConstructionNotes_08d4810a,U,,110AVMB,,WaterNotes_0bc0144d,,I,StatusUserNotes_6f35cbb3,,0.0,0.0,0.0,USGS,Notes_395ea758,0.0,,MonitorStatusReason_c9915973,,W,I,0x000000001FF6136C
C9218FEB-2FB1-4E59-8491-03137262C0EF,4DE1A5CE-3E79-4166-8B4D-7E38E0C45F02,23403,NM-19926,,,,55.0,A,,,WLs reported bgs. Entered zero for mp height for calculated fields. Actual MP height may not be zero.,0.0,,,,Driller_7081fe79,,ConstructionNotes_08d4810a,,,110AVMB,,WaterNotes_0bc0144d,,L,StatusUserNotes_6f35cbb3,,0.0,0.0,0.0,USGS,Notes_395ea758,0.0,,MonitorStatusReason_c9915973,,W,S,0x000000001FF61393
D1FF44BE-EA57-4B2C-8E51-02617A0AFF3C,0EB9B8D6-DCC8-4FA2-AAB0-7E5001F36480,27712,NM-24235,,,200.0,200.0,A,1994-06-03 00:00:00.000,A,WLs reported bgs. Entered zero for mp height for calculated fields. Actual MP height may not be zero.,0.0,,,,Driller_7081fe79,,ConstructionNotes_08d4810a,C,,313SADG,,WaterNotes_0bc0144d,,D,StatusUserNotes_6f35cbb3,,0.0,0.0,0.0,USGS,Notes_395ea758,0.0,,MonitorStatusReason_c9915973,,W,H,0x000000001FF613A6
B3B2CF5A-68B1-4C2A-97BA-0238B29ED98D,B4688BE9-7541-4F29-8162-7F1D32B878A8,21829,NM-18352,,,,,,,,WLs reported bgs. Entered zero for mp height for calculated fields. Actual MP height may not be zero.,0.0,,,,Driller_7081fe79,,ConstructionNotes_08d4810a,,,110AVMB,,WaterNotes_0bc0144d,,D,StatusUserNotes_6f35cbb3,,0.0,0.0,0.0,USGS,Notes_395ea758,0.0,,MonitorStatusReason_c9915973,,W,H,0x000000001FF61422
7EDCC611-6DFE-4084-B10C-032467F1855C,D4621087-32EF-4C06-803B-7F676BD627CA,5762,NM-02825,,,,40.0,A,,,WLs reported bgs. Entered zero for mp height for calculated fields. Actual MP height may not be zero.,0.0,,,,Driller_7081fe79,,ConstructionNotes_08d4810a,U,,110AVMB,,WaterNotes_0bc0144d,,N,StatusUserNotes_6f35cbb3,,0.0,0.0,0.0,USGS,Notes_395ea758,0.0,,MonitorStatusReason_c9915973,,W,N,0x000000001FF6144B
54555CA9-7E82-40FC-98AC-02EC3C2C0703,9FDC62D0-61EE-4AED-A18D-7FFD953D90D8,23767,NM-20290,,,,,,,,WLs reported bgs. Entered zero for mp height for calculated fields. Actual MP height may not be zero.,0.0,,,,Driller_7081fe79,,ConstructionNotes_08d4810a,,,121OGLL,,WaterNotes_0bc0144d,,,StatusUserNotes_6f35cbb3,,0.0,0.0,0.0,USGS,Notes_395ea758,0.0,,MonitorStatusReason_c9915973,,W,,0x000000001FF614AF
8CB61B90-7FA1-4386-B6E5-03D1C883D136,EDD33EF1-185F-4605-9483-8031C7D86931,20250,NM-16773,,,,193.0,A,,,WLs reported bgs. Entered zero for mp height for calculated fields. Actual MP height may not be zero.,0.0,,,,Driller_7081fe79,,ConstructionNotes_08d4810a,,,110AVMB,,WaterNotes_0bc0144d,,,StatusUserNotes_6f35cbb3,,0.0,0.0,0.0,USGS,Notes_395ea758,0.0,,MonitorStatusReason_c9915973,,U,Z,0x000000001FF614C8
C194B6ED-F4DB-4396-BDE2-00BAD71C1B49,AD66E39B-2EA8-4842-9906-80C3D746C0E8,20406,NM-16929,,,,73.0,A,,,WLs reported bgs. Entered zero for mp height for calculated fields. Actual MP height may not be zero.,0.0,,,,Driller_7081fe79,,ConstructionNotes_08d4810a,,,231CHNL,,WaterNotes_0bc0144d,,X,StatusUserNotes_6f35cbb3,,0.0,0.0,0.0,USGS,Notes_395ea758,0.0,,MonitorStatusReason_c9915973,,W,U,0x000000001FF61515
0DD793DC-FB8E-476F-B891-002E4FE4B07D,B5807C1A-07CB-437D-944D-80D875E94E8C,11302,NM-07825,,,,,,,,WLs reported bgs. Entered zero for mp height for calculated fields. Actual MP height may not be zero.,0.0,,,,Driller_7081fe79,,ConstructionNotes_08d4810a,,,,,WaterNotes_0bc0144d,,L,StatusUserNotes_6f35cbb3,,0.0,0.0,0.0,USGS,Notes_395ea758,0.0,,MonitorStatusReason_c9915973,,W,S,0x000000001FF61523
009903D6-4E73-4B87-8964-06007B54B5AC,9C6F8007-47D4-4DD5-A777-813F3B8035E8,35755,TO-0377,,,,180.0,R,,,WLs reported bgs. Entered zero for mp height for calculated fields. Actual MP height may not be zero.,0.0,,,,Driller_7081fe79,,ConstructionNotes_92b375a0,,,310GLOR,,WaterNotes_0bc0144d,,DL,StatusUserNotes_6f35cbb3,,0.0,0.0,0.0,"GW5: Geology and Ground-Water Resources of Torrance County, NM (1957) R.E. Smith, NM Bureau of Geology",Notes_395ea758,0.0,,MonitorStatusReason_c9915973,,,,0x000000001FF6155B
2B6D21EB-3818-4991-B539-00337499C189,C14F68C1-5920-456E-A4F8-8168AC2C0D9D,20357,NM-16880,,,,,,,,WLs reported bgs. Entered zero for mp height for calculated fields. Actual MP height may not be zero.,0.0,,,,Driller_7081fe79,,ConstructionNotes_08d4810a,,,,,WaterNotes_0bc0144d,,L,StatusUserNotes_6f35cbb3,,0.0,0.0,0.0,USGS,Notes_395ea758,0.0,,MonitorStatusReason_c9915973,,W,S,0x000000001FF61573
9AD57C8E-83C5-4F83-BE9A-01272097D5D0,35FCC7C1-AB5A-49F1-9E71-81991F6A70C0,30562,NM-27083,,,,385.0,O,,,Entered zero for mp height for calculated fields. Actual MP height may not be zero.,0.0,,,,Driller_7081fe79,,ConstructionNotes_39b67ca8,,,,,WaterNotes_0bc0144d,,D,StatusUserNotes_6f35cbb3,,0.0,0.0,0.0,Data from Lynn Brandvold with NMBGMR chemistry lab.,Notes_395ea758,0.0,,MonitorStatusReason_c9915973,,,,0x000000001FF6158B
2560C2B7-F670-404E-A775-02877D5ED757,F9F20BE9-86F7-4D98-B9DF-81BDFE852807,2737,NM-00182,,,,250.0,A,,,WLs reported bgs. Entered zero for mp height for calculated fields. Actual MP height may not be zero.,0.0,,,,Driller_7081fe79,,ConstructionNotes_08d4810a,,,110AVMB,,WaterNotes_0bc0144d,,I,StatusUserNotes_6f35cbb3,,0.0,0.0,0.0,USGS,Notes_395ea758,0.0,,MonitorStatusReason_c9915973,,W,I,0x000000001FF615A6
33A83BF3-2A7F-4B61-8D31-03CADA6CBAA0,4B440214-05E2-4CF5-9DF2-81E9970503B4,16123,NM-12646,,,,,,,,WLs reported bgs. Entered zero for mp height for calculated fields. Actual MP height may not be zero.,0.0,,,,Driller_7081fe79,,ConstructionNotes_08d4810a,,,121OGLL,,WaterNotes_0bc0144d,,D,StatusUserNotes_6f35cbb3,,0.0,0.0,0.0,USGS,Notes_395ea758,0.0,,MonitorStatusReason_c9915973,,W,H,0x000000001FF615C2
44980A99-3696-4558-9A8E-03245C85AB62,B5C93ED6-5961-434B-85E8-827179D6EA8E,10561,NM-07084,,,,,,,,WLs reported bgs. Entered zero for mp height for calculated fields. Actual MP height may not be zero.,0.0,,,,Driller_7081fe79,,ConstructionNotes_08d4810a,,,,,WaterNotes_0bc0144d,,L,StatusUserNotes_6f35cbb3,,0.0,0.0,0.0,USGS,Notes_395ea758,0.0,,MonitorStatusReason_c9915973,,W,S,0x000000001FF61617
E004EC4A-19CA-434F-98AE-04C85737FF23,C5C0DC57-BC4A-40F3-B79D-829D1EF5C24E,3876,NM-01321,,,,,,,,WLs reported bgs. Entered zero for mp height for calculated fields. Actual MP height may not be zero.,0.0,,,,Driller_7081fe79,,ConstructionNotes_08d4810a,,,,,WaterNotes_0bc0144d,,,StatusUserNotes_6f35cbb3,,0.0,0.0,0.0,USGS,Notes_395ea758,0.0,,MonitorStatusReason_c9915973,,U,,0x000000001FF61628
A2E5C3CF-A03E-422D-A903-054FD9047111,BC85CFDC-6F80-4203-80DB-82E4CDACCEB7,10029,NM-06552,,,,,,,,WLs reported bgs. Entered zero for mp height for calculated fields. Actual MP height may not be zero.,0.0,,,,Driller_7081fe79,,ConstructionNotes_08d4810a,,,,,WaterNotes_0bc0144d,,L,StatusUserNotes_6f35cbb3,,0.0,0.0,0.0,USGS,Notes_395ea758,0.0,,MonitorStatusReason_c9915973,,W,S,0x000000001FF6164D
9CAE4EBA-4D91-4973-B27F-03926D570614,21ABED3D-14A5-446C-9D4A-83430D5BBE92,10853,NM-07376,,,245.0,,A,,,WLs reported bgs. Entered zero for mp height for calculated fields. Actual MP height may not be zero.,0.0,,,,Driller_7081fe79,,ConstructionNotes_08d4810a,,,,,WaterNotes_0bc0144d,,L,StatusUserNotes_6f35cbb3,,0.0,0.0,0.0,USGS,Notes_395ea758,0.0,,MonitorStatusReason_c9915973,,W,S,0x000000001FF61685
BDA9867B-2B2A-4DD7-8D10-0477BA72C33E,C919BCAE-FC93-4568-8D45-83BB7EFF3E97,34515,CX-0068,,,,17.0,R,,,WLs reported bgs. Entered zero for mp height for calculated fields. Actual MP height may not be zero.,0.0,,,,Driller_4fbcd0f8,,ConstructionNotes_f784a85e,,,211DKOT,,WaterNotes_0bc0144d,,X,StatusUserNotes_6f35cbb3,,0.0,0.0,0.0,"GW-1: Geology & Ground-Water Resources of the Eastern Part of Colfax Cty, NM (1948) Griggs, Roy L., NMBGMR",Notes_395ea758,0.0,,MonitorStatusReason_c9915973,,,,0x000000001FF616CB
A68FDF3C-C223-4ACF-9D74-05B6696956E9,409D0C2D-8A77-4F4E-AB4C-84081D5836E6,24719,NM-21242,,,28.0,28.0,A,2004-08-09 00:00:00.000,A,WLs reported bgs. Entered zero for mp height for calculated fields. Actual MP height may not be zero.,0.0,,,,Driller_7081fe79,,ConstructionNotes_08d4810a,U,,112SNTF,,WaterNotes_0bc0144d,,X,StatusUserNotes_6f35cbb3,,0.0,0.0,0.0,USGS,Notes_395ea758,0.0,,MonitorStatusReason_c9915973,,O,U,0x000000001FF616F6
8BFBB81F-ECF1-43BD-B4F5-02B9248659AC,13AA14FA-AD12-4082-9125-84213386FE3D,23202,NM-19725,,,,,,,,WLs reported bgs. Entered zero for mp height for calculated fields. Actual MP height may not be zero.,0.0,,,,Driller_7081fe79,,ConstructionNotes_08d4810a,,,211MVRD,,WaterNotes_0bc0144d,,X,StatusUserNotes_6f35cbb3,,0.0,0.0,0.0,USGS,Notes_395ea758,0.0,,MonitorStatusReason_c9915973,,U,U,0x000000001FF61706
FCE9F143-379F-45C2-B643-01968AE03AA9,2D114769-52F4-40BC-8ECB-84EA13C853AB,33210,BW-0127,,,,56.0,R,1916-01-01 00:00:00.000,R,WLs reported bgs. Entered zero for mp height for calculated fields. Actual MP height may not be zero.,0.0,0.6666667,,,Driller_7081fe79,,ConstructionNotes_c3a4d49b,,,110ALVM,,WaterNotes_4d7162d5,,,StatusUserNotes_6f35cbb3,,0.0,0.0,0.0,"McLean, J.S. (1970) Saline Ground-Water Resources of the Tularosa Basin, NM. Office of Saline Water, R&D Progress Rpt 561",Notes_395ea758,0.0,,MonitorStatusReason_c9915973,,,,0x000000001FF6176A
DC3F5E35-4167-4EA7-907B-02D3B53409AE,DA63F282-0650-46EF-BE68-853103BF4A5F,37284,NM-28211,,,25.0,24.0,A,2011-10-18 00:00:00.000,A,WLs reported bgs. Entered zero for mp height for calculated fields. Actual MP height may not be zero.,0.0,,,,Driller_7081fe79,,ConstructionNotes_08d4810a,,,,,WaterNotes_0bc0144d,,O,StatusUserNotes_6f35cbb3,,0.0,0.0,0.0,USGS,Notes_395ea758,0.0,,MonitorStatusReason_c9915973,,O,,0x000000001FF61798
BC4AFACE-9D2B-4E70-BAC9-01DD190BBAE6,679AF482-CA04-4CE0-B8C9-859814FFD4DB,26702,NM-23225,,,382.0,382.0,A,1972-01-01 00:00:00.000,A,WLs reported bgs. Entered zero for mp height for calculated fields. Actual MP height may not be zero.,0.0,,,,Driller_7081fe79,,ConstructionNotes_08d4810a,,,,,WaterNotes_0bc0144d,,L,StatusUserNotes_6f35cbb3,,0.0,0.0,0.0,USGS,Notes_395ea758,0.0,,MonitorStatusReason_c9915973,,W,S,0x000000001FF617D5
D60F34C2-41EE-490D-B3E8-01C2984D038E,8D3AACFE-4789-4001-82B4-85FCF1ECCCB4,32410,SD-0153,X,,170.0,170.0,R,1956-01-01 00:00:00.000,R,WLs assumed bgs. Entered zero for mp height for calculated fields. Actual MP height may not be zero.,0.0,,,,Driller_7081fe79,,ConstructionNotes_f682eddf,,,310ABO,,,,DL,,,0.0,0.0,0.0,"HR5: Groundwater in the Sandia and Northern Manzano Mtns, NM (1980) Frank B. Titus, NM Bureau of Geology",Notes_395ea758,0.0,,MonitorStatusReason_c9915973,,,,0x000000001FF61813
1D5A7BB1-7F70-4760-A5B5-02D2096822B1,45DAD2BB-9944-4141-A23E-860FE0B827E2,1384,QU-112,RG-32789,,140.0,140.0,D,1979-07-27 00:00:00.000,D,Wire hole at casing cap,-3.88,0.62,140.0,,Driller_90513115,C,ConstructionNotes_08d4810a,,,,100.0,WaterNotes_17ca72f5,I,D,StatusUserNotes_6f35cbb3,A,0.0,1.0,0.0,,Notes_fed2a18d,0.0,QU112.pdf,MonitorStatusReason_c9915973,,,,0x000000002666E8D5
45E17FA1-B576-4CAF-97B0-053D51A79214,B8B8AB51-47ED-47E1-BF71-8698B4FBE62F,23234,NM-19757,,,,389.0,A,,,WLs reported bgs. Entered zero for mp height for calculated fields. Actual MP height may not be zero.,0.0,,,,Driller_7081fe79,,ConstructionNotes_08d4810a,,,121OGLL,,WaterNotes_0bc0144d,,I,StatusUserNotes_6f35cbb3,,0.0,0.0,0.0,USGS,Notes_395ea758,0.0,,MonitorStatusReason_c9915973,,W,I,0x000000001FF61868
3B3CF6AA-CB42-4371-9414-04544D29D8D3,5494D3E3-B57D-4FB9-94D5-86B04BE63917,8106,NM-04629,,,275.0,275.0,A,1964-11-01 00:00:00.000,A,WLs reported bgs. Entered zero for mp height for calculated fields. Actual MP height may not be zero.,0.0,,,,Driller_7081fe79,,ConstructionNotes_08d4810a,,,,,WaterNotes_0bc0144d,,I,StatusUserNotes_6f35cbb3,,0.0,0.0,0.0,USGS,Notes_395ea758,0.0,,MonitorStatusReason_c9915973,,W,I,0x000000001FF61875
DEA4EE7A-C890-4CE5-A4EE-03324D8210AE,19DC9617-C2EC-46AD-B3DF-871A0B04E91A,15923,NM-12446,,,,525.0,A,,,WLs reported bgs. Entered zero for mp height for calculated fields. Actual MP height may not be zero.,0.0,,,,Driller_7081fe79,,ConstructionNotes_08d4810a,,,313ARTS,,WaterNotes_0bc0144d,,I,StatusUserNotes_6f35cbb3,,0.0,0.0,0.0,USGS,Notes_395ea758,0.0,,MonitorStatusReason_c9915973,,W,I,0x000000001FF618BB
4BE0D5B0-2343-4C7A-AEA9-021FC63F42F8,F666632D-5918-4C4F-99EA-871E7EBE22A6,4105,NM-01550,,,,41.0,A,,,WLs reported bgs. Entered zero for mp height for calculated fields. Actual MP height may not be zero.,0.0,,,,Driller_7081fe79,,ConstructionNotes_08d4810a,,,110AVMB,,WaterNotes_0bc0144d,,X,StatusUserNotes_6f35cbb3,,0.0,0.0,0.0,USGS,Notes_395ea758,0.0,,MonitorStatusReason_c9915973,,W,U,0x000000001FF618C1
63384175-83CC-4950-B2A7-03BED3B00FA4,CA80FF93-C729-459D-9DE2-878FB9E7BD9C,5044,NM-02107,,,527.0,527.0,A,,,WLs reported bgs. Entered zero for mp height for calculated fields. Actual MP height may not be zero.,0.0,,,,Driller_7081fe79,,ConstructionNotes_08d4810a,,,112SNTF,,WaterNotes_0bc0144d,,L,StatusUserNotes_6f35cbb3,,0.0,0.0,0.0,USGS,Notes_11d7f3b9,0.0,,MonitorStatusReason_c9915973,,W,S,0x000000001FF618EE
812079E0-33FB-460C-BDD1-05841B9DCBF7,25E806B0-EE89-44F0-9E65-87BC7E1DFA2F,31477,QY-0532,,,109.0,109.0,R,1910-01-01 00:00:00.000,R,WLs reported bgs. Entered zero for mp height for calculated fields. Actual MP height may not be zero.,0.0,0.3333333,,,Driller_7081fe79,,ConstructionNotes_ac859d06,,,121OGLL,,WaterNotes_67407eab,,L,StatusUserNotes_6f35cbb3,,0.0,0.0,0.0,"GW9: Groundwater Resources & Geology of Quay County, NM (1966) Charles Berkstresser, Jr. & Walter A. Mourant, NM Bureau of Geology",Notes_395ea758,0.0,,MonitorStatusReason_c9915973,,,,0x000000001FF61904
5AAF2730-697B-4E62-942F-02B6EF8C6E49,DD7D4C63-4167-4432-A577-87BDAC5C46B7,28902,NM-25425,,,,400.0,A,1959-01-01 00:00:00.000,A,WLs reported bgs. Entered zero for mp height for calculated fields. Actual MP height may not be zero.,0.0,,,,Driller_7081fe79,,ConstructionNotes_08d4810a,,,,,WaterNotes_0bc0144d,,D,StatusUserNotes_6f35cbb3,,0.0,0.0,0.0,USGS,Notes_395ea758,0.0,,MonitorStatusReason_c9915973,,W,H,0x000000001FF61906
28FBCC4B-8038-4BE4-9F0B-00F06887C865,6537F6B4-9FEC-46F9-B7F4-87C3C830FBA5,11243,NM-07766,,,,,,,,WLs reported bgs. Entered zero for mp height for calculated fields. Actual MP height may not be zero.,0.0,,,,Driller_7081fe79,,ConstructionNotes_08d4810a,,,110AVMB,,WaterNotes_0bc0144d,,X,StatusUserNotes_6f35cbb3,,0.0,0.0,0.0,USGS,Notes_395ea758,0.0,,MonitorStatusReason_c9915973,,U,U,0x000000001FF6190A
CA6C3A87-EEA3-4C93-B7B3-02B9273EF242,BF6A29AB-4DA0-46B9-BF56-895008886D9A,36037,SO-0230,X,,86.0,86.0,G,2003-04-14 00:00:00.000,G,Top of 2 inch PVC casing,1.74,0.17,,,Driller_8d5f8fce,,ConstructionNotes_08d4810a,,,,,WaterNotes_0bc0144d,,O,StatusUserNotes_6f35cbb3,M,0.0,0.0,0.0,"Exploratory & Shallow Well Drilling Rio Grande Watershed Study-Phase 1 San Acacia Surface Water/Groundwater Investigation (Dec. 5, 2003) S.S. Papadopulos & Associates for US Army Corps of Engineer",Notes_395ea758,0.0,,MonitorStatusReason_c9915973,,,,0x000000001FF619EA
CDD6A497-0C32-4FEF-8C79-05DC453C0570,AD7D0C50-BEF5-4B45-ABBB-899F31841B7D,29327,NM-25850,,,,116.0,A,,,WLs reported bgs. Entered zero for mp height for calculated fields. Actual MP height may not be zero.,0.0,,,,Driller_7081fe79,,ConstructionNotes_08d4810a,,,121OGLL,,WaterNotes_0bc0144d,,X,StatusUserNotes_6f35cbb3,,0.0,0.0,0.0,USGS,Notes_395ea758,0.0,,MonitorStatusReason_c9915973,,W,U,0x000000001FF61A0D
44F6D09F-513A-4855-B96B-034168E4FF1E,20554945-FDAE-4B72-84D3-89BBC659EBB2,29443,NM-25966,,,,,,,,WLs reported bgs. Entered zero for mp height for calculated fields. Actual MP height may not be zero.,0.0,,,,Driller_7081fe79,,ConstructionNotes_08d4810a,,,,,WaterNotes_0bc0144d,,,StatusUserNotes_6f35cbb3,,0.0,0.0,0.0,USGS,Notes_395ea758,0.0,,MonitorStatusReason_c9915973,,W,,0x000000001FF61A21
7068F97C-F192-454B-AC4B-048E27A11CA7,C98FF74F-5776-4CB6-9BDA-89CEA3145415,25369,NM-21892,RG-37921,,300.0,300.0,A,1982-05-06 00:00:00.000,A,WLs reported bgs. Entered zero for mp height for calculated fields. Actual MP height may not be zero.,0.0,0.42,300.0,,Driller_5d27fa35,A,ConstructionNotes_08d4810a,,,400PCMB,260.0,WaterNotes_70a4ed03,,D,StatusUserNotes_6f35cbb3,,0.0,0.0,0.0,USGS,Notes_395ea758,0.0,NM21892.pdf,MonitorStatusReason_c9915973,,W,H,0x000000002666E6B0
A7C63186-1544-4D41-9D74-042AA1F86029,0152E69E-9DD1-49F2-8512-8AAC541D000C,3944,NM-01389,,,,268.0,A,,,WLs reported bgs. Entered zero for mp height for calculated fields. Actual MP height may not be zero.,0.0,,,,Driller_7081fe79,,ConstructionNotes_08d4810a,,,231SNRS,,WaterNotes_0bc0144d,,X,StatusUserNotes_6f35cbb3,,0.0,0.0,0.0,USGS,Notes_395ea758,0.0,,MonitorStatusReason_c9915973,,O,U,0x000000001FF61AA3
BC01CA43-8BFB-46A3-84D8-0130ADD6A93C,36283AA6-0640-463D-95E5-8ACC3E1C449D,1255,MG-027,RG-74352,,530.0,530.0,D,2001-11-12 00:00:00.000,D,New MP TOC (Old MP: TOC @ ground surface 0.00'),1.36,0.5,530.0,,Driller_cf99b575,A,ConstructionNotes_f386a2c8,,,,325.0,WaterNotes_e6ab354f,C,D,StatusUserNotes_6f35cbb3,X,0.0,0.0,0.0,,Notes_b65187d6,0.0,MG027.pdf,MonitorStatusReason_c9915973,,,,0x000000002666E5AC
D48ABFA0-9C58-486D-B424-03DE5F101721,FF56AA82-F262-48A0-9CD6-8B0CD89CA0C2,23383,NM-19906,,,,,,,,WLs reported bgs. Entered zero for mp height for calculated fields. Actual MP height may not be zero.,0.0,,,,Driller_7081fe79,,ConstructionNotes_08d4810a,,,121OGLL,,WaterNotes_0bc0144d,,,StatusUserNotes_6f35cbb3,,0.0,0.0,0.0,USGS,Notes_395ea758,0.0,,MonitorStatusReason_c9915973,,W,,0x000000001FF61AE1
59F4AC6A-F5F3-4E12-932F-04B867DD5AE1,F496A8E0-6797-435A-9DF6-8B1DB2CF3EFB,35912,TO-0546,,,,,,,,,,,,,Driller_7081fe79,,ConstructionNotes_08d4810a,,,,,WaterNotes_0bc0144d,,,StatusUserNotes_6f35cbb3,,0.0,0.0,0.0,"GW5: Geology and Ground-Water Resources of Torrance County, NM (1957) R.E. Smith, NM Bureau of Geology",Notes_395ea758,0.0,,MonitorStatusReason_c9915973,,,,0x000000001FF61AE9
58415EF1-133B-4ACC-B9F2-01D9A2EA39D0,90168CD8-C532-4DAF-B0DA-8B323AED35E5,13485,NM-10008,,,,50.0,A,,,WLs reported bgs. Entered zero for mp height for calculated fields. Actual MP height may not be zero.,0.0,,,,Driller_7081fe79,,ConstructionNotes_08d4810a,,,110AVMB,,WaterNotes_0bc0144d,,X,StatusUserNotes_6f35cbb3,,0.0,0.0,0.0,USGS,Notes_395ea758,0.0,,MonitorStatusReason_c9915973,,U,U,0x000000001FF61AF3
69A03151-E5C0-4BC9-8749-04FDB98CC4EB,D37AB7F6-5A68-4CE5-8981-8BE99EB99C73,27567,NM-24090,,,169.0,169.0,A,1994-09-26 00:00:00.000,A,WLs reported bgs. Entered zero for mp height for calculated fields. Actual MP height may not be zero.,0.0,,,,Driller_7081fe79,,ConstructionNotes_08d4810a,C,,325MDER,,WaterNotes_0bc0144d,,D,StatusUserNotes_6f35cbb3,,0.0,0.0,0.0,USGS,Notes_395ea758,0.0,,MonitorStatusReason_c9915973,,W,H,0x000000001FF61B61
2FCA6554-AC9E-4CC6-8ACB-02D341AEE8B2,697383D8-130B-4EA4-8A08-8C2826C4BFA0,12350,NM-08873,,,,100.0,A,,,WLs reported bgs. Entered zero for mp height for calculated fields. Actual MP height may not be zero.,0.0,,,,Driller_7081fe79,,ConstructionNotes_08d4810a,,,121OGLL,,WaterNotes_0bc0144d,,L,StatusUserNotes_6f35cbb3,,0.0,0.0,0.0,USGS,Notes_395ea758,0.0,,MonitorStatusReason_c9915973,,W,S,0x000000001FF61B7A
26F54C95-7B18-4844-9E7B-03006914BA4A,2BC1962E-4818-4918-A750-8CD22595E863,13407,NM-09930,,,,,,,,WLs reported bgs. Entered zero for mp height for calculated fields. Actual MP height may not be zero.,0.0,,,,Driller_7081fe79,,ConstructionNotes_08d4810a,,,,,WaterNotes_0bc0144d,,D,StatusUserNotes_6f35cbb3,,0.0,0.0,0.0,USGS,Notes_395ea758,0.0,,MonitorStatusReason_c9915973,,W,H,0x000000001FF61BCE
9629C793-18E9-4714-B80E-01E0AE9B9179,035B4390-73DE-4E76-BF74-8CE3A7CD2B24,8313,NM-04836,,,900.0,442.0,A,1953-01-01 00:00:00.000,A,WLs reported bgs. Entered zero for mp height for calculated fields. Actual MP height may not be zero.,0.0,,,,Driller_7081fe79,,ConstructionNotes_08d4810a,,,110BLSN,,WaterNotes_0bc0144d,,P,StatusUserNotes_6f35cbb3,,0.0,0.0,0.0,USGS,Notes_395ea758,0.0,,MonitorStatusReason_c9915973,,W,P,0x000000001FF61BD5
FC2FB735-8A9E-46FB-8212-04F5D2BB1569,56B75A4E-4B49-4659-952F-8D600467772D,19409,NM-15932,,,,76.0,A,,,WLs reported bgs. Entered zero for mp height for calculated fields. Actual MP height may not be zero.,0.0,,,,Driller_7081fe79,,ConstructionNotes_08d4810a,,,,,WaterNotes_0bc0144d,,I,StatusUserNotes_6f35cbb3,,0.0,0.0,0.0,USGS,Notes_395ea758,0.0,,MonitorStatusReason_c9915973,,W,I,0x000000001FF61C1D
67840286-C68E-4E4D-A408-055C16AA3D7E,ACCB1691-00BC-424A-8A6A-8DD36532C037,9062,NM-05585,,,,160.0,A,,,WLs reported bgs. Entered zero for mp height for calculated fields. Actual MP height may not be zero.,0.0,,,,Driller_7081fe79,,ConstructionNotes_08d4810a,,,110AVMB,,WaterNotes_0bc0144d,,X,StatusUserNotes_6f35cbb3,,0.0,0.0,0.0,USGS,Notes_395ea758,0.0,,MonitorStatusReason_c9915973,,U,U,0x000000001FF61C6E
F910C7CB-B1A3-49E4-93FF-04805D0BEC65,41B27DEB-EA68-4705-8F37-8DDC563736BC,3744,NM-01189,,,231.0,213.0,A,1950-01-01 00:00:00.000,A,WLs reported bgs. Entered zero for mp height for calculated fields. Actual MP height may not be zero.,0.0,,,,Driller_7081fe79,,ConstructionNotes_08d4810a,,,231RCKP,,WaterNotes_0bc0144d,,D,StatusUserNotes_6f35cbb3,,0.0,0.0,0.0,USGS,Notes_395ea758,0.0,,MonitorStatusReason_c9915973,,W,H,0x000000001FF61C71
C347BAD7-F0C5-460F-8CAA-048E78EACD16,E4F8D8AE-CB51-47FD-80A2-8E0348D692A4,26507,NM-23030,,,,,,1965-01-01 00:00:00.000,A,WLs reported bgs. Entered zero for mp height for calculated fields. Actual MP height may not be zero.,0.0,,,,Driller_7081fe79,,ConstructionNotes_08d4810a,,,110BLSN,,WaterNotes_0bc0144d,,L,StatusUserNotes_6f35cbb3,,0.0,0.0,0.0,USGS,Notes_395ea758,0.0,,MonitorStatusReason_c9915973,,W,S,0x000000001FF61C89
7591694C-3783-4D5C-AC0F-00FF1CCE155B,041D5A2C-8271-43B6-B1E4-8E4A74F2155A,10222,NM-06745,,,,230.0,A,,,WLs reported bgs. Entered zero for mp height for calculated fields. Actual MP height may not be zero.,0.0,,,,Driller_7081fe79,,ConstructionNotes_08d4810a,,,,,WaterNotes_0bc0144d,,X,StatusUserNotes_6f35cbb3,,0.0,0.0,0.0,USGS,Notes_395ea758,0.0,,MonitorStatusReason_c9915973,,U,U,0x000000001FF61CAA
62FF5409-B9C1-4C79-A0AE-05D230EEFE32,CDE688D8-D091-4B95-9272-8E77222303BC,29656,NM-26179,,,,116.0,A,1953-01-01 00:00:00.000,A,WLs reported bgs. Entered zero for mp height for calculated fields. Actual MP height may not be zero.,0.0,,,,Driller_7081fe79,,ConstructionNotes_08d4810a,,,112SNTF,,WaterNotes_0bc0144d,,P,StatusUserNotes_6f35cbb3,,0.0,0.0,0.0,USGS,Notes_395ea758,0.0,,MonitorStatusReason_c9915973,,W,P,0x000000001FF61CBB
747FE03D-AAFC-4B61-A164-00422889DBFF,5C694A36-FE2E-47F4-AD98-8EF25468ECDC,29257,NM-25780,,,,961.0,A,1963-10-07 00:00:00.000,A,WLs reported bgs. Entered zero for mp height for calculated fields. Actual MP height may not be zero.,0.0,,,,Driller_7081fe79,,ConstructionNotes_08d4810a,M,,211CLFHV,,WaterNotes_0bc0144d,,D,StatusUserNotes_6f35cbb3,,0.0,0.0,0.0,USGS,Notes_395ea758,0.0,,MonitorStatusReason_c9915973,,W,H,0x000000001FF61D02
ED66EF56-DEA4-458E-BA0A-040B6B3904A6,29B82228-DA42-4800-8CC5-8EFA19C7305F,32526,SD-0166,X,,180.0,180.0,R,1962-01-01 00:00:00.000,R,WLs assumed bgs. Entered zero for mp height for calculated fields. Actual MP height may not be zero.,0.0,,,,Driller_7081fe79,,ConstructionNotes_f682eddf,,,310ABO,,WaterNotes_a7d25416,,D,,,0.0,0.0,0.0,"HR5: Groundwater in the Sandia and Northern Manzano Mtns, NM (1980) Frank B. Titus, NM Bureau of Geology",Notes_395ea758,0.0,,MonitorStatusReason_c9915973,,,,0x000000001FF61D08
D5FE3A8C-E60A-41FF-AAC8-04EE1ECB7EAC,82C5418C-A67B-43BE-9B4D-8F0E482FD65E,31214,QY-0273,,,235.0,235.0,R,1954-01-01 00:00:00.000,R,WLs reported bgs. Entered zero for mp height for calculated fields. Actual MP height may not be zero.,0.0,0.5833333,,,Driller_2f6b0ca0,,ConstructionNotes_9d75a189,,,231CHNL,,WaterNotes_a6fa153e,,D,StatusUserNotes_6f35cbb3,,0.0,0.0,0.0,"GW9: Groundwater Resources & Geology of Quay County, NM (1966) Charles Berkstresser, Jr. & Walter A. Mourant, NM Bureau of Geology",Notes_395ea758,0.0,,MonitorStatusReason_c9915973,,,,0x000000001FF61D15
BB3BF58A-61EB-4EA0-A563-02F05748A874,C87C722C-DF1A-4E81-AE05-8F7CC443CA19,14060,NM-10583,,,,105.0,A,,,WLs reported bgs. Entered zero for mp height for calculated fields. Actual MP height may not be zero.,0.0,,,,Driller_7081fe79,,ConstructionNotes_08d4810a,,,110AVMB,,WaterNotes_0bc0144d,,X,StatusUserNotes_6f35cbb3,,0.0,0.0,0.0,USGS,Notes_395ea758,0.0,,MonitorStatusReason_c9915973,,W,U,0x000000001FF61D58
8CA34C0C-9703-452D-A6F1-0322FE45D0E3,7AB9D60D-F0C2-4782-987C-8FEB94FE9B68,17245,NM-13768,,,,110.0,A,,,WLs reported bgs. Entered zero for mp height for calculated fields. Actual MP height may not be zero.,0.0,,,,Driller_7081fe79,,ConstructionNotes_08d4810a,,,121OGLL,,WaterNotes_0bc0144d,,D,StatusUserNotes_6f35cbb3,,0.0,0.0,0.0,USGS,Notes_395ea758,0.0,,MonitorStatusReason_c9915973,,W,H,0x000000001FF61D99
D4EAEAC8-E612-47BF-B4AA-057464E7C90E,84D933A9-863F-4970-BA4B-904D8CEA7A2F,29412,NM-25935,,,42.0,42.0,A,1971-10-07 00:00:00.000,A,WLs reported bgs. Entered zero for mp height for calculated fields. Actual MP height may not be zero.,0.0,,,,Driller_7081fe79,,ConstructionNotes_08d4810a,,,110AVMB,,WaterNotes_0bc0144d,,D,StatusUserNotes_6f35cbb3,,0.0,0.0,0.0,USGS,Notes_395ea758,0.0,,MonitorStatusReason_c9915973,,W,H,0x000000001FF61DCD
086ED2F2-08DE-41E9-8D23-02803BF9FE21,983982A1-DA71-4193-8936-905CE6968C68,22911,NM-19434,,,,272.0,A,,,WLs reported bgs. Entered zero for mp height for calculated fields. Actual MP height may not be zero.,0.0,,,,Driller_7081fe79,,ConstructionNotes_08d4810a,,,121OGLL,,WaterNotes_0bc0144d,,L,StatusUserNotes_6f35cbb3,,0.0,0.0,0.0,USGS,Notes_395ea758,0.0,,MonitorStatusReason_c9915973,,W,S,0x000000001FF61DD4
FCA89657-4E8C-47ED-A9BC-06198FA3FF5B,0472695F-0897-4132-B041-90686A1076AD,22727,NM-19250,,,,428.0,A,,,WLs reported bgs. Entered zero for mp height for calculated fields. Actual MP height may not be zero.,0.0,,,,Driller_7081fe79,,ConstructionNotes_08d4810a,,,121OGLL,,WaterNotes_0bc0144d,,I,StatusUserNotes_6f35cbb3,,0.0,0.0,0.0,USGS,Notes_395ea758,0.0,,MonitorStatusReason_c9915973,,W,I,0x000000001FF61DDE
73162C19-23A9-447A-9BF3-04C22C706893,06390D9B-F63E-41C7-83BE-91528B4C0D70,25238,NM-21761,,,,109.0,A,1981-04-07 00:00:00.000,A,WLs reported bgs. Entered zero for mp height for calculated fields. Actual MP height may not be zero.,0.0,,,,Driller_7081fe79,,ConstructionNotes_08d4810a,,,313SADG,,WaterNotes_0bc0144d,,D,StatusUserNotes_6f35cbb3,,0.0,0.0,0.0,USGS,Notes_395ea758,0.0,,MonitorStatusReason_c9915973,,W,H,0x000000001FF61E6A
CCDAA8C5-21B6-414D-A163-021E5A112780,176FED68-3DD7-4A21-ADB4-919F6A70D5D7,9813,NM-06336,,,,100.0,A,,,WLs reported bgs. Entered zero for mp height for calculated fields. Actual MP height may not be zero.,0.0,,,,Driller_7081fe79,,ConstructionNotes_08d4810a,,,110AVMB,,WaterNotes_0bc0144d,,X,StatusUserNotes_6f35cbb3,,0.0,0.0,0.0,USGS,Notes_395ea758,0.0,,MonitorStatusReason_c9915973,,W,U,0x000000001FF61E9F
798F1D47-3AB2-4859-B888-05A45447A8D6,E4B5B692-C69B-4CD0-8557-91BFDFE58A30,8377,NM-04900,,,,,,,,WLs reported bgs. Entered zero for mp height for calculated fields. Actual MP height may not be zero.,0.0,,,,Driller_7081fe79,,ConstructionNotes_08d4810a,,,,,WaterNotes_0bc0144d,,I,StatusUserNotes_6f35cbb3,,0.0,0.0,0.0,USGS,Notes_395ea758,0.0,,MonitorStatusReason_c9915973,,W,I,0x000000001FF61EB3
1F4251E2-207B-4D69-9FB8-04CF07036762,AF1ED390-19D5-49F9-AEF9-9225FF374B0A,26403,NM-22926,,,,,,,,WLs reported bgs. Entered zero for mp height for calculated fields. Actual MP height may not be zero.,0.0,,,,Driller_7081fe79,,ConstructionNotes_08d4810a,,,110AVMB,,WaterNotes_0bc0144d,,,StatusUserNotes_6f35cbb3,,0.0,0.0,0.0,USGS,Notes_395ea758,0.0,,MonitorStatusReason_c9915973,,W,,0x000000001FF61EEB
D1706595-4504-4154-8A3F-012435956786,57EDCF07-BD43-4180-AF03-925A1B329542,33231,BW-0008,,,,130.0,R,,,WLs reported bgs. Entered zero for mp height for calculated fields. Actual MP height may not be zero.,0.0,0.6666667,,,Driller_7081fe79,,ConstructionNotes_08d4810a,,,,,WaterNotes_f503bc45,,,StatusUserNotes_6f35cbb3,,0.0,0.0,0.0,"McLean, J.S. (1970) Saline Ground-Water Resources of the Tularosa Basin, NM. Office of Saline Water, R&D Progress Rpt 561",Notes_395ea758,0.0,,MonitorStatusReason_c9915973,,,,0x000000001FF61F0C
A3E3A99C-F1D3-488F-87D4-04B17BF53E8C,22040C2D-3A4F-4421-B0A6-928970B45E11,14185,NM-10708,,,,28.0,A,,,WLs reported bgs. Entered zero for mp height for calculated fields. Actual MP height may not be zero.,0.0,,,,Driller_7081fe79,,ConstructionNotes_08d4810a,,,110AVMB,,WaterNotes_0bc0144d,,X,StatusUserNotes_6f35cbb3,,0.0,0.0,0.0,USGS,Notes_395ea758,0.0,,MonitorStatusReason_c9915973,,U,U,0x000000001FF61F2B
8D9259E7-12F9-4DB4-8E14-0312BC7C7804,72E9E1CD-2F5C-4176-8B08-92929F57FE92,1186,JM-022,LRG-06248,,500.0,500.0,D,1979-12-31 00:00:00.000,D,TOC,0.8,0.56,,,Driller_ac2f8508,,ConstructionNotes_98bbb255,,,,300.0,WaterNotes_95aa1979,I,A,StatusUserNotes_d2315188,,0.0,0.0,1.0,,Notes_dc97e7f6,0.0,,MonitorStatusReason_c9915973,,,,0x000000001FF61F32
42CEE264-1A5C-4433-B654-0154B7706F91,5F6BE439-3508-40E3-BE9E-931620B6F0CD,35801,TO-0423,,,,358.0,R,,,WLs reported bgs. Entered zero for mp height for calculated fields. Actual MP height may not be zero.,0.0,,,,Driller_74e804f9,,ConstructionNotes_08d4810a,,,310YESO,,WaterNotes_1fea55de,,,StatusUserNotes_a8a40dac,,0.0,0.0,0.0,"GW5: Geology and Ground-Water Resources of Torrance County, NM (1957) R.E. Smith, NM Bureau of Geology",Notes_395ea758,0.0,,MonitorStatusReason_c9915973,,,,0x000000001FF61F81
DCA57D66-FC11-4DE3-8869-05B0F81C10B3,B4F14275-5017-4D20-887E-93216BD2430D,11109,NM-07632,,,,,,,,WLs reported bgs. Entered zero for mp height for calculated fields. Actual MP height may not be zero.,0.0,,,,Driller_7081fe79,,ConstructionNotes_08d4810a,,,110AVMB,,WaterNotes_0bc0144d,,X,StatusUserNotes_6f35cbb3,,0.0,0.0,0.0,USGS,Notes_395ea758,0.0,,MonitorStatusReason_c9915973,,W,U,0x000000001FF61F86
61CD6E5A-C516-4078-B1DB-05FCE0B4ED18,153EB94C-ACD8-4514-9073-93288EA32EF9,28221,NM-24744,RG-11611,,,225.0,A,1964-08-05 00:00:00.000,A,WLs reported bgs. Entered zero for mp height for calculated fields. Actual MP height may not be zero.,0.0,0.55,,,Driller_41b98ca9,,ConstructionNotes_08d4810a,,,121TSUQ,,WaterNotes_45fee881,,D,StatusUserNotes_6f35cbb3,,0.0,0.0,0.0,USGS,Notes_395ea758,0.0,NM24744.pdf,MonitorStatusReason_c9915973,,W,H,0x000000002666E70E
9F44DFEB-06CA-4347-923E-05C57F3B315F,506A4F94-5683-492B-AC34-9338617060FC,37225,NM-28152,,,450.0,370.0,A,1952-02-01 00:00:00.000,A,WLs reported bgs. Entered zero for mp height for calculated fields. Actual MP height may not be zero.,0.0,,,,Driller_7081fe79,,ConstructionNotes_08d4810a,,,211PNLK,,WaterNotes_0bc0144d,,L,StatusUserNotes_6f35cbb3,,0.0,0.0,0.0,USGS,Notes_395ea758,0.0,,MonitorStatusReason_c9915973,,W,S,0x000000001FF61F8F
04B0CC43-AEB6-C048-B366-04771DA1BB6C,A437A5B1-3888-914B-A711-93ADF6EE1851,38937,NM-28361,X,,,,,,,Nothing given,,,,,Driller_7081fe79,,ConstructionNotes_c23c0551,,,,,WaterNotes_0bc0144d,I,P,StatusUserNotes_6f35cbb3,,0.0,0.0,0.0,,Notes_e94fc109,0.0,,MonitorStatusReason_c9915973,,,,0x000000001FF61FC4
DE85FD68-7063-4E39-B2F8-027B139798AB,4D7FC3DA-70E2-4E18-8112-940DE66C46EC,17891,NM-14414,,,,320.0,A,,,WLs reported bgs. Entered zero for mp height for calculated fields. Actual MP height may not be zero.,0.0,,,,Driller_7081fe79,,ConstructionNotes_08d4810a,,,313SADR,,WaterNotes_0bc0144d,,D,StatusUserNotes_6f35cbb3,,0.0,0.0,0.0,USGS,Notes_395ea758,0.0,,MonitorStatusReason_c9915973,,W,H,0x000000001FF62009
729A9DA7-EF8E-4E25-9DC0-0189B92A85F7,25622ECD-789F-45A3-9A37-944BAC98C73A,22384,NM-18907,,,,380.0,A,1978-06-01 00:00:00.000,A,WLs reported bgs. Entered zero for mp height for calculated fields. Actual MP height may not be zero.,0.0,,,,Driller_7081fe79,,ConstructionNotes_08d4810a,,,112SNTF,,WaterNotes_0bc0144d,,D,StatusUserNotes_6f35cbb3,,0.0,0.0,0.0,USGS,Notes_395ea758,0.0,,MonitorStatusReason_c9915973,,W,H,0x000000001FF62034
75220364-8DD9-49EF-833C-0548FC5E0261,660CB571-D30C-4926-88B7-94D767C191C4,10546,NM-07069,,,,123.0,A,,,WLs reported bgs. Entered zero for mp height for calculated fields. Actual MP height may not be zero.,0.0,,,,Driller_7081fe79,,ConstructionNotes_08d4810a,,,110AVMB,,WaterNotes_0bc0144d,,L,StatusUserNotes_6f35cbb3,,0.0,0.0,0.0,USGS,Notes_395ea758,0.0,,MonitorStatusReason_c9915973,,W,S,0x000000001FF62089
FD365756-66D9-4666-AF89-055FEE69926C,F0D6B569-6EB4-4275-A701-9563D2C01CB2,15270,NM-11793,,,,248.0,A,,,WLs reported bgs. Entered zero for mp height for calculated fields. Actual MP height may not be zero.,0.0,,,,Driller_7081fe79,,ConstructionNotes_08d4810a,,,110AVMB,,WaterNotes_0bc0144d,,I,StatusUserNotes_6f35cbb3,,0.0,0.0,0.0,USGS,Notes_395ea758,0.0,,MonitorStatusReason_c9915973,,W,I,0x000000001FF620EB
52C1851A-5289-4E9B-8387-02E5BB688C4A,E8E71289-A903-4E9E-A8AC-95662CCF63B2,18214,NM-14737,,,88.0,,A,,,WLs reported bgs. Entered zero for mp height for calculated fields. Actual MP height may not be zero.,0.0,,,,Driller_7081fe79,,ConstructionNotes_08d4810a,,,,,WaterNotes_0bc0144d,,L,StatusUserNotes_6f35cbb3,,0.0,0.0,0.0,USGS,Notes_395ea758,0.0,,MonitorStatusReason_c9915973,,W,S,0x000000001FF620EE
8D6CBDC6-9A94-4DFC-A08A-009C7E5BF589,37DDBDED-6BE9-471F-A607-9590719545FF,39565,SB-0621,X,,,502.0,A,,,Entered zero for MP height for calculated fields. Actual MP hgt may not be zero.,0.0,,,,Driller_7081fe79,,ConstructionNotes_08d4810a,,,112HCBL,,WaterNotes_0bc0144d,,,StatusUserNotes_6df34299,,0.0,0.0,0.0,Texas Water Development Board,Notes_395ea758,0.0,,MonitorStatusReason_c9915973,,,,0x000000001FF6210A
C2D4B510-642C-4B4F-B82F-0335375E90AA,5756977F-1CD9-4F85-B495-961F6B3D11DB,26293,NM-22816,,,170.0,170.0,A,1945-05-01 00:00:00.000,A,WLs reported bgs. Entered zero for mp height for calculated fields. Actual MP height may not be zero.,0.0,,,,Driller_7081fe79,,ConstructionNotes_08d4810a,,,110AVMB,,WaterNotes_0bc0144d,,D,StatusUserNotes_6f35cbb3,,0.0,0.0,0.0,USGS,Notes_395ea758,0.0,,MonitorStatusReason_c9915973,,W,H,0x000000001FF62166
03E44F68-D75F-5D4F-ADC4-03DB40EE8BB3,F162D6AB-BF4A-0947-9228-963552B72F04,38299,WL-0139,RG-07055 S,,140.0,140.0,D,1979-04-16 00:00:00.000,D,TOC opposite wires,1.33,0.64,140.0,,Driller_26fca0e8,H,ConstructionNotes_08d4810a,,,121TSUQ,14.0,WaterNotes_4b64dea8,C,P,StatusUserNotes_6f35cbb3,I,0.0,1.0,1.0,,Notes_7a2727b8,0.0,WL0139.pdf,MonitorStatusReason_c9915973,,,,0x000000002666EB4B
34740DD0-EF73-4950-A899-01AC939C9879,AC8B0715-C25D-423D-B617-9660143B0974,8216,NM-04739,,,,455.0,A,,,WLs reported bgs. Entered zero for mp height for calculated fields. Actual MP height may not be zero.,0.0,,,,Driller_7081fe79,,ConstructionNotes_08d4810a,,,231SNRS,,WaterNotes_0bc0144d,,X,StatusUserNotes_6f35cbb3,,0.0,0.0,0.0,USGS,Notes_395ea758,0.0,,MonitorStatusReason_c9915973,,W,U,0x000000001FF6218E
C2646B56-DF99-44F9-B263-00DAC609F248,101AEBC4-5F9A-4216-89A8-96DE7BE2BE4F,17749,NM-14272,,,100.0,,A,,,WLs reported bgs. Entered zero for mp height for calculated fields. Actual MP height may not be zero.,0.0,,,,Driller_7081fe79,,ConstructionNotes_08d4810a,,,110AVMB,,WaterNotes_0bc0144d,,D,StatusUserNotes_6f35cbb3,,0.0,0.0,0.0,USGS,Notes_395ea758,0.0,,MonitorStatusReason_c9915973,,W,H,0x000000001FF621D0
BD908227-6A17-4751-9E41-01333D77CB50,307A5C41-68ED-4C3C-9B82-9702A9F26015,9899,NM-06422,,,,145.0,A,,,WLs reported bgs. Entered zero for mp height for calculated fields. Actual MP height may not be zero.,0.0,,,,Driller_7081fe79,,ConstructionNotes_08d4810a,,,121OGLL,,WaterNotes_0bc0144d,,,StatusUserNotes_6f35cbb3,,0.0,0.0,0.0,USGS,Notes_395ea758,0.0,,MonitorStatusReason_c9915973,,W,Z,0x000000001FF621E6
DDA2BE09-95D9-4111-8661-04FCA4789C7B,BBFD7E7B-A8E1-4F7D-96DA-9705C891AC7A,11866,NM-08389,,,,205.0,A,,,WLs reported bgs. Entered zero for mp height for calculated fields. Actual MP height may not be zero.,0.0,,,,Driller_7081fe79,,ConstructionNotes_08d4810a,,,121OGLL,,WaterNotes_0bc0144d,,X,StatusUserNotes_6f35cbb3,,0.0,0.0,0.0,USGS,Notes_395ea758,0.0,,MonitorStatusReason_c9915973,,Z,U,0x000000001FF621EA
9FEA4FA8-33FF-46FA-9761-04C020E7C242,0B98365C-E284-4FD9-888D-9758EFEABDD5,9359,NM-05882,,,,150.0,A,,,WLs reported bgs. Entered zero for mp height for calculated fields. Actual MP height may not be zero.,0.0,,,,Driller_7081fe79,,ConstructionNotes_08d4810a,,,110AVMB,,WaterNotes_0bc0144d,,L,StatusUserNotes_6f35cbb3,,0.0,0.0,0.0,USGS,Notes_395ea758,0.0,,MonitorStatusReason_c9915973,,W,S,0x000000001FF62212
C48F7F62-1236-4D2C-95F2-000E3A496C9A,008779FF-F79A-4109-AA20-975BB1DC8FC7,23570,NM-20093,,,,372.0,A,,,WLs reported bgs. Entered zero for mp height for calculated fields. Actual MP height may not be zero.,0.0,,,,Driller_7081fe79,,ConstructionNotes_08d4810a,,,121OGLL,,WaterNotes_0bc0144d,,I,StatusUserNotes_6f35cbb3,,0.0,0.0,0.0,USGS,Notes_395ea758,0.0,,MonitorStatusReason_c9915973,,W,I,0x000000001FF62215
19CC5CC8-DC13-4640-9026-00583CA39B58,BE46468C-C60E-4228-842D-9761E11E52F5,27862,NM-24385,,,,89.0,A,,,WLs reported bgs. Entered zero for mp height for calculated fields. Actual MP height may not be zero.,0.0,,,,Driller_7081fe79,,ConstructionNotes_08d4810a,,,121OGLL,,WaterNotes_0bc0144d,,I,StatusUserNotes_6f35cbb3,,0.0,0.0,0.0,USGS,Notes_395ea758,0.0,,MonitorStatusReason_c9915973,,W,I,0x000000001FF62219
8C6E361B-D0F4-4AA8-A3BE-04F9A4E44D74,EA2FDC67-7E3A-49BD-A98F-9770F954CA60,37141,NM-28068,,,,,,,,WLs reported bgs. Entered zero for mp height for calculated fields. Actual MP height may not be zero.,0.0,,,,Driller_7081fe79,,ConstructionNotes_08d4810a,,,,,WaterNotes_0bc0144d,,O,StatusUserNotes_6f35cbb3,,0.0,0.0,0.0,USGS,Notes_395ea758,0.0,,MonitorStatusReason_c9915973,,O,,0x000000001FF62227
13E0CEEC-39A6-4D2E-97FB-05A7D0D1092D,5744661F-C560-4430-900C-980EB7FB0BAD,16626,NM-13149,,,,250.0,A,,,WLs reported bgs. Entered zero for mp height for calculated fields. Actual MP height may not be zero.,0.0,,,,Driller_7081fe79,,ConstructionNotes_08d4810a,X,,210CRCS,,WaterNotes_0bc0144d,,D,StatusUserNotes_6f35cbb3,,0.0,0.0,0.0,USGS,Notes_395ea758,0.0,,MonitorStatusReason_c9915973,,W,H,0x000000001FF6227E
AC7DBC50-4FBE-421F-B133-023C34BF6BB6,245ACF18-2596-411E-8C77-983086B42383,40902,BC-0434,,,,590.0,,,,,1.64,,,,Driller_7081fe79,,ConstructionNotes_08d4810a,,,,,WaterNotes_0bc0144d,,,StatusUserNotes_6f35cbb3,,0.0,0.0,0.0,,Notes_395ea758,0.0,,MonitorStatusReason_c9915973,,,,0x0000000028201E54
E8D7650E-25C2-4621-B426-04B3C6227A2F,E813B502-F612-46AB-BE4E-988598853A7B,17981,NM-14504,,,,,,,,WLs reported bgs. Entered zero for mp height for calculated fields. Actual MP height may not be zero.,0.0,,,,Driller_7081fe79,,ConstructionNotes_08d4810a,,,110AVMB,,WaterNotes_0bc0144d,,L,StatusUserNotes_6f35cbb3,,0.0,0.0,0.0,USGS,Notes_395ea758,0.0,,MonitorStatusReason_c9915973,,W,S,0x000000001FF622C0
805883EE-597B-4D38-8B0B-01B951036227,E1CF32E2-7AA6-4393-B647-98A6FA50EB5D,25103,NM-21626,,,300.0,300.0,A,1975-07-18 00:00:00.000,A,WLs reported bgs. Entered zero for mp height for calculated fields. Actual MP height may not be zero.,0.0,,,,Driller_7081fe79,,ConstructionNotes_08d4810a,,,231WNGT,,WaterNotes_0bc0144d,,L,StatusUserNotes_6f35cbb3,,0.0,0.0,0.0,USGS,Notes_395ea758,0.0,,MonitorStatusReason_c9915973,,W,S,0x000000001FF622D3
02497569-E38E-43F6-BB53-020698F55227,B92AAFCA-0533-4E6B-97CA-98AABE51601A,13135,NM-09658,,,,112.0,A,,,WLs reported bgs. Entered zero for mp height for calculated fields. Actual MP height may not be zero.,0.0,,,,Driller_7081fe79,,ConstructionNotes_08d4810a,,,121OGLL,,WaterNotes_0bc0144d,,D,StatusUserNotes_6f35cbb3,,0.0,0.0,0.0,USGS,Notes_395ea758,0.0,,MonitorStatusReason_c9915973,,W,H,0x000000001FF622D4
7F2F3C26-A70F-4CD1-A591-018A6ABF9479,8F88E02B-14AD-4B96-87EC-98AFDC3E5774,15820,NM-12343,,,185.0,185.0,A,1991-06-22 00:00:00.000,A,WLs reported bgs. Entered zero for mp height for calculated fields. Actual MP height may not be zero.,0.0,,,,Driller_7081fe79,,ConstructionNotes_08d4810a,U,,110AVMB,,WaterNotes_0bc0144d,,I,StatusUserNotes_6f35cbb3,,0.0,0.0,0.0,USGS,Notes_395ea758,0.0,,MonitorStatusReason_c9915973,,W,I,0x000000001FF622D5
87F27976-AA7A-4736-9B1C-01C121BA7257,04C4B146-4825-4B31-A59D-98CF90FE6CFE,24908,NM-21431,,,18.0,18.0,A,1993-06-18 00:00:00.000,A,WLs reported bgs. Entered zero for mp height for calculated fields. Actual MP height may not be zero.,0.0,,,,Driller_7081fe79,,ConstructionNotes_08d4810a,U,,110ALVM,,WaterNotes_0bc0144d,,X,StatusUserNotes_6f35cbb3,,0.0,0.0,0.0,USGS,Notes_395ea758,0.0,,MonitorStatusReason_c9915973,,O,U,0x000000001FF622EE
615EB4AF-3C12-42B0-ACFE-010D3736C00F,BC4F07CA-7917-48D7-8B40-990424C0B68F,7848,NM-04371,,,,,,1970-01-01 00:00:00.000,A,WLs reported bgs. Entered zero for mp height for calculated fields. Actual MP height may not be zero.,0.0,,,,Driller_7081fe79,,ConstructionNotes_08d4810a,,,,,WaterNotes_0bc0144d,,I,StatusUserNotes_6f35cbb3,,0.0,0.0,0.0,USGS,Notes_395ea758,0.0,,MonitorStatusReason_c9915973,,W,I,0x000000001FF62307
AC4D74FA-0336-4308-A6FA-032774429DB8,987D736A-0522-4C08-99CF-995006C72B52,23735,NM-20258,,,,,,,,WLs reported bgs. Entered zero for mp height for calculated fields. Actual MP height may not be zero.,0.0,,,,Driller_7081fe79,,ConstructionNotes_08d4810a,,,121OGLL,,WaterNotes_0bc0144d,,,StatusUserNotes_6f35cbb3,,0.0,0.0,0.0,USGS,Notes_395ea758,0.0,,MonitorStatusReason_c9915973,,W,,0x000000001FF62334
5B48F590-E3A8-42DA-9932-00EC4EA7073B,3B285F13-5C5D-4152-8A83-9958B7A09879,21966,NM-18489,,,,,,,,WLs reported bgs. Entered zero for mp height for calculated fields. Actual MP height may not be zero.,0.0,,,,Driller_7081fe79,,ConstructionNotes_08d4810a,,,110AVMB,,WaterNotes_0bc0144d,,L,StatusUserNotes_6f35cbb3,,0.0,0.0,0.0,USGS,Notes_395ea758,0.0,,MonitorStatusReason_c9915973,,W,S,0x000000001FF62339
EC0751BD-04E6-1E44-AFE0-03567455059C,EC9DC3A7-D1BB-4B43-94EC-99710B185D38,38202,WL-0120,LRG-03756 POD2,,,185.0,O,1959-01-01 00:00:00.000,O,Top of drop tube,2.09,0.68,,,Driller_7081fe79,,ConstructionNotes_a9e696e1,,,112QTBFppm,54.0,WaterNotes_1a57073b,C,I,StatusUserNotes_1eea1402,I,1.0,1.0,1.0,,Notes_34b0cb6c,0.0,,MonitorStatusReason_c9915973,,,,0x0000000025DE5414
F813F4F5-BFC9-446D-A9F4-056B8ED6A3A8,0FD00137-2755-4A1B-9336-99E328792093,22075,NM-18598,,,,,,,,WLs reported bgs. Entered zero for mp height for calculated fields. Actual MP height may not be zero.,0.0,,,,Driller_7081fe79,,ConstructionNotes_08d4810a,,,121OGLL,,WaterNotes_0bc0144d,,L,StatusUserNotes_6f35cbb3,,0.0,0.0,0.0,USGS,Notes_395ea758,0.0,,MonitorStatusReason_c9915973,,W,S,0x000000001FF62389
7E6F01FC-A525-41E6-BA67-032CDED2F2FC,FB884816-9271-4DB2-B17A-99ED69FBF527,25696,NM-22219,,,365.0,365.0,A,1980-10-30 00:00:00.000,A,WLs reported bgs. Entered zero for mp height for calculated fields. Actual MP height may not be zero.,0.0,,,,Driller_7081fe79,,ConstructionNotes_08d4810a,,,325MDER,,WaterNotes_0bc0144d,,D,StatusUserNotes_6f35cbb3,,0.0,0.0,0.0,USGS,Notes_395ea758,0.0,,MonitorStatusReason_c9915973,,W,H,0x000000001FF62391
780883BE-DD42-4D49-99E4-00BA2E53DFEC,06075D2E-2BD1-46F1-8573-9A0D57FBFB10,18270,NM-14793,,,,275.0,A,,,WLs reported bgs. Entered zero for mp height for calculated fields. Actual MP height may not be zero.,0.0,,,,Driller_7081fe79,,ConstructionNotes_08d4810a,,,313SADR,,WaterNotes_0bc0144d,,L,StatusUserNotes_6f35cbb3,,0.0,0.0,0.0,USGS,Notes_395ea758,0.0,,MonitorStatusReason_c9915973,,W,S,0x000000001FF623A5
5C6E6F6C-90BA-4AFE-B2D5-02F8AA5080B9,33671BA6-C19A-49EA-BDF7-9A1C5E72E1AE,14230,NM-10753,,,,264.0,A,,,WLs reported bgs. Entered zero for mp height for calculated fields. Actual MP height may not be zero.,0.0,,,,Driller_7081fe79,,ConstructionNotes_08d4810a,,,121OGLL,,WaterNotes_0bc0144d,,X,StatusUserNotes_6f35cbb3,,0.0,0.0,0.0,USGS,Notes_395ea758,0.0,,MonitorStatusReason_c9915973,,O,U,0x000000001FF623AD
64252BC6-3162-4736-992A-00564F1B49CB,46D47C43-D6DF-4BCF-8396-9A7F683E4C7A,11323,NM-07846,,,,111.0,A,,,WLs reported bgs. Entered zero for mp height for calculated fields. Actual MP height may not be zero.,0.0,,,,Driller_7081fe79,,ConstructionNotes_08d4810a,,,121OGLL,,WaterNotes_0bc0144d,,I,StatusUserNotes_6f35cbb3,,0.0,0.0,0.0,USGS,Notes_395ea758,0.0,,MonitorStatusReason_c9915973,,W,I,0x000000001FF623EA
9F8F89D5-F287-47A0-A2EA-0097F4A6E32E,C09B6557-904F-42ED-975D-9A8427BDD641,5915,NM-02978,,,611.0,,A,,,WLs reported bgs. Entered zero for mp height for calculated fields. Actual MP height may not be zero.,0.0,,,,Driller_7081fe79,,ConstructionNotes_08d4810a,,,120DTIL,,WaterNotes_0bc0144d,,L,StatusUserNotes_6f35cbb3,,0.0,0.0,0.0,USGS,Notes_395ea758,0.0,,MonitorStatusReason_c9915973,,W,S,0x000000001FF623EC
4F72FBE8-35FB-4047-8891-050310DA7EBD,2F0FE4CD-8989-46D3-AF81-9A8F9109A74E,8214,NM-04737,,,,115.0,A,,,WLs reported bgs. Entered zero for mp height for calculated fields. Actual MP height may not be zero.,0.0,,,,Driller_7081fe79,,ConstructionNotes_08d4810a,,,110AVMB,,WaterNotes_0bc0144d,,D,StatusUserNotes_6f35cbb3,,0.0,0.0,0.0,USGS,Notes_395ea758,0.0,,MonitorStatusReason_c9915973,,W,H,0x000000001FF623F2
1D6FA6D6-701D-4B06-8E05-01CB0996D988,707ABC97-FA54-4044-BCCC-9ACAC3836914,35159,ED-0172,,,,75.0,R,,,WLs reported bgs. Entered zero for mp height for calculated fields. Actual MP height may not be zero.,0.0,0.5,,,Driller_7081fe79,,ConstructionNotes_476b1293,,,313CLBD,,WaterNotes_0bc0144d,,L,StatusUserNotes_6f35cbb3,,0.0,0.0,0.0,"GW3: Geology and Ground-Water Resources of Eddy County, NM (1952) G.E. Hendrickson & R.S. Jones, NM Bureau of Geology",Notes_395ea758,0.0,,MonitorStatusReason_c9915973,,,,0x000000001FF6241F
49E67BCD-D9BE-4260-8749-05A888F5FB24,875DE024-1074-4851-8920-9AED8C3602D3,36761,NM-27493,,,,89.0,A,,,WLs reported bgs. Entered zero for mp height for calculated fields. Actual MP height may not be zero.,0.0,,,,Driller_7081fe79,,ConstructionNotes_08d4810a,,,110AVMB,,WaterNotes_0bc0144d,,I,StatusUserNotes_6f35cbb3,,0.0,0.0,0.0,USGS,Notes_395ea758,0.0,,MonitorStatusReason_c9915973,,W,I,0x000000001FF62435
C7B1CE11-1E56-464E-9CB6-0075621ABF48,3EFA05D1-C8EE-4A10-967B-9BB05BC76092,9838,NM-06361,,,,,,,,WLs reported bgs. Entered zero for mp height for calculated fields. Actual MP height may not be zero.,0.0,,,,Driller_7081fe79,,ConstructionNotes_08d4810a,,,,,WaterNotes_0bc0144d,,X,StatusUserNotes_6f35cbb3,,0.0,0.0,0.0,USGS,Notes_395ea758,0.0,,MonitorStatusReason_c9915973,,U,U,0x000000001FF624AC
C774CB79-02E0-4045-9FD5-0109BB4FFB2E,9CEA79F2-2E59-4020-970B-9BBCC204CF85,4159,NM-01604,,,300.0,300.0,A,1966-01-01 00:00:00.000,A,WLs reported bgs. Entered zero for mp height for calculated fields. Actual MP height may not be zero.,0.0,,,,Driller_7081fe79,,ConstructionNotes_08d4810a,U,,124SNJS,,WaterNotes_0bc0144d,,D,StatusUserNotes_6f35cbb3,,0.0,0.0,0.0,USGS,Notes_395ea758,0.0,,MonitorStatusReason_c9915973,,W,H,0x000000001FF624B4
A7ED2B8F-5CC6-4D50-8196-02DC14642E3B,2F950323-A623-4CFC-86EF-9C27C1E63473,15120,NM-11643,,,,91.0,A,,,WLs reported bgs. Entered zero for mp height for calculated fields. Actual MP height may not be zero.,0.0,,,,Driller_7081fe79,,ConstructionNotes_08d4810a,,,110AVMB,,WaterNotes_0bc0144d,,X,StatusUserNotes_6f35cbb3,,0.0,0.0,0.0,USGS,Notes_395ea758,0.0,,MonitorStatusReason_c9915973,,U,U,0x000000001FF624EE
E06AB007-AC5E-49C7-AAA6-05A00F8774F9,690559C3-F481-4AD9-9824-9C59F4C23CDA,29339,NM-25862,,,295.0,180.0,A,1977-08-06 00:00:00.000,A,WLs reported bgs. Entered zero for mp height for calculated fields. Actual MP height may not be zero.,0.0,,,,Driller_7081fe79,,ConstructionNotes_08d4810a,,,211FRLD,,WaterNotes_0bc0144d,,X,StatusUserNotes_6f35cbb3,,0.0,0.0,0.0,USGS,Notes_395ea758,0.0,,MonitorStatusReason_c9915973,,O,U,0x000000001FF62508
C0871527-A70A-474A-B4DD-046AF9D6D702,7B8CCB3A-5EC3-43BD-9695-9CA1C01835F7,6454,NM-03517,,,,,,,,WLs reported bgs. Entered zero for mp height for calculated fields. Actual MP height may not be zero.,0.0,,,,Driller_7081fe79,,ConstructionNotes_08d4810a,,,110AVMB,,WaterNotes_0bc0144d,,X,StatusUserNotes_6f35cbb3,,0.0,0.0,0.0,USGS,Notes_395ea758,0.0,,MonitorStatusReason_c9915973,,W,U,0x000000001FF62532
3E963B5F-567E-462B-A1D7-03DD19511678,9324154A-6193-4E8B-AC17-9CC09D1BEF13,36915,NM-27647,,,,290.0,A,,,WLs reported bgs. Entered zero for mp height for calculated fields. Actual MP height may not be zero.,0.0,,,,Driller_7081fe79,,ConstructionNotes_08d4810a,,,121OGLL,,WaterNotes_0bc0144d,,I,StatusUserNotes_6f35cbb3,,0.0,0.0,0.0,USGS,Notes_395ea758,0.0,,MonitorStatusReason_c9915973,,W,I,0x000000001FF62544
2701E205-6BEB-4C8B-89BF-04D8249E00D7,B0A60528-913E-4D69-8BE4-9CE1A5F09315,37719,TC-403,,,,58.0,R,,,Top of wood frame (MP description & height from Winograd report.) WLs reported bgs.,3.0,,,,Driller_7081fe79,,ConstructionNotes_08d4810a,,,,,WaterNotes_edb26639,,,StatusUserNotes_6f35cbb3,,0.0,0.0,0.0,"Winograd, I.J., 1959, Ground-water Conditions and Geology of Sunshine Valley and Western Taos County, NM, State of New Mexico, State Engineer Office, Technical Report #12.",Notes_395ea758,0.0,,MonitorStatusReason_c9915973,,,,0x000000001FF62552
C5804433-EB04-4EBB-B8F6-05436D9794F0,825D1549-F0BC-4FA7-BC3E-9D9E6B60811D,7902,NM-04425,,,,360.0,A,,,WLs reported bgs. Entered zero for mp height for calculated fields. Actual MP height may not be zero.,0.0,,,,Driller_7081fe79,,ConstructionNotes_08d4810a,,,110AVMB,,WaterNotes_0bc0144d,,I,StatusUserNotes_6f35cbb3,,0.0,0.0,0.0,USGS,Notes_395ea758,0.0,,MonitorStatusReason_c9915973,,W,I,0x000000001FF625C9
7A94676B-CF8E-4453-BBFB-02C31F5C068B,E78E4273-BABF-4B05-ADA4-9EC4B0FD1475,8361,NM-04884,,,845.0,845.0,A,1991-12-14 00:00:00.000,A,WLs reported bgs. Entered zero for mp height for calculated fields. Actual MP height may not be zero.,0.0,,,,Driller_7081fe79,,ConstructionNotes_08d4810a,C,,112SNTF,,WaterNotes_0bc0144d,,P,StatusUserNotes_6f35cbb3,,0.0,0.0,0.0,USGS,Notes_395ea758,0.0,,MonitorStatusReason_c9915973,,W,P,0x000000001FF62675
9C1DED0D-130F-4782-A3C3-02FC586667F5,E15FF8D1-52C1-448E-95CB-9F04C8004EAE,36609,NM-27289,,,400.0,312.0,A,1972-02-01 00:00:00.000,A,WLs reported bgs. Entered zero for mp height for calculated fields. Actual MP height may not be zero.,0.0,,,,Driller_7081fe79,,ConstructionNotes_b941949f,,,110BLSN,,WaterNotes_0bc0144d,,O,StatusUserNotes_6f35cbb3,,0.0,0.0,0.0,USGS,Notes_395ea758,0.0,,MonitorStatusReason_c9915973,,O,U,0x000000001FF6269B
4CAA87AE-03EA-4FFD-B641-0130AD706124,345AADDB-1A25-4134-B726-9F05E03E9E17,5177,NM-02240,,,,115.0,A,,,WLs reported bgs. Entered zero for mp height for calculated fields. Actual MP height may not be zero.,0.0,,,,Driller_7081fe79,,ConstructionNotes_08d4810a,,,110AVMB,,WaterNotes_0bc0144d,,I,StatusUserNotes_6f35cbb3,,0.0,0.0,0.0,USGS,Notes_395ea758,0.0,,MonitorStatusReason_c9915973,,W,I,0x000000001FF6269C
0938F39B-8619-41EA-8666-016BF793742F,7CB941F5-0DAE-4042-8B4B-9F136D98DDB8,12824,NM-09347,,,,117.0,A,,,WLs reported bgs. Entered zero for mp height for calculated fields. Actual MP height may not be zero.,0.0,,,,Driller_7081fe79,,ConstructionNotes_08d4810a,,,121OGLL,,WaterNotes_0bc0144d,,X,StatusUserNotes_6f35cbb3,,0.0,0.0,0.0,USGS,Notes_395ea758,0.0,,MonitorStatusReason_c9915973,,Z,U,0x000000001FF626AB
AA21AF1C-C81A-4193-8341-04CD55BC4310,23A234B4-85D0-4B20-93C4-9F1D3243564A,22934,NM-19457,,,,470.0,A,,,WLs reported bgs. Entered zero for mp height for calculated fields. Actual MP height may not be zero.,0.0,,,,Driller_7081fe79,,ConstructionNotes_08d4810a,,,121OGLL,,WaterNotes_0bc0144d,,I,StatusUserNotes_6f35cbb3,,0.0,0.0,0.0,USGS,Notes_395ea758,0.0,,MonitorStatusReason_c9915973,,W,I,0x000000001FF626B3
A811C2CB-A885-47BD-A2F4-018DAE379EB0,E633485E-B072-4BF0-BD8B-9F43D2AEBF7C,4772,NM-01835,,,,333.0,A,1973-08-02 00:00:00.000,A,WLs reported bgs. Entered zero for mp height for calculated fields. Actual MP height may not be zero.,0.0,,,,Driller_7081fe79,,ConstructionNotes_08d4810a,,,112SNTF,,WaterNotes_0bc0144d,,X,StatusUserNotes_6f35cbb3,,0.0,0.0,0.0,USGS,Notes_395ea758,0.0,,MonitorStatusReason_c9915973,,O,U,0x000000001FF626CE
4461C778-22FA-4428-9882-01EA2F0269DB,09CCD394-B164-4331-BEBB-9FE2F86114F9,18552,NM-15075,,,,,,,,WLs reported bgs. Entered zero for mp height for calculated fields. Actual MP height may not be zero.,0.0,,,,Driller_7081fe79,,ConstructionNotes_08d4810a,,,231CHNL,,WaterNotes_0bc0144d,,L,StatusUserNotes_6f35cbb3,,0.0,0.0,0.0,USGS,Notes_395ea758,0.0,,MonitorStatusReason_c9915973,,W,S,0x000000001FF62727
817F8D1C-6170-4B03-876E-01CDD0965334,66520954-CAB9-4442-B75F-A036DCB25C32,14758,NM-11281,,,,163.0,A,,,WLs reported bgs. Entered zero for mp height for calculated fields. Actual MP height may not be zero.,0.0,,,,Driller_7081fe79,,ConstructionNotes_08d4810a,,,121OGLL,,WaterNotes_0bc0144d,,X,StatusUserNotes_6f35cbb3,,0.0,0.0,0.0,USGS,Notes_395ea758,0.0,,MonitorStatusReason_c9915973,,U,U,0x000000001FF62750
BFA55E1B-A5FF-406D-A38C-0213D65D6207,A5A3D919-0767-452F-B5E2-A10B9256577D,2119,UC-0108,X,,,,,,,"mp unknown, arbitrary",0.0,,,,Driller_7081fe79,,ConstructionNotes_80870667,,,211DKOT,,WaterNotes_78e0d9af,,,StatusUserNotes_6f35cbb3,,0.0,0.0,0.0,Some data from USGS. Overlapping site data.,Notes_395ea758,0.0,,MonitorStatusReason_c9915973,,W,I,0x000000001FF627BE
255BB0CD-F2B6-4E94-99AC-029DC8A2E92B,0E0AC9ED-1FB9-4627-9F25-A14726767D32,27506,NM-24029,,,,295.0,A,1979-05-23 00:00:00.000,A,WLs reported bgs. Entered zero for mp height for calculated fields. Actual MP height may not be zero.,0.0,,,,Driller_7081fe79,,ConstructionNotes_08d4810a,,,123GLST,,WaterNotes_0bc0144d,,D,StatusUserNotes_6f35cbb3,,0.0,0.0,0.0,USGS,Notes_395ea758,0.0,,MonitorStatusReason_c9915973,,W,H,0x000000001FF627DC
8315778D-CBE4-4A35-A962-04C57B1524CA,293AC3B4-B6AB-4935-91CB-A1621A5A34DA,18879,NM-15402,,,,141.0,A,,,WLs reported bgs. Entered zero for mp height for calculated fields. Actual MP height may not be zero.,0.0,,,,Driller_7081fe79,,ConstructionNotes_08d4810a,,,210CRCS,,WaterNotes_0bc0144d,,I,StatusUserNotes_6f35cbb3,,0.0,0.0,0.0,USGS,Notes_395ea758,0.0,,MonitorStatusReason_c9915973,,W,I,0x000000001FF627F3
3166FAA8-95A3-486A-AD0F-036E0EB3AB5A,0228A973-3A0A-4857-8E50-A18CECFB716B,5654,NM-02717,RA-01927,,,83.0,A,,,WLs reported bgs. Entered zero for mp height for calculated fields. Actual MP height may not be zero.,0.0,,,,Driller_7081fe79,,ConstructionNotes_08d4810a,,,110AVMB,,WaterNotes_0bc0144d,,I,StatusUserNotes_6f35cbb3,,0.0,0.0,0.0,USGS,Notes_395ea758,0.0,,MonitorStatusReason_c9915973,,W,I,0x00000000261C338F
FFBF1EA8-3FA6-434A-BFEB-049D412633AF,309D1A68-50D0-4FE7-8F9B-A1FAC0FDCC78,23974,NM-20497,,,,,,,,WLs reported bgs. Entered zero for mp height for calculated fields. Actual MP height may not be zero.,0.0,,,,Driller_7081fe79,,ConstructionNotes_08d4810a,,,110AVMB,,WaterNotes_0bc0144d,,I,StatusUserNotes_6f35cbb3,,0.0,0.0,0.0,USGS,Notes_395ea758,0.0,,MonitorStatusReason_c9915973,,W,I,0x000000001FF62849
2F59A2E9-C216-409A-9A03-041D039EAC20,55C09C4B-F6AA-423A-A83F-A28F13886371,35855,TO-0477,,,,185.0,R,1936-01-01 00:00:00.000,R,WLs reported bgs. Entered zero for mp height for calculated fields. Actual MP height may not be zero.,0.0,0.5,,,Driller_7081fe79,,ConstructionNotes_224b04d3,,,231DCKM,,WaterNotes_d75c9f4f,,L,StatusUserNotes_6f35cbb3,,0.0,0.0,0.0,"GW5: Geology and Ground-Water Resources of Torrance County, NM (1957) R.E. Smith, NM Bureau of Geology",Notes_395ea758,0.0,,MonitorStatusReason_c9915973,,,,0x000000001FF6289C
A05F62C2-FA54-4602-A823-05EAEB03A18C,880A30C9-16B7-463C-9461-A2FD8FE5B5A5,5098,NM-02161,,,135.0,135.0,A,,,TOC; part steel plates to fit tape into casing. USGS WLs reported bgs.,0.88,1.1,,,Driller_7081fe79,,ConstructionNotes_ed6056a4,,,,,WaterNotes_0bc0144d,C,DI,StatusUserNotes_eca1ebec,,0.0,0.0,0.0,USGS,Notes_30d7efb8,0.0,,MonitorStatusReason_c9915973,,W,I,0x000000001FF628D5
C12E509F-B77F-4089-9507-054B2CE65A9E,22C8925A-B50A-44ED-8746-A2FEFD5C00CB,29680,NM-26203,,,172.0,172.0,A,1992-07-29 00:00:00.000,A,WLs reported bgs. Entered zero for mp height for calculated fields. Actual MP height may not be zero.,0.0,,,,Driller_7081fe79,,ConstructionNotes_08d4810a,C,,321SGDC,,WaterNotes_0bc0144d,,D,StatusUserNotes_6f35cbb3,,0.0,0.0,0.0,USGS,Notes_395ea758,0.0,,MonitorStatusReason_c9915973,,W,H,0x000000001FF628D8
79934B59-F208-41EB-9B85-00DB5ED9AC4E,DF302ED9-5DF0-4372-B89C-A3063A5C5B62,15811,NM-12334,,,,270.0,A,,,WLs reported bgs. Entered zero for mp height for calculated fields. Actual MP height may not be zero.,0.0,,,,Driller_7081fe79,,ConstructionNotes_08d4810a,,,110AVMB,,WaterNotes_0bc0144d,,X,StatusUserNotes_6f35cbb3,,0.0,0.0,0.0,USGS,Notes_395ea758,0.0,,MonitorStatusReason_c9915973,,U,U,0x000000001FF628DB
B8B7F052-793C-468F-A172-045C4F10374A,FED1BC1D-3916-4EF9-AF52-A33F68D4A295,9580,NM-06103,,,,,,,,WLs reported bgs. Entered zero for mp height for calculated fields. Actual MP height may not be zero.,0.0,,,,Driller_7081fe79,,ConstructionNotes_08d4810a,,,,,WaterNotes_0bc0144d,,L,StatusUserNotes_6f35cbb3,,0.0,0.0,0.0,USGS,Notes_395ea758,0.0,,MonitorStatusReason_c9915973,,W,S,0x000000001FF628FF
D9BE8746-F1C5-487F-BF53-04B7796DC8A6,EA5E71A5-4D41-4D88-95B0-A4A5BC9578A3,29745,NM-26268,SJ-00070,,335.0,335.0,A,1957-06-28 00:00:00.000,A,WLs reported bgs. Entered zero for mp height for calculated fields. Actual MP height may not be zero.,0.0,0.72,335.0,,Driller_cb533f6a,,ConstructionNotes_08d4810a,,,110AVMB,22.0,WaterNotes_a2291817,,N,StatusUserNotes_6f35cbb3,,0.0,0.0,0.0,USGS,Notes_395ea758,0.0,NM26268.pdf,MonitorStatusReason_c9915973,,W,N,0x000000002666E799
C05B3129-654E-45FF-963A-031332EA9DAE,781E9608-9A12-4DDA-8AB2-A4B1ADE79469,8702,NM-05225,,,,,,,,WLs reported bgs. Entered zero for mp height for calculated fields. Actual MP height may not be zero.,0.0,,,,Driller_7081fe79,,ConstructionNotes_08d4810a,,,,,WaterNotes_0bc0144d,,I,StatusUserNotes_6f35cbb3,,0.0,0.0,0.0,USGS,Notes_395ea758,0.0,,MonitorStatusReason_c9915973,,W,I,0x000000001FF629D9
AA67C9F5-E8DE-4DA9-AAA1-02F334B63A7B,7883F198-86B2-455B-A356-A4C5BB4DBB21,18664,NM-15187,,,,640.0,A,,,WLs reported bgs. Entered zero for mp height for calculated fields. Actual MP height may not be zero.,0.0,,,,Driller_7081fe79,,ConstructionNotes_08d4810a,,,313SADR,,WaterNotes_0bc0144d,,C,StatusUserNotes_6f35cbb3,,0.0,0.0,0.0,USGS,Notes_395ea758,0.0,,MonitorStatusReason_c9915973,,W,C,0x000000001FF629E6
359499C9-837F-4D57-9F53-00B7E47CD948,E058CA41-5EC7-4BAC-9A3A-A4FF93E28C34,31467,QY-0522,,,66.0,66.0,R,1946-01-01 00:00:00.000,R,WLs reported bgs. Entered zero for mp height for calculated fields. Actual MP height may not be zero.,0.0,0.6666667,,,Driller_64772c27,,ConstructionNotes_668789c1,,,110ALVM/121OGLL,,WaterNotes_2f312d48,,L,StatusUserNotes_6f35cbb3,,0.0,0.0,0.0,"GW9: Groundwater Resources & Geology of Quay County, NM (1966) Charles Berkstresser, Jr. & Walter A. Mourant, NM Bureau of Geology",Notes_395ea758,0.0,,MonitorStatusReason_c9915973,,,,0x000000001FF62A09
023AE775-F9B4-434A-8193-04D703B8CCE6,37967ECF-52E7-4DF0-AD91-A50A766E2D29,8969,NM-05492,,,,,,,,WLs reported bgs. Entered zero for mp height for calculated fields. Actual MP height may not be zero.,0.0,,,,Driller_7081fe79,,ConstructionNotes_08d4810a,,,,,WaterNotes_0bc0144d,,X,StatusUserNotes_6f35cbb3,,0.0,0.0,0.0,USGS,Notes_395ea758,0.0,,MonitorStatusReason_c9915973,,W,U,0x000000001FF62A0F
F529EEDE-4A58-41C3-A08E-042067310324,27D88E7E-F859-4F3C-8CE6-A5927251F539,1673,HS-014,HS-00209 S,,177.0,154.0,D,1962-03-24 00:00:00.000,D,Information not provided on inventory record. Assumed at ground surface.,0.0,,154.0,,Driller_7e768d8e,,ConstructionNotes_6f02e9e9,A,,,,WaterNotes_371e8fde,C,C,StatusUserNotes_28e82731,X,0.0,0.0,0.0,,Notes_150b7c12,0.0,HS014.pdf,MonitorStatusReason_c9915973,,,,0x000000002666E56A
640FA27D-5C0E-4822-9F91-061A12113DA8,E0C751D2-00EC-4BF8-A6ED-A5BC79E1DC1F,14105,NM-10628,,,,110.0,A,,,WLs reported bgs. Entered zero for mp height for calculated fields. Actual MP height may not be zero.,0.0,,,,Driller_7081fe79,,ConstructionNotes_08d4810a,,,121OGLL,,WaterNotes_0bc0144d,,L,StatusUserNotes_6f35cbb3,,0.0,0.0,0.0,USGS,Notes_395ea758,0.0,,MonitorStatusReason_c9915973,,W,S,0x000000001FF62A88
1AB99475-52DF-478E-AF2D-031A1D88B48E,B3D6AAEA-3CA5-4679-BC90-A6542DB5A9A3,12896,NM-09419,,,,85.0,A,1947-03-01 00:00:00.000,A,WLs reported bgs. Entered zero for mp height for calculated fields. Actual MP height may not be zero.,0.0,,,,Driller_7081fe79,,ConstructionNotes_08d4810a,,,110AVMB,,WaterNotes_0bc0144d,,I,StatusUserNotes_6f35cbb3,,0.0,0.0,0.0,USGS,Notes_395ea758,0.0,,MonitorStatusReason_c9915973,,W,I,0x000000001FF62ADB
210A536B-5F0B-488A-99E1-06040DB263F5,658D304C-C1A1-4BD1-8F2A-A6F08DF2F4B9,24962,NM-21485,,,74.0,74.0,A,1950-01-01 00:00:00.000,A,WLs reported bgs. Entered zero for mp height for calculated fields. Actual MP height may not be zero.,0.0,,,,Driller_7081fe79,,ConstructionNotes_08d4810a,,,,,WaterNotes_0bc0144d,,I,StatusUserNotes_6f35cbb3,,0.0,0.0,0.0,USGS,Notes_395ea758,0.0,,MonitorStatusReason_c9915973,,W,I,0x000000001FF62B4E
4DA98F72-85B6-44B2-B007-00A1061F99EC,1DC54B75-5BFB-44EB-82EF-A728CA213EDC,39415,SB-0471,X,,,0.0,A,,,Entered zero for MP height for calculated fields. Actual MP hgt may not be zero.,0.0,,,,Driller_7081fe79,,ConstructionNotes_08d4810a,,,318BSVP,,WaterNotes_0bc0144d,,L,StatusUserNotes_6f35cbb3,,0.0,0.0,0.0,Texas Water Development Board,Notes_395ea758,0.0,,MonitorStatusReason_c9915973,,,,0x000000001FF62B6A
D1976A48-952A-451D-9792-05ED2E1858FB,4B1848A1-1F1F-4499-8274-A7303AAF67D5,31898,QY-0708,,,76.0,76.0,R,1945-01-01 00:00:00.000,R,WLs reported bgs. Entered zero for mp height for calculated fields. Actual MP height may not be zero.,0.0,1.166667,,,Driller_ea83f89f,,ConstructionNotes_ce5073cb,,,121OGLL,,WaterNotes_a920ec80,,I,StatusUserNotes_6f35cbb3,,0.0,0.0,0.0,"GW9: Groundwater Resources & Geology of Quay County, NM (1966) Charles Berkstresser, Jr. & Walter A. Mourant, NM Bureau of Geology",Notes_395ea758,0.0,,MonitorStatusReason_c9915973,,,,0x000000001FF62B72
B1D2E5CD-A7E6-4121-9337-05B81ADCF6E2,A6193164-1DB0-4B5A-B484-A74172CF94B1,36728,NM-27408,,,,850.0,A,,,WLs reported bgs. Entered zero for mp height for calculated fields. Actual MP height may not be zero.,0.0,,,,Driller_7081fe79,,ConstructionNotes_08d4810a,,,313SADR,,WaterNotes_0bc0144d,,I,StatusUserNotes_6f35cbb3,,0.0,0.0,0.0,USGS,Notes_395ea758,0.0,,MonitorStatusReason_c9915973,,W,I,0x000000001FF62B7D
2D3D6363-7304-4A93-BEF6-03AFE6B574EA,7418350C-5810-41E1-9B89-A7582BC89551,27266,NM-23789,,,,,,,,WLs reported bgs. Entered zero for mp height for calculated fields. Actual MP height may not be zero.,0.0,,,,Driller_7081fe79,,ConstructionNotes_08d4810a,,,231SNRS,,WaterNotes_0bc0144d,,P,StatusUserNotes_6f35cbb3,,0.0,0.0,0.0,USGS,Notes_395ea758,0.0,,MonitorStatusReason_c9915973,,W,P,0x000000001FF62B8B
20FF55D4-F8B3-47CE-B2AD-056CADCA02EC,E9C9EAB0-AF6C-43CF-BBB2-A7867DCA386D,16501,NM-13024,,,,310.0,A,,,WLs reported bgs. Entered zero for mp height for calculated fields. Actual MP height may not be zero.,0.0,,,,Driller_7081fe79,,ConstructionNotes_08d4810a,,,313ARTS,,WaterNotes_0bc0144d,,L,StatusUserNotes_6f35cbb3,,0.0,0.0,0.0,USGS,Notes_395ea758,0.0,,MonitorStatusReason_c9915973,,W,S,0x000000001FF62BAD
7E3A165D-B6DF-43FE-9DD4-05D69EC65D76,8F2E870A-AB5E-483B-9135-A7B4748E4D32,30999,MI-0057,,,,65.0,R,,,Entered zero for mp height for calculated fields. Actual MP height may not be zero.,0.0,0.5,,,Driller_7081fe79,,ConstructionNotes_056726e7,,,260SNAN,,WaterNotes_0bc0144d,,DS,StatusUserNotes_6f35cbb3,,0.0,0.0,0.0,"Data from Groundwater Report 2: Geology & Groundwater Resources of San Miguel County, NM. (1951) NMBGMR by R.L. Griggs and G.E. Hendrickson.",Notes_395ea758,0.0,,MonitorStatusReason_c9915973,,,,0x000000001FF62BC2
DE7F169C-5541-41BD-B519-059900F2766B,17781C61-66BE-46BA-BAC4-A86CD7A3565F,40583,DE-0347,,,,86.0,G,1992-10-01 00:00:00.000,G,,3.02,0.33,,,Driller_7081fe79,,ConstructionNotes_08d4810a,,,,,WaterNotes_0bc0144d,,,StatusUserNotes_6f35cbb3,,0.0,0.0,0.0,"OCD AP-112 Report by Larson & Associates, Inc. ",Notes_395ea758,0.0,,MonitorStatusReason_c9915973,,,,0x0000000024254297
1843CE42-A331-4827-A952-036ACDDDB6F6,DF2429C3-9AAE-4E47-8B84-A87E19B5C358,9060,NM-05583,,,,,,,,WLs reported bgs. Entered zero for mp height for calculated fields. Actual MP height may not be zero.,0.0,,,,Driller_7081fe79,,ConstructionNotes_08d4810a,,,,,WaterNotes_0bc0144d,,I,StatusUserNotes_6f35cbb3,,0.0,0.0,0.0,USGS,Notes_395ea758,0.0,,MonitorStatusReason_c9915973,,W,I,0x000000001FF62C2E
8A10DE0B-5FDB-4A4E-834D-022EEA4CA2ED,D046A95F-A7FE-40E3-AC5B-A8A68B1967E0,23208,NM-19731,,,,,,,,WLs reported bgs. Entered zero for mp height for calculated fields. Actual MP height may not be zero.,0.0,,,,Driller_7081fe79,,ConstructionNotes_08d4810a,,,121OGLL,,WaterNotes_0bc0144d,,D,StatusUserNotes_6f35cbb3,,0.0,0.0,0.0,USGS,Notes_395ea758,0.0,,MonitorStatusReason_c9915973,,W,H,0x000000001FF62C47
D73E28EC-7CA5-401C-B7BB-05DF9126F77B,7578EF2A-45A3-41F7-B2E9-A8B9A1F9BFDF,11975,NM-08498,,,,180.0,A,,,WLs reported bgs. Entered zero for mp height for calculated fields. Actual MP height may not be zero.,0.0,,,,Driller_7081fe79,,ConstructionNotes_08d4810a,,,121OGLL,,WaterNotes_0bc0144d,,P,StatusUserNotes_6f35cbb3,,0.0,0.0,0.0,USGS,Notes_395ea758,0.0,,MonitorStatusReason_c9915973,,W,P,0x000000001FF62C50
8A420366-924B-4C72-8B73-060DEF43A1E7,C1B0B56C-9EC8-45F6-AB48-A9342A294C83,16365,NM-12888,,,660.0,,A,1951-01-01 00:00:00.000,A,WLs reported bgs. Entered zero for mp height for calculated fields. Actual MP height may not be zero.,0.0,,,,Driller_7081fe79,,ConstructionNotes_08d4810a,,,310YESOG,,WaterNotes_0bc0144d,,L,StatusUserNotes_6f35cbb3,,0.0,0.0,0.0,USGS,Notes_395ea758,0.0,,MonitorStatusReason_c9915973,,W,S,0x000000001FF62CA5
264A627E-1F44-42C5-B726-042C2008AFFF,F6BA075D-64B5-4E61-8AA6-A99158D6CDCB,24036,NM-20559,,,,,,,,WLs reported bgs. Entered zero for mp height for calculated fields. Actual MP height may not be zero.,0.0,,,,Driller_7081fe79,,ConstructionNotes_08d4810a,,,121OGLL,,WaterNotes_0bc0144d,,,StatusUserNotes_6f35cbb3,,0.0,0.0,0.0,USGS,Notes_395ea758,0.0,,MonitorStatusReason_c9915973,,W,,0x000000001FF62CD9
8641BCBE-464B-4132-BDCC-00233EFA4011,55EBE445-0FBB-46A5-8EED-AA06D02A6B53,26825,NM-23348,,,150.0,150.0,A,2000-10-09 00:00:00.000,A,WLs reported bgs. Entered zero for mp height for calculated fields. Actual MP height may not be zero.,0.0,,,,Driller_7081fe79,,ConstructionNotes_08d4810a,,,325MDER,80.0,WaterNotes_0bc0144d,,D,StatusUserNotes_6f35cbb3,,0.0,0.0,0.0,USGS,Notes_395ea758,0.0,,MonitorStatusReason_c9915973,,W,H,0x000000001FF62D15
C936C3A9-CDEA-496C-93E3-022E05A69A1A,0680886A-F518-4732-9ECD-AA686562C2D1,8899,NM-05422,,,,200.0,A,,,WLs reported bgs. Entered zero for mp height for calculated fields. Actual MP height may not be zero.,0.0,,,,Driller_7081fe79,,ConstructionNotes_08d4810a,,,121OGLL,,WaterNotes_0bc0144d,,D,StatusUserNotes_6f35cbb3,,0.0,0.0,0.0,USGS,Notes_395ea758,0.0,,MonitorStatusReason_c9915973,,W,H,0x000000001FF62D50
5C601AF8-8437-41A9-81B1-048A3596BD19,97691784-78EA-4DD9-88C4-AA8A2CEC711D,33698,BW-0546,,,,70.0,,,,WLs reported bgs. Entered zero for mp height for calculated fields. Actual MP height may not be zero.,0.0,,,,Driller_7081fe79,,ConstructionNotes_f07205d3,,,,,WaterNotes_0bc0144d,,,StatusUserNotes_6f35cbb3,,0.0,0.0,0.0,"McLean, J.S. (1970) Saline Ground-Water Resources of the Tularosa Basin, NM. Office of Saline Water, R&D Progress Rpt 561",Notes_395ea758,0.0,,MonitorStatusReason_c9915973,,,,0x000000001FF62D6E
5DE8DD38-27B3-4FA0-8136-02F3E6645CDF,8498AD37-BA0C-4D8E-889B-AAA5D313BE12,16506,NM-13029,,,,245.0,A,1963-10-01 00:00:00.000,A,WLs reported bgs. Entered zero for mp height for calculated fields. Actual MP height may not be zero.,0.0,,,,Driller_7081fe79,,ConstructionNotes_08d4810a,,,112SNTF,,WaterNotes_0bc0144d,,I,StatusUserNotes_6f35cbb3,,0.0,0.0,0.0,USGS,Notes_395ea758,0.0,,MonitorStatusReason_c9915973,,W,I,0x000000001FF62D81
C172A1B5-64DF-FD42-AC75-04E85CBC2C70,96AE3E5F-F7D3-E546-BFBF-AAE554EA653C,41142,DA-0045,,,,224.0,R,,,WLs reported bgs. Entered zero for mp height for calculated fields. Actual MP height may not be zero.,0.0,,,,Driller_7081fe79,,ConstructionNotes_08d4810a,,,,,WaterNotes_989bc841,,L,StatusUserNotes_6f35cbb3,,0.0,0.0,0.0,"HR-1: Geology & Ground-Water Resources of Central & Western Dona Ana County, NM (1971) King, W.E., Hawley, J.W., Taylor, A.M. and Wilson, R.P. New Mexico Bureau of Geology",Notes_395ea758,0.0,,MonitorStatusReason_c9915973,,,,0x000000002A72DDBD
7E310359-1F5E-4D45-987E-00330A1286F5,18C087F2-424D-7748-8168-AB24F0F7CFBC,40177,DE-0002,?,,,,,,,TOC buried under dirt. Did not measure.,,,,,Driller_7081fe79,,ConstructionNotes_955972ba,,,,,WaterNotes_ed0078f1,C,L,StatusUserNotes_6f35cbb3,XS,0.0,0.0,0.0,,Notes_4bae50d1,0.0,,MonitorStatusReason_c9915973,,,,0x0000000021E01E8E
A78C0DA9-B321-49BA-82D3-05DAEA3D2953,279401DE-E2E5-4C2B-AEAE-AB459AF0F77C,18365,NM-14888,,,,,,,,WLs reported bgs. Entered zero for mp height for calculated fields. Actual MP height may not be zero.,0.0,,,,Driller_7081fe79,,ConstructionNotes_08d4810a,,,210CRCS,,WaterNotes_0bc0144d,,L,StatusUserNotes_6f35cbb3,,0.0,0.0,0.0,USGS,Notes_395ea758,0.0,,MonitorStatusReason_c9915973,,W,S,0x000000001FF62DD4
AE1E9A13-D0AE-44F4-B7AE-051122575C30,F5CCE23A-E86F-46FB-9EC2-AB49D34CBD2B,2137,UC-0126,X,,,,,,,"mp unknown, arbitrary",0.0,,,,Driller_7081fe79,,ConstructionNotes_cda132ce,,,121OGLL,,WaterNotes_0a8e0860,,,StatusUserNotes_6f35cbb3,,0.0,0.0,0.0,Some data from USGS. Overlapping site data.,Notes_395ea758,0.0,,MonitorStatusReason_c9915973,,W,U,0x000000001FF62DD7
DAD28EAA-C9C3-41C9-A643-039A6A110BBB,93971C91-1AF1-4E2F-92EA-AB812858EC67,8024,NM-04547,,,,,,,,WLs reported bgs. Entered zero for mp height for calculated fields. Actual MP height may not be zero.,0.0,,,,Driller_7081fe79,,ConstructionNotes_08d4810a,,,,,WaterNotes_0bc0144d,,L,StatusUserNotes_6f35cbb3,,0.0,0.0,0.0,USGS,Notes_395ea758,0.0,,MonitorStatusReason_c9915973,,W,S,0x000000001FF62DFF
A3B32AE8-A86F-4729-A91F-01BB3E6CB8AD,89039E5B-7901-4369-A5B1-AB8B198AD124,26360,NM-22883,,,,30.0,A,,,WLs reported bgs. Entered zero for mp height for calculated fields. Actual MP height may not be zero.,0.0,,,,Driller_7081fe79,,ConstructionNotes_08d4810a,,,231CHNL,,WaterNotes_0bc0144d,,L,StatusUserNotes_6f35cbb3,,0.0,0.0,0.0,USGS,Notes_395ea758,0.0,,MonitorStatusReason_c9915973,,W,S,0x000000001FF62E03
A5EAE7FA-EF6F-48E3-8AAF-0212815D7EBA,113B93FF-710F-4212-A367-AC0A5519E184,20202,NM-16725,,,,60.0,A,,,WLs reported bgs. Entered zero for mp height for calculated fields. Actual MP height may not be zero.,0.0,,,,Driller_7081fe79,,ConstructionNotes_08d4810a,,,110AVMB,,WaterNotes_0bc0144d,,D,StatusUserNotes_6f35cbb3,,0.0,0.0,0.0,USGS,Notes_395ea758,0.0,,MonitorStatusReason_c9915973,,W,H,0x000000001FF62E5D
37074046-F938-49CE-9833-05380E315C5F,5EBAD076-05F1-4023-9B2B-AC3317B61DBE,31917,QY-0727,,,108.0,108.0,R,1945-01-01 00:00:00.000,R,WLs reported bgs. Entered zero for mp height for calculated fields. Actual MP height may not be zero.,0.0,0.4166667,110.0,,Driller_bb5a1e7c,,ConstructionNotes_1fecfa31,,,121OGLL,,WaterNotes_294d9c27,,L,StatusUserNotes_6f35cbb3,,0.0,0.0,0.0,"GW9: Groundwater Resources & Geology of Quay County, NM (1966) Charles Berkstresser, Jr. & Walter A. Mourant, NM Bureau of Geology",Notes_395ea758,0.0,,MonitorStatusReason_c9915973,,,,0x000000001FF62E7A
572644F6-73D4-4437-811A-04144F3E12FD,2BD20477-E4EE-4AB2-B15A-AC4C8ECBE0D3,28754,NM-25277,,,,,,,,WLs reported bgs. Entered zero for mp height for calculated fields. Actual MP height may not be zero.,0.0,,,,Driller_7081fe79,,ConstructionNotes_08d4810a,,,,,WaterNotes_0bc0144d,,X,StatusUserNotes_6f35cbb3,,0.0,0.0,0.0,USGS,Notes_395ea758,0.0,,MonitorStatusReason_c9915973,,W,U,0x000000001FF62E8F
475984BA-7B6F-4365-8679-0483E4DC2409,6895FC61-5922-49AF-8CDD-AC6299D6B69E,30856,MI-0153,,,,70.0,R,,,Entered zero for mp height for calculated fields. Actual MP height may not be zero.,0.0,,,,Driller_7081fe79,,ConstructionNotes_056726e7,,,231SNRS,,WaterNotes_0bc0144d,,,StatusUserNotes_6f35cbb3,,0.0,0.0,0.0,"Data from Groundwater Report 2: Geology & Groundwater Resources of San Miguel County, NM. (1951) NMBGMR by R.L. Griggs and G.E. Hendrickson.",Notes_395ea758,0.0,,MonitorStatusReason_c9915973,,,,0x000000001FF62E9B
81031C52-2080-4EC2-A933-03A9AC317CCA,85B6839A-6615-4173-AAFB-AC8150844781,3333,NM-00778,,,,,,,,WLs reported bgs. Entered zero for mp height for calculated fields. Actual MP height may not be zero.,0.0,,,,Driller_7081fe79,,ConstructionNotes_08d4810a,,,,,WaterNotes_0bc0144d,,,StatusUserNotes_6f35cbb3,,0.0,0.0,0.0,USGS,Notes_395ea758,0.0,,MonitorStatusReason_c9915973,,W,,0x000000001FF62EA8
382EE0E1-3370-4394-9486-05BE072FC2EB,EB94F713-A943-4667-A366-AC8473713156,33474,BW-0322,,,,900.0,R,,,WLs reported bgs. Entered zero for mp height for calculated fields. Actual MP height may not be zero.,0.0,,,,Driller_7081fe79,,ConstructionNotes_08d4810a,,,110ALVM,,WaterNotes_d3be4623,,,StatusUserNotes_6f35cbb3,,0.0,0.0,0.0,"McLean, J.S. (1970) Saline Ground-Water Resources of the Tularosa Basin, NM. Office of Saline Water, R&D Progress Rpt 561",Notes_395ea758,0.0,,MonitorStatusReason_c9915973,,,,0x000000001FF62EAC
F5875C0D-0876-4EA1-9577-0032A295454A,F524E50B-2A0E-4EAF-BE74-ACC294F24E6D,5438,NM-02501,,,,127.0,A,,,WLs reported bgs. Entered zero for mp height for calculated fields. Actual MP height may not be zero.,0.0,,,,Driller_7081fe79,,ConstructionNotes_08d4810a,,,110AVMB,,WaterNotes_0bc0144d,,D,StatusUserNotes_6f35cbb3,,0.0,0.0,0.0,USGS,Notes_395ea758,0.0,,MonitorStatusReason_c9915973,,W,H,0x000000001FF62EC8
9DFC84A7-F419-4171-B88A-041908D68F94,DF6A5F0C-A02A-43C6-B9C7-ACEFB62FEB10,24496,NM-21019,,,,258.0,A,,,WLs reported bgs. Entered zero for mp height for calculated fields. Actual MP height may not be zero.,0.0,,,,Driller_7081fe79,,ConstructionNotes_08d4810a,,,121OGLL,,WaterNotes_0bc0144d,,X,StatusUserNotes_6f35cbb3,,0.0,0.0,0.0,USGS,Notes_395ea758,0.0,,MonitorStatusReason_c9915973,,O,U,0x000000001FF62EE7
D3FF7065-2E62-411B-8C5B-0348F4BEBFC5,9CAC11AD-86BC-421E-8737-AD726A7C553A,25992,NM-22515,,,331.0,331.0,A,1974-05-15 00:00:00.000,A,WLs reported bgs. Entered zero for mp height for calculated fields. Actual MP height may not be zero.,0.0,,,,Driller_7081fe79,,ConstructionNotes_08d4810a,,,,,WaterNotes_0bc0144d,,X,StatusUserNotes_6f35cbb3,,0.0,0.0,0.0,USGS,Notes_395ea758,0.0,,MonitorStatusReason_c9915973,,U,U,0x000000001FF62F43
8C615E97-CDF9-4161-9324-003380AC2D61,50BDE749-95C6-45B4-9045-ADA28648C096,17706,NM-14229,,,,455.0,A,,,WLs reported bgs. Entered zero for mp height for calculated fields. Actual MP height may not be zero.,0.0,,,,Driller_7081fe79,,ConstructionNotes_08d4810a,,,313SADR,,WaterNotes_0bc0144d,,I,StatusUserNotes_6f35cbb3,,0.0,0.0,0.0,USGS,Notes_395ea758,0.0,,MonitorStatusReason_c9915973,,W,I,0x000000001FF62F5B
3400C724-0BAF-48DF-B24D-0252ECB9047C,7A2DB38D-1EB9-4D7C-A3C6-ADAD913E4E66,6579,NM-03642,,,,,,,,WLs reported bgs. Entered zero for mp height for calculated fields. Actual MP height may not be zero.,0.0,,,,Driller_7081fe79,,ConstructionNotes_08d4810a,,,110AVMB,,WaterNotes_0bc0144d,,I,StatusUserNotes_6f35cbb3,,0.0,0.0,0.0,USGS,Notes_395ea758,0.0,,MonitorStatusReason_c9915973,,W,I,0x000000001FF62F5F
42A0ACEF-80B6-4967-AFCA-03011C6F1B73,17C2DA12-0C7D-4843-9461-ADDF5BC94838,26478,NM-23001,,,16.0,16.0,A,2006-07-19 00:00:00.000,A,WLs reported bgs. Entered zero for mp height for calculated fields. Actual MP height may not be zero.,0.0,,,,Driller_7081fe79,,ConstructionNotes_08d4810a,U,,112SNTF,,WaterNotes_0bc0144d,,X,StatusUserNotes_6f35cbb3,,0.0,0.0,0.0,USGS,Notes_395ea758,0.0,,MonitorStatusReason_c9915973,,O,U,0x000000001FF62F79
FB6454D0-DB4A-4091-9794-01B1139B3643,5AC4E4DF-A876-4F6E-9A56-AE2B9E24D55D,9815,NM-06338,,,,100.0,A,,,WLs reported bgs. Entered zero for mp height for calculated fields. Actual MP height may not be zero.,0.0,,,,Driller_7081fe79,,ConstructionNotes_08d4810a,,,110AVMB,,WaterNotes_0bc0144d,,,StatusUserNotes_6f35cbb3,,0.0,0.0,0.0,USGS,Notes_395ea758,0.0,,MonitorStatusReason_c9915973,,W,Z,0x000000001FF62F9E
7B4E5458-438E-E847-97EB-001727670A43,CB560093-DDCD-9146-A4A7-AED094293DFA,37775,WL-0053,CR-02380,,245.0,245.0,D,1996-09-19 00:00:00.000,D,Opposite well cables for monitoring point,2.96,0.54,245.0,,Driller_390df3ee,A,ConstructionNotes_ed6056a4,,,400PREC/320PENN,37.0,WaterNotes_5455b973,C,P,StatusUserNotes_6f35cbb3,A,0.0,0.0,0.0,,Notes_da1c01cc,0.0,,MonitorStatusReason_c9915973,,,,0x00000000209B7986
10B5B3A6-2ADA-4482-9668-047CCE9323D0,CA7D2B57-9124-48A0-85CA-AF16642C0A06,39009,SB-0065,X,,,260.0,A,,,Entered zero for MP height for calculated fields. Actual MP hgt may not be zero.,0.0,,,,Driller_7081fe79,,ConstructionNotes_08d4810a,,,112SLBL,,WaterNotes_0bc0144d,,,StatusUserNotes_6f35cbb3,,0.0,0.0,0.0,Texas Water Development Board,Notes_395ea758,0.0,,MonitorStatusReason_c9915973,,,,0x000000001FF6302E
A5FC6089-8AB2-4301-B11C-03985951D96D,3C0F0DF9-9E34-48DB-8995-AF9BA9B05300,31161,AR-0097,X,,,,,,,Top of casing under cap.,0.2,0.7,,,Driller_7081fe79,,ConstructionNotes_062afbf7,,,,,WaterNotes_0bc0144d,C,D,StatusUserNotes_6f35cbb3,,0.0,0.0,0.0,,Notes_b972fe7b,0.0,,MonitorStatusReason_c9915973,,,,0x000000001FF63078
55D4BC4B-474F-4A02-BE42-04EC62548B98,97391AC9-78E2-4879-94C3-AF9E3D051247,40992,RA-022,,,16.0,,S,,,Top of pipe,0.45,2.1,,,Driller_7081fe79,,ConstructionNotes_08d4810a,,,,,WaterNotes_0bc0144d,C,D,StatusUserNotes_6f35cbb3,,0.0,0.0,0.0,,Notes_4b14dcf1,0.0,,MonitorStatusReason_c9915973,,,,0x0000000029D5DAC6
5EF5430D-BB18-4724-B1BA-00AC8F6229FA,20DD95A2-E9D1-41A9-9E37-B01D76156D26,13107,NM-09630,,,,886.0,A,,,WLs reported bgs. Entered zero for mp height for calculated fields. Actual MP height may not be zero.,0.0,,,,Driller_7081fe79,,ConstructionNotes_08d4810a,,,313GRBG,,WaterNotes_0bc0144d,,X,StatusUserNotes_6f35cbb3,,0.0,0.0,0.0,USGS,Notes_395ea758,0.0,,MonitorStatusReason_c9915973,,U,U,0x000000001FF630C6
DA3121D3-DB9A-43EC-84AF-01FDACB572DD,9859839E-7BBF-4037-8B72-B033F168BABD,8661,NM-05184,,,370.0,370.0,A,,,WLs reported bgs. Entered zero for mp height for calculated fields. Actual MP height may not be zero.,0.0,,,,Driller_7081fe79,,ConstructionNotes_08d4810a,,,112SNTF,,WaterNotes_0bc0144d,,I,StatusUserNotes_6f35cbb3,,0.0,0.0,0.0,USGS,Notes_395ea758,0.0,,MonitorStatusReason_c9915973,,W,I,0x000000001FF630D1
DC775A41-323C-4C5D-ABA3-00406D64BDDE,100DFC90-CC74-4336-A09D-B03425A20064,19109,NM-15632,,,,58.0,A,,,WLs reported bgs. Entered zero for mp height for calculated fields. Actual MP height may not be zero.,0.0,,,,Driller_7081fe79,,ConstructionNotes_08d4810a,,,121OGLL,,WaterNotes_0bc0144d,,X,StatusUserNotes_6f35cbb3,,0.0,0.0,0.0,USGS,Notes_395ea758,0.0,,MonitorStatusReason_c9915973,,U,U,0x000000001FF630D3
4C60F94D-6FD9-4825-8753-0240A2C5D04A,499EC47B-09B5-44D1-9705-B036BFAD73DA,25780,NM-22303,,,35.0,30.0,A,1997-02-07 00:00:00.000,A,WLs reported bgs. Entered zero for mp height for calculated fields. Actual MP height may not be zero.,0.0,,,,Driller_7081fe79,,ConstructionNotes_08d4810a,X,,110AVMB,,WaterNotes_0bc0144d,,X,StatusUserNotes_6f35cbb3,,0.0,0.0,0.0,USGS,Notes_395ea758,0.0,,MonitorStatusReason_c9915973,,O,U,0x000000001FF630D5
D4BAF79C-E32E-4C08-8CE3-03BB05E2C6E6,2DAE102F-CA93-4BC0-AABD-B071E1D68EDB,2572,NM-00017,,,,400.0,A,1917-01-01 00:00:00.000,A,WLs reported bgs. Entered zero for mp height for calculated fields. Actual MP height may not be zero.,0.0,,,,Driller_7081fe79,,ConstructionNotes_08d4810a,,,,,WaterNotes_0bc0144d,,C,StatusUserNotes_6f35cbb3,,0.0,0.0,0.0,USGS,Notes_395ea758,0.0,,MonitorStatusReason_c9915973,,W,C,0x000000001FF630FE
E645CF3C-F39C-455F-BB1E-0277BFA3EFFD,CFAEDED3-C9AE-4DF5-81A1-B081F7F0AD85,10064,NM-06587,,,,,,,,WLs reported bgs. Entered zero for mp height for calculated fields. Actual MP height may not be zero.,0.0,,,,Driller_7081fe79,,ConstructionNotes_08d4810a,,,,,WaterNotes_0bc0144d,,I,StatusUserNotes_6f35cbb3,,0.0,0.0,0.0,USGS,Notes_395ea758,0.0,,MonitorStatusReason_c9915973,,W,I,0x000000001FF6310C
F1B8C821-E721-444D-9D6C-02AE7D0A2828,8428F030-7591-464E-8A67-B097D37D4010,13224,NM-09747,,,,240.0,A,,,WLs reported bgs. Entered zero for mp height for calculated fields. Actual MP height may not be zero.,0.0,,,,Driller_7081fe79,,ConstructionNotes_08d4810a,,,110AVMB,,WaterNotes_0bc0144d,,L,StatusUserNotes_6f35cbb3,,0.0,0.0,0.0,USGS,Notes_395ea758,0.0,,MonitorStatusReason_c9915973,,W,S,0x000000001FF63118
8F0D3788-F39C-4A1C-BA78-0477C3AF1B6C,142E175D-1B42-4FCF-9E63-B09A0BDE43D8,10274,NM-06797,,,,80.0,A,,,WLs reported bgs. Entered zero for mp height for calculated fields. Actual MP height may not be zero.,0.0,,,,Driller_7081fe79,,ConstructionNotes_08d4810a,,,110AVMB,,WaterNotes_0bc0144d,,D,StatusUserNotes_6f35cbb3,,0.0,0.0,0.0,USGS,Notes_395ea758,0.0,,MonitorStatusReason_c9915973,,W,H,0x000000001FF63119
56C3E835-E801-F44A-A03E-053689AD4538,7BFFA158-0F41-BD40-B8CB-B0C712F5D5E9,37860,TC-435,X,,,,,,,Gap next to pipe on well top flush with ground,0.0,,,,Driller_7081fe79,,ConstructionNotes_ed6056a4,,,,,WaterNotes_d6850244,C,S,StatusUserNotes_814b699a,A,0.0,1.0,1.0,,Notes_41797e75,0.0,,MonitorStatusReason_c9915973,,,,0x000000001FF6313B
C7412FDA-238C-46D8-8F66-004FA6867C83,35991E64-EF0A-4B4A-BCC5-B1106949771C,14621,NM-11144,,,,162.0,A,,,WLs reported bgs. Entered zero for mp height for calculated fields. Actual MP height may not be zero.,0.0,,,,Driller_7081fe79,,ConstructionNotes_08d4810a,,,121OGLL,,WaterNotes_0bc0144d,,I,StatusUserNotes_6f35cbb3,,0.0,0.0,0.0,USGS,Notes_395ea758,0.0,,MonitorStatusReason_c9915973,,W,I,0x000000001FF63169
A34E018D-A354-4947-91BF-05FE638B0C3B,DE6F147A-5755-4032-A792-B1987B58E5DE,9154,NM-05677,,,,,,,,WLs reported bgs. Entered zero for mp height for calculated fields. Actual MP height may not be zero.,0.0,,,,Driller_7081fe79,,ConstructionNotes_08d4810a,,,,,WaterNotes_0bc0144d,,I,StatusUserNotes_6f35cbb3,,0.0,0.0,0.0,USGS,Notes_395ea758,0.0,,MonitorStatusReason_c9915973,,W,I,0x000000001FF631A8
828ECB21-8DD7-409A-8D49-02B6B9CD4A52,4378DF99-8956-4FA4-B300-B1A0284EDC71,20069,NM-16592,,,,130.0,A,,,WLs reported bgs. Entered zero for mp height for calculated fields. Actual MP height may not be zero.,0.0,,,,Driller_7081fe79,,ConstructionNotes_08d4810a,,,110AVMB,,WaterNotes_0bc0144d,,I,StatusUserNotes_6f35cbb3,,0.0,0.0,0.0,USGS,Notes_395ea758,0.0,,MonitorStatusReason_c9915973,,W,I,0x000000001FF631AC
FD3A8282-C632-4096-9FF7-04663B215021,B73D107A-99C5-4BAA-84FB-B1AD812AF2E9,20352,NM-16875,,,,88.0,A,,,WLs reported bgs. Entered zero for mp height for calculated fields. Actual MP height may not be zero.,0.0,,,,Driller_7081fe79,,ConstructionNotes_08d4810a,,,110AVMB,,WaterNotes_0bc0144d,,I,StatusUserNotes_6f35cbb3,,0.0,0.0,0.0,USGS,Notes_395ea758,0.0,,MonitorStatusReason_c9915973,,W,I,0x000000001FF631B4
99EBEEEB-4C2B-4AB6-A90C-02FA96F842C7,2AE3F8DC-3E27-47D9-9836-B1C3D15F9081,5000,NM-02063,,,,,,,,WLs reported bgs. Entered zero for mp height for calculated fields. Actual MP height may not be zero.,0.0,,,,Driller_7081fe79,,ConstructionNotes_08d4810a,,,110AVMB,,WaterNotes_0bc0144d,,I,StatusUserNotes_6f35cbb3,,0.0,0.0,0.0,USGS,Notes_395ea758,0.0,,MonitorStatusReason_c9915973,,W,I,0x000000001FF631BE
9D7BE5D7-BC05-44E5-A635-00BF01CA1896,EC13ED1E-963E-4281-96E1-B1CFE1BF6874,369,EB-370,RG-48749,,90.0,90.0,D,1987-12-23 00:00:00.000,D,TOC; MP unknown,0.0,0.55,61.0,,Driller_f8caf0f2,H,ConstructionNotes_08d4810a,U,,112ANCHsr,27.0,WaterNotes_49f65ce8,U,U,StatusUserNotes_6f35cbb3,,0.0,0.0,0.0,"Geohydrology Assoc., Inc., 1988, Hydrogeologic Investigation of Cottonwood Estates, 2//88; WATERS",Notes_395ea758,0.0,EB370.pdf,MonitorStatusReason_c9915973,,,,0x000000002666E4C0
3F0A9D03-DB39-4684-B495-06166EB107E8,0DA77CB0-AA0C-429D-9A02-B3614C643DB2,29110,NM-25633,,,64.0,64.0,A,1992-10-22 00:00:00.000,A,WLs reported bgs. Entered zero for mp height for calculated fields. Actual MP height may not be zero.,0.0,,,,Driller_7081fe79,,ConstructionNotes_08d4810a,C,,325MDER,,WaterNotes_0bc0144d,,D,StatusUserNotes_6f35cbb3,,0.0,0.0,0.0,USGS,Notes_395ea758,0.0,,MonitorStatusReason_c9915973,,W,H,0x000000001FF632BF
AC204FC6-6448-4431-8362-059F3EAEC68A,253AE93F-36D2-4E43-B333-B372F6FC1632,9133,NM-05656,,,550.0,550.0,A,1972-01-01 00:00:00.000,A,WLs reported bgs. Entered zero for mp height for calculated fields. Actual MP height may not be zero.,0.0,,,,Driller_7081fe79,,ConstructionNotes_08d4810a,,,,,WaterNotes_0bc0144d,,P,StatusUserNotes_6f35cbb3,,0.0,0.0,0.0,USGS,Notes_395ea758,0.0,,MonitorStatusReason_c9915973,,W,P,0x000000001FF632C9
85EA143C-63B8-4B9D-9D1A-03C1D5D96334,01F8184C-BA04-4E50-8119-B392DD1E5891,7472,NM-03995,,,,,,,,WLs reported bgs. Entered zero for mp height for calculated fields. Actual MP height may not be zero.,0.0,,,,Driller_7081fe79,,ConstructionNotes_08d4810a,,,110AVMB,,WaterNotes_0bc0144d,,X,StatusUserNotes_6f35cbb3,,0.0,0.0,0.0,USGS,Notes_395ea758,0.0,,MonitorStatusReason_c9915973,,W,U,0x000000001FF632D8
D4F81D79-1593-4D46-94DE-00C642213E8A,B9F6E682-4307-4B17-AC7E-B431944F0E8E,15898,NM-12421,,,,1014.0,A,,,WLs reported bgs. Entered zero for mp height for calculated fields. Actual MP height may not be zero.,0.0,,,,Driller_7081fe79,,ConstructionNotes_08d4810a,,,313SADR,,WaterNotes_0bc0144d,,X,StatusUserNotes_6f35cbb3,,0.0,0.0,0.0,USGS,Notes_395ea758,0.0,,MonitorStatusReason_c9915973,,U,U,0x000000001FF63323
F5FEFA77-EDE5-4ABD-A085-04A3DA2EEB9A,3594005B-B230-421F-92B4-B4C41B7782C8,31159,AR-0095,X,,,,,,,Top of open casing,1.0,0.55,,,Driller_7081fe79,,ConstructionNotes_ed6056a4,,,,,WaterNotes_0bc0144d,C,D,StatusUserNotes_6f35cbb3,,0.0,0.0,0.0,,Notes_395ea758,0.0,,MonitorStatusReason_c9915973,,,,0x000000001FF63381
90C0943A-BFEB-48BA-B245-041808DA39DB,A2D8BC97-AE47-49EE-ABE0-B5AE04CAC60F,18550,NM-15073,,,,125.0,A,,,WLs reported bgs. Entered zero for mp height for calculated fields. Actual MP height may not be zero.,0.0,,,,Driller_7081fe79,,ConstructionNotes_08d4810a,,,,,WaterNotes_0bc0144d,,O,StatusUserNotes_6f35cbb3,,0.0,0.0,0.0,USGS,Notes_395ea758,0.0,,MonitorStatusReason_c9915973,,O,D,0x000000001FF633F1
55E45DF9-0CEF-4F21-AFD6-04AD1D2EF5D1,1C429BD8-50EF-46A3-9537-B5B29CF47B83,12089,NM-08612,,,,94.0,A,,,WLs reported bgs. Entered zero for mp height for calculated fields. Actual MP height may not be zero.,0.0,,,,Driller_7081fe79,,ConstructionNotes_08d4810a,,,110AVMB,,WaterNotes_0bc0144d,,X,StatusUserNotes_6f35cbb3,,0.0,0.0,0.0,USGS,Notes_395ea758,0.0,,MonitorStatusReason_c9915973,,W,U,0x000000001FF633F2
D69B91C6-D378-4CA5-AA4C-03482E49BB08,86688C57-53FC-475C-84AB-B5EF97EBE087,12608,NM-09131,,,,,,,,WLs reported bgs. Entered zero for mp height for calculated fields. Actual MP height may not be zero.,0.0,,,,Driller_7081fe79,,ConstructionNotes_08d4810a,,,121OGLL,,WaterNotes_0bc0144d,,I,StatusUserNotes_6f35cbb3,,0.0,0.0,0.0,USGS,Notes_395ea758,0.0,,MonitorStatusReason_c9915973,,W,I,0x000000001FF63412
66DD479C-9980-4E6B-B6EA-025BE0CDBDA5,3B22A958-23D5-4003-84CA-B5F5D7FDEB18,30937,MI-0282,,,,200.0,R,,,Entered zero for mp height for calculated fields. Actual MP height may not be zero.,0.0,,,,Driller_7081fe79,,ConstructionNotes_056726e7,,,211DKOT/217PRGR,,WaterNotes_0bc0144d,,S,StatusUserNotes_6f35cbb3,,0.0,0.0,0.0,"Data from Groundwater Report 2: Geology & Groundwater Resources of San Miguel County, NM. (1951) NMBGMR by R.L. Griggs and G.E. Hendrickson.",Notes_395ea758,0.0,,MonitorStatusReason_c9915973,,,,0x000000001FF63416
34062A52-83B3-4EF4-892B-0506FBEC47EB,89D57D32-BA89-4671-9A69-B622ADC837CF,29223,NM-25746,,,40.0,40.0,A,1965-12-02 00:00:00.000,A,WLs reported bgs. Entered zero for mp height for calculated fields. Actual MP height may not be zero.,0.0,,,,Driller_7081fe79,,ConstructionNotes_08d4810a,,,,,WaterNotes_0bc0144d,,D,StatusUserNotes_6f35cbb3,,0.0,0.0,0.0,USGS,Notes_395ea758,0.0,,MonitorStatusReason_c9915973,,W,H,0x000000001FF63437
B7CCD055-A0D7-4FD0-AB1A-04E907C54FA0,5F775FD1-182A-4F56-9CCE-B624C6672034,32400,SD-0078,X,,120.0,120.0,R,1960-01-01 00:00:00.000,R,WLs assumed bgs. Entered zero for mp height for calculated fields. Actual MP height may not be zero.,0.0,0.4166667,,,Driller_7081fe79,,ConstructionNotes_f682eddf,,,325MDER,,WaterNotes_0bc0144d,,D,,,0.0,0.0,0.0,"HR5: Groundwater in the Sandia and Northern Manzano Mtns, NM (1980) Frank B. Titus, NM Bureau of Geology",Notes_395ea758,0.0,,MonitorStatusReason_c9915973,,,,0x000000001FF63439
C53A7A6A-9BED-F244-98C4-01F0260C7E7C,40EAD31F-2DC0-BB49-8081-B65E4C3AA033,41133,RA-105,,,,,,,,Hole,3.45,0.6,,,Driller_7081fe79,,ConstructionNotes_08d4810a,,,,,WaterNotes_0bc0144d,C,P,StatusUserNotes_52df8db3,,1.0,1.0,1.0,,Notes_f1fe3682,0.0,,MonitorStatusReason_c9915973,,,,0x000000002A674F11
A899E99A-CA8F-40C9-9B57-054F0D6789F0,7A6FA0D4-E382-4CE4-8B63-B6809F8EB2A1,20265,NM-16788,,,,75.0,A,,,WLs reported bgs. Entered zero for mp height for calculated fields. Actual MP height may not be zero.,0.0,,,,Driller_7081fe79,,ConstructionNotes_08d4810a,,,110AVMB,,WaterNotes_0bc0144d,,X,StatusUserNotes_6f35cbb3,,0.0,0.0,0.0,USGS,Notes_395ea758,0.0,,MonitorStatusReason_c9915973,,U,U,0x000000001FF6346B
EB6E3B00-22F6-465A-AC3C-04327A912D3B,55221F0B-979D-486E-979F-B6AAAA4EEECD,23167,NM-19690,,,,,,,,WLs reported bgs. Entered zero for mp height for calculated fields. Actual MP height may not be zero.,0.0,,,,Driller_7081fe79,,ConstructionNotes_08d4810a,,,121OGLL,,WaterNotes_0bc0144d,,I,StatusUserNotes_6f35cbb3,,0.0,0.0,0.0,USGS,Notes_395ea758,0.0,,MonitorStatusReason_c9915973,,W,I,0x000000001FF63484
A700FC6B-2735-407E-8620-02602F544BA8,16E10AA8-7013-44F0-8223-B6C74E7DE96F,1506,TV-170,RG-73668,,2527.0,2527.0,D,2000-11-20 00:00:00.000,D,,2.0,0.83,2499.0,,Driller_ab3f55fa,R,ConstructionNotes_8272dd54,M,,122OJOC,152.0,WaterNotes_c77630f3,C,P,StatusUserNotes_6f35cbb3,Q,0.0,0.0,0.0,"1) Drakos, P., Riesterer, J., Lazarus, J., 2007, Drilling and Completion Report, Rio Pueblo 3200 Feet Deep Production Well (RG-37303-S), Taos, NM, GGI (Filed w/TV-171). 2) Water Level Monitoring Prgm.",Notes_295d5169,0.0,TV170.pdf,MonitorStatusReason_c9915973,,,,0x000000002666EA89
1E7D7C5C-28C1-45EA-AB42-035A04C7F34E,8241C017-CCBC-420D-912E-B6C7D1F8AF66,4144,NM-01589,,,,,,,,WLs reported bgs. Entered zero for mp height for calculated fields. Actual MP height may not be zero.,0.0,,,,Driller_7081fe79,,ConstructionNotes_08d4810a,,,110AVMB,,WaterNotes_0bc0144d,,D,StatusUserNotes_6f35cbb3,,0.0,0.0,0.0,USGS,Notes_395ea758,0.0,,MonitorStatusReason_c9915973,,W,H,0x000000001FF63498
1019FEAA-3BC6-4C59-953F-052524EBE379,F8F90322-BDA2-4823-BB7E-B6CB0571E53C,29835,NM-26358,,,,160.0,A,1977-08-03 00:00:00.000,A,WLs reported bgs. Entered zero for mp height for calculated fields. Actual MP height may not be zero.,0.0,,,,Driller_7081fe79,,ConstructionNotes_08d4810a,,,211DKOT,,WaterNotes_0bc0144d,,L,StatusUserNotes_6f35cbb3,,0.0,0.0,0.0,USGS,Notes_395ea758,0.0,,MonitorStatusReason_c9915973,,W,S,0x000000001FF6349C
72936CC7-A353-42DE-BE1A-03D142B1482D,0EFA02BD-5AE2-4022-A98F-B6DC2F457E11,15217,NM-11740,,,,255.0,A,,,WLs reported bgs. Entered zero for mp height for calculated fields. Actual MP height may not be zero.,0.0,,,,Driller_7081fe79,,ConstructionNotes_08d4810a,,,110AVMB,,WaterNotes_0bc0144d,,I,StatusUserNotes_6f35cbb3,,0.0,0.0,0.0,USGS,Notes_395ea758,0.0,,MonitorStatusReason_c9915973,,W,I,0x000000001FF634A8
1AD2C409-FD90-4C5F-8BA3-02250770FE83,FEE7E9EE-62A0-4F36-83F3-B6F5F8C0DC7C,24706,NM-21229,,,240.0,240.0,A,,,WLs reported bgs. Entered zero for mp height for calculated fields. Actual MP height may not be zero.,0.0,,,,Driller_7081fe79,,ConstructionNotes_08d4810a,,,,,WaterNotes_0bc0144d,,D,StatusUserNotes_6f35cbb3,,0.0,0.0,0.0,USGS,Notes_395ea758,0.0,,MonitorStatusReason_c9915973,,W,H,0x000000001FF634B5
A5CA87A6-9FB3-4D58-8961-013966C9EE77,5919A7A7-66C7-4216-AB2E-B727A365087C,35621,TO-0183,,,,,,,,WLs reported bgs. Entered zero for mp height for calculated fields. Actual MP height may not be zero.,0.0,0.4166667,,,Driller_7081fe79,,ConstructionNotes_08d4810a,,,112QTBF,,WaterNotes_0bc0144d,,L,StatusUserNotes_6f35cbb3,,0.0,0.0,0.0,"GW5: Geology and Ground-Water Resources of Torrance County, NM (1957) R.E. Smith, NM Bureau of Geology",Notes_395ea758,0.0,,MonitorStatusReason_c9915973,,,,0x000000001FF634D3
F05953EC-7670-4C64-BFDA-05D80C202C88,E1D7BEBB-74FE-4EE1-879F-B73CB2FB27F5,8187,NM-04710,,,,510.0,A,,,WLs reported bgs. Entered zero for mp height for calculated fields. Actual MP height may not be zero.,0.0,,,,Driller_7081fe79,,ConstructionNotes_08d4810a,,,110AVMB,,WaterNotes_0bc0144d,,X,StatusUserNotes_6f35cbb3,,0.0,0.0,0.0,USGS,Notes_395ea758,0.0,,MonitorStatusReason_c9915973,,U,U,0x000000001FF634E2
CE22C384-6E85-4C87-A43D-051BC4CA610F,41A735EC-ADC6-44AC-A41F-B767A3FDC293,32213,EM-0006,X,,10.0,10.0,S,,,Top of casing,0.8,,,,Driller_7081fe79,,ConstructionNotes_262cf290,,,,,WaterNotes_0bc0144d,I,AO,StatusUserNotes_6f35cbb3,S,0.0,0.0,0.0,,Notes_395ea758,0.0,,MonitorStatusReason_c9915973,,,,0x000000001FF634FD
D6B99553-FEA6-4E00-91E9-0520135EF24E,590B8078-6131-4240-8BBA-B79BE986F1D4,39151,SB-0207,X,,,1505.0,A,,,Entered zero for MP height for calculated fields. Actual MP hgt may not be zero.,0.0,,,,Driller_7081fe79,,ConstructionNotes_08d4810a,,,318BSVP,,WaterNotes_0bc0144d,,X,StatusUserNotes_6f35cbb3,,0.0,0.0,0.0,Texas Water Development Board,Notes_395ea758,0.0,,MonitorStatusReason_c9915973,,,,0x000000001FF63514
6C167249-07E5-44C1-B360-03E78B14A659,D9A082D7-1394-4071-A689-B79DD66038C7,4719,NM-01782,,,,350.0,A,,,WLs reported bgs. Entered zero for mp height for calculated fields. Actual MP height may not be zero.,0.0,,,,Driller_7081fe79,,ConstructionNotes_08d4810a,,,110AVMB,,WaterNotes_0bc0144d,,X,StatusUserNotes_6f35cbb3,,0.0,0.0,0.0,USGS,Notes_395ea758,0.0,,MonitorStatusReason_c9915973,,W,U,0x000000001FF63516
D581103B-3A39-47CD-80B8-026B2A062EC6,9C1FF75D-17CC-432E-BC15-B7D31402EECC,14374,NM-10897,,,,,,,,WLs reported bgs. Entered zero for mp height for calculated fields. Actual MP height may not be zero.,0.0,,,,Driller_7081fe79,,ConstructionNotes_08d4810a,,,121OGLL,,WaterNotes_0bc0144d,,L,StatusUserNotes_6f35cbb3,,0.0,0.0,0.0,USGS,Notes_395ea758,0.0,,MonitorStatusReason_c9915973,,W,S,0x000000001FF63535
9603C4ED-A73E-4764-B9A0-0016B9356830,ED37C013-7089-498D-BDBC-B7ECFEDE0FEA,29432,NM-25955,,,72.0,72.0,A,1961-03-06 00:00:00.000,A,WLs reported bgs. Entered zero for mp height for calculated fields. Actual MP height may not be zero.,0.0,,,,Driller_7081fe79,,ConstructionNotes_08d4810a,,,110AVMB,,WaterNotes_0bc0144d,,D,StatusUserNotes_6f35cbb3,,0.0,0.0,0.0,USGS,Notes_395ea758,0.0,,MonitorStatusReason_c9915973,,W,H,0x000000001FF63549
34DDB19F-8D8A-477B-9602-03EE145DF040,4B6F879A-97DF-4989-9BC7-B83986371E3D,18247,NM-14770,,,,,,,,WLs reported bgs. Entered zero for mp height for calculated fields. Actual MP height may not be zero.,0.0,,,,Driller_7081fe79,,ConstructionNotes_08d4810a,,,110AVMB,,WaterNotes_0bc0144d,,I,StatusUserNotes_6f35cbb3,,0.0,0.0,0.0,USGS,Notes_395ea758,0.0,,MonitorStatusReason_c9915973,,W,I,0x000000001FF63575
6B0A875A-7E4D-4CD6-8679-06238063C627,FCDC1FDA-5648-422A-9174-B8708BB4D13F,5814,NM-02877,,,,120.0,A,,,WLs reported bgs. Entered zero for mp height for calculated fields. Actual MP height may not be zero.,0.0,,,,Driller_7081fe79,,ConstructionNotes_08d4810a,,,210CRCS,,WaterNotes_0bc0144d,,X,StatusUserNotes_6f35cbb3,,0.0,0.0,0.0,USGS,Notes_395ea758,0.0,,MonitorStatusReason_c9915973,,W,U,0x000000001FF6358F
22B2E183-C40F-4804-A690-01B2036B9742,ADDED3D4-6655-48D2-8F0B-B8D1701A32FE,34545,CX-0098,,,,85.0,R,1945-01-01 00:00:00.000,R,WLs reported bgs. Entered zero for mp height for calculated fields. Actual MP height may not be zero.,0.0,,40.0,,Driller_2d396de6,,ConstructionNotes_c3a4d49b,,,211DKOT,,WaterNotes_0bc0144d,,D,StatusUserNotes_6f35cbb3,,0.0,0.0,0.0,"GW-1: Geology & Ground-Water Resources of the Eastern Part of Colfax Cty, NM (1948) Griggs, Roy L., NMBGMR",Notes_395ea758,0.0,,MonitorStatusReason_c9915973,,,,0x000000001FF635BD
C0F8BDBA-241E-47DB-A62F-014066040B8C,ABAFCC54-3CC5-431F-80EB-B9069173B383,24682,NM-21205,,,171.0,171.0,A,1967-01-01 00:00:00.000,A,WLs reported bgs. Entered zero for mp height for calculated fields. Actual MP height may not be zero.,0.0,,,,Driller_7081fe79,,ConstructionNotes_08d4810a,,,211MVRD,,WaterNotes_0bc0144d,,L,StatusUserNotes_6f35cbb3,,0.0,0.0,0.0,USGS,Notes_395ea758,0.0,,MonitorStatusReason_c9915973,,W,S,0x000000001FF635D6
D8DD6461-82B0-47D8-8058-03B7949B3DDB,7A1954D0-887D-4127-AEEB-B9554F18B8A1,28090,NM-24613,UP-01791,,327.0,327.0,A,1992-11-04 00:00:00.000,A,WLs reported bgs. Entered zero for mp height for calculated fields. Actual MP height may not be zero.,0.0,0.42,327.0,,Driller_c3ede2d5,A,ConstructionNotes_08d4810a,C,,325MDER,166.0,WaterNotes_24be85f4,,D,StatusUserNotes_6f35cbb3,,0.0,0.0,0.0,USGS,Notes_395ea758,0.0,NM24613.pdf,MonitorStatusReason_c9915973,,W,H,0x000000002666E6DB
51BC6EF0-F654-4BFE-9B1C-006E9E3FBEB8,8D495177-2021-42D2-894F-B98CD94A03E7,17236,NM-13759,,,,319.0,A,,,WLs reported bgs. Entered zero for mp height for calculated fields. Actual MP height may not be zero.,0.0,,,,Driller_7081fe79,,ConstructionNotes_08d4810a,,,313ARTS,,WaterNotes_0bc0144d,,P,StatusUserNotes_6f35cbb3,,0.0,0.0,0.0,USGS,Notes_395ea758,0.0,,MonitorStatusReason_c9915973,,W,P,0x000000001FF63629
EC93C098-09FC-45F5-89B1-00D5A7849DDC,5C8486A1-A95D-450B-BA1B-BA20D1C951A4,24392,NM-20915,,,,203.0,A,,,WLs reported bgs. Entered zero for mp height for calculated fields. Actual MP height may not be zero.,0.0,,,,Driller_7081fe79,,ConstructionNotes_08d4810a,,,121OGLL,,WaterNotes_0bc0144d,,D,StatusUserNotes_6f35cbb3,,0.0,0.0,0.0,USGS,Notes_395ea758,0.0,,MonitorStatusReason_c9915973,,W,H,0x000000001FF6367A
A1D299AC-ECDF-4230-B4D3-0517C36A54C2,B5F136AD-3F9F-4718-A858-BA5E7F1CE5DB,11403,NM-07926,,,,138.0,A,1917-01-01 00:00:00.000,A,WLs reported bgs. Entered zero for mp height for calculated fields. Actual MP height may not be zero.,0.0,,,,Driller_7081fe79,,ConstructionNotes_08d4810a,,,,,WaterNotes_0bc0144d,,,StatusUserNotes_6f35cbb3,,0.0,0.0,0.0,USGS,Notes_395ea758,0.0,,MonitorStatusReason_c9915973,,Z,,0x000000001FF636A3
544373EE-B8DB-4B2F-9682-006CA16D3B4C,D210CECA-0409-4D2A-874D-BA71EE5FF413,25224,NM-21747,,,36.0,36.0,A,,,WLs reported bgs. Entered zero for mp height for calculated fields. Actual MP height may not be zero.,0.0,,,,Driller_7081fe79,,ConstructionNotes_08d4810a,,,110AVMB,,WaterNotes_0bc0144d,,I,StatusUserNotes_6f35cbb3,,0.0,0.0,0.0,USGS,Notes_395ea758,0.0,,MonitorStatusReason_c9915973,,W,I,0x000000001FF636B0
5170080C-0101-42D2-A3DE-04AEDBA308C1,229486CF-4831-4E97-BC17-BA7D6E683DD0,23808,NM-20331,,,,100.0,A,,,WLs reported bgs. Entered zero for mp height for calculated fields. Actual MP height may not be zero.,0.0,,,,Driller_7081fe79,,ConstructionNotes_08d4810a,,,110AVMB,,WaterNotes_0bc0144d,,I,StatusUserNotes_6f35cbb3,,0.0,0.0,0.0,USGS,Notes_395ea758,0.0,,MonitorStatusReason_c9915973,,W,I,0x000000001FF636B6
058D5379-498B-4F7E-AAE4-037CAAE48268,2B6F5849-CE0D-4910-AF28-BACC40A4BA7B,19453,NM-15976,,,,,,,,WLs reported bgs. Entered zero for mp height for calculated fields. Actual MP height may not be zero.,0.0,,,,Driller_7081fe79,,ConstructionNotes_08d4810a,,,110AVMB,,WaterNotes_0bc0144d,,,StatusUserNotes_6f35cbb3,,0.0,0.0,0.0,USGS,Notes_395ea758,0.0,,MonitorStatusReason_c9915973,,W,,0x000000001FF636E3
CCEECC38-A2E5-4AF8-B473-008004C48F68,0171CCD7-A622-4927-9D78-BB270700BB44,3718,NM-01163,,,,30.0,A,,,WLs reported bgs. Entered zero for mp height for calculated fields. Actual MP height may not be zero.,0.0,,,,Driller_7081fe79,,ConstructionNotes_08d4810a,U,,110AVMB,,WaterNotes_0bc0144d,,L,StatusUserNotes_6f35cbb3,,0.0,0.0,0.0,USGS,Notes_395ea758,0.0,,MonitorStatusReason_c9915973,,W,S,0x000000001FF6371A
707CB8F6-B96F-444D-8D95-02E0A0927577,B66664E0-6732-454B-A9BA-BB998034295B,6337,NM-03400,,,,93.0,A,,,WLs reported bgs. Entered zero for mp height for calculated fields. Actual MP height may not be zero.,0.0,,,,Driller_7081fe79,,ConstructionNotes_08d4810a,,,112SNTF,,WaterNotes_0bc0144d,,X,StatusUserNotes_6f35cbb3,,0.0,0.0,0.0,USGS,Notes_395ea758,0.0,,MonitorStatusReason_c9915973,,O,U,0x000000001FF6375F
E8877C17-A9EF-4241-ACEB-035FF1A71B1B,2922E899-EFCC-47EC-BDDF-BBD40D3E5DF2,17198,NM-13721,,,,,,,,WLs reported bgs. Entered zero for mp height for calculated fields. Actual MP height may not be zero.,0.0,,,,Driller_7081fe79,,ConstructionNotes_08d4810a,,,110AVMB,,WaterNotes_0bc0144d,,X,StatusUserNotes_6f35cbb3,,0.0,0.0,0.0,USGS,Notes_395ea758,0.0,,MonitorStatusReason_c9915973,,U,U,0x000000001FF6377F
8E7A059F-95DF-4568-A74C-042DD0A50051,2CF72301-5617-4A57-B403-BC14B9C2B401,3763,NM-01208,,,1180.0,1176.0,A,1958-09-15 00:00:00.000,A,WLs reported bgs. Entered zero for mp height for calculated fields. Actual MP height may not be zero.,0.0,,,,Driller_7081fe79,,ConstructionNotes_08d4810a,,,112SNTF,,WaterNotes_0bc0144d,,P,StatusUserNotes_6f35cbb3,,0.0,0.0,0.0,USGS,Notes_395ea758,0.0,,MonitorStatusReason_c9915973,,W,P,0x000000001FF637A1
FD7A4A46-EEEA-4644-9668-05B96576DF85,2896A699-AE82-4790-AD5D-BC7062B450EA,8881,NM-05404,,,,,,,,WLs reported bgs. Entered zero for mp height for calculated fields. Actual MP height may not be zero.,0.0,,,,Driller_7081fe79,,ConstructionNotes_08d4810a,,,,,WaterNotes_0bc0144d,,I,StatusUserNotes_6f35cbb3,,0.0,0.0,0.0,USGS,Notes_395ea758,0.0,,MonitorStatusReason_c9915973,,W,I,0x000000001FF637CA
98D34F12-6EF4-44FD-93BD-0200B2587575,F4BE5065-EEE5-4E04-8F31-BC8EFCE1679E,1241,MG-013,RG-37124,,200.0,200.0,D,1981-10-23 00:00:00.000,D,TOC,0.37,0.4,200.0,,Driller_97749b04,A,ConstructionNotes_ed6056a4,,,,28.0,WaterNotes_fe1f67b6,C,D,StatusUserNotes_6f35cbb3,A,0.0,0.0,0.0,,Notes_395ea758,0.0,MG013.pdf,MonitorStatusReason_c9915973,,,,0x000000002666E5A0
B0B34AE9-030D-4FF7-90B1-038F79E1DA21,7C662CC3-7EAF-4C26-A90B-BC9F2D77A1AF,31949,QY-0903,,,122.0,122.0,R,1927-01-01 00:00:00.000,R,WLs reported bgs. Entered zero for mp height for calculated fields. Actual MP height may not be zero.,0.0,0.5,,,Driller_7081fe79,,ConstructionNotes_89541e19,,,231CHNL,,,,L,StatusUserNotes_6f35cbb3,,0.0,0.0,0.0,"GW9: Groundwater Resources & Geology of Quay County, NM (1966) Charles Berkstresser, Jr. & Walter A. Mourant, NM Bureau of Geology",Notes_395ea758,0.0,,MonitorStatusReason_c9915973,,,,0x000000001FF637E3
DDDD467E-E288-495F-8736-016097BE4BB6,1A4A0955-FB65-49D6-986A-BCCACA0B820A,8478,NM-05001,,,45.0,45.0,A,1984-02-22 00:00:00.000,A,WLs reported bgs. Entered zero for mp height for calculated fields. Actual MP height may not be zero.,0.0,,,,Driller_7081fe79,,ConstructionNotes_08d4810a,U,,110AVMB,,WaterNotes_0bc0144d,,X,StatusUserNotes_6f35cbb3,,0.0,0.0,0.0,USGS,Notes_395ea758,0.0,,MonitorStatusReason_c9915973,,O,U,0x000000001FF6380B
8D1358DB-2A49-4E01-BD39-020769C83D63,F220DBFE-5977-43C0-8AF1-BCDF05F17C6A,22600,NM-19123,,,,450.0,A,,,WLs reported bgs. Entered zero for mp height for calculated fields. Actual MP height may not be zero.,0.0,,,,Driller_7081fe79,,ConstructionNotes_08d4810a,,,121OGLL,,WaterNotes_0bc0144d,,I,StatusUserNotes_6f35cbb3,,0.0,0.0,0.0,USGS,Notes_395ea758,0.0,,MonitorStatusReason_c9915973,,W,I,0x000000001FF63819
43785DB8-45B3-4BC3-87ED-01E5EB97CC7C,67267358-03A8-4234-B434-BCE9C1B83B1A,7506,NM-04029,,,450.0,,A,,,WLs reported bgs. Entered zero for mp height for calculated fields. Actual MP height may not be zero.,0.0,,,,Driller_7081fe79,,ConstructionNotes_08d4810a,,,110AVMB,,WaterNotes_0bc0144d,,L,StatusUserNotes_6f35cbb3,,0.0,0.0,0.0,USGS,Notes_395ea758,0.0,,MonitorStatusReason_c9915973,,W,S,0x000000001FF6381E
8CB64A4D-E5D1-4249-9510-057FDAEC8281,DE250AEE-08FD-4E44-A060-BD030524A495,10956,NM-07479,,,,676.0,A,,,WLs reported bgs. Entered zero for mp height for calculated fields. Actual MP height may not be zero.,0.0,,,,Driller_7081fe79,,ConstructionNotes_08d4810a,,,231SNRS,,WaterNotes_0bc0144d,,L,StatusUserNotes_6f35cbb3,,0.0,0.0,0.0,USGS,Notes_395ea758,0.0,,MonitorStatusReason_c9915973,,W,S,0x000000001FF63832
D0F71FC7-AB79-4917-B39E-02E55BDB9D8A,CCAF89E7-7B5F-4776-AECA-BE3B115C3828,28125,NM-24648,RG-30067,,,100.0,A,1978-04-03 00:00:00.000,A,WLs reported bgs. Entered zero for mp height for calculated fields. Actual MP height may not be zero.,0.0,0.42,100.0,,Driller_5fb438e6,A,ConstructionNotes_08d4810a,,,112SNTF,80.0,WaterNotes_53ca32f6,,D,StatusUserNotes_6f35cbb3,,0.0,0.0,0.0,USGS,Notes_395ea758,0.0,NM24648.pdf,MonitorStatusReason_c9915973,,W,H,0x000000002666E6E4
21743D1C-A078-488F-9A13-00B691B6AB7F,937A668A-AC0F-4ACB-9FC4-BE4A24BA9E18,5102,NM-02165,,,50.0,45.0,A,1983-11-14 00:00:00.000,A,WLs reported bgs. Entered zero for mp height for calculated fields. Actual MP height may not be zero.,0.0,,,,Driller_7081fe79,,ConstructionNotes_08d4810a,U,,110AVMB,,WaterNotes_0bc0144d,,X,StatusUserNotes_6f35cbb3,,0.0,0.0,0.0,USGS,Notes_395ea758,0.0,,MonitorStatusReason_c9915973,,O,U,0x000000001FF638E1
3E829319-7844-4979-8707-047F508E70AA,D629A922-2665-414E-AD55-BE97982278B0,11394,NM-07917,,,,,,,,WLs reported bgs. Entered zero for mp height for calculated fields. Actual MP height may not be zero.,0.0,,,,Driller_7081fe79,,ConstructionNotes_08d4810a,,,121OGLL,,WaterNotes_0bc0144d,,L,StatusUserNotes_6f35cbb3,,0.0,0.0,0.0,USGS,Notes_395ea758,0.0,,MonitorStatusReason_c9915973,,W,S,0x000000001FF6390D
7C45C2F8-5CD7-45F2-A6A6-038758506DA1,B4913AA3-C49E-4D6C-BA11-BEC7A936266E,36971,NM-27703,,,,174.0,A,,,WLs reported bgs. Entered zero for mp height for calculated fields. Actual MP height may not be zero.,0.0,,,,Driller_7081fe79,,ConstructionNotes_08d4810a,,,121OGLL,,WaterNotes_0bc0144d,,D,StatusUserNotes_6f35cbb3,,0.0,0.0,0.0,USGS,Notes_395ea758,0.0,,MonitorStatusReason_c9915973,,W,H,0x000000001FF63924
B10EC24B-9EDE-47A7-937B-022ED99D3DB2,743874E8-5614-4D92-8008-BF5E61B3B4A5,24357,NM-20880,,,,1000.0,A,1938-12-01 00:00:00.000,A,WLs reported bgs. Entered zero for mp height for calculated fields. Actual MP height may not be zero.,0.0,,,,Driller_7081fe79,,ConstructionNotes_08d4810a,,,313SADG,,WaterNotes_0bc0144d,,L,StatusUserNotes_6f35cbb3,,0.0,0.0,0.0,USGS,Notes_395ea758,0.0,,MonitorStatusReason_c9915973,,W,S,0x000000001FF63980
006CCDB4-4EB1-4E2D-94BD-030FA7BFD017,AD51281E-39C1-4D66-8CC8-BF890EBBA0A3,7818,NM-04341,,,2300.0,1880.0,A,2003-04-08 00:00:00.000,A,WLs reported bgs. Entered zero for mp height for calculated fields. Actual MP height may not be zero.,0.0,,,,Driller_7081fe79,,ConstructionNotes_08d4810a,,,112SNTF,,WaterNotes_0bc0144d,,X,StatusUserNotes_6f35cbb3,,0.0,0.0,0.0,USGS,Notes_395ea758,0.0,,MonitorStatusReason_c9915973,,O,U,0x000000001FF63997
B05310A7-A7ED-46B2-948A-01282BF360B8,5B31288E-E65E-488E-9AA4-BFC329A2B4A4,19158,NM-15681,,,,76.0,A,,,WLs reported bgs. Entered zero for mp height for calculated fields. Actual MP height may not be zero.,0.0,,,,Driller_7081fe79,,ConstructionNotes_08d4810a,,,,,WaterNotes_0bc0144d,,I,StatusUserNotes_6f35cbb3,,0.0,0.0,0.0,USGS,Notes_395ea758,0.0,,MonitorStatusReason_c9915973,,W,I,0x000000001FF639BA
A5FE5ED3-E4D7-4F53-B8C4-01B1ABC6E564,92027540-73F2-4628-8884-BFE794FA3CF6,11223,NM-07746,,,,282.0,A,,,WLs reported bgs. Entered zero for mp height for calculated fields. Actual MP height may not be zero.,0.0,,,,Driller_7081fe79,,ConstructionNotes_08d4810a,,,312RSLR,,WaterNotes_0bc0144d,,X,StatusUserNotes_6f35cbb3,,0.0,0.0,0.0,USGS,Notes_395ea758,0.0,,MonitorStatusReason_c9915973,,U,U,0x000000001FF639D3
FB5BC669-6845-4BA8-BE11-0521A5C877A3,4DBB5795-1F95-4BE4-BA2B-C05EAB92936B,133,EB-134,RG-32553,,137.0,137.0,R,1979-06-01 00:00:00.000,R,,0.0,0.55,137.0,,Driller_38be7481,H,ConstructionNotes_08d4810a,U,,112ANCHsr,61.0,WaterNotes_403dfdae,,,StatusUserNotes_6f35cbb3,,0.0,0.0,0.0,"David N Jenkins, Geohydrology of the Vista Subdivision, Santa Fe County, Dec 1979",Notes_395ea758,0.0,EB134.pdf,MonitorStatusReason_c9915973,,,,0x000000002666E438
69FDD9C6-B167-4009-94DD-008C7DE924BE,494108F2-6CB6-4925-9473-C0FC661E5812,4110,NM-01555,,,,,,,,WLs reported bgs. Entered zero for mp height for calculated fields. Actual MP height may not be zero.,0.0,,,,Driller_7081fe79,,ConstructionNotes_08d4810a,,,,,WaterNotes_0bc0144d,,L,StatusUserNotes_6f35cbb3,,0.0,0.0,0.0,USGS,Notes_395ea758,0.0,,MonitorStatusReason_c9915973,,W,S,0x000000001FF63A65
1F65856A-DB7F-4CF4-85A3-018C88221DB1,5EE3F023-DAE9-48A5-B251-C10CA0BC0194,25469,NM-21992,,,,,,,,WLs reported bgs. Entered zero for mp height for calculated fields. Actual MP height may not be zero.,0.0,,,,Driller_7081fe79,,ConstructionNotes_08d4810a,,,,,WaterNotes_0bc0144d,,X,StatusUserNotes_6f35cbb3,,0.0,0.0,0.0,USGS,Notes_395ea758,0.0,,MonitorStatusReason_c9915973,,W,U,0x000000001FF63A6C
548030AF-8E43-4C46-B877-05EF60A051B9,358406A7-B5B4-4ED1-BD7C-C11B792E5BB7,16099,NM-12622,,,,,,,,WLs reported bgs. Entered zero for mp height for calculated fields. Actual MP height may not be zero.,0.0,,,,Driller_7081fe79,,ConstructionNotes_08d4810a,,,110AVMB,,WaterNotes_0bc0144d,,D,StatusUserNotes_6f35cbb3,,0.0,0.0,0.0,USGS,Notes_395ea758,0.0,,MonitorStatusReason_c9915973,,W,H,0x000000001FF63A74
4326558B-C86A-4372-8D36-01CE325B5BC4,F3C25723-0248-4390-9FE5-C142BF821E8A,12114,NM-08637,,,,200.0,A,,,WLs reported bgs. Entered zero for mp height for calculated fields. Actual MP height may not be zero.,0.0,,,,Driller_7081fe79,,ConstructionNotes_08d4810a,,,313SADR,,WaterNotes_0bc0144d,,L,StatusUserNotes_6f35cbb3,,0.0,0.0,0.0,USGS,Notes_395ea758,0.0,,MonitorStatusReason_c9915973,,W,S,0x000000001FF63A8A
DF1213FC-1354-4533-A83E-00A8A546AFDF,5196B44C-3E1F-4C1F-AAC2-C2398DED6BBD,7989,NM-04512,,,,,,,,WLs reported bgs. Entered zero for mp height for calculated fields. Actual MP height may not be zero.,0.0,,,,Driller_7081fe79,,ConstructionNotes_08d4810a,,,231CHNL,,WaterNotes_0bc0144d,,L,StatusUserNotes_6f35cbb3,,0.0,0.0,0.0,USGS,Notes_395ea758,0.0,,MonitorStatusReason_c9915973,,W,S,0x000000001FF63B1B
ADD28FFC-D47C-4309-8B67-035C8DBF138B,1FB0F7E4-F767-4CB5-A1EF-C25CD26D25F0,39782,SB-0835,X,,,,,,,Top of bushing in plate @ ground surface.,0.0,1.17,,,Driller_7081fe79,,ConstructionNotes_55a665a5,,,,,WaterNotes_6dcf0252,C,L,StatusUserNotes_6f35cbb3,S,0.0,1.0,1.0,"MS thesis by Sigstedt, S. (2010) Environmental Tracers in Groundwater of the Salt Basin, NM and Implications for Water Resources",Notes_71f0fa38,0.0,,MonitorStatusReason_c9915973,,,,0x000000002064B2EE
D17E141B-E2E5-4AD8-AB32-0305EF068047,46FCBB16-5425-480C-845F-C2A32C22BB06,16100,NM-12623,,,,173.0,A,,,WLs reported bgs. Entered zero for mp height for calculated fields. Actual MP height may not be zero.,0.0,,,,Driller_7081fe79,,ConstructionNotes_08d4810a,,,110AVMB,,WaterNotes_0bc0144d,,X,StatusUserNotes_6f35cbb3,,0.0,0.0,0.0,USGS,Notes_395ea758,0.0,,MonitorStatusReason_c9915973,,U,U,0x000000001FF63B68
079AE085-8F72-49DB-AB62-02CD7BC20E9A,C0725ED0-D8A7-434D-B37C-C2A7FAFC9945,39607,SB-0663,X,,,507.0,A,,,Entered zero for MP height for calculated fields. Actual MP hgt may not be zero.,0.0,,,,Driller_7081fe79,,ConstructionNotes_08d4810a,,,112HCBL,,WaterNotes_0bc0144d,,P,StatusUserNotes_6f35cbb3,,0.0,0.0,0.0,Texas Water Development Board,Notes_395ea758,0.0,,MonitorStatusReason_c9915973,,,,0x000000001FF63B6B
92258C3A-C483-4E44-9381-0082BBC1526E,CC161EEB-E7D4-4C64-A4AD-C2B32B792A79,25842,NM-22365,,,,97.0,A,,,WLs reported bgs. Entered zero for mp height for calculated fields. Actual MP height may not be zero.,0.0,,,,Driller_7081fe79,,ConstructionNotes_08d4810a,U,,110AVMB,,WaterNotes_0bc0144d,,X,StatusUserNotes_6f35cbb3,,0.0,0.0,0.0,USGS,Notes_395ea758,0.0,,MonitorStatusReason_c9915973,,W,U,0x000000001FF63B71
262A041E-2130-4264-8740-0415D729956B,6924AF1C-D5DA-4487-918D-C31F5BDC96D4,10219,NM-06742,,,,156.0,A,1954-01-01 00:00:00.000,A,WLs reported bgs. Entered zero for mp height for calculated fields. Actual MP height may not be zero.,0.0,,,,Driller_7081fe79,,ConstructionNotes_08d4810a,U,,110AVMB,,WaterNotes_0bc0144d,,L,StatusUserNotes_6f35cbb3,,0.0,0.0,0.0,USGS,Notes_395ea758,0.0,,MonitorStatusReason_c9915973,,W,S,0x000000001FF63BAF
1FE7F638-1F61-4987-8EF9-001E81A4581F,0DCD24F6-355A-4A6F-B9E4-C33F1A1AEE79,21505,NM-18028,,,,,,,,WLs reported bgs. Entered zero for mp height for calculated fields. Actual MP height may not be zero.,0.0,,,,Driller_7081fe79,,ConstructionNotes_08d4810a,,,110AVMB,,WaterNotes_0bc0144d,,L,StatusUserNotes_6f35cbb3,,0.0,0.0,0.0,USGS,Notes_395ea758,0.0,,MonitorStatusReason_c9915973,,W,S,0x000000001FF63BC6
D4AD69D7-E123-444D-9394-049976FA98FA,CB856888-6F44-4FE1-AA33-C3522DCBB070,25554,NM-22077,,,302.0,284.0,A,2002-04-05 00:00:00.000,A,WLs reported bgs. Entered zero for mp height for calculated fields. Actual MP height may not be zero.,0.0,,,,Driller_7081fe79,,ConstructionNotes_08d4810a,U,,112SNTF,,WaterNotes_0bc0144d,,X,StatusUserNotes_6f35cbb3,,0.0,0.0,0.0,USGS,Notes_395ea758,0.0,,MonitorStatusReason_c9915973,,O,U,0x000000001FF63BCE
81A466BE-70D0-48A5-A11C-02C984D05276,E3A4055D-FA60-48A7-A997-C35B3DB730E0,16130,NM-12653,,,,154.0,A,,,WLs reported bgs. Entered zero for mp height for calculated fields. Actual MP height may not be zero.,0.0,,,,Driller_7081fe79,,ConstructionNotes_08d4810a,,,313ARTS,,WaterNotes_0bc0144d,,L,StatusUserNotes_6f35cbb3,,0.0,0.0,0.0,USGS,Notes_395ea758,0.0,,MonitorStatusReason_c9915973,,W,S,0x000000001FF63BCF
20553E9D-B7F2-46D7-9A9E-0581D81E1BB7,BB432B76-35D8-48EF-8D03-C3E3DC0D8223,6284,NM-03347,,,,28.0,A,,,WLs reported bgs. Entered zero for mp height for calculated fields. Actual MP height may not be zero.,0.0,,,,Driller_7081fe79,,ConstructionNotes_08d4810a,U,,110AVMB,,WaterNotes_0bc0144d,,,StatusUserNotes_6f35cbb3,,0.0,0.0,0.0,USGS,Notes_395ea758,0.0,,MonitorStatusReason_c9915973,,S,,0x000000001FF63C16
8C12DDA7-9F69-4934-9441-0173F6C02C23,27FE3B70-2A06-449D-BDD3-C4A9EB4CEA7A,5519,NM-02582,,,,330.0,A,,,WLs reported bgs. Entered zero for mp height for calculated fields. Actual MP height may not be zero.,0.0,,,,Driller_7081fe79,,ConstructionNotes_08d4810a,,,110AVMB,,WaterNotes_0bc0144d,,I,StatusUserNotes_6f35cbb3,,0.0,0.0,0.0,USGS,Notes_395ea758,0.0,,MonitorStatusReason_c9915973,,W,I,0x000000001FF63C81
52B881B9-6296-43C2-A235-03068B4E88F5,61F7B2D9-70AA-4A00-80C7-C4D4B33EAD8B,21193,NM-17716,,,,10.0,A,,,WLs reported bgs. Entered zero for mp height for calculated fields. Actual MP height may not be zero.,0.0,,,,Driller_7081fe79,,ConstructionNotes_08d4810a,,,110AVMB,,WaterNotes_0bc0144d,,X,StatusUserNotes_6f35cbb3,,0.0,0.0,0.0,USGS,Notes_395ea758,0.0,,MonitorStatusReason_c9915973,,W,U,0x000000001FF63C9C
1479B396-B9CC-4641-9755-0236D63BBF1C,862057A5-C66F-46AC-8F03-C4F0243CA11B,29047,NM-25570,,,767.0,580.0,A,1972-06-19 00:00:00.000,A,WLs reported bgs. Entered zero for mp height for calculated fields. Actual MP height may not be zero.,0.0,,,,Driller_7081fe79,,ConstructionNotes_08d4810a,,,211OJAM,,WaterNotes_0bc0144d,,P,StatusUserNotes_6f35cbb3,,0.0,0.0,0.0,USGS,Notes_395ea758,0.0,,MonitorStatusReason_c9915973,,W,P,0x000000001FF63CAA
878C6724-4A73-42F1-82FB-02F4047B0264,0E8BE397-C57C-4F79-998E-C523D911CFB6,36466,AR-0216,SJ-04060,,36.0,36.0,D,2013-09-28 00:00:00.000,D,Port in TOC opposite electric wire.,1.73,,36.0,,Driller_8c52da4f,A,ConstructionNotes_08d4810a,,,,14.0,WaterNotes_9f6fb8f8,C,D,StatusUserNotes_0e59fc0d,BC,0.0,1.0,1.0,,Notes_711ceae6,0.0,AR0216.pdf,MonitorStatusReason_c9915973,,,,0x000000002666E2FB
339800F7-3364-4943-BE17-00CA7C5F7E98,B1F9B5BE-6B0C-4A6E-96ED-C5F83BAA8BDA,1317,QU-047,RG-91725,,207.0,207.0,D,2010-03-04 00:00:00.000,D,TOC @ plug,-5.59,0.45,207.0,,Driller_b63cd225,H,ConstructionNotes_08d4810a,,,,111.0,WaterNotes_74a673f2,C,D,StatusUserNotes_6f35cbb3,A,0.0,1.0,1.0,,Notes_0c954423,0.0,QU047.pdf,MonitorStatusReason_c9915973,,,,0x000000002666E8B2
275118AC-4927-4A0A-80EF-006F9B420206,7B8FF78F-434C-45CE-970A-C64503C1DB14,17736,NM-14259,,,,310.0,A,,,WLs reported bgs. Entered zero for mp height for calculated fields. Actual MP height may not be zero.,0.0,,,,Driller_7081fe79,,ConstructionNotes_08d4810a,,,313ARTS,,WaterNotes_0bc0144d,,X,StatusUserNotes_6f35cbb3,,0.0,0.0,0.0,USGS,Notes_395ea758,0.0,,MonitorStatusReason_c9915973,,U,U,0x000000001FF63D63
2A1FF50E-5939-40E9-B3BE-00756054357F,72D26903-0525-4BBB-83B8-C6900B218201,1185,JM-021,LRG-06250,,160.0,160.0,D,1976-12-31 00:00:00.000,D,Slot next to return line w/electric cable,0.95,0.375,,,Driller_9a84ca6c,,ConstructionNotes_c825bf8b,,,,100.0,WaterNotes_9ad5b8d1,C,L,StatusUserNotes_6f35cbb3,,0.0,0.0,1.0,,Notes_eaaaa4e0,0.0,,MonitorStatusReason_c9915973,,,,0x000000001FF63D90
48710F76-B7C4-4B8E-8A9B-00C26C00ED64,31A857E8-5DA1-4F00-A677-C6CBDE49DAFD,28044,NM-24567,,,,380.0,A,,,WLs reported bgs. Entered zero for mp height for calculated fields. Actual MP height may not be zero.,0.0,,,,Driller_7081fe79,,ConstructionNotes_08d4810a,,,,,WaterNotes_0bc0144d,,X,StatusUserNotes_6f35cbb3,,0.0,0.0,0.0,USGS,Notes_395ea758,0.0,,MonitorStatusReason_c9915973,,W,U,0x000000001FF63DA9
FF1D0E27-24FB-4FA2-9F2B-0556CCA7C488,A8BAC632-E722-4160-A4FE-C728D65F9779,33715,BW-0564,,,,100.0,,,,WLs reported bgs. Entered zero for mp height for calculated fields. Actual MP height may not be zero.,0.0,,,,Driller_7081fe79,,ConstructionNotes_f07205d3,,,,,WaterNotes_0bc0144d,,,StatusUserNotes_6f35cbb3,,0.0,0.0,0.0,"McLean, J.S. (1970) Saline Ground-Water Resources of the Tularosa Basin, NM. Office of Saline Water, R&D Progress Rpt 561",Notes_395ea758,0.0,,MonitorStatusReason_c9915973,,,,0x000000001FF63DE3
14E9BDE8-D6FD-417A-9762-01B04932FAE0,461834C6-7F11-4B31-8ECA-C7999E9F6BFF,25140,NM-21663,,,1238.0,1094.0,A,1973-07-30 00:00:00.000,A,WLs reported bgs. Entered zero for mp height for calculated fields. Actual MP height may not be zero.,0.0,,,,Driller_7081fe79,,ConstructionNotes_08d4810a,,,112SNTF,,WaterNotes_0bc0144d,,P,StatusUserNotes_6f35cbb3,,0.0,0.0,0.0,USGS,Notes_395ea758,0.0,,MonitorStatusReason_c9915973,,W,P,0x000000001FF63E33
DCE0FAB0-9325-4132-BE36-0081CA702E47,307C29FE-A580-4896-B914-C7C09B93509C,35797,TO-0419,,,,72.0,R,,,WLs reported bgs. Entered zero for mp height for calculated fields. Actual MP height may not be zero.,0.0,0.8333333,,,Driller_7081fe79,,ConstructionNotes_08d4810a,,,112QTBF,,WaterNotes_0bc0144d,,D,StatusUserNotes_6f35cbb3,,0.0,0.0,0.0,"GW5: Geology and Ground-Water Resources of Torrance County, NM (1957) R.E. Smith, NM Bureau of Geology",Notes_395ea758,0.0,,MonitorStatusReason_c9915973,,,,0x000000001FF63E49
E5CB2FD2-9475-4D53-A4CF-02F5564A6434,677B10C6-D90C-4B1F-8775-C8920EA35813,31149,AR-0085,X,,23.0,,A,,,Slit at TOC,1.45,0.55,,,Driller_7081fe79,,ConstructionNotes_08cfb1a7,,,,,WaterNotes_0bc0144d,C,D,StatusUserNotes_6f35cbb3,X,0.0,0.0,0.0,,Notes_00e1b71b,0.0,,MonitorStatusReason_c9915973,,,,0x000000001FF63EA3
1BDB1733-70C7-406D-BC7C-02B5ABC83F65,B206D5B5-1C58-4B08-8481-C8C0A2ADF35F,35059,ED-0072,,,,125.0,R,,,WLs reported bgs. Entered zero for mp height for calculated fields. Actual MP height may not be zero.,0.0,0.4583333,,,Driller_7081fe79,,ConstructionNotes_08d4810a,,,313CLBD,,WaterNotes_d4281b91,,L,StatusUserNotes_6f35cbb3,,0.0,0.0,0.0,"GW3: Geology and Ground-Water Resources of Eddy County, NM (1952) G.E. Hendrickson & R.S. Jones, NM Bureau of Geology",Notes_395ea758,0.0,,MonitorStatusReason_c9915973,,,,0x000000001FF63EC3
1741A6CB-C342-4F96-BF49-039F21FCED68,71A4721C-2C5E-4F65-BA55-C8D1D285D530,40432,DE-0196,,,,,,,,MP height is unknown. Entered zero for calculated fields. Actual MP height may not be zero.,0.0,,,,Driller_7081fe79,,ConstructionNotes_08d4810a,,,,,WaterNotes_0bc0144d,,,StatusUserNotes_6f35cbb3,,0.0,0.0,0.0,OCD AP-105 Report by GHD,Notes_395ea758,0.0,,MonitorStatusReason_c9915973,,,,0x00000000242541FF
6C1B42AB-E4A2-47E6-B349-0433197C2C85,84688936-E448-4CD1-9F79-C8ECD3AE490C,27572,NM-24095,,,,,,,,WLs reported bgs. Entered zero for mp height for calculated fields. Actual MP height may not be zero.,0.0,,,,Driller_7081fe79,,ConstructionNotes_08d4810a,,,,,WaterNotes_0bc0144d,,I,StatusUserNotes_6f35cbb3,,0.0,0.0,0.0,USGS,Notes_395ea758,0.0,,MonitorStatusReason_c9915973,,W,I,0x000000001FF63ED4
C3931EC9-C8E4-4841-9496-00D04A027EAB,360F13B3-8758-44DC-8427-C9292E0EF96A,15887,NM-12410,,,,922.0,A,,,WLs reported bgs. Entered zero for mp height for calculated fields. Actual MP height may not be zero.,0.0,,,,Driller_7081fe79,,ConstructionNotes_08d4810a,,,313SADR,,WaterNotes_0bc0144d,,X,StatusUserNotes_6f35cbb3,,0.0,0.0,0.0,USGS,Notes_395ea758,0.0,,MonitorStatusReason_c9915973,,U,U,0x000000001FF63EFE
3941FB8E-24F0-452B-AA6E-03245439BC22,096E76B6-ED6B-44AE-8833-C9609378BFA9,3268,NM-00713,,,,70.0,A,,,WLs reported bgs. Entered zero for mp height for calculated fields. Actual MP height may not be zero.,0.0,,,,Driller_7081fe79,,ConstructionNotes_08d4810a,,,110AVMB,,WaterNotes_0bc0144d,,X,StatusUserNotes_6f35cbb3,,0.0,0.0,0.0,USGS,Notes_395ea758,0.0,,MonitorStatusReason_c9915973,,W,U,0x000000001FF63F25
57847200-934A-475B-8DE7-0563BF80F39A,EAAB99E0-7446-46BD-8547-C9771CCDA976,10938,NM-07461,,,,,,,,WLs reported bgs. Entered zero for mp height for calculated fields. Actual MP height may not be zero.,0.0,,,,Driller_7081fe79,,ConstructionNotes_08d4810a,,,110AVMB,,WaterNotes_0bc0144d,,X,StatusUserNotes_6f35cbb3,,0.0,0.0,0.0,USGS,Notes_395ea758,0.0,,MonitorStatusReason_c9915973,,Z,U,0x000000001FF63F2D
A3AC94F6-B7F1-4A8B-BAA2-002BF32A9E7D,39E82820-6384-4BDB-AF3A-C987FF7E5742,13173,NM-09696,,,,81.0,A,,,WLs reported bgs. Entered zero for mp height for calculated fields. Actual MP height may not be zero.,0.0,,,,Driller_7081fe79,,ConstructionNotes_08d4810a,,,110AVMB,,WaterNotes_0bc0144d,,X,StatusUserNotes_6f35cbb3,,0.0,0.0,0.0,USGS,Notes_395ea758,0.0,,MonitorStatusReason_c9915973,,U,U,0x000000001FF63F3A
C8F09FC2-8523-4CBD-91E9-052213538939,E60A4F72-703C-4277-8ACE-C98B4833E408,30486,NM-27007,,,,60.0,O,,,Entered zero for mp height for calculated fields. Actual MP height may not be zero.,0.0,,,,Driller_7081fe79,,ConstructionNotes_08d4810a,,,,,WaterNotes_0bc0144d,,D,StatusUserNotes_6f35cbb3,,0.0,0.0,0.0,Data from Lynn Brandvold with NMBGMR chemistry lab.,Notes_395ea758,0.0,,MonitorStatusReason_c9915973,,,,0x000000001FF63F3C
D2D71C4E-4CAB-4EB8-9BE4-044644AF7B82,6D8F9383-41D9-4597-AE52-C9B41A87E447,34100,BW-0661,,,,4295.0,R,,,WLs reported bgs. Entered zero for mp height for calculated fields. Actual MP height may not be zero.,0.0,,,,Driller_7081fe79,,ConstructionNotes_08d4810a,,,320PENN,,WaterNotes_2cb748c7,,,StatusUserNotes_68f8026a,,0.0,0.0,0.0,"Hood, J.W. and Kister, L.R. (1962) Saline-Water Resources of NM. USGS Water-Supply Paper 1601",Notes_395ea758,0.0,,MonitorStatusReason_c9915973,,,,0x000000001FF63F57
172ED1BB-5360-428F-BB38-032CD97814A1,FFDA0B57-E076-4EF3-A958-C9B6E2CCB376,40549,DE-0313,,,,,,,,MP height is unknown. Entered zero for calculated fields. Actual MP height may not be zero.,0.0,,,,Driller_7081fe79,,ConstructionNotes_08d4810a,,,,,WaterNotes_0bc0144d,,,StatusUserNotes_6f35cbb3,,0.0,0.0,0.0,"OCD AP-62 Report by R.T. Hicks Consultants, Ltd",Notes_395ea758,0.0,,MonitorStatusReason_c9915973,,,,0x0000000024254275
C97AF6A6-AA7C-4E98-B71D-02424130CD20,0610A32D-F467-4EF4-B774-C9E336F4D078,37270,NM-28197,,,1172.0,1172.0,A,1959-07-07 00:00:00.000,A,WLs reported bgs. Entered zero for mp height for calculated fields. Actual MP height may not be zero.,0.0,,,,Driller_7081fe79,,ConstructionNotes_08d4810a,,,,,WaterNotes_0bc0144d,,D,StatusUserNotes_6f35cbb3,,0.0,0.0,0.0,USGS,Notes_395ea758,0.0,,MonitorStatusReason_c9915973,,W,H,0x000000001FF63F74
63709146-1D2A-4C78-B225-05D81AA651C2,C2E4A024-3A9A-44F2-BEA6-CA8B71F89225,9136,NM-05659,,,395.0,,A,1951-02-01 00:00:00.000,A,WLs reported bgs. Entered zero for mp height for calculated fields. Actual MP height may not be zero.,0.0,,,,Driller_7081fe79,,ConstructionNotes_08d4810a,,,110AVMB,,WaterNotes_0bc0144d,,I,StatusUserNotes_6f35cbb3,,0.0,0.0,0.0,USGS,Notes_395ea758,0.0,,MonitorStatusReason_c9915973,,W,I,0x000000001FF63FC0
C838D9B9-BB32-452C-8A44-045A8D7B7AE0,2E8BF277-A550-4EE3-BCA2-CAADF7883A02,14783,NM-11306,,,,107.0,A,,,WLs reported bgs. Entered zero for mp height for calculated fields. Actual MP height may not be zero.,0.0,,,,Driller_7081fe79,,ConstructionNotes_08d4810a,,,121OGLL,,WaterNotes_0bc0144d,,I,StatusUserNotes_6f35cbb3,,0.0,0.0,0.0,USGS,Notes_395ea758,0.0,,MonitorStatusReason_c9915973,,W,I,0x000000001FF63FD5
A132F49A-2075-4B94-9CC7-00FC8CEDF5E9,EC8BCC26-46EC-485E-A402-CABDFA432CA6,29518,NM-26041,,,,76.0,A,,,WLs reported bgs. Entered zero for mp height for calculated fields. Actual MP height may not be zero.,0.0,,,,Driller_7081fe79,,ConstructionNotes_08d4810a,,,110AVMB,,WaterNotes_0bc0144d,,X,StatusUserNotes_6f35cbb3,,0.0,0.0,0.0,USGS,Notes_395ea758,0.0,,MonitorStatusReason_c9915973,,W,U,0x000000001FF63FE1
DEE0DE44-40CA-4A18-89F5-003B98C1CC10,7BB67A6C-F179-4D36-AF0A-CADA7FC06AC9,10773,NM-07296,,,600.0,,A,1967-10-01 00:00:00.000,A,WLs reported bgs. Entered zero for mp height for calculated fields. Actual MP height may not be zero.,0.0,,,,Driller_7081fe79,,ConstructionNotes_08d4810a,,,,,WaterNotes_0bc0144d,,X,StatusUserNotes_6f35cbb3,,0.0,0.0,0.0,USGS,Notes_395ea758,0.0,,MonitorStatusReason_c9915973,,W,U,0x000000001FF63FF4
5521D77F-0F62-4BF7-9EDD-03900983FCA6,7D952C0E-3FC4-4C28-A018-CAF203DA5C87,21770,NM-18293,,,,108.0,A,,,WLs reported bgs. Entered zero for mp height for calculated fields. Actual MP height may not be zero.,0.0,,,,Driller_7081fe79,,ConstructionNotes_08d4810a,,,121OGLL,,WaterNotes_0bc0144d,,L,StatusUserNotes_6f35cbb3,,0.0,0.0,0.0,USGS,Notes_395ea758,0.0,,MonitorStatusReason_c9915973,,W,S,0x000000001FF64002
4AF220F1-DB0D-4B7F-BE08-02DBBF9719F6,ACFD9767-7BC6-40D0-9A65-CB412AF9CC79,5296,NM-02359,,,,235.0,A,,,WLs reported bgs. Entered zero for mp height for calculated fields. Actual MP height may not be zero.,0.0,,,,Driller_7081fe79,,ConstructionNotes_08d4810a,,,110AVMB,,WaterNotes_0bc0144d,,I,StatusUserNotes_6f35cbb3,,0.0,0.0,0.0,USGS,Notes_395ea758,0.0,,MonitorStatusReason_c9915973,,W,I,0x000000001FF6402A
21B623F0-05A9-467E-AED2-0170921D3447,DB1E742E-8DAE-433A-8939-CB653665E5AA,30872,MI-0169,,,,50.0,R,,,Entered zero for mp height for calculated fields. Actual MP height may not be zero.,0.0,0.5,,,Driller_7081fe79,,ConstructionNotes_056726e7,,,231CHNL,,WaterNotes_0bc0144d,,S,StatusUserNotes_6f35cbb3,,0.0,0.0,0.0,"Data from Groundwater Report 2: Geology & Groundwater Resources of San Miguel County, NM. (1951) NMBGMR by R.L. Griggs and G.E. Hendrickson.",Notes_395ea758,0.0,,MonitorStatusReason_c9915973,,,,0x000000001FF6403E
B72E03A9-CE4D-4F55-917B-0351AA976DCD,2F51F94F-090D-43FF-A6E0-CB6D17992289,34427,AR-0208,X,,28.0,28.0,S,,,TOC,1.45,0.54,,,Driller_7081fe79,,ConstructionNotes_011e6dea,,,110ALVM,,WaterNotes_66e1149c,I,A,StatusUserNotes_6f35cbb3,DC,1.0,1.0,1.0,,Notes_fed2a18d,0.0,,MonitorStatusReason_c9915973,,,,0x000000002106DD45
28A492B2-E695-46D2-BEBA-0590BA93079D,55629039-C083-4CF3-BD22-CBAF5C7EB468,35392,TO-0020,,,,600.0,R,,,WLs reported bgs. Entered zero for mp height for calculated fields. Actual MP height may not be zero.,0.0,,,,Driller_7081fe79,,ConstructionNotes_08d4810a,,,310YESO,,WaterNotes_66d4bb12,,L,StatusUserNotes_6f35cbb3,,0.0,0.0,0.0,"GW5: Geology and Ground-Water Resources of Torrance County, NM (1957) R.E. Smith, NM Bureau of Geology",Notes_395ea758,0.0,,MonitorStatusReason_c9915973,,,,0x000000001FF64066
42E9CC96-9A47-4E98-AD45-03B896FD52DB,D27F9A4F-482A-4D23-AF97-CBBBB807C1B5,35465,TO-0093,,,,242.0,R,1949-01-01 00:00:00.000,R,WLs reported bgs. Entered zero for mp height for calculated fields. Actual MP height may not be zero.,0.0,1.333333,,,Driller_7081fe79,,ConstructionNotes_4774f125,,,112QTBF,,WaterNotes_0bc0144d,,I,StatusUserNotes_6f35cbb3,,0.0,0.0,0.0,"GW5: Geology and Ground-Water Resources of Torrance County, NM (1957) R.E. Smith, NM Bureau of Geology",Notes_395ea758,0.0,,MonitorStatusReason_c9915973,,,,0x000000001FF6406E
4EC246E4-EC32-4192-81DF-0490CF182BFE,F5DD66F7-88A1-4437-BB27-CBEDEDE8F03C,4055,NM-01500,,,,,,,,WLs reported bgs. Entered zero for mp height for calculated fields. Actual MP height may not be zero.,0.0,,,,Driller_7081fe79,,ConstructionNotes_08d4810a,,,,,WaterNotes_0bc0144d,,L,StatusUserNotes_6f35cbb3,,0.0,0.0,0.0,USGS,Notes_395ea758,0.0,,MonitorStatusReason_c9915973,,W,S,0x000000001FF6408E
4DC4A9AC-EBE8-44E5-A6FE-00AB8B0446A3,093B8C81-0D2F-4756-BFE8-CC3B9FDE6445,19858,NM-16381,,,,660.0,A,,,WLs reported bgs. Entered zero for mp height for calculated fields. Actual MP height may not be zero.,0.0,,,,Driller_7081fe79,,ConstructionNotes_08d4810a,,,,,WaterNotes_0bc0144d,,,StatusUserNotes_6f35cbb3,,0.0,0.0,0.0,USGS,Notes_395ea758,0.0,,MonitorStatusReason_c9915973,,W,,0x000000001FF640BE
279D7571-7C61-43E5-A5D0-041608A05336,30E8D4DD-E2AC-46F6-B2EA-CC525C9B9B26,18073,NM-14596,,,,236.0,A,,,WLs reported bgs. Entered zero for mp height for calculated fields. Actual MP height may not be zero.,0.0,,,,Driller_7081fe79,,ConstructionNotes_08d4810a,,,121OGLL,,WaterNotes_0bc0144d,,X,StatusUserNotes_6f35cbb3,,0.0,0.0,0.0,USGS,Notes_395ea758,0.0,,MonitorStatusReason_c9915973,,Z,U,0x000000001FF640CB
FEF58144-A55C-44E3-9916-02C0A0BC480E,35E2CAD4-64F2-4A05-B0D7-CC6BFD8F09F1,10818,NM-07341,,,302.0,,A,1962-11-01 00:00:00.000,A,WLs reported bgs. Entered zero for mp height for calculated fields. Actual MP height may not be zero.,0.0,,,,Driller_7081fe79,,ConstructionNotes_08d4810a,,,110AVMB,,WaterNotes_0bc0144d,,X,StatusUserNotes_6f35cbb3,,0.0,0.0,0.0,USGS,Notes_395ea758,0.0,,MonitorStatusReason_c9915973,,W,U,0x000000001FF640D9
465F1260-E62F-4DEE-AF68-04CD1E081BE5,E61558F8-59E7-4AFE-A957-CC6FA4F96E9D,22586,NM-19109,,,,415.0,A,,,WLs reported bgs. Entered zero for mp height for calculated fields. Actual MP height may not be zero.,0.0,,,,Driller_7081fe79,,ConstructionNotes_08d4810a,,,121OGLL,,WaterNotes_0bc0144d,,X,StatusUserNotes_6f35cbb3,,0.0,0.0,0.0,USGS,Notes_395ea758,0.0,,MonitorStatusReason_c9915973,,W,U,0x000000001FF640DD
1CDACAC3-B320-4936-AB63-0617FBEBDBEA,95CA648B-8FE9-456B-9FC8-CC797D0D0B45,20548,NM-17071,,,,108.0,A,,,WLs reported bgs. Entered zero for mp height for calculated fields. Actual MP height may not be zero.,0.0,,,,Driller_7081fe79,,ConstructionNotes_08d4810a,,,110AVMB,,WaterNotes_0bc0144d,,,StatusUserNotes_6f35cbb3,,0.0,0.0,0.0,USGS,Notes_395ea758,0.0,,MonitorStatusReason_c9915973,,U,Z,0x000000001FF640E0
BE322CCA-1E32-F74D-BE96-014557B140EC,ED9D9846-7211-E649-8E69-CCB61D7ECEC1,40274,WL-0266,X,,,,,,,Top of well cap,0.8,0.42,,,Driller_7081fe79,,ConstructionNotes_af4696a5,,,,,WaterNotes_6dae27cb,,,StatusUserNotes_6f35cbb3,I,0.0,0.0,0.0,,Notes_8b6eecbe,0.0,,MonitorStatusReason_c9915973,,,,0x00000000235175F9
F03EF2B6-8C0F-453A-B5F9-04880BCAB857,09376D19-CBF4-4B84-B320-CCCD323CF7F5,23753,NM-20276,,,,,,,,WLs reported bgs. Entered zero for mp height for calculated fields. Actual MP height may not be zero.,0.0,,,,Driller_7081fe79,,ConstructionNotes_08d4810a,,,121OGLL,,WaterNotes_0bc0144d,,D,StatusUserNotes_6f35cbb3,,0.0,0.0,0.0,USGS,Notes_395ea758,0.0,,MonitorStatusReason_c9915973,,W,H,0x000000001FF6410F
C6F1EA16-44A7-407E-B2D4-00D6E69F1839,0DD8AB78-AF3D-48AB-8290-CD7C4E5D9837,26911,NM-23434,,,200.0,200.0,A,1944-09-01 00:00:00.000,A,WLs reported bgs. Entered zero for mp height for calculated fields. Actual MP height may not be zero.,0.0,,,,Driller_7081fe79,,ConstructionNotes_08d4810a,,,231CHNL,,WaterNotes_0bc0144d,,D,StatusUserNotes_6f35cbb3,,0.0,0.0,0.0,USGS,Notes_395ea758,0.0,,MonitorStatusReason_c9915973,,W,H,0x000000001FF64172
92F9DD22-EB38-49CD-9EE0-00EA98F561A4,90084D12-6E3E-4F57-B8DE-CEF2F6075D3E,15831,NM-12354,,,,,,,,WLs reported bgs. Entered zero for mp height for calculated fields. Actual MP height may not be zero.,0.0,,,,Driller_7081fe79,,ConstructionNotes_08d4810a,,,121OGLL,,WaterNotes_0bc0144d,,L,StatusUserNotes_6f35cbb3,,0.0,0.0,0.0,USGS,Notes_395ea758,0.0,,MonitorStatusReason_c9915973,,W,S,0x000000001FF64252
A270F300-0368-4993-AA0E-0516496F41FC,D3A92432-2016-43AB-A437-CEFCFD24E8C3,6829,AB-0196,,,,240.0,R,1989-10-31 00:00:00.000,R,WLs reported bgs. Entered zero for mp height for calculated fields. Actual MP height may not be zero.,0.0,0.4166667,,,Driller_7081fe79,,ConstructionNotes_3c3c8d8e,,,400PCMB,,WaterNotes_0bc0144d,,,StatusUserNotes_6f35cbb3,,0.0,0.0,0.0,"Plummer, LN, Bexfield, LM, et al. (2004) Geochem. Characterization of Ground-water Flow in the Santa Fe Group Aquifer System, Middle Rio Grande Basin, NM. USGS WRI-03-4131",Notes_395ea758,0.0,,MonitorStatusReason_c9915973,,,,0x000000001FF64259
C67AA1DE-A69C-45C9-A799-0125D22A7D7F,EEE6974B-8651-43A8-9A54-CF735BDA5942,8569,NM-05092,,,232.0,230.0,A,1952-03-01 00:00:00.000,A,WLs reported bgs. Entered zero for mp height for calculated fields. Actual MP height may not be zero.,0.0,,,,Driller_7081fe79,,ConstructionNotes_08d4810a,,,110AVMB,,WaterNotes_0bc0144d,,I,StatusUserNotes_6f35cbb3,,0.0,0.0,0.0,USGS,Notes_395ea758,0.0,,MonitorStatusReason_c9915973,,W,I,0x000000001FF64297
1E43225D-1719-45F1-983A-056F70E46494,6A2778BE-33A6-4736-AD1F-CFE6403626A6,9337,NM-05860,,,107.0,,A,,,WLs reported bgs. Entered zero for mp height for calculated fields. Actual MP height may not be zero.,0.0,,,,Driller_7081fe79,,ConstructionNotes_08d4810a,,,,,WaterNotes_0bc0144d,,I,StatusUserNotes_6f35cbb3,,0.0,0.0,0.0,USGS,Notes_395ea758,0.0,,MonitorStatusReason_c9915973,,W,I,0x000000001FF642D8
F578D6B2-280D-624F-8250-0323B3BD5A61,F1EA650F-C2B3-C04D-B3C0-D00EFC8E58EA,38231,AR-0240,?,,,,,,,Floor of well vault,-2.0,2.0,,,Driller_7081fe79,,ConstructionNotes_53c16b2a,,,,,WaterNotes_5f38836d,C,I,StatusUserNotes_520b11bb,P,0.0,1.0,1.0,,Notes_8b6eecbe,0.0,,MonitorStatusReason_c9915973,,,,0x000000001FF642EB
7121C24F-CEC6-41E9-9A67-0152D2B93678,C1F1AE33-5514-4AE7-8BC8-D02DFC9ED690,21250,NM-17773,,,241.0,241.0,A,1993-06-08 00:00:00.000,A,WLs reported bgs. Entered zero for mp height for calculated fields. Actual MP height may not be zero.,0.0,,,,Driller_7081fe79,,ConstructionNotes_08d4810a,U,,121OGLL,,WaterNotes_0bc0144d,,I,StatusUserNotes_6f35cbb3,,0.0,0.0,0.0,USGS,Notes_395ea758,0.0,,MonitorStatusReason_c9915973,,W,I,0x000000001FF64302
0C41ECD8-9532-4020-8189-024D00C9AAFD,FE5E0729-D4EE-4691-B230-D05459F3C6FD,31204,QY-0263,,,48.0,48.0,R,,,WLs reported bgs. Entered zero for mp height for calculated fields. Actual MP height may not be zero.,0.0,0.6666667,,,Driller_7081fe79,,ConstructionNotes_056726e7,,,220ENRD,,,,DL,StatusUserNotes_6f35cbb3,,0.0,0.0,0.0,"GW9: Groundwater Resources & Geology of Quay County, NM (1966) Charles Berkstresser, Jr. & Walter A. Mourant, NM Bureau of Geology",Notes_395ea758,0.0,,MonitorStatusReason_c9915973,,,,0x000000002A822193
85178DF3-CF1F-48F2-9634-040645B61761,62A3EAE2-429D-40FE-9A42-D06B5F185926,24320,NM-20843,,,,,,,,WLs reported bgs. Entered zero for mp height for calculated fields. Actual MP height may not be zero.,0.0,,,,Driller_7081fe79,,ConstructionNotes_08d4810a,,,121OGLL,,WaterNotes_0bc0144d,,I,StatusUserNotes_6f35cbb3,,0.0,0.0,0.0,USGS,Notes_395ea758,0.0,,MonitorStatusReason_c9915973,,W,I,0x000000001FF64327
834B036B-01A4-484E-9ED1-03B473A6231E,4C8E73F7-B4B9-4ABB-89C6-D06E302E93D9,6055,NM-03118,,,,135.0,A,,,WLs reported bgs. Entered zero for mp height for calculated fields. Actual MP height may not be zero.,0.0,,,,Driller_7081fe79,,ConstructionNotes_08d4810a,,,110AVMB,,WaterNotes_0bc0144d,,I,StatusUserNotes_6f35cbb3,,0.0,0.0,0.0,USGS,Notes_395ea758,0.0,,MonitorStatusReason_c9915973,,W,I,0x000000001FF6432B
77F00014-6BF2-4E47-9A93-03EAB8FB528D,93A3FE09-1182-46D3-9955-D0EACF669723,23034,NM-19557,,,,110.0,A,,,WLs reported bgs. Entered zero for mp height for calculated fields. Actual MP height may not be zero.,0.0,,,,Driller_7081fe79,,ConstructionNotes_08d4810a,,,121OGLL,,WaterNotes_0bc0144d,,L,StatusUserNotes_6f35cbb3,,0.0,0.0,0.0,USGS,Notes_395ea758,0.0,,MonitorStatusReason_c9915973,,W,S,0x000000001FF6436C
3AB11222-EF1A-4EB5-80A4-03715540A16B,514FE708-86E1-4466-AE31-D0FDEFD7BE5E,15843,NM-12366,,,,262.0,A,,,WLs reported bgs. Entered zero for mp height for calculated fields. Actual MP height may not be zero.,0.0,,,,Driller_7081fe79,,ConstructionNotes_08d4810a,,,110AVMB,,WaterNotes_0bc0144d,,I,StatusUserNotes_6f35cbb3,,0.0,0.0,0.0,USGS,Notes_395ea758,0.0,,MonitorStatusReason_c9915973,,W,I,0x000000001FF64378
370A2D49-A526-4670-B446-04500D369129,9E6B9AFA-C4B6-4EE7-9384-D10AFFCF9385,14046,NM-10569,,,203.0,203.0,A,1994-05-05 00:00:00.000,A,WLs reported bgs. Entered zero for mp height for calculated fields. Actual MP height may not be zero.,0.0,,,,Driller_7081fe79,,ConstructionNotes_08d4810a,C,,110AVMB,,WaterNotes_0bc0144d,,D,StatusUserNotes_6f35cbb3,,0.0,0.0,0.0,USGS,Notes_395ea758,0.0,,MonitorStatusReason_c9915973,,W,H,0x000000001FF64381
8E0D63A7-1F96-4BA3-ABFC-00C66CE3B2B0,E1F779BA-DBC6-46F9-A35C-D18D58302385,30936,MI-0281,,,,,,,,Entered zero for mp height for calculated fields. Actual MP height may not be zero.,0.0,0.5,,,Driller_7081fe79,,ConstructionNotes_056726e7,,,211GRRS/211DKOT/217PRGR,,WaterNotes_0bc0144d,,S,StatusUserNotes_6f35cbb3,,0.0,0.0,0.0,"Data from Groundwater Report 2: Geology & Groundwater Resources of San Miguel County, NM. (1951) NMBGMR by R.L. Griggs and G.E. Hendrickson.",Notes_395ea758,0.0,,MonitorStatusReason_c9915973,,,,0x000000001FF643C8
41A2D96E-5BA4-4561-898F-029F6D129129,A5D19C77-0DE1-4B6B-85F5-D1A0359FDB25,35160,ED-0173,,,,330.0,R,1947-01-01 00:00:00.000,R,WLs reported bgs. Entered zero for mp height for calculated fields. Actual MP height may not be zero.,0.0,0.8333333,,,Driller_05e409c7,,ConstructionNotes_c3a4d49b,,,313CLBD,,WaterNotes_0bc0144d,,L,StatusUserNotes_6f35cbb3,,0.0,0.0,0.0,"GW3: Geology and Ground-Water Resources of Eddy County, NM (1952) G.E. Hendrickson & R.S. Jones, NM Bureau of Geology",Notes_395ea758,0.0,,MonitorStatusReason_c9915973,,,,0x000000001FF643D4
3DA6C320-3F80-4EDF-8C3D-0235D331D004,123E2E23-905F-4C41-9878-D1C5C703BFEC,460,EB-463,RG-39113,,816.0,816.0,D,1983-06-03 00:00:00.000,D,TOC,1.9,0.552,816.0,,Driller_ab3f55fa,,ConstructionNotes_d8f8700f,X,,121TSUQa,260.0,WaterNotes_1899914b,U,D,StatusUserNotes_4df6a39d,,0.0,0.0,0.0,"GGI, 2003, Reconnaissance Geohydrology report of the Clements Property, Santa Fe, April, 2003.",Notes_395ea758,0.0,EB463.pdf,MonitorStatusReason_c9915973,,,,0x000000002666E4FF
E710759D-A339-4ECA-8FB3-003E6B03EBEE,9CC7D135-3374-44DD-AF2E-D21F06C0BCD6,27892,NM-24415,,,195.0,195.0,A,1992-10-23 00:00:00.000,A,WLs reported bgs. Entered zero for mp height for calculated fields. Actual MP height may not be zero.,0.0,,,,Driller_7081fe79,,ConstructionNotes_08d4810a,C,,325MDER,,WaterNotes_0bc0144d,,D,StatusUserNotes_6f35cbb3,,0.0,0.0,0.0,USGS,Notes_395ea758,0.0,,MonitorStatusReason_c9915973,,W,H,0x000000001FF64419
B7E0AC94-C991-43D7-B0E9-02A8A16FF091,5236FC25-6297-4EB7-8D77-D2A49ADD6B9F,29781,NM-26304,,,,,,,,WLs reported bgs. Entered zero for mp height for calculated fields. Actual MP height may not be zero.,0.0,,,,Driller_7081fe79,,ConstructionNotes_08d4810a,,,121OGLL,,WaterNotes_0bc0144d,,I,StatusUserNotes_6f35cbb3,,0.0,0.0,0.0,USGS,Notes_395ea758,0.0,,MonitorStatusReason_c9915973,,W,I,0x000000001FF64463
7BB38C47-01BC-490A-8648-032EE1DDC65B,F56D0BB8-943D-4F98-87EE-D2E3A6DB1D07,15328,NM-11851,,,,451.0,A,,,WLs reported bgs. Entered zero for mp height for calculated fields. Actual MP height may not be zero.,0.0,,,,Driller_7081fe79,,ConstructionNotes_08d4810a,,,,,WaterNotes_0bc0144d,,P,StatusUserNotes_6f35cbb3,,0.0,0.0,0.0,USGS,Notes_395ea758,0.0,,MonitorStatusReason_c9915973,,W,P,0x000000001FF64486
A51806EF-860E-45C4-9A27-040DBF21787E,49B30843-C175-4A87-B394-D2F0C48C6E1E,30779,MI-0243,,,,,,,,Entered zero for mp height for calculated fields. Actual MP height may not be zero.,0.0,0.5,,,Driller_7081fe79,,ConstructionNotes_ba8c60d5,,,211GRRS/211DKOT/217PRGR,,WaterNotes_0bc0144d,,,StatusUserNotes_6f35cbb3,,0.0,0.0,0.0,"Data from Groundwater Report 2: Geology & Groundwater Resources of San Miguel County, NM. (1951) NMBGMR by R.L. Griggs and G.E. Hendrickson.",Notes_395ea758,0.0,,MonitorStatusReason_c9915973,,,,0x000000001FF64492
7986C220-1AF1-4DAB-94C5-05AD863DD053,A364C977-B854-4BCB-BEAE-D30488DE1567,36552,NM-27232,,,,288.0,A,,,WLs reported bgs. Entered zero for mp height for calculated fields. Actual MP height may not be zero.,0.0,,,,Driller_7081fe79,,ConstructionNotes_08d4810a,,,110AVMB,,WaterNotes_0bc0144d,,L,StatusUserNotes_6f35cbb3,,0.0,0.0,0.0,USGS,Notes_395ea758,0.0,,MonitorStatusReason_c9915973,,W,S,0x000000001FF6449C
50B3177A-5FAA-497D-AC81-0228091DCEF9,DB3DEEF4-E22B-4995-9F43-D30DA51927D1,5926,NM-02989,,,,122.0,A,,,WLs reported bgs. Entered zero for mp height for calculated fields. Actual MP height may not be zero.,0.0,,,,Driller_7081fe79,,ConstructionNotes_08d4810a,,,110AVMB,,WaterNotes_0bc0144d,,I,StatusUserNotes_6f35cbb3,,0.0,0.0,0.0,USGS,Notes_395ea758,0.0,,MonitorStatusReason_c9915973,,W,I,0x000000001FF644A4
2A170749-58DF-47EC-8B47-036C12305E7D,496D644B-9C78-42D7-A1A9-D33F3DB1B4FF,3525,NM-00970,,,,423.0,A,,,WLs reported bgs. Entered zero for mp height for calculated fields. Actual MP height may not be zero.,0.0,,,,Driller_7081fe79,,ConstructionNotes_08d4810a,,,121OGLL,,WaterNotes_0bc0144d,,I,StatusUserNotes_6f35cbb3,,0.0,0.0,0.0,USGS,Notes_395ea758,0.0,,MonitorStatusReason_c9915973,,W,I,0x000000001FF644BA
C6A9E83E-036D-4C0E-8358-020CD031C1FC,B9A43A1C-077C-426F-A0CB-D377F7E8DC0A,15504,NM-12027,,,,273.0,A,,,WLs reported bgs. Entered zero for mp height for calculated fields. Actual MP height may not be zero.,0.0,,,,Driller_7081fe79,,ConstructionNotes_08d4810a,,,121OGLL,,WaterNotes_0bc0144d,,X,StatusUserNotes_6f35cbb3,,0.0,0.0,0.0,USGS,Notes_395ea758,0.0,,MonitorStatusReason_c9915973,,W,U,0x000000001FF644DB
36EFEE81-B85D-493B-9277-031F30A9B7B1,EA736814-B709-40A5-B1EF-D3796FE41683,20880,NM-17403,,,,127.0,A,,,WLs reported bgs. Entered zero for mp height for calculated fields. Actual MP height may not be zero.,0.0,,,,Driller_7081fe79,,ConstructionNotes_08d4810a,,,110AVMB,,WaterNotes_0bc0144d,,I,StatusUserNotes_6f35cbb3,,0.0,0.0,0.0,USGS,Notes_395ea758,0.0,,MonitorStatusReason_c9915973,,W,I,0x000000001FF644DC
AEFDF093-0BC5-448E-A11E-04B4907D8450,D0782AA3-F5BB-4902-9085-D382DF73F389,5279,NM-02342,,,,,,,,WLs reported bgs. Entered zero for mp height for calculated fields. Actual MP height may not be zero.,0.0,,,,Driller_7081fe79,,ConstructionNotes_08d4810a,,,110AVMB,,WaterNotes_0bc0144d,,X,StatusUserNotes_6f35cbb3,,0.0,0.0,0.0,USGS,Notes_395ea758,0.0,,MonitorStatusReason_c9915973,,W,U,0x000000001FF644E2
06A0164E-FC35-49CE-975A-002E752E0ABB,4E1A7300-9B17-4BEF-AAB3-D3B0C46B81D0,11957,NM-08480,,,296.0,,A,1951-01-01 00:00:00.000,A,WLs reported bgs. Entered zero for mp height for calculated fields. Actual MP height may not be zero.,0.0,,,,Driller_7081fe79,,ConstructionNotes_08d4810a,,,120DTIL,,WaterNotes_0bc0144d,,L,StatusUserNotes_6f35cbb3,,0.0,0.0,0.0,USGS,Notes_395ea758,0.0,,MonitorStatusReason_c9915973,,W,S,0x000000001FF644FC
DCB77978-2844-43B0-842F-0611254FBB5C,2673C2FD-15CF-470A-B56A-D3C30FF851C6,15470,NM-11993,,,,125.0,A,,,WLs reported bgs. Entered zero for mp height for calculated fields. Actual MP height may not be zero.,0.0,,,,Driller_7081fe79,,ConstructionNotes_08d4810a,,,121OGLL,,WaterNotes_0bc0144d,,I,StatusUserNotes_6f35cbb3,,0.0,0.0,0.0,USGS,Notes_395ea758,0.0,,MonitorStatusReason_c9915973,,W,I,0x000000001FF64505
29BA258C-49DD-4B77-980B-0163D2D852AA,00D37A11-5E61-4915-B616-D3D835003423,6057,NM-03120,,,,,,,,WLs reported bgs. Entered zero for mp height for calculated fields. Actual MP height may not be zero.,0.0,,,,Driller_7081fe79,,ConstructionNotes_08d4810a,,,110AVMB,,WaterNotes_0bc0144d,,L,StatusUserNotes_6f35cbb3,,0.0,0.0,0.0,USGS,Notes_395ea758,0.0,,MonitorStatusReason_c9915973,,W,S,0x000000001FF64510
91296D64-C921-4E59-B01B-05A04C8D01A2,3ED8217C-67FD-4D2F-B7F9-D42CF196752F,33327,BW-0165,,,,,,,,WLs reported bgs. Entered zero for mp height for calculated fields. Actual MP height may not be zero.,0.0,1.0,,,Driller_7081fe79,,ConstructionNotes_08d4810a,,,110ALVM,,WaterNotes_0bc0144d,,,StatusUserNotes_6f35cbb3,,0.0,0.0,0.0,"McLean, J.S. (1970) Saline Ground-Water Resources of the Tularosa Basin, NM. Office of Saline Water, R&D Progress Rpt 561",Notes_395ea758,0.0,,MonitorStatusReason_c9915973,,,,0x000000001FF64534
13A20C80-5AD0-40E9-871A-056583911823,FF72FB61-5025-4D9A-828E-D47638318776,33696,BW-0544,,,,69.0,,,,WLs reported bgs. Entered zero for mp height for calculated fields. Actual MP height may not be zero.,0.0,,,,Driller_7081fe79,,ConstructionNotes_f07205d3,,,,,WaterNotes_0bc0144d,,,StatusUserNotes_6f35cbb3,,0.0,0.0,0.0,"McLean, J.S. (1970) Saline Ground-Water Resources of the Tularosa Basin, NM. Office of Saline Water, R&D Progress Rpt 561",Notes_395ea758,0.0,,MonitorStatusReason_c9915973,,,,0x000000001FF64569
0B64A0A4-2285-4433-BEC2-02703D12E725,D350FDC9-A04C-4779-84F6-D49DF5746535,2039,UC-0035,X,,200.0,200.0,A,,,"no data, use ground surface",0.0,,,,Driller_7081fe79,,ConstructionNotes_08d4810a,U,,121OGLL,,WaterNotes_c7cdbd1d,,,StatusUserNotes_6f35cbb3,,0.0,0.0,0.0,Some data from USGS. Overlapping site data. Aquifer type from USGS.,Notes_395ea758,0.0,,MonitorStatusReason_c9915973,,W,I,0x000000001FF6457C
536A03A2-9680-460C-B165-0597540526E9,87DD2A6A-D185-4932-BEA2-D4CC1A3ECFD2,23193,NM-19716,,,,,,,,WLs reported bgs. Entered zero for mp height for calculated fields. Actual MP height may not be zero.,0.0,,,,Driller_7081fe79,,ConstructionNotes_08d4810a,,,231SNRS,,WaterNotes_0bc0144d,,D,StatusUserNotes_6f35cbb3,,0.0,0.0,0.0,USGS,Notes_395ea758,0.0,,MonitorStatusReason_c9915973,,W,H,0x000000001FF64599
E8C4B262-7BA8-4DA1-BC4C-03F2800BECC9,C249050C-0F38-42FE-849C-D57F065BBA71,24478,NM-21001,,,,,,,,WLs reported bgs. Entered zero for mp height for calculated fields. Actual MP height may not be zero.,0.0,,,,Driller_7081fe79,,ConstructionNotes_08d4810a,,,121OGLL,,WaterNotes_0bc0144d,,I,StatusUserNotes_6f35cbb3,,0.0,0.0,0.0,USGS,Notes_395ea758,0.0,,MonitorStatusReason_c9915973,,W,I,0x000000001FF6460E
C00EE6AE-A723-49CA-97AE-03D3404E3058,086E4BF3-25E3-4108-8D32-D5EC78D8B604,27872,NM-24395,,,302.0,302.0,A,1993-05-05 00:00:00.000,A,WLs reported bgs. Entered zero for mp height for calculated fields. Actual MP height may not be zero.,0.0,,,,Driller_7081fe79,,ConstructionNotes_08d4810a,C,,221MRSN,,WaterNotes_0bc0144d,,D,StatusUserNotes_6f35cbb3,,0.0,0.0,0.0,USGS,Notes_395ea758,0.0,,MonitorStatusReason_c9915973,,W,H,0x000000001FF64646
85A3B76D-F839-44C7-83E5-011C58EA3AC6,0220968B-CFFE-4ADD-8856-D60295C0FAF4,9568,NM-06091,,,,132.0,A,,,WLs reported bgs. Entered zero for mp height for calculated fields. Actual MP height may not be zero.,0.0,,,,Driller_7081fe79,,ConstructionNotes_08d4810a,,,110AVMB,,WaterNotes_0bc0144d,,X,StatusUserNotes_6f35cbb3,,0.0,0.0,0.0,USGS,Notes_395ea758,0.0,,MonitorStatusReason_c9915973,,W,U,0x000000001FF64650
0413C8C0-CEDC-4990-8679-054BB36E6444,8AD50714-8896-4F37-97C1-D60734FE4407,36809,NM-27541,,,,112.0,A,,,WLs reported bgs. Entered zero for mp height for calculated fields. Actual MP height may not be zero.,0.0,,,,Driller_7081fe79,,ConstructionNotes_08d4810a,,,110AVMB,,WaterNotes_0bc0144d,,I,StatusUserNotes_6f35cbb3,,0.0,0.0,0.0,USGS,Notes_395ea758,0.0,,MonitorStatusReason_c9915973,,W,I,0x000000001FF64653
6E5FE3A1-43F7-4B9E-9A85-02D8E5F17B3E,A092D77A-335B-42FC-A27F-D6116DE353FD,17814,NM-14337,,,,92.0,A,,,WLs reported bgs. Entered zero for mp height for calculated fields. Actual MP height may not be zero.,0.0,,,,Driller_7081fe79,,ConstructionNotes_08d4810a,,,121OGLL,,WaterNotes_0bc0144d,,L,StatusUserNotes_6f35cbb3,,0.0,0.0,0.0,USGS,Notes_395ea758,0.0,,MonitorStatusReason_c9915973,,W,S,0x000000001FF6465A
D9DD6107-86AE-4436-BE31-02409E89633A,F1D18B87-6A20-4861-8008-D6489A03CE50,25574,NM-22097,,,177.0,143.0,A,1977-11-11 00:00:00.000,A,WLs reported bgs. Entered zero for mp height for calculated fields. Actual MP height may not be zero.,0.0,,,,Driller_7081fe79,,ConstructionNotes_08d4810a,,,221ZUNIS,,WaterNotes_0bc0144d,,D,StatusUserNotes_6f35cbb3,,0.0,0.0,0.0,USGS,Notes_395ea758,0.0,,MonitorStatusReason_c9915973,,W,H,0x000000001FF64678
91B8DDEA-B6F1-4FC1-AE09-0299685A2785,63E811C0-E756-44B1-9645-D6FC5998CCE0,12406,NM-08929,,,,,,,,WLs reported bgs. Entered zero for mp height for calculated fields. Actual MP height may not be zero.,0.0,,,,Driller_7081fe79,,ConstructionNotes_08d4810a,,,,,WaterNotes_0bc0144d,,I,StatusUserNotes_6f35cbb3,,0.0,0.0,0.0,USGS,Notes_395ea758,0.0,,MonitorStatusReason_c9915973,,W,I,0x000000001FF646CD
C4597125-439E-490D-A233-0547C5C825BC,0278BEFA-E6EE-4464-AC0B-D7C4FDFB85FB,714,SM-0047,PN-00591,,235.0,235.0,D,1995-11-29 00:00:00.000,D,,0.75,0.33,235.0,,Driller_71c9b3fd,A,ConstructionNotes_08d4810a,F,,300YESO,130.0,WaterNotes_2416c051,C,D,StatusUserNotes_22e08798,,0.0,0.0,0.0,,Notes_036dd29d,0.0,SM047.pdf,MonitorStatusReason_c9915973,,,,0x000000001FF6474C
E88D0910-44C7-45DA-BFA6-00B2B71CC644,133895AD-9286-4B27-A012-D810939D24C7,10759,NM-07282,,,,135.0,A,,,WLs reported bgs. Entered zero for mp height for calculated fields. Actual MP height may not be zero.,0.0,,,,Driller_7081fe79,,ConstructionNotes_08d4810a,,,121OGLL,,WaterNotes_0bc0144d,,L,StatusUserNotes_6f35cbb3,,0.0,0.0,0.0,USGS,Notes_395ea758,0.0,,MonitorStatusReason_c9915973,,W,S,0x000000001FF64780
6631D7EB-C04E-44C2-8170-001140943350,0B140D6F-5A5C-4007-924A-D81A9116F845,25402,NM-21925,,,100.0,100.0,A,,,WLs reported bgs. Entered zero for mp height for calculated fields. Actual MP height may not be zero.,0.0,,,,Driller_7081fe79,,ConstructionNotes_08d4810a,,,,,WaterNotes_0bc0144d,,P,StatusUserNotes_6f35cbb3,,0.0,0.0,0.0,USGS,Notes_395ea758,0.0,,MonitorStatusReason_c9915973,,W,P,0x000000001FF64788
1EB78489-2397-4A87-9C1C-03B37C5D00BD,E86EDC0E-B3CA-4CC3-9242-D83C197C11B8,33514,BW-0362,,,,,,,,WLs reported bgs. Entered zero for mp height for calculated fields. Actual MP height may not be zero.,0.0,0.5833333,,,Driller_7081fe79,,ConstructionNotes_08d4810a,,,110ALVM,,WaterNotes_0bc0144d,,,StatusUserNotes_6f35cbb3,,0.0,0.0,0.0,"McLean, J.S. (1970) Saline Ground-Water Resources of the Tularosa Basin, NM. Office of Saline Water, R&D Progress Rpt 561",Notes_395ea758,0.0,,MonitorStatusReason_c9915973,,,,0x000000001FF6479E
C969FE50-8201-4577-BE92-03BEB20D2B74,D3A228FC-5438-4570-91FC-D84D405804DA,40482,DE-0246,,,,,,,,MP height is unknown. Entered zero for calculated fields. Actual MP height may not be zero.,0.0,,,,Driller_7081fe79,,ConstructionNotes_08d4810a,,,,,WaterNotes_0bc0144d,,,StatusUserNotes_6f35cbb3,,0.0,0.0,0.0,OCD AP-101 Report by Arcadis U.S. Inc.,Notes_395ea758,0.0,,MonitorStatusReason_c9915973,,,,0x0000000024254232
FCE9D9A2-2C31-4DC5-B916-0110F1649C34,FE01CB10-AFDE-4200-93B2-D8D82B7EA26B,40879,BC-0411,,,,960.0,,,,,0.0,,,,Driller_7081fe79,,ConstructionNotes_08d4810a,,,,,WaterNotes_0bc0144d,,,StatusUserNotes_6f35cbb3,,0.0,0.0,0.0,,Notes_395ea758,0.0,,MonitorStatusReason_c9915973,,,,0x000000002812325D
B4BA5BD1-5FE8-4678-BF09-01962D6611AC,6B440320-7AC5-463E-86E4-D8E552D1C392,6527,NM-03590,,,,,,,,WLs reported bgs. Entered zero for mp height for calculated fields. Actual MP height may not be zero.,0.0,,,,Driller_7081fe79,,ConstructionNotes_08d4810a,,,,,WaterNotes_0bc0144d,,I,StatusUserNotes_6f35cbb3,,0.0,0.0,0.0,USGS,Notes_395ea758,0.0,,MonitorStatusReason_c9915973,,W,I,0x000000001FF647F1
860B4A74-A262-464C-9395-039BE30AEBB8,1BF24907-BFA7-4C0C-BE7D-D91F3E5CF5C0,22647,NM-19170,,,,125.0,A,,,WLs reported bgs. Entered zero for mp height for calculated fields. Actual MP height may not be zero.,0.0,,,,Driller_7081fe79,,ConstructionNotes_08d4810a,,,110AVMB,,WaterNotes_0bc0144d,,L,StatusUserNotes_6f35cbb3,,0.0,0.0,0.0,USGS,Notes_395ea758,0.0,,MonitorStatusReason_c9915973,,W,S,0x000000001FF6480C
A4485672-AC86-4FF0-866D-02BF3BFDF8C7,3F9CBDB0-B3F9-44FD-B0E7-D924BFB91565,10792,NM-07315,,,,400.0,A,1956-01-01 00:00:00.000,A,WLs reported bgs. Entered zero for mp height for calculated fields. Actual MP height may not be zero.,0.0,,,,Driller_7081fe79,,ConstructionNotes_08d4810a,,,,,WaterNotes_0bc0144d,,I,StatusUserNotes_6f35cbb3,,0.0,0.0,0.0,USGS,Notes_395ea758,0.0,,MonitorStatusReason_c9915973,,W,I,0x000000001FF64810
778E6292-000B-4C43-BEE5-051D23A9A7A8,47600D88-5C28-4AD6-9281-D9407EE6CB51,15009,NM-11532,,,,65.0,A,,,WLs reported bgs. Entered zero for mp height for calculated fields. Actual MP height may not be zero.,0.0,,,,Driller_7081fe79,,ConstructionNotes_08d4810a,,,110AVMB,,WaterNotes_0bc0144d,,X,StatusUserNotes_6f35cbb3,,0.0,0.0,0.0,USGS,Notes_395ea758,0.0,,MonitorStatusReason_c9915973,,U,U,0x000000001FF64821
3BD683C3-050F-44B2-8884-0623944A1E78,0CEEF55F-943E-4F67-BD75-D9764E1ED928,14688,NM-11211,,,,120.0,A,,,WLs reported bgs. Entered zero for mp height for calculated fields. Actual MP height may not be zero.,0.0,,,,Driller_7081fe79,,ConstructionNotes_08d4810a,,,121OGLL,,WaterNotes_0bc0144d,,L,StatusUserNotes_6f35cbb3,,0.0,0.0,0.0,USGS,Notes_395ea758,0.0,,MonitorStatusReason_c9915973,,W,S,0x000000001FF6483D
42DC5589-DAD3-443F-92DC-045557E49078,F62413D6-971D-4461-A0AE-D9CBB72EBC32,13360,NM-09883,,,,,,,,WLs reported bgs. Entered zero for mp height for calculated fields. Actual MP height may not be zero.,0.0,,,,Driller_7081fe79,,ConstructionNotes_08d4810a,,,121OGLL,,WaterNotes_0bc0144d,,X,StatusUserNotes_6f35cbb3,,0.0,0.0,0.0,USGS,Notes_395ea758,0.0,,MonitorStatusReason_c9915973,,U,U,0x000000001FF6486B
06B04E16-11B3-4863-9493-03442FAF03C3,FA0B22DB-9769-4D3D-B9A2-DA10F722B067,26554,NM-23077,,,,180.0,A,,,WLs reported bgs. Entered zero for mp height for calculated fields. Actual MP height may not be zero.,0.0,,,,Driller_7081fe79,,ConstructionNotes_08d4810a,,,231CHNL,,WaterNotes_0bc0144d,,D,StatusUserNotes_6f35cbb3,,0.0,0.0,0.0,USGS,Notes_395ea758,0.0,,MonitorStatusReason_c9915973,,W,H,0x000000001FF6488B
3F9BBF04-FDFF-476A-B7B1-05867F496161,E2888A6D-01C0-4679-96D2-DA2D200CB01D,1359,QU-084,?,,256.0,249.0,G,1993-07-01 00:00:00.000,G,Top of inner PVC cap (there is a hole for probe),2.85,0.79,,,Driller_7081fe79,,ConstructionNotes_08d4810a,,,,,WaterNotes_3acdca89,I,O,StatusUserNotes_02db4eb6,,0.0,0.0,0.0,"1) Discussion of Geology, Hydrogeol., & H2O Quality of Tailings Area, Molycorp Facility, Taos Cty, NM, 1995, South Pass Resources  2) Pre-Design Groundwater Investigation at the Tailing Facil. ARCADIS",Notes_395ea758,0.0,QU084.pdf,MonitorStatusReason_c9915973,,,,0x000000002666E8C3
681F9D15-F48F-4D8F-8DCB-02001C3D16AE,E23F24FC-7FDB-4518-9717-DA76A001F085,13157,NM-09680,,,,15.0,A,,,WLs reported bgs. Entered zero for mp height for calculated fields. Actual MP height may not be zero.,0.0,,,,Driller_7081fe79,,ConstructionNotes_08d4810a,,,110AVMB,,WaterNotes_0bc0144d,,X,StatusUserNotes_6f35cbb3,,0.0,0.0,0.0,USGS,Notes_395ea758,0.0,,MonitorStatusReason_c9915973,,Z,U,0x000000001FF648C3
A007C802-48DD-4400-A1B5-047E578294BD,2CC0279B-0565-473B-B351-DA7B7B027524,15047,NM-11570,,,,153.0,A,,,WLs reported bgs. Entered zero for mp height for calculated fields. Actual MP height may not be zero.,0.0,,,,Driller_7081fe79,,ConstructionNotes_08d4810a,,,110AVMB,,WaterNotes_0bc0144d,,I,StatusUserNotes_6f35cbb3,,0.0,0.0,0.0,USGS,Notes_395ea758,0.0,,MonitorStatusReason_c9915973,,W,I,0x000000001FF648CA
23942AC1-5A3A-4C8D-86D2-028A45A6F15B,17731D94-2DF9-481B-B889-DAF031764220,12505,NM-09028,,,,,,,,WLs reported bgs. Entered zero for mp height for calculated fields. Actual MP height may not be zero.,0.0,,,,Driller_7081fe79,,ConstructionNotes_08d4810a,,,,,WaterNotes_0bc0144d,,L,StatusUserNotes_6f35cbb3,,0.0,0.0,0.0,USGS,Notes_395ea758,0.0,,MonitorStatusReason_c9915973,,W,S,0x000000001FF6490A
037B5684-02B8-4713-B1F8-002675388528,6367641C-D830-422C-9B7E-DB1422C13345,10451,NM-06974,,,,63.0,A,,,WLs reported bgs. Entered zero for mp height for calculated fields. Actual MP height may not be zero.,0.0,,,,Driller_7081fe79,,ConstructionNotes_08d4810a,,,313TNSL,,WaterNotes_0bc0144d,,L,StatusUserNotes_6f35cbb3,,0.0,0.0,0.0,USGS,Notes_395ea758,0.0,,MonitorStatusReason_c9915973,,W,S,0x000000001FF64921
851D55EF-37FB-4480-9A52-05EA429ED21E,58D1AA81-CF48-4B0C-A231-DB9FDD92DA89,33230,BW-0007,,,,189.0,R,1966-01-01 00:00:00.000,R,WLs reported bgs. Entered zero for mp height for calculated fields. Actual MP height may not be zero.,0.0,,,,Driller_7081fe79,,ConstructionNotes_c3a4d49b,,,410PRCG,,WaterNotes_d796f7ee,,,StatusUserNotes_6f35cbb3,,0.0,0.0,0.0,"McLean, J.S. (1970) Saline Ground-Water Resources of the Tularosa Basin, NM. Office of Saline Water, R&D Progress Rpt 561",Notes_395ea758,0.0,,MonitorStatusReason_c9915973,,,,0x000000001FF64970
558EA017-861C-4A7F-8997-01CFFD2EBFC6,2FCBB447-E023-47C3-8DFF-DBB8D168831C,1939,TB-0164,X,,240.0,240.0,M,,,TOC,0.6,0.66,,,Driller_7081fe79,,ConstructionNotes_c5c877ce,,3.0,050QUAL,,WaterNotes_8758a063,C,D,StatusUserNotes_9d86e149,C,0.0,0.0,0.0,,Notes_467567d8,0.0,,MonitorStatusReason_c9915973,,,,0x000000001FF6497D
CE2B5D17-684E-4A5E-B72C-0415C69AF02A,8C30DB92-D1E1-490A-A524-DBDDB5859616,7952,NM-04475,,,,119.0,A,,,WLs reported bgs. Entered zero for mp height for calculated fields. Actual MP height may not be zero.,0.0,,,,Driller_7081fe79,,ConstructionNotes_08d4810a,,,110AVMB,,WaterNotes_0bc0144d,,L,StatusUserNotes_6f35cbb3,,0.0,0.0,0.0,USGS,Notes_395ea758,0.0,,MonitorStatusReason_c9915973,,W,S,0x000000001FF64993
0597B52C-32B4-4FB4-8C8E-01B2E5B58460,BC7F1C11-5BED-4FC6-92A1-DBF508BB9F24,31385,QY-0132,,,21.0,21.0,R,,,WLs reported bgs. Entered zero for mp height for calculated fields. Actual MP height may not be zero.,0.0,3.083333,,,Driller_7081fe79,,ConstructionNotes_29af73ad,,,110ALVM,,WaterNotes_a9c536d1,,L,StatusUserNotes_6f35cbb3,,0.0,0.0,0.0,"GW9: Groundwater Resources & Geology of Quay County, NM (1966) Charles Berkstresser, Jr. & Walter A. Mourant, NM Bureau of Geology",Notes_395ea758,0.0,,MonitorStatusReason_c9915973,,,,0x000000002A8221A8
5A6C57F3-9FC5-4DF1-A358-0076CA90F989,DB334819-1B60-4364-8C2D-DC71FD31F3B3,34391,DA-0115,,,,222.0,R,,,WLs reported bgs. Entered zero for mp height for calculated fields. Actual MP height may not be zero.,0.0,,,,Driller_7081fe79,,ConstructionNotes_08d4810a,,,112SNTF,,WaterNotes_0bc0144d,,L,StatusUserNotes_6f35cbb3,,0.0,0.0,0.0,"HR-1: Geology & Ground-Water Resources of Central & Western Dona Ana County, NM (1971) King, W.E., Hawley, J.W., Taylor, A.M. and Wilson, R.P. New Mexico Bureau of Geology",Notes_395ea758,0.0,,MonitorStatusReason_c9915973,,,,0x000000001FF649EF
B1F4DC08-B140-48B6-8FA8-060F37E3BF37,864F760D-78C5-4FD3-8E73-DC99D09ED896,16068,NM-12591,,,,185.0,A,,,WLs reported bgs. Entered zero for mp height for calculated fields. Actual MP height may not be zero.,0.0,,,,Driller_7081fe79,,ConstructionNotes_08d4810a,,,121OGLL,,WaterNotes_0bc0144d,,I,StatusUserNotes_6f35cbb3,,0.0,0.0,0.0,USGS,Notes_395ea758,0.0,,MonitorStatusReason_c9915973,,W,I,0x000000001FF64A07
3F2894A4-1EEF-4843-B69D-01792F88FE22,F311FCAA-638F-42B8-9C80-DCC5226870A4,12297,NM-08820,,,,200.0,A,,,WLs reported bgs. Entered zero for mp height for calculated fields. Actual MP height may not be zero.,0.0,,,,Driller_7081fe79,,ConstructionNotes_08d4810a,,,110AVMB,,WaterNotes_0bc0144d,,X,StatusUserNotes_6f35cbb3,,0.0,0.0,0.0,USGS,Notes_395ea758,0.0,,MonitorStatusReason_c9915973,,U,U,0x000000001FF64A20
281B5822-62DC-4222-8056-0271C3C66802,0A3000F5-62C7-43D5-8F4F-DCDF35A7405E,31035,MI-0093,,,,48.0,R,,,Entered zero for mp height for calculated fields. Actual MP height may not be zero.,0.0,0.4166667,,,Driller_7081fe79,,ConstructionNotes_c2198754,,,260SNAN,,WaterNotes_0bc0144d,,S,StatusUserNotes_6f35cbb3,,0.0,0.0,0.0,"Data from Groundwater Report 2: Geology & Groundwater Resources of San Miguel County, NM. (1951) NMBGMR by R.L. Griggs and G.E. Hendrickson.",Notes_395ea758,0.0,,MonitorStatusReason_c9915973,,,,0x000000001FF64A2D
0A967935-97A3-41D4-A437-025E940EB65E,B34FDF66-52BF-4B59-8B56-DD7303AB0FF3,22831,NM-19354,,,,489.0,A,,,WLs reported bgs. Entered zero for mp height for calculated fields. Actual MP height may not be zero.,0.0,,,,Driller_7081fe79,,ConstructionNotes_08d4810a,,,121OGLL,,WaterNotes_0bc0144d,,I,StatusUserNotes_6f35cbb3,,0.0,0.0,0.0,USGS,Notes_395ea758,0.0,,MonitorStatusReason_c9915973,,W,I,0x000000001FF64A80
871158EF-FC18-416B-8658-05E34851B0B0,D7138D8E-E585-4579-9247-DE51FB02359B,7269,NM-03792,,,420.0,420.0,A,,,WLs reported bgs. Entered zero for mp height for calculated fields. Actual MP height may not be zero.,0.0,,,,Driller_7081fe79,,ConstructionNotes_08d4810a,,,112SNTF,,WaterNotes_0bc0144d,,X,StatusUserNotes_6f35cbb3,,0.0,0.0,0.0,USGS,Notes_395ea758,0.0,,MonitorStatusReason_c9915973,,U,U,0x000000001FF64B09
B3595AE0-B5C5-4715-B6F9-031B3E1CF283,DB732BCD-D8FA-40B2-9720-DEA205952ED8,14525,NM-11048,,,,1059.0,A,,,WLs reported bgs. Entered zero for mp height for calculated fields. Actual MP height may not be zero.,0.0,,,,Driller_7081fe79,,ConstructionNotes_08d4810a,,,313SADR,,WaterNotes_0bc0144d,,X,StatusUserNotes_6f35cbb3,,0.0,0.0,0.0,USGS,Notes_395ea758,0.0,,MonitorStatusReason_c9915973,,U,U,0x000000001FF64B38
998C996F-C509-43ED-9FB8-023D147580D7,82763A00-35D0-4250-B136-DEB1835F8846,3080,NM-00525,,,,105.0,A,,,WLs reported bgs. Entered zero for mp height for calculated fields. Actual MP height may not be zero.,0.0,,,,Driller_7081fe79,,ConstructionNotes_08d4810a,,,121OGLL,,WaterNotes_0bc0144d,,I,StatusUserNotes_6f35cbb3,,0.0,0.0,0.0,USGS,Notes_395ea758,0.0,,MonitorStatusReason_c9915973,,W,I,0x000000001FF64B45
75A32FFC-D561-41CE-B6B4-03950780CFEE,489F3D66-C756-4FAB-B548-DECA7DC2909E,19978,NM-16501,,,,60.0,A,,,WLs reported bgs. Entered zero for mp height for calculated fields. Actual MP height may not be zero.,0.0,,,,Driller_7081fe79,,ConstructionNotes_08d4810a,U,,,,WaterNotes_0bc0144d,,L,StatusUserNotes_6f35cbb3,,0.0,0.0,0.0,USGS,Notes_395ea758,0.0,,MonitorStatusReason_c9915973,,O,S,0x000000001FF64B51
DC5D0AE2-59A2-443F-8C70-02203BF216EB,610CFE4A-C3DA-4409-898E-DED6792360C4,10553,NM-07076,?,,,,,,,Crack in casing top plate.  (USGS WLs reported bgs.),0.8,0.55,,,Driller_7081fe79,,ConstructionNotes_c39a13dd,,,,,WaterNotes_0bc0144d,A,L,StatusUserNotes_6f35cbb3,,0.0,0.0,0.0,USGS,Notes_395ea758,0.0,,MonitorStatusReason_c9915973,,W,S,0x000000001FF64B5B
FC6F6A2F-E7BA-4057-B74F-01F8BD9E3534,7925856B-F53D-4B49-AB5F-DED7BDA1CF08,729,SM-0062,PN-00689,,80.0,80.0,D,1997-09-11 00:00:00.000,D,TOC. Well is in shed.,0.0,0.42,80.0,,Driller_93a71a69,C,ConstructionNotes_08d4810a,P,,300YESO,50.0,WaterNotes_b192b9e4,A,X,StatusUserNotes_d41b98b6,,0.0,0.0,0.0,OSE Records,Notes_864405e0,0.0,SM062.pdf,MonitorStatusReason_c9915973,,,,0x000000001FF64B5C
7E6DBB91-FEDD-4E4A-A988-01FC32EF1C0B,6198A90A-6298-40D7-8951-DEFF7C1E4CBF,14309,NM-10832,,,,800.0,A,,,WLs reported bgs. Entered zero for mp height for calculated fields. Actual MP height may not be zero.,0.0,,,,Driller_7081fe79,,ConstructionNotes_08d4810a,,,313SADR,,WaterNotes_0bc0144d,,X,StatusUserNotes_6f35cbb3,,0.0,0.0,0.0,USGS,Notes_395ea758,0.0,,MonitorStatusReason_c9915973,,U,U,0x000000001FF64B73
50930176-336A-4C40-9E62-05AB8FD40508,282CCCB0-2232-40BB-9FC6-DF04906CD82F,15557,NM-12080,,,,125.0,A,,,WLs reported bgs. Entered zero for mp height for calculated fields. Actual MP height may not be zero.,0.0,,,,Driller_7081fe79,,ConstructionNotes_08d4810a,,,121OGLL,,WaterNotes_0bc0144d,,I,StatusUserNotes_6f35cbb3,,0.0,0.0,0.0,USGS,Notes_395ea758,0.0,,MonitorStatusReason_c9915973,,W,I,0x000000001FF64B75
9CEF931B-1986-41E5-B6A2-02D73C19732F,6F13A594-2B74-401C-AA0F-DF3E5FB8B8F2,66,EB-066,RG-53477,,725.0,725.0,D,1991-05-01 00:00:00.000,D,TOC,2.0,0.55,725.0,,Driller_d9a6cfde,H,ConstructionNotes_8e720d3c,U,,121TSUQsf,267.0,WaterNotes_9583dc79,,,StatusUserNotes_6f35cbb3,,0.0,0.0,0.0,"GGI, Geohydrology of the Circle Drive Compound Prop, Santa Fe Cnty,  May 1991",Notes_395ea758,0.0,EB066.pdf,MonitorStatusReason_c9915973,,,,0x000000002666E403
B7EFEBC5-FCF1-40A3-A620-018EBEA224A9,ADED554B-49F5-4497-9B43-DF4DFF9CA836,5345,NM-02408,,,40.0,28.0,A,1989-06-29 00:00:00.000,A,WLs reported bgs. Entered zero for mp height for calculated fields. Actual MP height may not be zero.,0.0,,,,Driller_7081fe79,,ConstructionNotes_08d4810a,U,,110AVMB,,WaterNotes_0bc0144d,,X,StatusUserNotes_6f35cbb3,,0.0,0.0,0.0,USGS,Notes_395ea758,0.0,,MonitorStatusReason_c9915973,,O,U,0x000000001FF64BA6
BDBD1F70-B10F-48A3-8817-06033E3C460B,BF63CBE6-1B60-40A2-9E6C-DF7FB3A3789A,108,EB-109,RG-50036,,590.0,590.0,D,1988-11-18 00:00:00.000,D,,-7.15,0.46,590.0,,Driller_ff92ec21,H,ConstructionNotes_8ba4352f,U,,121TSUQs,420.0,WaterNotes_d64161d4,,,StatusUserNotes_62cc47df,,0.0,0.0,0.0,"GGI, Reconnaissance Geohydrology Report, Neufeld Property, Santa Fe Cnty,  Nov 1988",Notes_395ea758,0.0,EB109.pdf,MonitorStatusReason_c9915973,,,,0x000000002666E425
CA1E9774-B3F6-423A-ADB0-02EDECA10078,5423E4BD-2BF5-434F-BF22-E0157D54258D,24436,NM-20959,,,,,,,,WLs reported bgs. Entered zero for mp height for calculated fields. Actual MP height may not be zero.,0.0,,,,Driller_7081fe79,,ConstructionNotes_08d4810a,,,121OGLL,,WaterNotes_0bc0144d,,,StatusUserNotes_6f35cbb3,,0.0,0.0,0.0,USGS,Notes_395ea758,0.0,,MonitorStatusReason_c9915973,,W,,0x000000001FF64C0C
07BB9BC1-E9A0-4D89-82A1-04431A3D941C,FD1E0450-A7C7-455B-8B1C-E0530307BAED,19055,NM-15578,,,,,,,,WLs reported bgs. Entered zero for mp height for calculated fields. Actual MP height may not be zero.,0.0,,,,Driller_7081fe79,,ConstructionNotes_08d4810a,,,121OGLL,,WaterNotes_0bc0144d,,X,StatusUserNotes_6f35cbb3,,0.0,0.0,0.0,USGS,Notes_395ea758,0.0,,MonitorStatusReason_c9915973,,U,U,0x000000001FF64C32
FAD94E01-4FAB-414D-9C18-02D5925915FE,35C6D277-6A3B-4345-AFCA-E0607B59CBF2,23114,NM-19637,,,,210.0,A,,,WLs reported bgs. Entered zero for mp height for calculated fields. Actual MP height may not be zero.,0.0,,,,Driller_7081fe79,,ConstructionNotes_08d4810a,,,110AVMB,,WaterNotes_0bc0144d,,I,StatusUserNotes_6f35cbb3,,0.0,0.0,0.0,USGS,Notes_395ea758,0.0,,MonitorStatusReason_c9915973,,W,I,0x000000001FF64C3C
6989D56F-2C98-44F9-BDD9-061334B20DD7,C760A5DA-B981-426F-9A6A-E06CA827B321,8347,NM-04870,,,,,,,,WLs reported bgs. Entered zero for mp height for calculated fields. Actual MP height may not be zero.,0.0,,,,Driller_7081fe79,,ConstructionNotes_08d4810a,,,110AVMB,,WaterNotes_0bc0144d,,P,StatusUserNotes_6f35cbb3,,0.0,0.0,0.0,USGS,Notes_395ea758,0.0,,MonitorStatusReason_c9915973,,W,P,0x000000001FF64C45
D40ACDEA-0F5C-4436-8535-02C71449699A,627DB3F0-1EB3-4B7E-823D-E0B4898BA87C,18997,NM-15520,,,,,,,,WLs reported bgs. Entered zero for mp height for calculated fields. Actual MP height may not be zero.,0.0,,,,Driller_7081fe79,,ConstructionNotes_08d4810a,,,121OGLL,,WaterNotes_0bc0144d,,X,StatusUserNotes_6f35cbb3,,0.0,0.0,0.0,USGS,Notes_395ea758,0.0,,MonitorStatusReason_c9915973,,U,U,0x000000001FF64C61
3F31DA6C-0E51-4A3C-90FA-05DABB7473AF,79EF34A6-1A7D-408E-BD27-E0B495B4BCF8,35463,TO-0091,,,,216.0,R,1949-01-01 00:00:00.000,R,WLs reported bgs. Entered zero for mp height for calculated fields. Actual MP height may not be zero.,0.0,1.333333,,,Driller_386d91db,,ConstructionNotes_4774f125,,,112QTBF,,WaterNotes_0bc0144d,,I,StatusUserNotes_6f35cbb3,,0.0,0.0,0.0,"GW5: Geology and Ground-Water Resources of Torrance County, NM (1957) R.E. Smith, NM Bureau of Geology",Notes_395ea758,0.0,,MonitorStatusReason_c9915973,,,,0x000000001FF64C62
E531FE13-32D9-44BE-960F-04AB567859F9,FB0F0E87-DC74-4C57-9FCF-E0D553F8ED25,9039,NM-05562,LRG-05347-S-4,,636.0,636.0,A,1993-07-07 00:00:00.000,A,WLs reported bgs. Entered zero for mp height for calculated fields. Actual MP height may not be zero.,0.0,1.33,240.0,,Driller_f244f6db,A,ConstructionNotes_08d4810a,U,,112SNTF,135.0,WaterNotes_540cd65e,,I,StatusUserNotes_6f35cbb3,,0.0,0.0,0.0,USGS,Notes_395ea758,0.0,NM05562.pdf,MonitorStatusReason_c9915973,,W,I,0x000000002666E66C
0D304092-BDC4-445B-AF74-05C9811A8513,E988C2EE-9E2C-4B87-8AC2-E0DB3F0FB653,35535,TO-0291,,,,400.0,R,1948-01-01 00:00:00.000,R,WLs reported bgs. Entered zero for mp height for calculated fields. Actual MP height may not be zero.,0.0,1.0,,,Driller_7081fe79,,ConstructionNotes_4774f125,,,112QTBF,,WaterNotes_0bc0144d,A,I,StatusUserNotes_386b91a0,,0.0,0.0,0.0,"GW5: Geology and Ground-Water Resources of Torrance County, NM (1957) R.E. Smith, NM Bureau of Geology",Notes_395ea758,0.0,,MonitorStatusReason_c9915973,,,,0x000000001FF64C83
D7FC5053-509C-4989-AAA4-05942ADE61BB,E75F40A5-3276-4315-8A52-E0ED72633151,394,EB-395,X,,208.0,208.0,G,1977-01-01 00:00:00.000,G,,0.0,,208.0,,Driller_7081fe79,,ConstructionNotes_c7925e02,U,,123ESPN,,WaterNotes_42d55c12,,,StatusUserNotes_6f35cbb3,,0.0,0.0,0.0,"Jenkins, July 1977, Geohydrologic Investigation of Turquoise Trail  Subdvn",Notes_395ea758,0.0,,MonitorStatusReason_c9915973,,,,0x000000001FF64C8F
C326E563-C9CD-4774-8DAA-0597FA7A0E88,E62CDD83-13AE-42E8-9556-E0F721C64691,39457,SB-0513,X,,,450.0,A,,,Entered zero for MP height for calculated fields. Actual MP hgt may not be zero.,0.0,,,,Driller_7081fe79,,ConstructionNotes_08d4810a,,,112HCBL,,WaterNotes_0bc0144d,,L,StatusUserNotes_6f35cbb3,,0.0,0.0,0.0,Texas Water Development Board,Notes_395ea758,0.0,,MonitorStatusReason_c9915973,,,,0x000000001FF64C98
D510ADF4-FF43-4185-8348-059588906E9D,368ABE14-621F-40F2-88BF-E1863617F983,24411,NM-20934,,,,,,,,WLs reported bgs. Entered zero for mp height for calculated fields. Actual MP height may not be zero.,0.0,,,,Driller_7081fe79,,ConstructionNotes_08d4810a,,,110AVMB,,WaterNotes_0bc0144d,,,StatusUserNotes_6f35cbb3,,0.0,0.0,0.0,USGS,Notes_395ea758,0.0,,MonitorStatusReason_c9915973,,W,,0x000000001FF64CE3
1748AE74-E9EB-48BA-8E38-0035966BF632,F9F87D85-9358-45A2-A698-E1AF250FBD28,17743,NM-14266,,,91.0,91.0,A,,,WLs reported bgs. Entered zero for mp height for calculated fields. Actual MP height may not be zero.,0.0,,,,Driller_7081fe79,,ConstructionNotes_08d4810a,,,,,WaterNotes_0bc0144d,,X,StatusUserNotes_6f35cbb3,,0.0,0.0,0.0,USGS,Notes_395ea758,0.0,,MonitorStatusReason_c9915973,,U,U,0x000000001FF64CFB
11C794AE-3A82-4E83-A582-0494D7067EC9,66E06D36-6415-4596-A2D0-E225535D6A03,39615,SB-0671,X,,,507.0,A,,,Entered zero for MP height for calculated fields. Actual MP hgt may not be zero.,0.0,,,,Driller_7081fe79,,ConstructionNotes_08d4810a,,,112HCBL,,WaterNotes_0bc0144d,,P,StatusUserNotes_6f35cbb3,,0.0,0.0,0.0,Texas Water Development Board,Notes_395ea758,0.0,,MonitorStatusReason_c9915973,,,,0x000000001FF64D51
594E8158-B4E2-43E6-A6EA-01373F38FE62,8A4D692A-8723-4CCB-97FD-E2315E9F9D12,24138,NM-20661,,,,260.0,A,,,WLs reported bgs. Entered zero for mp height for calculated fields. Actual MP height may not be zero.,0.0,,,,Driller_7081fe79,,ConstructionNotes_08d4810a,,,121OGLL,,WaterNotes_0bc0144d,,I,StatusUserNotes_6f35cbb3,,0.0,0.0,0.0,USGS,Notes_395ea758,0.0,,MonitorStatusReason_c9915973,,W,I,0x000000001FF64D61
02541FE2-9942-4A8D-A42C-02F6A2EC6009,043879B1-C649-49F5-9EBB-E2D096410F04,2494,TC-264,CO-53472 A,,223.0,223.0,D,1980-01-01 00:00:00.000,D,,,,,,Driller_7081fe79,,ConstructionNotes_08d4810a,,,,178.0,WaterNotes_47fac966,,D,StatusUserNotes_6f35cbb3,,0.0,0.0,0.0,,Notes_395ea758,0.0,,MonitorStatusReason_c9915973,,,,0x000000001FF64DB8
BB954AA6-536F-485B-B380-012F9605E9FF,B0885137-9A00-42F3-86FA-E3625792B669,22078,NM-18601,,,,240.0,A,,,WLs reported bgs. Entered zero for mp height for calculated fields. Actual MP height may not be zero.,0.0,,,,Driller_7081fe79,,ConstructionNotes_08d4810a,,,121OGLL,,WaterNotes_0bc0144d,,X,StatusUserNotes_6f35cbb3,,0.0,0.0,0.0,USGS,Notes_395ea758,0.0,,MonitorStatusReason_c9915973,,W,U,0x000000001FF64E0C
2EFCAF4A-5172-4E46-94CB-01298B2B1FB4,4B8ED30A-EA5B-4CDD-BB86-E3C54E5350E0,34170,SO-0081,,,,232.0,R,,,WLs reported bgs. Entered zero for mp height for calculated fields. Actual MP height may not be zero.,0.0,,,,Driller_7081fe79,,ConstructionNotes_08d4810a,,,112SNTF,,WaterNotes_0bc0144d,,S,StatusUserNotes_6f35cbb3,,0.0,0.0,0.0,"GW-4: Geology & Groundwater Res. of NE Socorro Cty, NM (1955) Spiegel, Zane, NM Bureau of Geology",Notes_395ea758,0.0,,MonitorStatusReason_c9915973,,,,0x000000001FF64E48
13BE081C-0209-4067-AD19-018C703451B3,E64F97F6-C0FC-45A4-8523-E3CC085B1E93,31286,QY-0051,,,92.0,92.0,R,1917-01-01 00:00:00.000,R,WLs reported bgs. Entered zero for mp height for calculated fields. Actual MP height may not be zero.,0.0,0.5,,,Driller_7081fe79,,ConstructionNotes_ac859d06,,,231CHNL,,,,L,StatusUserNotes_6f35cbb3,,0.0,0.0,0.0,"GW9: Groundwater Resources & Geology of Quay County, NM (1966) Charles Berkstresser, Jr. & Walter A. Mourant, NM Bureau of Geology",Notes_395ea758,0.0,,MonitorStatusReason_c9915973,,,,0x000000001FF64E4D
748BF4E1-CF2F-4670-ACEB-000F6D61979A,10CCA850-D0A5-4AA0-909C-E454536703A8,30180,NM-26703,,,250.0,199.0,A,1952-01-01 00:00:00.000,A,WLs reported bgs. TOC. MP height from Winograd report.,0.8,,,,Driller_fbe63f4a,,ConstructionNotes_646f2663,,,110AVMB,,WaterNotes_0bc0144d,,P,StatusUserNotes_6f35cbb3,,0.0,0.0,0.0,"USGS and Winograd, I.J., 1959, Ground-water Conditions and Geology of Sunshine Valley and Western Taos County, NM, State of New Mexico, State Engineer Office, Technical Report #12.",Notes_395ea758,0.0,NM26703.pdf,MonitorStatusReason_c9915973,,W,P,0x000000002666E7B2
74BD5E3D-1203-418D-971A-026917797906,A6FDECF1-F9F7-4985-B15E-E4A6CC01EC3B,23464,NM-19987,,,,,,,,WLs reported bgs. Entered zero for mp height for calculated fields. Actual MP height may not be zero.,0.0,,,,Driller_7081fe79,,ConstructionNotes_08d4810a,,,313BRNL,,WaterNotes_0bc0144d,,L,StatusUserNotes_6f35cbb3,,0.0,0.0,0.0,USGS,Notes_395ea758,0.0,,MonitorStatusReason_c9915973,,W,S,0x000000001FF64ED7
894128F7-DA1E-45BD-AC6E-01BA1A0DDC9F,DD5CB35F-0055-4D95-8D4E-E4ABAF611FE9,27015,NM-23538,,,,225.0,A,,,WLs reported bgs. Entered zero for mp height for calculated fields. Actual MP height may not be zero.,0.0,,,,Driller_7081fe79,,ConstructionNotes_08d4810a,,,,,WaterNotes_0bc0144d,,,StatusUserNotes_6f35cbb3,,0.0,0.0,0.0,USGS,Notes_395ea758,0.0,,MonitorStatusReason_c9915973,,W,,0x000000001FF64ED9
499E63CB-F3EF-4369-9E7A-04652458E540,3CB5DECA-955B-4B6B-8B15-E4EC8FAD65F9,11180,NM-07703,,,439.0,,A,1946-01-01 00:00:00.000,A,WLs reported bgs. Entered zero for mp height for calculated fields. Actual MP height may not be zero.,0.0,,,,Driller_7081fe79,,ConstructionNotes_08d4810a,,,,,WaterNotes_0bc0144d,,L,StatusUserNotes_6f35cbb3,,0.0,0.0,0.0,USGS,Notes_395ea758,0.0,,MonitorStatusReason_c9915973,,W,S,0x000000001FF64EFE
91BE36EE-BC62-4E15-8FEA-02287AC6ABB4,70064C77-EC8F-442A-9E0C-E4EFA97809B4,21465,NM-17988,,,,,,2001-11-23 00:00:00.000,A,WLs reported bgs. Entered zero for mp height for calculated fields. Actual MP height may not be zero.,0.0,,,,Driller_7081fe79,,ConstructionNotes_08d4810a,,,121OGLL,,WaterNotes_0bc0144d,,,StatusUserNotes_6f35cbb3,,0.0,0.0,0.0,USGS,Notes_395ea758,0.0,,MonitorStatusReason_c9915973,,W,,0x000000001FF64F02
59AB69BC-E7B0-4BA9-8655-04CC64349851,31C7DA8D-6105-4C85-A69E-E4F162DA1041,12761,NM-09284,,,125.0,,A,1939-01-01 00:00:00.000,A,WLs reported bgs. Entered zero for mp height for calculated fields. Actual MP height may not be zero.,0.0,,,,Driller_7081fe79,,ConstructionNotes_08d4810a,,,,,WaterNotes_0bc0144d,,D,StatusUserNotes_6f35cbb3,,0.0,0.0,0.0,USGS,Notes_395ea758,0.0,,MonitorStatusReason_c9915973,,W,H,0x000000001FF64F04
CA2D9646-6552-4264-9AB4-02FA099B871E,FEB65332-A3ED-4E7F-AA6B-E4FA2C93EE03,5233,NM-02296,,,700.0,700.0,A,1977-06-06 00:00:00.000,A,WLs reported bgs. Entered zero for mp height for calculated fields. Actual MP height may not be zero.,0.0,,,,Driller_7081fe79,,ConstructionNotes_08d4810a,,,112SNTF,,WaterNotes_0bc0144d,,P,StatusUserNotes_6f35cbb3,,0.0,0.0,0.0,USGS,Notes_395ea758,0.0,,MonitorStatusReason_c9915973,,W,P,0x000000001FF64F0A
13FDA3BA-5889-4F4D-B6DE-0238B228B6A8,EF20EB9E-6EF2-48A9-BE2A-E556E5B2BBF5,10129,NM-06652,,,,398.0,A,1982-09-05 00:00:00.000,A,WLs reported bgs. Entered zero for mp height for calculated fields. Actual MP height may not be zero.,0.0,,,,Driller_7081fe79,,ConstructionNotes_08d4810a,,,112SNTF,,WaterNotes_0bc0144d,,D,StatusUserNotes_6f35cbb3,,0.0,0.0,0.0,USGS,Notes_395ea758,0.0,,MonitorStatusReason_c9915973,,W,H,0x000000001FF64F46
1ABB1195-D632-4C77-B5B1-019434F72374,6F4C3487-E462-4C33-B111-E5A6B7811336,14437,NM-10960,,,,797.0,A,,,WLs reported bgs. Entered zero for mp height for calculated fields. Actual MP height may not be zero.,0.0,,,,Driller_7081fe79,,ConstructionNotes_08d4810a,,,313SADR,,WaterNotes_0bc0144d,,X,StatusUserNotes_6f35cbb3,,0.0,0.0,0.0,USGS,Notes_395ea758,0.0,,MonitorStatusReason_c9915973,,U,U,0x000000001FF64F68
F633CCE2-6268-4501-A65D-004D0E592542,485991D0-1B59-4BA1-B11E-E5C5F234F426,19388,NM-15911,,,,60.0,A,,,WLs reported bgs. Entered zero for mp height for calculated fields. Actual MP height may not be zero.,0.0,,,,Driller_7081fe79,,ConstructionNotes_08d4810a,,,110AVMB,,WaterNotes_0bc0144d,,I,StatusUserNotes_6f35cbb3,,0.0,0.0,0.0,USGS,Notes_395ea758,0.0,,MonitorStatusReason_c9915973,,W,I,0x000000001FF64F7D
BCB2EE3E-361D-4438-B47F-026B6100F5EA,B6E29CC5-4ECD-4254-B1D0-E5C6D6F2E8DF,29885,NM-26408,,,574.0,518.0,A,1954-01-01 00:00:00.000,A,WLs reported bgs. Entered zero for mp height for calculated fields. Actual MP height may not be zero.,0.0,,,,Driller_7081fe79,,ConstructionNotes_08d4810a,,,,,WaterNotes_0bc0144d,,,StatusUserNotes_6f35cbb3,,0.0,0.0,0.0,USGS,Notes_395ea758,0.0,,MonitorStatusReason_c9915973,,W,,0x000000001FF64F7E
F9E57880-3D81-41D0-9988-01CDD61AA165,25CD73A8-C6F3-4E52-8AF1-E5C72E367AF5,1379,QU-107,RG-67791,,485.0,485.0,D,1997-06-18 00:00:00.000,D,Top of PVC casing,1.93,0.56,485.0,,Driller_bb6ed5cf,A,ConstructionNotes_08d4810a,,,,290.0,WaterNotes_277e3868,I,D,StatusUserNotes_f6d180f5,A,0.0,1.0,1.0,,Notes_395ea758,0.0,QU107.pdf,MonitorStatusReason_c9915973,,,,0x000000002666E8D4
7DE33535-5FEC-4D3C-8B3D-0165F23BD729,A2207CF1-4E0D-454A-9AE6-E6F265063243,24973,NM-21496,,,,120.0,A,,,WLs reported bgs. Entered zero for mp height for calculated fields. Actual MP height may not be zero.,0.0,,,,Driller_7081fe79,,ConstructionNotes_08d4810a,,,325MDER,,WaterNotes_0bc0144d,,,StatusUserNotes_6f35cbb3,,0.0,0.0,0.0,USGS,Notes_395ea758,0.0,,MonitorStatusReason_c9915973,,W,,0x000000001FF65033
285919F7-C86D-4270-840B-015C13938B21,1D9FC99A-450C-4B5E-8BC6-E706C2567624,14601,NM-11124,,,,305.0,A,,,WLs reported bgs. Entered zero for mp height for calculated fields. Actual MP height may not be zero.,0.0,,,,Driller_7081fe79,,ConstructionNotes_08d4810a,,,310YESOG,,WaterNotes_0bc0144d,,I,StatusUserNotes_6f35cbb3,,0.0,0.0,0.0,USGS,Notes_395ea758,0.0,,MonitorStatusReason_c9915973,,W,I,0x000000001FF6503B
B28D2A73-09AB-423E-8BC9-01206B8C8212,EBD1D342-3884-417C-AE10-E7934569ADEE,14037,NM-10560,,,,,,,,WLs reported bgs. Entered zero for mp height for calculated fields. Actual MP height may not be zero.,0.0,,,,Driller_7081fe79,,ConstructionNotes_08d4810a,,,121OGLL,,WaterNotes_0bc0144d,,L,StatusUserNotes_6f35cbb3,,0.0,0.0,0.0,USGS,Notes_395ea758,0.0,,MonitorStatusReason_c9915973,,W,S,0x000000001FF65080
F566392C-752F-4862-BEDC-0549806B7E9C,A1CF4DC6-A19D-4A5A-86CB-E7FDA6E11320,7315,NM-03838,,,565.0,565.0,A,1914-01-01 00:00:00.000,A,WLs reported bgs. Entered zero for mp height for calculated fields. Actual MP height may not be zero.,0.0,,,,Driller_7081fe79,,ConstructionNotes_08d4810a,,,,,WaterNotes_0bc0144d,,X,StatusUserNotes_6f35cbb3,,0.0,0.0,0.0,USGS,Notes_395ea758,0.0,,MonitorStatusReason_c9915973,,W,U,0x000000001FF650BE
1CCE1823-2042-48BF-A40E-04DE69B8EB61,3979F956-8A75-4AE2-8110-E8445F0953B1,31735,QY-0418,,,285.0,285.0,R,1954-01-01 00:00:00.000,R,WLs reported bgs. Entered zero for mp height for calculated fields. Actual MP height may not be zero.,0.0,0.5,,,Driller_3a731a51,,ConstructionNotes_6d6b6ad0,,,231SNRS,,,,U,StatusUserNotes_6f35cbb3,,0.0,0.0,0.0,"GW9: Groundwater Resources & Geology of Quay County, NM (1966) Charles Berkstresser, Jr. & Walter A. Mourant, NM Bureau of Geology",Notes_395ea758,0.0,,MonitorStatusReason_c9915973,,,,0x000000001FF650EA
D8A24730-6974-48CF-B82E-05B56B87F072,7CF50CEB-7E97-4ABB-9BB6-E88785389339,31631,QY-0341,,,26.0,26.0,R,,,WLs reported bgs. Entered zero for mp height for calculated fields. Actual MP height may not be zero.,0.0,1.5,,,Driller_7081fe79,,ConstructionNotes_29af73ad,,,231CHNL,,,,L,StatusUserNotes_6f35cbb3,,0.0,0.0,0.0,"GW9: Groundwater Resources & Geology of Quay County, NM (1966) Charles Berkstresser, Jr. & Walter A. Mourant, NM Bureau of Geology",Notes_395ea758,0.0,,MonitorStatusReason_c9915973,,,,0x000000002A8221BF
57E20BAA-C0F2-4C31-A27C-04C5B2692F3F,0BFD53FC-44B6-47B9-B45D-E89A43ACDFCA,31146,AR-0082,X,,,,,,,Small hole in top of white casing cap next to black wire.,1.65,0.55,,,Driller_7081fe79,,ConstructionNotes_ed6056a4,,,,,WaterNotes_178a3f0d,C,D,StatusUserNotes_6f35cbb3,B,0.0,1.0,0.0,,Notes_54a96bd1,0.0,,MonitorStatusReason_c9915973,,,,0x000000001FF6511B
DC1559E8-5699-4458-92FC-0553BEBF258D,BE9DD34C-AAAA-4FF2-A215-E8E357D2B186,36175,SA-0491,,,,,,,,WLs reported bgs. Entered zero for mp height for calculated fields. Actual MP height may not be zero.,0.0,,,,Driller_7081fe79,,ConstructionNotes_08d4810a,,,,,WaterNotes_0bc0144d,,,StatusUserNotes_6f35cbb3,,0.0,0.0,0.0,"OFR-51: Hydrogeology of the San Agustin Plains, NM (1973) Blodgett, Daniel D. and Titus, Frank B., NMBGMR",Notes_395ea758,0.0,,MonitorStatusReason_c9915973,,,,0x000000001FF65147
E8585734-C6B8-4A8E-90DD-0403EBA7D386,BF2B4890-4F89-4B93-82FD-E9309E8C8550,12719,NM-09242,,,33.0,33.0,A,2005-11-16 00:00:00.000,A,WLs reported bgs. Entered zero for mp height for calculated fields. Actual MP height may not be zero.,0.0,,,,Driller_7081fe79,,ConstructionNotes_08d4810a,U,,110ALVM,,WaterNotes_0bc0144d,,X,StatusUserNotes_6f35cbb3,,0.0,0.0,0.0,USGS,Notes_395ea758,0.0,,MonitorStatusReason_c9915973,,O,U,0x000000001FF6516D
47F36CDF-1D3C-4D8C-883E-03467345D7A7,158D767D-B466-42E7-B8C1-E945510C5C44,14816,NM-11339,,,,18.0,A,,,WLs reported bgs. Entered zero for mp height for calculated fields. Actual MP height may not be zero.,0.0,,,,Driller_7081fe79,,ConstructionNotes_08d4810a,,,110AVMB,,WaterNotes_0bc0144d,,X,StatusUserNotes_6f35cbb3,,0.0,0.0,0.0,USGS,Notes_395ea758,0.0,,MonitorStatusReason_c9915973,,U,U,0x000000001FF6517B
F406A2E3-195C-4AA1-81EF-061C0235F113,2CA0B6C5-3AF6-49A2-8AB7-E956EC89EA00,17017,NM-13540,,,,164.0,A,,,WLs reported bgs. Entered zero for mp height for calculated fields. Actual MP height may not be zero.,0.0,,,,Driller_7081fe79,,ConstructionNotes_08d4810a,,,110AVMB,,WaterNotes_0bc0144d,,I,StatusUserNotes_6f35cbb3,,0.0,0.0,0.0,USGS,Notes_395ea758,0.0,,MonitorStatusReason_c9915973,,W,I,0x000000001FF65180
E2C978F8-1AAE-44E3-8C7A-060798F64714,D0C03F3E-56FE-4D86-8048-E969223323B4,9966,NM-06489,,,300.0,300.0,A,1973-03-30 00:00:00.000,A,WLs reported bgs. Entered zero for mp height for calculated fields. Actual MP height may not be zero.,0.0,,,,Driller_7081fe79,,ConstructionNotes_08d4810a,U,,110AVMB,,WaterNotes_0bc0144d,,L,StatusUserNotes_6f35cbb3,,0.0,0.0,0.0,USGS,Notes_395ea758,0.0,,MonitorStatusReason_c9915973,,V,S,0x000000001FF6518A
868F50C4-0E86-4435-9409-035750E652A4,0EE5C7EE-55BA-4804-A666-E99F38BC5B50,6186,NM-03249,,,,90.0,A,,,WLs reported bgs. Entered zero for mp height for calculated fields. Actual MP height may not be zero.,0.0,,,,Driller_7081fe79,,ConstructionNotes_08d4810a,,,110AVMB,,WaterNotes_0bc0144d,,L,StatusUserNotes_6f35cbb3,,0.0,0.0,0.0,USGS,Notes_395ea758,0.0,,MonitorStatusReason_c9915973,,W,S,0x000000001FF651A6
47DF9137-2AD5-4432-944D-04C4BD33CB8A,03B85DB2-8B36-4398-A1F0-EA942B31CF54,9144,NM-05667,,,,,,,,WLs reported bgs. Entered zero for mp height for calculated fields. Actual MP height may not be zero.,0.0,,,,Driller_7081fe79,,ConstructionNotes_08d4810a,,,110AVMB,,WaterNotes_0bc0144d,,D,StatusUserNotes_6f35cbb3,,0.0,0.0,0.0,USGS,Notes_395ea758,0.0,,MonitorStatusReason_c9915973,,W,H,0x000000001FF65251
F018A595-B608-42C2-AAA1-04A44F153868,2AA9DD07-96C2-4021-89AF-EB1ACF1E18A5,16199,NM-12722,,,,,,,,WLs reported bgs. Entered zero for mp height for calculated fields. Actual MP height may not be zero.,0.0,,,,Driller_7081fe79,,ConstructionNotes_08d4810a,,,121OGLL,,WaterNotes_0bc0144d,,L,StatusUserNotes_6f35cbb3,,0.0,0.0,0.0,USGS,Notes_395ea758,0.0,,MonitorStatusReason_c9915973,,W,S,0x000000001FF652A1
8E25DBA2-6D37-4619-BD74-033345BC890E,3C4F460E-43B0-4E7D-91E1-ECF8BB7BC050,25003,NM-21526,,,375.0,338.0,A,1990-03-21 00:00:00.000,A,WLs reported bgs. Entered zero for mp height for calculated fields. Actual MP height may not be zero.,0.0,,,,Driller_7081fe79,,ConstructionNotes_08d4810a,,,,,WaterNotes_0bc0144d,,X,StatusUserNotes_6f35cbb3,,0.0,0.0,0.0,USGS,Notes_395ea758,0.0,,MonitorStatusReason_c9915973,,O,U,0x000000001FF653B6
6A0F2E8E-A7FD-4E2F-8D63-055AAA9A0FF7,6796AE8B-9F19-4444-AB8D-ED5E75A4C09B,1563,TV-227,RG-83209,,185.0,185.0,D,2005-04-21 00:00:00.000,D,"TOC, Sharpie mark",1.5,0.41,185.0,,Driller_d1ab32e2,A,ConstructionNotes_08d4810a,U,,112LAMAb,105.0,WaterNotes_d3ecc4f2,I,XA,StatusUserNotes_6f35cbb3,A,0.0,1.0,0.0,,Notes_6528321c,0.0,TV227.pdf,MonitorStatusReason_c9915973,,,,0x000000002666EAB4
0CB26860-5569-4915-8980-03F420F314CA,53A01440-56FE-40B0-808C-ED8D22AD288D,24905,NM-21428,RG-35143,,680.0,680.0,A,1980-10-07 00:00:00.000,A,WLs reported bgs. Entered zero for mp height for calculated fields. Actual MP height may not be zero.,0.0,0.42,680.0,,Driller_d3ca127b,A,ConstructionNotes_08d4810a,,,325MDER,375.0,WaterNotes_253ac77d,,X,StatusUserNotes_6f35cbb3,,0.0,0.0,0.0,USGS,Notes_395ea758,0.0,NM21428.pdf,MonitorStatusReason_c9915973,,O,U,0x000000002666E698
3BB0DAA8-AB59-4BE9-943F-008BA6523F37,95E2B20D-5B57-4B9D-BFD9-ED8DE247F5ED,23748,NM-20271,,,,367.0,A,,,WLs reported bgs. Entered zero for mp height for calculated fields. Actual MP height may not be zero.,0.0,,,,Driller_7081fe79,,ConstructionNotes_08d4810a,,,121OGLL,,WaterNotes_0bc0144d,,I,StatusUserNotes_6f35cbb3,,0.0,0.0,0.0,USGS,Notes_395ea758,0.0,,MonitorStatusReason_c9915973,,W,I,0x000000001FF65403
87194947-04E7-4EEB-B616-017D85C41FD9,B7F76388-45D0-41B1-836C-ED9F9D4B8C77,22492,NM-19015,,,,394.0,A,,,WLs reported bgs. Entered zero for mp height for calculated fields. Actual MP height may not be zero.,0.0,,,,Driller_7081fe79,,ConstructionNotes_08d4810a,,,121OGLL,,WaterNotes_0bc0144d,,I,StatusUserNotes_6f35cbb3,,0.0,0.0,0.0,USGS,Notes_395ea758,0.0,,MonitorStatusReason_c9915973,,W,I,0x000000001FF65412
1B2DD150-114C-4251-8195-01A2D5B9B838,256C7917-5EC8-4ACF-9548-EDA5F3504A15,8578,NM-05101,,,,,,,,WLs reported bgs. Entered zero for mp height for calculated fields. Actual MP height may not be zero.,0.0,,,,Driller_7081fe79,,ConstructionNotes_08d4810a,,,,,WaterNotes_0bc0144d,,I,StatusUserNotes_6f35cbb3,,0.0,0.0,0.0,USGS,Notes_395ea758,0.0,,MonitorStatusReason_c9915973,,W,I,0x000000001FF65415
64304F6E-C296-4680-92A1-00E8F3F842C9,B44342CC-563A-428C-A53D-EE551E33E028,40928,RA-072,RG-68076,,,70.0,D,,,TOC,-6.0,,,,Driller_7081fe79,,ConstructionNotes_08d4810a,,,050QUAL,,WaterNotes_68ff67ae,C,D,StatusUserNotes_6f35cbb3,,0.0,0.0,0.0,,Notes_395ea758,0.0,,MonitorStatusReason_c9915973,,,,0x000000002995FF5C
E769C9B0-F23B-4A9F-B163-03D9CA5245D3,A45A9A72-D7C5-4B99-A270-EE6689F5CEBF,22358,NM-18881,,,,420.0,A,,,WLs reported bgs. Entered zero for mp height for calculated fields. Actual MP height may not be zero.,0.0,,,,Driller_7081fe79,,ConstructionNotes_08d4810a,,,121OGLL,,WaterNotes_0bc0144d,,X,StatusUserNotes_6f35cbb3,,0.0,0.0,0.0,USGS,Notes_395ea758,0.0,,MonitorStatusReason_c9915973,,W,U,0x000000001FF65493
A0229C5C-29D2-4177-9344-050389D3CB54,D2020A62-A822-431F-BE4B-EECB36ECD91D,2854,NM-00299,,,,68.0,A,,,WLs reported bgs. Entered zero for mp height for calculated fields. Actual MP height may not be zero.,0.0,,,,Driller_7081fe79,,ConstructionNotes_08d4810a,,,110AVMB,,WaterNotes_0bc0144d,,O,StatusUserNotes_6f35cbb3,,0.0,0.0,0.0,USGS,Notes_395ea758,0.0,,MonitorStatusReason_c9915973,,O,,0x000000001FF654CE
B0EAD09D-77EB-42A4-8556-028B6B02B78B,749F3516-A43B-4558-85CC-EF0115BE3F74,26621,NM-23144,,,20.0,20.0,A,,,WLs reported bgs. Entered zero for mp height for calculated fields. Actual MP height may not be zero.,0.0,,,,Driller_7081fe79,,ConstructionNotes_08d4810a,,,110AVMB,,WaterNotes_0bc0144d,,O,StatusUserNotes_6f35cbb3,,0.0,0.0,0.0,USGS,Notes_395ea758,0.0,,MonitorStatusReason_c9915973,,O,,0x000000001FF654EE
412A57DD-3EF9-42D4-88A0-01D247BB4F0C,B6A85057-65F3-4316-A7C3-EF1EC0CA77D1,18805,NM-15328,,,,145.0,A,,,WLs reported bgs. Entered zero for mp height for calculated fields. Actual MP height may not be zero.,0.0,,,,Driller_7081fe79,,ConstructionNotes_08d4810a,,,210CRCS,,WaterNotes_0bc0144d,,I,StatusUserNotes_6f35cbb3,,0.0,0.0,0.0,USGS,Notes_395ea758,0.0,,MonitorStatusReason_c9915973,,W,I,0x000000001FF654FF
5DA5796D-39BD-46D6-B4E1-017897EEBE0D,B0FBC9CF-51F3-4E9B-9FCE-EF2EC30FC63C,40948,RA-055,RG-87145,,,336.0,D,,,TOC,1.83,0.36,,,Driller_7081fe79,,ConstructionNotes_08d4810a,,,122OJOC,,WaterNotes_0bc0144d,C,D,StatusUserNotes_6f35cbb3,,0.0,0.0,0.0,,Notes_2ade78b3,0.0,,MonitorStatusReason_c9915973,,,,0x000000002995FFA9
4604CD7B-F9AA-4568-970D-03A9A745BBC3,A7D19F82-15F9-453E-B1EF-EF50DDA1D5C4,34612,CX-0165,,,,17.0,R,1946-01-01 00:00:00.000,R,WLs reported bgs. Entered zero for mp height for calculated fields. Actual MP height may not be zero.,0.0,,,,Driller_7081fe79,,ConstructionNotes_24fe1044,,,211PIRR,,WaterNotes_0bc0144d,,D,StatusUserNotes_6f35cbb3,,0.0,0.0,0.0,"GW-1: Geology & Ground-Water Resources of the Eastern Part of Colfax Cty, NM (1948) Griggs, Roy L., NMBGMR",Notes_395ea758,0.0,,MonitorStatusReason_c9915973,,,,0x000000001FF6550F
DF4D18C8-5D14-47F8-8DC4-049315BF951B,A3DA3921-2B7B-4EAC-919C-EF957C27119B,7854,NM-04377,,,,,,,,WLs reported bgs. Entered zero for mp height for calculated fields. Actual MP height may not be zero.,0.0,,,,Driller_7081fe79,,ConstructionNotes_08d4810a,,,312CSTL,,WaterNotes_0bc0144d,,X,StatusUserNotes_6f35cbb3,,0.0,0.0,0.0,USGS,Notes_395ea758,0.0,,MonitorStatusReason_c9915973,,U,U,0x000000001FF6553C
E4611E18-D33B-460B-B2F5-00F1C806D6B0,B404470E-6057-4C9F-8E71-EFAE7CA21DF9,21414,NM-17937,,,,,,,,WLs reported bgs. Entered zero for mp height for calculated fields. Actual MP height may not be zero.,0.0,,,,Driller_7081fe79,,ConstructionNotes_08d4810a,,,121OGLL,,WaterNotes_0bc0144d,,L,StatusUserNotes_6f35cbb3,,0.0,0.0,0.0,USGS,Notes_395ea758,0.0,,MonitorStatusReason_c9915973,,W,S,0x000000001FF6554B
295988B9-503D-4F8C-81A2-040FB38BA04C,58CBCA3C-8A6C-4EEF-B6C1-F02CDBF8FE98,12832,NM-09355,,,,,,,,WLs reported bgs. Entered zero for mp height for calculated fields. Actual MP height may not be zero.,0.0,,,,Driller_7081fe79,,ConstructionNotes_08d4810a,,,121OGLL,,WaterNotes_0bc0144d,,I,StatusUserNotes_6f35cbb3,,0.0,0.0,0.0,USGS,Notes_395ea758,0.0,,MonitorStatusReason_c9915973,,W,I,0x000000001FF65597
EAF443B2-A3B2-4122-B318-001D0ECD3CA7,CE366EA5-08A7-4762-86D2-F0A67E66A245,18480,NM-15003,,,,,,,,WLs reported bgs. Entered zero for mp height for calculated fields. Actual MP height may not be zero.,0.0,,,,Driller_7081fe79,,ConstructionNotes_08d4810a,,,210CRCS,,WaterNotes_0bc0144d,,L,StatusUserNotes_6f35cbb3,,0.0,0.0,0.0,USGS,Notes_395ea758,0.0,,MonitorStatusReason_c9915973,,W,S,0x000000001FF655E2
84B0FC68-8364-43A8-A8CA-04412E2F7B64,84CA7741-D74F-413D-89FA-F0D7ADD99BC8,30208,NM-26731,,,,60.0,A,,,WLs reported bgs. Entered zero for mp height for calculated fields. Actual MP height may not be zero.,0.0,,,,Driller_7081fe79,,ConstructionNotes_08d4810a,,,211DKOT,,WaterNotes_0bc0144d,,I,StatusUserNotes_6f35cbb3,,0.0,0.0,0.0,USGS,Notes_395ea758,0.0,,MonitorStatusReason_c9915973,,W,I,0x000000001FF655FF
EF2DB5A8-2130-443D-820A-035513872B85,62F90019-AE33-4701-B81D-F0DE87B37BA2,1204,JM-040,LRG-06882,,150.0,150.0,D,1994-05-16 00:00:00.000,D,TOC,0.33,0.55,,,Driller_35e58f27,P,ConstructionNotes_08d4810a,,,,56.0,WaterNotes_6d97cbf7,A,A,StatusUserNotes_b594148e,,0.0,0.0,0.0,,Notes_fed2a18d,0.0,JM040.pdf,MonitorStatusReason_c9915973,,,,0x000000002666E589
FC52ADEC-8488-47EB-B334-0195A8ACD441,05F3977A-0D23-42AB-84D6-F11BB4808577,23923,NM-20446,,,,200.0,A,1935-01-01 00:00:00.000,A,WLs reported bgs. Entered zero for mp height for calculated fields. Actual MP height may not be zero.,0.0,,,,Driller_7081fe79,,ConstructionNotes_08d4810a,,,313BRNL,,WaterNotes_0bc0144d,,L,StatusUserNotes_6f35cbb3,,0.0,0.0,0.0,USGS,Notes_395ea758,0.0,,MonitorStatusReason_c9915973,,W,S,0x000000001FF65629
CAE43D13-DAE9-407C-94CB-044C44108D0D,C0C47CBB-CDA6-4CAE-AA65-F13576359B52,18311,NM-14834,,,,215.0,A,,,WLs reported bgs. Entered zero for mp height for calculated fields. Actual MP height may not be zero.,0.0,,,,Driller_7081fe79,,ConstructionNotes_08d4810a,,,313ARTS,,WaterNotes_0bc0144d,,I,StatusUserNotes_6f35cbb3,,0.0,0.0,0.0,USGS,Notes_395ea758,0.0,,MonitorStatusReason_c9915973,,W,I,0x000000001FF65633
0B0A0019-76A1-4D31-AEEB-02DEC4FDA158,A05391E7-AE67-4784-96A0-F183A8B18A92,3346,NM-00791,,,,90.0,A,,,WLs reported bgs. Entered zero for mp height for calculated fields. Actual MP height may not be zero.,0.0,,,,Driller_7081fe79,,ConstructionNotes_08d4810a,,,110AVMB,,WaterNotes_0bc0144d,,D,StatusUserNotes_6f35cbb3,,0.0,0.0,0.0,USGS,Notes_395ea758,0.0,,MonitorStatusReason_c9915973,,W,H,0x000000001FF6565C
675A5765-76E4-4009-A2C1-01927726CD79,EE91F510-59A2-4580-B1EC-F18514EE2F41,34184,SO-0095,,,,29.0,R,,,WLs reported bgs. Entered zero for mp height for calculated fields. Actual MP height may not be zero.,0.0,,,,Driller_7081fe79,,ConstructionNotes_08d4810a,,,110ALVM/310MBLC,,WaterNotes_951eeb95,,S,StatusUserNotes_6f35cbb3,,0.0,0.0,0.0,"GW-4: Geology & Groundwater Res. of NE Socorro Cty, NM (1955) Spiegel, Zane, NM Bureau of Geology",Notes_395ea758,0.0,,MonitorStatusReason_c9915973,,,,0x000000001FF6565F
F8AE570A-A212-4DBF-B1B4-003FB02C39EA,EBDF47B4-0E17-45FE-88B6-F19DB12E119C,17920,NM-14443,,,,,,,,WLs reported bgs. Entered zero for mp height for calculated fields. Actual MP height may not be zero.,0.0,,,,Driller_7081fe79,,ConstructionNotes_08d4810a,,,110AVMB,,WaterNotes_0bc0144d,,L,StatusUserNotes_6f35cbb3,,0.0,0.0,0.0,USGS,Notes_395ea758,0.0,,MonitorStatusReason_c9915973,,W,S,0x000000001FF65669
093F99DF-E390-44AA-837B-027CFABDEB6C,89CA9D18-6AF4-45B0-9AD1-F1C311FB89BF,1577,TV-241,RG-74535,,1205.0,1205.0,D,2000-09-10 00:00:00.000,D,Entered MP Hgt of 0.0' so SW elevation would not be blank.,0.0,,,,Driller_7d8c9a18,H,ConstructionNotes_08d4810a,U,,122CRTO,845.0,WaterNotes_71ea0adc,,,StatusUserNotes_6f35cbb3,,0.0,0.0,0.0,,Notes_395ea758,0.0,TV241.pdf,MonitorStatusReason_c9915973,,,,0x000000002666EAC1
315BEF1A-D758-480D-8E6C-05FE0CC81529,6FEFCD85-9CA1-4A02-879A-F1CB3E62DD6A,4826,NM-01889,,,158.0,158.0,A,1985-01-01 00:00:00.000,A,WLs reported bgs. Entered zero for mp height for calculated fields. Actual MP height may not be zero.,0.0,,,,Driller_7081fe79,,ConstructionNotes_08d4810a,,,112SNTF,,WaterNotes_0bc0144d,,X,StatusUserNotes_6f35cbb3,,0.0,0.0,0.0,USGS,Notes_395ea758,0.0,,MonitorStatusReason_c9915973,,O,U,0x000000001FF6567F
815A70A3-5BCA-41F8-8EF4-05AE8CA3109C,A7610028-957D-459C-A9D9-F1F53C7BFB3E,3356,NM-00801,,,120.0,120.0,A,1939-01-01 00:00:00.000,A,WLs reported bgs. Entered zero for mp height for calculated fields. Actual MP height may not be zero.,0.0,,,,Driller_7081fe79,,ConstructionNotes_08d4810a,,,310GLOR,,WaterNotes_0bc0144d,,I,StatusUserNotes_6f35cbb3,,0.0,0.0,0.0,USGS,Notes_395ea758,0.0,,MonitorStatusReason_c9915973,,W,I,0x000000001FF6569C
1B7F65E9-5D44-49FB-BEDA-03721EA05FC0,4A2FB28F-549E-4054-929F-F1FBECCB394E,10874,NM-07397,,,,,,,,WLs reported bgs. Entered zero for mp height for calculated fields. Actual MP height may not be zero.,0.0,,,,Driller_7081fe79,,ConstructionNotes_08d4810a,,,110AVMB,,WaterNotes_0bc0144d,,X,StatusUserNotes_6f35cbb3,,0.0,0.0,0.0,USGS,Notes_395ea758,0.0,,MonitorStatusReason_c9915973,,Z,U,0x000000001FF6569F
B27890BE-C038-4CED-BD19-02760665692C,E8698C3C-D392-4883-8AC1-F2249D709734,23774,NM-20297,,,,173.0,A,,,WLs reported bgs. Entered zero for mp height for calculated fields. Actual MP height may not be zero.,0.0,,,,Driller_7081fe79,,ConstructionNotes_08d4810a,,,,,WaterNotes_0bc0144d,,D,StatusUserNotes_6f35cbb3,,0.0,0.0,0.0,USGS,Notes_395ea758,0.0,,MonitorStatusReason_c9915973,,W,H,0x000000001FF656B9
05A57364-7AEC-48BF-9296-00B82D839FB6,CFDDBCF7-AECD-46E3-A18D-F2C7BA1380D6,9864,NM-06387,,,,514.0,A,1963-01-01 00:00:00.000,A,WLs reported bgs. Entered zero for mp height for calculated fields. Actual MP height may not be zero.,0.0,,,,Driller_7081fe79,,ConstructionNotes_08d4810a,,,112SNTF,,WaterNotes_0bc0144d,,P,StatusUserNotes_6f35cbb3,,0.0,0.0,0.0,USGS,Notes_395ea758,0.0,,MonitorStatusReason_c9915973,,W,P,0x000000001FF6570E
6372CBCD-2936-437F-BDE9-045F161606E1,DBBF4B55-E252-4C51-86DB-F2ED9EDB8025,35113,ED-0126,,,,30.0,R,,,WLs reported bgs. Entered zero for mp height for calculated fields. Actual MP height may not be zero.,0.0,0.5,,,Driller_7081fe79,,ConstructionNotes_08d4810a,,,312RSLR,,WaterNotes_52e8fed8,,L,StatusUserNotes_6f35cbb3,,0.0,0.0,0.0,"GW3: Geology and Ground-Water Resources of Eddy County, NM (1952) G.E. Hendrickson & R.S. Jones, NM Bureau of Geology",Notes_395ea758,0.0,,MonitorStatusReason_c9915973,,,,0x000000001FF65726
56DEA6D2-FB61-4A1F-A252-0370946DF51C,6BC9811E-2488-4530-BFCE-F2FECC6391E1,9472,NM-05995,,,,,,,,WLs reported bgs. Entered zero for mp height for calculated fields. Actual MP height may not be zero.,0.0,,,,Driller_7081fe79,,ConstructionNotes_08d4810a,,,,,WaterNotes_0bc0144d,,L,StatusUserNotes_6f35cbb3,,0.0,0.0,0.0,USGS,Notes_395ea758,0.0,,MonitorStatusReason_c9915973,,W,S,0x000000001FF6572A
C649DD24-957C-4CDC-8998-0627CD619AF1,80D7F26E-CE4B-4DA2-A72B-F320F83DE7DA,2744,NM-00189,,,,80.0,A,,,WLs reported bgs. Entered zero for mp height for calculated fields. Actual MP height may not be zero.,0.0,,,,Driller_7081fe79,,ConstructionNotes_08d4810a,,,110AVMB,,WaterNotes_0bc0144d,,I,StatusUserNotes_6f35cbb3,,0.0,0.0,0.0,USGS,Notes_395ea758,0.0,,MonitorStatusReason_c9915973,,W,I,0x000000001FF65737
D8A7A61F-D833-A647-8A8C-04E6154B0DAC,33C46B65-1185-A84E-94E9-F37B400D5A28,38248,NM-28299,RG-44742,,,100.0,D,,,MP height entered as zero for calculated fields. Actual MP height may not be zero.,0.0,,,,Driller_7081fe79,,ConstructionNotes_08d4810a,,,,,WaterNotes_0bc0144d,,,StatusUserNotes_6f35cbb3,,0.0,0.0,0.0,TSWCD,Notes_395ea758,0.0,,MonitorStatusReason_c9915973,,,,0x000000001FF6576B
D0D5B4D6-4588-4CF0-88F6-042E3596EEB6,3F4C0C8A-C430-4C9B-9E64-F3B5ED412E1F,23331,NM-19854,,,,280.0,A,,,WLs reported bgs. Entered zero for mp height for calculated fields. Actual MP height may not be zero.,0.0,,,,Driller_7081fe79,,ConstructionNotes_08d4810a,,,121OGLL,,WaterNotes_0bc0144d,,L,StatusUserNotes_6f35cbb3,,0.0,0.0,0.0,USGS,Notes_395ea758,0.0,,MonitorStatusReason_c9915973,,W,S,0x000000001FF6578F
FF7C2A5F-4DB8-0F46-BC7E-0223D50361B8,335086F2-399B-2045-8795-F4379DB5475D,38004,PC-039,X,,31.0,31.0,S,,,WLs reported bgs. Entered zero for mp height for calculated fields. Actual MP height may not be zero.,0.0,,,,Driller_7081fe79,,ConstructionNotes_08d4810a,,,318ABO,,WaterNotes_0bc0144d,,U,StatusUserNotes_6f35cbb3,,0.0,0.0,0.0,OFR-469 Hydrogeology & Water Resources of the Placitas Area,Notes_395ea758,0.0,,MonitorStatusReason_c9915973,,,,0x000000001FF657D3
571C864E-090D-440A-86DF-02754327BAF5,124FD3C4-21D0-416D-84D3-F4494F238F40,27186,NM-23709,,,464.0,,A,,,WLs reported bgs. Entered zero for mp height for calculated fields. Actual MP height may not be zero.,0.0,,,,Driller_7081fe79,,ConstructionNotes_08d4810a,,,,,WaterNotes_0bc0144d,,L,StatusUserNotes_6f35cbb3,,0.0,0.0,0.0,USGS,Notes_395ea758,0.0,,MonitorStatusReason_c9915973,,W,S,0x000000001FF657E2
E37AC5A6-41B0-4FC5-A8E9-033F85415DE4,9ABF0C00-3F37-4BC4-8809-F474C7C60240,16378,NM-12901,,,,103.0,A,,,WLs reported bgs. Entered zero for mp height for calculated fields. Actual MP height may not be zero.,0.0,,,,Driller_7081fe79,,ConstructionNotes_08d4810a,,,313ARTS,,WaterNotes_0bc0144d,,X,StatusUserNotes_6f35cbb3,,0.0,0.0,0.0,USGS,Notes_395ea758,0.0,,MonitorStatusReason_c9915973,,U,U,0x000000001FF657FB
8AD28078-0DE8-4820-B2BF-01BA9D47E51B,CFB74D21-2E5D-45CD-B29F-F47DE33F0347,14233,NM-10756,,,,114.0,A,,,WLs reported bgs. Entered zero for mp height for calculated fields. Actual MP height may not be zero.,0.0,,,,Driller_7081fe79,,ConstructionNotes_08d4810a,,,121OGLL,,WaterNotes_0bc0144d,,X,StatusUserNotes_6f35cbb3,,0.0,0.0,0.0,USGS,Notes_395ea758,0.0,,MonitorStatusReason_c9915973,,W,U,0x000000001FF65805
EBBD7F12-F9AD-43F0-9A5A-00232E70C0BB,B7E692F5-B669-449C-B342-F4BA3E2C28AC,40705,OG-0033,CC-00236 S5,,,461.0,,,,,,,,,Driller_7081fe79,,ConstructionNotes_08d4810a,,,,,WaterNotes_0bc0144d,,,StatusUserNotes_6f35cbb3,,0.0,0.0,0.0,,Notes_ddf00c6f,0.0,,MonitorStatusReason_c9915973,,,,0x000000002774A149
E63DD6B1-D909-422E-A2A4-03AA95FB5C7E,F537BF39-83F3-4E7B-AB01-F4CDC389846F,8640,NM-05163,,,600.0,600.0,A,1939-01-01 00:00:00.000,A,WLs reported bgs. Entered zero for mp height for calculated fields. Actual MP height may not be zero.,0.0,,,,Driller_7081fe79,,ConstructionNotes_08d4810a,,,,,WaterNotes_0bc0144d,,N,StatusUserNotes_6f35cbb3,,0.0,0.0,0.0,USGS,Notes_395ea758,0.0,,MonitorStatusReason_c9915973,,W,N,0x000000001FF6582C
0167A59C-16CA-4ED2-8F7C-034FB4EABD63,AC330A74-BAEA-49B9-86C5-F4E80E89DBB3,2003,TB-0252,T-00255 S3,,160.0,160.0,D,2002-10-12 00:00:00.000,D,Put in MP Hgt of 0.0' so SW elevation would not be blank.,0.0,,,,Driller_b96a94cd,,ConstructionNotes_08d4810a,,1.0,112QTBF,45.0,WaterNotes_cece4804,C,DI,StatusUserNotes_6f35cbb3,,0.0,0.0,0.0,,Notes_871f114e,0.0,TB252.pdf,MonitorStatusReason_c9915973,,,,0x000000001FF65842
AD2F6463-FEC6-4C7E-8949-01B635A5F7D9,A2C6E5B8-36F6-4824-8873-F50A3441EAA2,17668,NM-14191,,,,130.0,A,,,WLs reported bgs. Entered zero for mp height for calculated fields. Actual MP height may not be zero.,0.0,,,,Driller_7081fe79,,ConstructionNotes_08d4810a,,,110AVMB,,WaterNotes_0bc0144d,,X,StatusUserNotes_6f35cbb3,,0.0,0.0,0.0,USGS,Notes_395ea758,0.0,,MonitorStatusReason_c9915973,,W,U,0x000000001FF65854
3E708F6C-278E-4F91-A262-02119EBAE569,3666F98F-6452-408E-8ECF-F50AFC1778E9,28323,NM-24846,UP-01983,,176.0,176.0,A,1994-04-21 00:00:00.000,A,WLs reported bgs. Entered zero for mp height for calculated fields. Actual MP height may not be zero.,0.0,0.42,176.0,,Driller_c3ede2d5,A,ConstructionNotes_08d4810a,C,,000IRSV,31.0,WaterNotes_f4c0b99c,,D,StatusUserNotes_6f35cbb3,,0.0,0.0,0.0,USGS,Notes_395ea758,0.0,NM24846.pdf,MonitorStatusReason_c9915973,,W,H,0x000000002666E724
B3389021-AD08-40F8-82F1-04138D9962C8,3D45D792-D1A3-44FF-89D9-F50B1A3911DB,25366,NM-21889,,,30.0,30.0,A,2004-08-12 00:00:00.000,A,WLs reported bgs. Entered zero for mp height for calculated fields. Actual MP height may not be zero.,0.0,,,,Driller_7081fe79,,ConstructionNotes_08d4810a,U,,112SNTF,,WaterNotes_0bc0144d,,X,StatusUserNotes_6f35cbb3,,0.0,0.0,0.0,USGS,Notes_395ea758,0.0,,MonitorStatusReason_c9915973,,O,U,0x000000001FF65858
970E41B2-84E9-4DAA-ABE5-035EA6E7E8BC,619CC67A-AEE5-4314-9409-F50D30A46FEC,31622,QY-0332,,,54.0,54.0,R,,,WLs reported bgs. Entered zero for mp height for calculated fields. Actual MP height may not be zero.,0.0,0.4166667,,,Driller_7081fe79,,ConstructionNotes_056726e7,,,231CHNL,,WaterNotes_c93d2238,,L,StatusUserNotes_6f35cbb3,,0.0,0.0,0.0,"GW9: Groundwater Resources & Geology of Quay County, NM (1966) Charles Berkstresser, Jr. & Walter A. Mourant, NM Bureau of Geology",Notes_395ea758,0.0,,MonitorStatusReason_c9915973,,,,0x000000002A8221E0
EE9369AB-FF5F-4FF3-AD97-0156655F685A,02A3E356-3C05-4876-921D-F53AB8727CC5,7108,UC-0182,CT-00542,,200.0,200.0,D,1920-01-01 00:00:00.000,D,Entered zero for MP Hgt for calculated fields. Actual MP may not be zero.,0.0,0.5,,,Driller_7081fe79,,ConstructionNotes_df60da10,,,,123.0,WaterNotes_0bc0144d,,L,StatusUserNotes_6f35cbb3,,0.0,0.0,0.0,,Notes_395ea758,0.0,,MonitorStatusReason_c9915973,,,,0x000000001FF65873
BE8984F7-065A-445A-BE93-03D6B524FFAC,2949A052-F2A7-4EEE-89FB-F57FA13D3854,14841,NM-11364,,,,374.0,A,,,WLs reported bgs. Entered zero for mp height for calculated fields. Actual MP height may not be zero.,0.0,,,,Driller_7081fe79,,ConstructionNotes_08d4810a,,,121OGLL,,WaterNotes_0bc0144d,,X,StatusUserNotes_6f35cbb3,,0.0,0.0,0.0,USGS,Notes_395ea758,0.0,,MonitorStatusReason_c9915973,,U,U,0x000000001FF6589B
11FA6744-A57B-4F03-BDF8-008144DAB933,960765D4-BEA4-469A-8527-F59E6515B19C,8534,NM-05057,,,,,,,,WLs reported bgs. Entered zero for mp height for calculated fields. Actual MP height may not be zero.,0.0,,,,Driller_7081fe79,,ConstructionNotes_08d4810a,U,,313AZOT,,WaterNotes_0bc0144d,,L,StatusUserNotes_6f35cbb3,,0.0,0.0,0.0,USGS,Notes_395ea758,0.0,,MonitorStatusReason_c9915973,,W,S,0x000000001FF658A8
D600AFD5-55BB-4EC6-9F11-0467CD581CC8,1546F476-A9AF-41A5-885D-F623463D6215,29690,NM-26213,,,,100.0,A,,,WLs reported bgs. Entered zero for mp height for calculated fields. Actual MP height may not be zero.,0.0,,,,Driller_7081fe79,,ConstructionNotes_08d4810a,U,,121OGLL,,WaterNotes_0bc0144d,,I,StatusUserNotes_6f35cbb3,,0.0,0.0,0.0,USGS,Notes_395ea758,0.0,,MonitorStatusReason_c9915973,,W,I,0x000000001FF658EC
358EEB7F-6B9D-4682-94E5-055CBA326F51,D38BFCA5-5E65-41C9-8D0B-F64DD14E3EB6,10864,NM-07387,,,,,,,,WLs reported bgs. Entered zero for mp height for calculated fields. Actual MP height may not be zero.,0.0,,,,Driller_7081fe79,,ConstructionNotes_08d4810a,,,110AVMB,,WaterNotes_0bc0144d,,L,StatusUserNotes_6f35cbb3,,0.0,0.0,0.0,USGS,Notes_395ea758,0.0,,MonitorStatusReason_c9915973,,W,S,0x000000001FF65905
94FEB34D-703C-4135-9348-041B167D54BD,F099E17C-41FC-4040-8FA1-F66415D88B2E,25114,NM-21637,,,500.0,451.0,A,1991-07-01 00:00:00.000,A,WLs reported bgs. Entered zero for mp height for calculated fields. Actual MP height may not be zero.,0.0,,,,Driller_7081fe79,,ConstructionNotes_08d4810a,U,,112SNTFU,,WaterNotes_0bc0144d,,X,StatusUserNotes_6f35cbb3,,0.0,0.0,0.0,USGS,Notes_395ea758,0.0,,MonitorStatusReason_c9915973,,O,U,0x000000001FF6590F
BE046DAB-C48E-4F81-A062-0048921B6091,1E9F7851-B4FF-4EC5-B081-F686FDECF41F,12560,NM-09083,,,,232.0,A,,,WLs reported bgs. Entered zero for mp height for calculated fields. Actual MP height may not be zero.,0.0,,,,Driller_7081fe79,,ConstructionNotes_08d4810a,,,110AVMB,,WaterNotes_0bc0144d,,D,StatusUserNotes_6f35cbb3,,0.0,0.0,0.0,USGS,Notes_395ea758,0.0,,MonitorStatusReason_c9915973,,W,H,0x000000001FF65924
42799BDE-E0D5-466A-A7F2-01FFFFCC75F6,8C16D94B-C8D2-421E-9286-F74026BCEDDB,36582,NM-27262,,,,225.0,A,,,WLs reported bgs. Entered zero for mp height for calculated fields. Actual MP height may not be zero.,0.0,,,,Driller_7081fe79,,ConstructionNotes_08d4810a,,,110AVMB,,WaterNotes_0bc0144d,,I,StatusUserNotes_6f35cbb3,,0.0,0.0,0.0,USGS,Notes_395ea758,0.0,,MonitorStatusReason_c9915973,,W,I,0x000000001FF65993
AEAA7D49-A9DB-46C3-A7D2-05D68560A92E,E9542353-7913-4261-A9B5-F77979C00100,6968,BC-0100,S-00740,,260.0,260.0,R,1982-03-03 00:00:00.000,D,,1.74,0.42,260.0,,Driller_d3ca127b,A,ConstructionNotes_08d4810a,,,313SADR,90.0,WaterNotes_359b01dc,,,StatusUserNotes_6f35cbb3,H,0.0,0.0,0.0,"Bernalillo County, Sara Chudnoff",Notes_395ea758,0.0,BC0100.pdf,MonitorStatusReason_c9915973,,,,0x000000002666E366
4A63B860-4934-4A8C-9AF5-01953BE8CAF2,1BBA9629-CDAD-4FAF-B112-F7E27DEFA0DA,30073,NM-26596,,,,33.0,A,,,WLs reported bgs. Entered zero for mp height for calculated fields. Actual MP height may not be zero.,0.0,,,,Driller_7081fe79,,ConstructionNotes_08d4810a,,,110ALVM,,WaterNotes_0bc0144d,,O,StatusUserNotes_6f35cbb3,,0.0,0.0,0.0,USGS,Notes_395ea758,0.0,,MonitorStatusReason_c9915973,,O,,0x000000001FF659E5
2FED902D-EACD-48FD-81C4-03AF5C86F648,72DE453C-DEB9-4A8B-BEFE-F87F0CD622EB,1643,HS-039,X,,26.0,26.0,S,,,Top of large outer PVC casing @ blue sharpie mark (Old MP was to inner pvc casing likely 0.30' below current MP. Inventoried 5/2/2019 for datalogger installation @ 1.87' ags).,1.87,,26.0,PVC,Driller_7081fe79,,ConstructionNotes_f23498ce,,,111ALVM,,WaterNotes_aa869554,C,A,StatusUserNotes_b509bf47,D6,0.0,1.0,0.0,,Notes_395ea758,0.0,,MonitorStatusReason_c9915973,,,,0x000000002106DD49
787AA736-81A6-4171-90BF-0304CFBDF7A8,33C2A600-7DC9-47A1-9B79-F8C184C0EA1D,24551,NM-21074,,,,303.0,A,,,WLs reported bgs. Entered zero for mp height for calculated fields. Actual MP height may not be zero.,0.0,,,,Driller_7081fe79,,ConstructionNotes_08d4810a,,,121OGLL,,WaterNotes_0bc0144d,,I,StatusUserNotes_6f35cbb3,,0.0,0.0,0.0,USGS,Notes_395ea758,0.0,,MonitorStatusReason_c9915973,,W,I,0x000000001FF65A67
53DABC0B-1491-437F-8A14-00E4A15A42F5,E1B6DB2F-0ECC-4052-91D3-F93A7078CF0E,18534,NM-15057,,,,,,,,WLs reported bgs. Entered zero for mp height for calculated fields. Actual MP height may not be zero.,0.0,,,,Driller_7081fe79,,ConstructionNotes_08d4810a,,,313ARTS,,WaterNotes_0bc0144d,,L,StatusUserNotes_6f35cbb3,,0.0,0.0,0.0,USGS,Notes_395ea758,0.0,,MonitorStatusReason_c9915973,,W,S,0x000000001FF65A92
1DBACCE9-6864-4138-B2D9-02C38007EEB0,F9C2DE76-9E08-4E48-BF81-F94FE1A6BCEB,41157,SAC-0295,,,,,,,,TOC,0.6,,,,Driller_7081fe79,,ConstructionNotes_8e6d2fe9,,,,,WaterNotes_0bc0144d,O,I,StatusUserNotes_6f35cbb3,,1.0,1.0,1.0,,Notes_74b28f9b,,,MonitorStatusReason_c9915973,,,,0x000000002C3481DA
B37C8613-6981-471D-A75F-000B3054EABB,551EE84E-2D92-4856-B8D8-F9BB70F6CB00,14852,NM-11375,,,180.0,180.0,A,1946-01-01 00:00:00.000,A,WLs reported bgs. Entered zero for mp height for calculated fields. Actual MP height may not be zero.,0.0,,,,Driller_7081fe79,,ConstructionNotes_08d4810a,,,,,WaterNotes_0bc0144d,,D,StatusUserNotes_6f35cbb3,,0.0,0.0,0.0,USGS,Notes_395ea758,0.0,,MonitorStatusReason_c9915973,,W,H,0x000000001FF65ADD
75419218-7C2A-4367-983F-008F865D14F5,A43CD17C-91FD-485C-B490-F9CBB5423AC1,9457,NM-05980,,,,,,,,WLs reported bgs. Entered zero for mp height for calculated fields. Actual MP height may not be zero.,0.0,,,,Driller_7081fe79,,ConstructionNotes_08d4810a,,,,,WaterNotes_0bc0144d,,L,StatusUserNotes_6f35cbb3,,0.0,0.0,0.0,USGS,Notes_395ea758,0.0,,MonitorStatusReason_c9915973,,W,S,0x000000001FF65AE5
E406F5C6-2EEF-43A2-A90D-0311908104DB,40BC6BB5-6C72-4EDD-9024-F9EB0ABE39A7,25774,NM-22297,,,90.0,90.0,A,,,WLs reported bgs. Entered zero for mp height for calculated fields. Actual MP height may not be zero.,0.0,,,,Driller_7081fe79,,ConstructionNotes_08d4810a,,,211DKOT,,WaterNotes_0bc0144d,,X,StatusUserNotes_6f35cbb3,,0.0,0.0,0.0,USGS,Notes_395ea758,0.0,,MonitorStatusReason_c9915973,,W,U,0x000000001FF65B02
FB89BD81-A3E0-4FB0-ABE2-02E0A9DCD9D5,D9B08AB4-D2CA-4579-8A7B-FA00AAF44469,6056,NM-03119,,,,,,,,WLs reported bgs. Entered zero for mp height for calculated fields. Actual MP height may not be zero.,0.0,,,,Driller_7081fe79,,ConstructionNotes_08d4810a,,,110AVMB,,WaterNotes_0bc0144d,,I,StatusUserNotes_6f35cbb3,,0.0,0.0,0.0,USGS,Notes_395ea758,0.0,,MonitorStatusReason_c9915973,,W,I,0x000000001FF65B14
5A2D9820-87DC-4270-B394-02BD9CBB712F,F502830A-3830-4D2A-93ED-FA1379C2BBD6,3108,NM-00553,,,,100.0,A,,,WLs reported bgs. Entered zero for mp height for calculated fields. Actual MP height may not be zero.,0.0,,,,Driller_7081fe79,,ConstructionNotes_08d4810a,,,121OGLL,,WaterNotes_0bc0144d,,L,StatusUserNotes_6f35cbb3,,0.0,0.0,0.0,USGS,Notes_395ea758,0.0,,MonitorStatusReason_c9915973,,W,S,0x000000001FF65B1D
C8D79853-A82F-4664-8F69-03059C56D3CE,BB268359-8898-45A8-996B-FA386B45EDD2,17389,NM-13912,,,,220.0,A,,,WLs reported bgs. Entered zero for mp height for calculated fields. Actual MP height may not be zero.,0.0,,,,Driller_7081fe79,,ConstructionNotes_08d4810a,,,313ARTS,,WaterNotes_0bc0144d,,D,StatusUserNotes_6f35cbb3,,0.0,0.0,0.0,USGS,Notes_395ea758,0.0,,MonitorStatusReason_c9915973,,W,H,0x000000001FF65B39
05AB3986-8605-47A0-A258-0350DA6F420A,C8B236D4-786C-4E1F-8351-FAA6DE8965D1,23233,NM-19756,,,,,,,,WLs reported bgs. Entered zero for mp height for calculated fields. Actual MP height may not be zero.,0.0,,,,Driller_7081fe79,,ConstructionNotes_08d4810a,,,121OGLL,,WaterNotes_0bc0144d,,,StatusUserNotes_6f35cbb3,,0.0,0.0,0.0,USGS,Notes_395ea758,0.0,,MonitorStatusReason_c9915973,,W,,0x000000001FF65B6D
ADAA4959-5259-4090-B946-04A3B8FA8D39,403461AC-B811-4318-870E-FABFCA3BA2A0,2299,AS-056,RG-75035,,760.0,760.0,D,2001-01-01 00:00:00.000,D,MP Hgt from report w/water levels reported bgs. Actual MP hgt may not be 0.0'.,0.0,0.55,760.0,,Driller_d1ab32e2,A,ConstructionNotes_08d4810a,,,,480.0,WaterNotes_cd859825,,,StatusUserNotes_6f35cbb3,,0.0,0.0,0.0,TSWCD,Notes_395ea758,0.0,AS056.pdf,MonitorStatusReason_c9915973,,,,0x000000002666E31B
13289B7C-A94E-4D14-8AF5-02ACAC0581AD,4F619BE5-28F4-4256-9BD0-FB3CA1D83BCD,8758,NM-05281,,,,60.0,A,,,WLs reported bgs. Entered zero for mp height for calculated fields. Actual MP height may not be zero.,0.0,,,,Driller_7081fe79,,ConstructionNotes_08d4810a,,,110AVMB,,WaterNotes_0bc0144d,,P,StatusUserNotes_6f35cbb3,,0.0,0.0,0.0,USGS,Notes_395ea758,0.0,,MonitorStatusReason_c9915973,,W,P,0x000000001FF65BBD
F21A113D-DAC6-4C95-B919-0470D269FF71,2A03EC33-2F8F-4C46-B472-FBD86CF9AAD9,15972,NM-12495,,,,,,,,WLs reported bgs. Entered zero for mp height for calculated fields. Actual MP height may not be zero.,0.0,,,,Driller_7081fe79,,ConstructionNotes_08d4810a,,,121OGLL,,WaterNotes_0bc0144d,,X,StatusUserNotes_6f35cbb3,,0.0,0.0,0.0,USGS,Notes_395ea758,0.0,,MonitorStatusReason_c9915973,,W,U,0x000000001FF65C28
4065E3F9-0806-4D7C-88CA-01BD53F4AD97,975F43F9-C5C6-4EC6-844B-FBE1BE1C2A03,21156,NM-17679,,,,55.0,A,,,WLs reported bgs. Entered zero for mp height for calculated fields. Actual MP height may not be zero.,0.0,,,,Driller_7081fe79,,ConstructionNotes_08d4810a,,,,,WaterNotes_0bc0144d,,L,StatusUserNotes_6f35cbb3,,0.0,0.0,0.0,USGS,Notes_395ea758,0.0,,MonitorStatusReason_c9915973,,W,S,0x000000001FF65C2D
73EC7FDC-A537-4FAF-B912-043E2A9715BB,F11B46BB-8494-4191-9920-FC6686A654EB,31456,QY-0511,,,120.0,120.0,R,1910-01-01 00:00:00.000,R,WLs reported bgs. Entered zero for mp height for calculated fields. Actual MP height may not be zero.,0.0,0.3333333,,,Driller_7081fe79,,ConstructionNotes_ac859d06,,,121OGLL,,,,DL,StatusUserNotes_6f35cbb3,,0.0,0.0,0.0,"GW9: Groundwater Resources & Geology of Quay County, NM (1966) Charles Berkstresser, Jr. & Walter A. Mourant, NM Bureau of Geology",Notes_395ea758,0.0,,MonitorStatusReason_c9915973,,,,0x000000001FF65C74
AE8863BD-125F-4BE9-8DB5-02251F733C29,11A21FB8-9165-4545-BD33-FDF58039B100,30063,NM-26586,,,,13.0,A,,,WLs reported bgs. Entered zero for mp height for calculated fields. Actual MP height may not be zero.,0.0,,,,Driller_7081fe79,,ConstructionNotes_08d4810a,,,110ALVM,,WaterNotes_0bc0144d,,O,StatusUserNotes_6f35cbb3,,0.0,0.0,0.0,USGS,Notes_395ea758,0.0,,MonitorStatusReason_c9915973,,O,,0x000000001FF65D47
E80C83A1-CB4A-4D28-AEFE-0428E297DB9B,0A5A6B34-2B74-43D4-A904-FE09041A735B,9734,NM-06257,,,,400.0,A,,,WLs reported bgs. Entered zero for mp height for calculated fields. Actual MP height may not be zero.,0.0,,,,Driller_7081fe79,,ConstructionNotes_08d4810a,,,110AVMB,,WaterNotes_0bc0144d,,P,StatusUserNotes_6f35cbb3,,0.0,0.0,0.0,USGS,Notes_395ea758,0.0,,MonitorStatusReason_c9915973,,W,P,0x000000001FF65D52
9A59048A-87EE-413C-A3F1-043CFE561686,53D6E00C-77FA-425B-976F-FE88B5A4DE70,36685,NM-27365,,,,,,,,WLs reported bgs. Entered zero for mp height for calculated fields. Actual MP height may not be zero.,0.0,,,,Driller_7081fe79,,ConstructionNotes_08d4810a,,,121OGLL,,WaterNotes_0bc0144d,,X,StatusUserNotes_6f35cbb3,,0.0,0.0,0.0,USGS,Notes_395ea758,0.0,,MonitorStatusReason_c9915973,,W,U,0x000000001FF65DA8
53204FDE-8186-4E00-8B3A-03735AE6F2D8,BB7D88F4-9265-4232-98B7-FECE7899FE1E,1581,TV-245,RG-44301,,120.0,120.0,D,,,Entered MP Hgt of 0.0' so SW elevation would not be blank.,0.0,,120.0,,Driller_2794c7ea,A,ConstructionNotes_08d4810a,U,,122CRTO,60.0,WaterNotes_a92db584,,,StatusUserNotes_6f35cbb3,,0.0,0.0,0.0,Taos Soil & Water Conservation District,Notes_395ea758,0.0,TV245.pdf,MonitorStatusReason_c9915973,,,,0x000000002666EAC5
8A843BF8-2806-44D8-89D3-02CE10588CAD,F638D6DC-C6A6-4AFF-9F18-FF510E0E1758,16383,NM-12906,,,,166.0,A,,,WLs reported bgs. Entered zero for mp height for calculated fields. Actual MP height may not be zero.,0.0,,,,Driller_7081fe79,,ConstructionNotes_08d4810a,,,313ARTS,,WaterNotes_0bc0144d,,D,StatusUserNotes_6f35cbb3,,0.0,0.0,0.0,USGS,Notes_395ea758,0.0,,MonitorStatusReason_c9915973,,W,H,0x000000001FF65E14
CE57F722-C4DB-4105-A176-042713083C26,2577D95C-C419-4E66-9ED5-FF5FF77C701E,31406,QY-0461,,,151.0,151.0,R,,,WLs reported bgs. Entered zero for mp height for calculated fields. Actual MP height may not be zero.,0.0,,,,Driller_7081fe79,,ConstructionNotes_8b53af41,,,110AVMB/231SNRS,,,,U,StatusUserNotes_6f35cbb3,,0.0,0.0,0.0,"GW9: Groundwater Resources & Geology of Quay County, NM (1966) Charles Berkstresser, Jr. & Walter A. Mourant, NM Bureau of Geology",Notes_395ea758,0.0,,MonitorStatusReason_c9915973,,,,0x000000002A8221F5
950AF05D-86C2-4693-B4DA-04C22651A180,7FE4E6A4-F9AC-474C-83AE-FF893A620C92,9322,NM-05845,,,65.0,,A,1955-01-01 00:00:00.000,A,WLs reported bgs. Entered zero for mp height for calculated fields. Actual MP height may not be zero.,0.0,,,,Driller_7081fe79,,ConstructionNotes_08d4810a,,,,,WaterNotes_0bc0144d,,D,StatusUserNotes_6f35cbb3,,0.0,0.0,0.0,USGS,Notes_395ea758,0.0,,MonitorStatusReason_c9915973,,W,H,0x000000001FF65E3A
